2025-10-30 - 09:53:58
Workflow 'Update workflow.' started.
              Using DaVinci Configurator (beta) 5.17.71 SP5 (x86_64).
 09:53:58 - Action 'Validate workflow environment' started.
 09:53:58 - Action 'Validate dpa file' started.
 09:54:00 - Action 'Validate dpa file' successfully finished.
 09:54:00 - Action 'SLP conformance check' started.
              [Warning] Definition target not found: /MICROSAR/Fee.
              [Warning] Definition target not found: /MICROSAR/Fee/FeeBlockConfiguration.
              [Warning] Definition target not found: /MICROSAR/Fee/FeeBlockConfiguration/FeeBlockIdFixed.
              [Warning] Definition target not found: /MICROSAR/Fee/FeeBlockConfiguration/FeeBlockIsCritical.
              [Warning] Definition target not found: /MICROSAR/Fee/FeeBlockConfiguration/FeeImmediateData.
              [Warning] Definition target not found: /MICROSAR/Fee/FeeBlockConfiguration/FeeNumberOfChunkInstances.
              [Warning] Definition target not found: /MICROSAR/Fee/FeeBlockConfiguration/FeeBlockNumber.
              [Warning] Definition target not found: /MICROSAR/Fee/FeeBlockConfiguration/FeeBlockSize.
              [Warning] Definition target not found: /MICROSAR/Fee/FeeBlockConfiguration/FeeNumberOfWriteCycles.
              [Warning] Definition target not found: /MICROSAR/Fee/FeeBlockConfiguration/FeeNumberOfDatasets.
              [Warning] Definition target not found: /MICROSAR/Fee/FeeBlockConfiguration/FeeBlockId.
              [Warning] Definition target not found: /MICROSAR/Fee/FeeBlockConfiguration/FeePartition.
              [Warning] Definition target not found: /MICROSAR/Fee/FeeBlockConfiguration/FeeDeviceIndex.
              [Warning] Definition target not found: /MICROSAR/Fee/FeeBlockConfiguration.
              [Warning] Definition target not found: /MICROSAR/Fee/FeeBlockConfiguration/FeeBlockIdFixed.
              [Warning] Definition target not found: /MICROSAR/Fee/FeeBlockConfiguration/FeeBlockIsCritical.
              [Warning] Definition target not found: /MICROSAR/Fee/FeeBlockConfiguration/FeeImmediateData.
              [Warning] Definition target not found: /MICROSAR/Fee/FeeBlockConfiguration/FeeNumberOfChunkInstances.
              [Warning] Definition target not found: /MICROSAR/Fee/FeeBlockConfiguration/FeeBlockNumber.
              [Warning] Definition target not found: /MICROSAR/Fee/FeeBlockConfiguration/FeeBlockSize.
              [Warning] Definition target not found: /MICROSAR/Fee/FeeBlockConfiguration/FeeNumberOfWriteCycles.
              [Warning] Definition target not found: /MICROSAR/Fee/FeeBlockConfiguration/FeeNumberOfDatasets.
              [Warning] Definition target not found: /MICROSAR/Fee/FeeBlockConfiguration/FeeBlockId.
              [Warning] Definition target not found: /MICROSAR/Fee/FeeBlockConfiguration/FeePartition.
              [Warning] Definition target not found: /MICROSAR/Fee/FeeBlockConfiguration/FeeDeviceIndex.
              [Warning] Definition target not found: /MICROSAR/Fee/FeeGeneral.
              [Warning] Definition target not found: /MICROSAR/Fee/FeeGeneral/FeeDevErrorChecks.
              [Warning] Definition target not found: /MICROSAR/Fee/FeeGeneral/FeeDevErrorChecks/FeeDebugReporting.
              [Warning] Definition target not found: /MICROSAR/Fee/FeeGeneral/FeeDevErrorChecks/FeeDetErrorhook.
              [Warning] Definition target not found: /MICROSAR/Fee/FeeGeneral/FeeDevErrorChecks/FeeDetIncludeFile.
              [Warning] Definition target not found: /MICROSAR/Fee/FeeGeneral/FeeFlsApi.
              [Warning] Definition target not found: /MICROSAR/Fee/FeeGeneral/FeeFlsApi/FeeFlsIncludeFile.
              [Warning] Definition target not found: /MICROSAR/Fee/FeeGeneral/FeeFlsApi/FeeFlsSetMode.
              [Warning] Definition target not found: /MICROSAR/Fee/FeeGeneral/FeeFlsApi/FeeFlsRead.
              [Warning] Definition target not found: /MICROSAR/Fee/FeeGeneral/FeeFlsApi/FeeFlsWrite.
              [Warning] Definition target not found: /MICROSAR/Fee/FeeGeneral/FeeFlsApi/FeeFlsCancel.
              [Warning] Definition target not found: /MICROSAR/Fee/FeeGeneral/FeeFlsApi/FeeFlsGetStatus.
              [Warning] Definition target not found: /MICROSAR/Fee/FeeGeneral/FeeFlsApi/FeeFlsGetJobResult.
              [Warning] Definition target not found: /MICROSAR/Fee/FeeGeneral/FeeFlsApi/FeeFlsErase.
              [Warning] Definition target not found: /MICROSAR/Fee/FeeGeneral/FeeFlsApi/FeeFlsCompare.
              [Warning] Definition target not found: /MICROSAR/Fee/FeeGeneral/FeeFlsApi/FeeFlsDeviceIndex.
              [Warning] Definition target not found: /MICROSAR/Fee/FeeGeneral/FeeDevErrorDetect.
              [Warning] Definition target not found: /MICROSAR/Fee/FeeGeneral/FeeVersionInfoApi.
              [Warning] Definition target not found: /MICROSAR/Fee/FeeGeneral/FeePollingMode.
              [Warning] Definition target not found: /MICROSAR/Fee/FeeGeneral/FeeSetModeSupported.
              [Warning] Definition target not found: /MICROSAR/Fee/FeeGeneral/FeeIndex.
              [Warning] Definition target not found: /MICROSAR/Fee/FeeGeneral/FeeNvmJobEndNotification.
              [Warning] Definition target not found: /MICROSAR/Fee/FeeGeneral/FeeNvmJobErrorNotification.
              [Warning] Definition target not found: /MICROSAR/Fee/FeeGeneral/FeeInternalBufferSize.
              [Warning] Definition target not found: /MICROSAR/Fee/FeeGeneral/FeeMainFunctionPeriod.
              [Warning] Definition target not found: /MICROSAR/Fee/FeeGeneral/FeeNvmCbkIncludeFile.
              [Warning] Definition target not found: /MICROSAR/Fee/FeeGeneral/FeeMainFunctionTriggering.
              [Warning] Definition target not found: /MICROSAR/Fee/FeePartitionConfiguration.
              [Warning] Definition target not found: /MICROSAR/Fee/FeePartitionConfiguration/FeeBssThresholdReserved.
              [Warning] Definition target not found: /MICROSAR/Fee/FeePartitionConfiguration/FeeFssThresholdReserved.
              [Warning] Definition target not found: /MICROSAR/Fee/FeePartitionConfiguration/FeeLowerSectorAddress.
              [Warning] Definition target not found: /MICROSAR/Fee/FeePartitionConfiguration/FeeAddressAlignment.
              [Warning] Definition target not found: /MICROSAR/Fee/FeePartitionConfiguration/FeeWriteAlignment.
              [Warning] Definition target not found: /MICROSAR/Fee/FeePartitionConfiguration/FeeUpperSectorSize.
              [Warning] Definition target not found: /MICROSAR/Fee/FeePartitionConfiguration/FeeUpperSectorAddress.
              [Warning] Definition target not found: /MICROSAR/Fee/FeePartitionConfiguration/FeeLowerSectorSize.
              [Warning] Definition target not found: /MICROSAR/Fee/FeePartitionConfiguration/FeePartitionDevice.
              [Warning] Definition target not found: /MICROSAR/Fee/FeePartitionConfiguration.
              [Warning] Definition target not found: /MICROSAR/Fee/FeePartitionConfiguration/FeeBssThresholdReserved.
              [Warning] Definition target not found: /MICROSAR/Fee/FeePartitionConfiguration/FeeFssThresholdReserved.
              [Warning] Definition target not found: /MICROSAR/Fee/FeePartitionConfiguration/FeeLowerSectorAddress.
              [Warning] Definition target not found: /MICROSAR/Fee/FeePartitionConfiguration/FeeAddressAlignment.
              [Warning] Definition target not found: /MICROSAR/Fee/FeePartitionConfiguration/FeeWriteAlignment.
              [Warning] Definition target not found: /MICROSAR/Fee/FeePartitionConfiguration/FeeUpperSectorSize.
              [Warning] Definition target not found: /MICROSAR/Fee/FeePartitionConfiguration/FeeUpperSectorAddress.
              [Warning] Definition target not found: /MICROSAR/Fee/FeePartitionConfiguration/FeeLowerSectorSize.
              [Warning] Definition target not found: /MICROSAR/Fee/FeePartitionConfiguration/FeePartitionDevice.
              [Warning] Definition target not found: /MICROSAR/Fee/FeePartitionConfiguration.
              [Warning] Definition target not found: /MICROSAR/Fee/FeePartitionConfiguration/FeeBssThresholdReserved.
              [Warning] Definition target not found: /MICROSAR/Fee/FeePartitionConfiguration/FeeFssThresholdReserved.
              [Warning] Definition target not found: /MICROSAR/Fee/FeePartitionConfiguration/FeeLowerSectorAddress.
              [Warning] Definition target not found: /MICROSAR/Fee/FeePartitionConfiguration/FeeAddressAlignment.
              [Warning] Definition target not found: /MICROSAR/Fee/FeePartitionConfiguration/FeeWriteAlignment.
              [Warning] Definition target not found: /MICROSAR/Fee/FeePartitionConfiguration/FeeUpperSectorSize.
              [Warning] Definition target not found: /MICROSAR/Fee/FeePartitionConfiguration/FeeUpperSectorAddress.
              [Warning] Definition target not found: /MICROSAR/Fee/FeePartitionConfiguration/FeeLowerSectorSize.
              [Warning] Definition target not found: /MICROSAR/Fee/FeePartitionConfiguration/FeePartitionDevice.
              [Warning] Definition target not found: /MICROSAR/Fee/FeePartitionConfiguration.
              [Warning] Definition target not found: /MICROSAR/Fee/FeePartitionConfiguration/FeeBssThresholdReserved.
              [Warning] Definition target not found: /MICROSAR/Fee/FeePartitionConfiguration/FeeFssThresholdReserved.
              [Warning] Definition target not found: /MICROSAR/Fee/FeePartitionConfiguration/FeeLowerSectorAddress.
              [Warning] Definition target not found: /MICROSAR/Fee/FeePartitionConfiguration/FeeAddressAlignment.
              [Warning] Definition target not found: /MICROSAR/Fee/FeePartitionConfiguration/FeeWriteAlignment.
              [Warning] Definition target not found: /MICROSAR/Fee/FeePartitionConfiguration/FeeUpperSectorSize.
              [Warning] Definition target not found: /MICROSAR/Fee/FeePartitionConfiguration/FeeUpperSectorAddress.
              [Warning] Definition target not found: /MICROSAR/Fee/FeePartitionConfiguration/FeeLowerSectorSize.
              [Warning] Definition target not found: /MICROSAR/Fee/FeePartitionConfiguration/FeePartitionDevice.
              [Warning] Definition target not found: /MICROSAR/Fee/FeePublishedInformation.
              [Warning] Definition target not found: /MICROSAR/Fee/FeePublishedInformation/FeeBlockOverhead.
              [Warning] Definition target not found: /MICROSAR/Fee/FeePublishedInformation/FeeMaximumBlockingTime.
              [Warning] Definition target not found: /MICROSAR/Fee/FeePublishedInformation/FeePageOverhead.
              [Warning] Definition target not found: /MICROSAR/Fee/FeePublishedInformation/FeeChunkHeader.
              [Warning] Definition target not found: /MICROSAR/Fee/FeePublishedInformation/FeeChunkLink.
              [Warning] Definition target not found: /MICROSAR/Fee/FeePublishedInformation/FeeSectorHeader.
              [Warning] Definition target not found: /MICROSAR/Fee/FeeSpecificFeatures.
              [Warning] Definition target not found: /MICROSAR/Fee/FeeSpecificFeatures/FeeApplErrorCallbackFunction.
              [Warning] Definition target not found: /MICROSAR/Fee/FeeSpecificFeatures/FeeApplErrorCallbackIncludeFile.
              [Warning] Definition target not found: /MICROSAR/Fee/FeeSpecificFeatures/FeeGetEraseCycleApi.
              [Warning] Definition target not found: /MICROSAR/Fee/FeeSpecificFeatures/FeeGetWriteCycleApi.
              [Warning] Definition target not found: /MICROSAR/Fee/FeeSpecificFeatures/FeeUseApplErrorCallback.
              [Warning] Definition target not found: /MICROSAR/Fee/FeeSpecificFeatures/FeeUseJobCache.
              [Warning] Definition target not found: /MICROSAR/Fee/FeeSpecificFeatures/FeeForceSectorSwitchApi.
              [Warning] Definition target not found: /MICROSAR/Fee/FeeSpecificFeatures/FeeDataConversionApi.
              [Warning] Definition target not found: /MICROSAR/Fee/FeeSpecificFeatures/FeeFblConfig.
              [Warning] Definition target not found: /MICROSAR/Fee/FeeSpecificFeatures/FeeMaxLinkTableSize.
              [Warning] Definition target not found: /MICROSAR/Fee/FeeSpecificFeatures/FeeFssControlApi.
              [Warning] Definition target not found: /MICROSAR/Fee/FeeBlockConfiguration.
              [Warning] Definition target not found: /MICROSAR/Fee/FeeBlockConfiguration/FeeBlockIdFixed.
              [Warning] Definition target not found: /MICROSAR/Fee/FeeBlockConfiguration/FeeBlockIsCritical.
              [Warning] Definition target not found: /MICROSAR/Fee/FeeBlockConfiguration/FeeImmediateData.
              [Warning] Definition target not found: /MICROSAR/Fee/FeeBlockConfiguration/FeeNumberOfChunkInstances.
              [Warning] Definition target not found: /MICROSAR/Fee/FeeBlockConfiguration/FeeBlockNumber.
              [Warning] Definition target not found: /MICROSAR/Fee/FeeBlockConfiguration/FeeBlockSize.
              [Warning] Definition target not found: /MICROSAR/Fee/FeeBlockConfiguration/FeeNumberOfWriteCycles.
              [Warning] Definition target not found: /MICROSAR/Fee/FeeBlockConfiguration/FeeNumberOfDatasets.
              [Warning] Definition target not found: /MICROSAR/Fee/FeeBlockConfiguration/FeeBlockId.
              [Warning] Definition target not found: /MICROSAR/Fee/FeeBlockConfiguration/FeePartition.
              [Warning] Definition target not found: /MICROSAR/Fee/FeeBlockConfiguration/FeeDeviceIndex.
              [Warning] Definition target not found: /MICROSAR/Fee/FeeBlockConfiguration.
              [Warning] Definition target not found: /MICROSAR/Fee/FeeBlockConfiguration/FeeBlockIdFixed.
              [Warning] Definition target not found: /MICROSAR/Fee/FeeBlockConfiguration/FeeBlockIsCritical.
              [Warning] Definition target not found: /MICROSAR/Fee/FeeBlockConfiguration/FeeImmediateData.
              [Warning] Definition target not found: /MICROSAR/Fee/FeeBlockConfiguration/FeeNumberOfChunkInstances.
              [Warning] Definition target not found: /MICROSAR/Fee/FeeBlockConfiguration/FeeBlockNumber.
              [Warning] Definition target not found: /MICROSAR/Fee/FeeBlockConfiguration/FeeBlockSize.
              [Warning] Definition target not found: /MICROSAR/Fee/FeeBlockConfiguration/FeeNumberOfWriteCycles.
              [Warning] Definition target not found: /MICROSAR/Fee/FeeBlockConfiguration/FeeNumberOfDatasets.
              [Warning] Definition target not found: /MICROSAR/Fee/FeeBlockConfiguration/FeeBlockId.
              [Warning] Definition target not found: /MICROSAR/Fee/FeeBlockConfiguration/FeePartition.
              [Warning] Definition target not found: /MICROSAR/Fee/FeeBlockConfiguration/FeeDeviceIndex.
              [Warning] Definition target not found: /MICROSAR/Fee/FeeBlockConfiguration.
              [Warning] Definition target not found: /MICROSAR/Fee/FeeBlockConfiguration/FeeBlockIdFixed.
              [Warning] Definition target not found: /MICROSAR/Fee/FeeBlockConfiguration/FeeBlockIsCritical.
              [Warning] Definition target not found: /MICROSAR/Fee/FeeBlockConfiguration/FeeImmediateData.
              [Warning] Definition target not found: /MICROSAR/Fee/FeeBlockConfiguration/FeeNumberOfChunkInstances.
              [Warning] Definition target not found: /MICROSAR/Fee/FeeBlockConfiguration/FeeBlockNumber.
              [Warning] Definition target not found: /MICROSAR/Fee/FeeBlockConfiguration/FeeBlockSize.
              [Warning] Definition target not found: /MICROSAR/Fee/FeeBlockConfiguration/FeeNumberOfWriteCycles.
              [Warning] Definition target not found: /MICROSAR/Fee/FeeBlockConfiguration/FeeNumberOfDatasets.
              [Warning] Definition target not found: /MICROSAR/Fee/FeeBlockConfiguration/FeeBlockId.
              [Warning] Definition target not found: /MICROSAR/Fee/FeeBlockConfiguration/FeePartition.
              [Warning] Definition target not found: /MICROSAR/Fee/FeeBlockConfiguration/FeeDeviceIndex.
              [Warning] Definition target not found: /MICROSAR/Fee/FeeBlockConfiguration.
              [Warning] Definition target not found: /MICROSAR/Fee/FeeBlockConfiguration/FeeBlockIdFixed.
              [Warning] Definition target not found: /MICROSAR/Fee/FeeBlockConfiguration/FeeBlockIsCritical.
              [Warning] Definition target not found: /MICROSAR/Fee/FeeBlockConfiguration/FeeImmediateData.
              [Warning] Definition target not found: /MICROSAR/Fee/FeeBlockConfiguration/FeeNumberOfChunkInstances.
              [Warning] Definition target not found: /MICROSAR/Fee/FeeBlockConfiguration/FeeBlockNumber.
              [Warning] Definition target not found: /MICROSAR/Fee/FeeBlockConfiguration/FeeBlockSize.
              [Warning] Definition target not found: /MICROSAR/Fee/FeeBlockConfiguration/FeeNumberOfWriteCycles.
              [Warning] Definition target not found: /MICROSAR/Fee/FeeBlockConfiguration/FeeNumberOfDatasets.
              [Warning] Definition target not found: /MICROSAR/Fee/FeeBlockConfiguration/FeeBlockId.
              [Warning] Definition target not found: /MICROSAR/Fee/FeeBlockConfiguration/FeePartition.
              [Warning] Definition target not found: /MICROSAR/Fee/FeeBlockConfiguration/FeeDeviceIndex.
              [Warning] Definition target not found: /MICROSAR/Fee/FeeBlockConfiguration.
              [Warning] Definition target not found: /MICROSAR/Fee/FeeBlockConfiguration/FeeBlockIdFixed.
              [Warning] Definition target not found: /MICROSAR/Fee/FeeBlockConfiguration/FeeBlockIsCritical.
              [Warning] Definition target not found: /MICROSAR/Fee/FeeBlockConfiguration/FeeImmediateData.
              [Warning] Definition target not found: /MICROSAR/Fee/FeeBlockConfiguration/FeeNumberOfChunkInstances.
              [Warning] Definition target not found: /MICROSAR/Fee/FeeBlockConfiguration/FeeBlockNumber.
              [Warning] Definition target not found: /MICROSAR/Fee/FeeBlockConfiguration/FeeBlockSize.
              [Warning] Definition target not found: /MICROSAR/Fee/FeeBlockConfiguration/FeeNumberOfWriteCycles.
              [Warning] Definition target not found: /MICROSAR/Fee/FeeBlockConfiguration/FeeNumberOfDatasets.
              [Warning] Definition target not found: /MICROSAR/Fee/FeeBlockConfiguration/FeeBlockId.
              [Warning] Definition target not found: /MICROSAR/Fee/FeeBlockConfiguration/FeePartition.
              [Warning] Definition target not found: /MICROSAR/Fee/FeeBlockConfiguration/FeeDeviceIndex.
              [Warning] Definition target not found: /MICROSAR/Fee/FeeBlockConfiguration.
              [Warning] Definition target not found: /MICROSAR/Fee/FeeBlockConfiguration/FeeBlockIdFixed.
              [Warning] Definition target not found: /MICROSAR/Fee/FeeBlockConfiguration/FeeBlockIsCritical.
              [Warning] Definition target not found: /MICROSAR/Fee/FeeBlockConfiguration/FeeImmediateData.
              [Warning] Definition target not found: /MICROSAR/Fee/FeeBlockConfiguration/FeeNumberOfChunkInstances.
              [Warning] Definition target not found: /MICROSAR/Fee/FeeBlockConfiguration/FeeBlockNumber.
              [Warning] Definition target not found: /MICROSAR/Fee/FeeBlockConfiguration/FeeBlockSize.
              [Warning] Definition target not found: /MICROSAR/Fee/FeeBlockConfiguration/FeeNumberOfWriteCycles.
              [Warning] Definition target not found: /MICROSAR/Fee/FeeBlockConfiguration/FeeNumberOfDatasets.
              [Warning] Definition target not found: /MICROSAR/Fee/FeeBlockConfiguration/FeeBlockId.
              [Warning] Definition target not found: /MICROSAR/Fee/FeeBlockConfiguration/FeePartition.
              [Warning] Definition target not found: /MICROSAR/Fee/FeeBlockConfiguration/FeeDeviceIndex.
              [Warning] Definition target not found: /MICROSAR/Fee/FeeBlockConfiguration.
              [Warning] Definition target not found: /MICROSAR/Fee/FeeBlockConfiguration/FeeBlockIdFixed.
              [Warning] Definition target not found: /MICROSAR/Fee/FeeBlockConfiguration/FeeBlockIsCritical.
              [Warning] Definition target not found: /MICROSAR/Fee/FeeBlockConfiguration/FeeImmediateData.
              [Warning] Definition target not found: /MICROSAR/Fee/FeeBlockConfiguration/FeeNumberOfChunkInstances.
              [Warning] Definition target not found: /MICROSAR/Fee/FeeBlockConfiguration/FeeBlockNumber.
              [Warning] Definition target not found: /MICROSAR/Fee/FeeBlockConfiguration/FeeBlockSize.
              [Warning] Definition target not found: /MICROSAR/Fee/FeeBlockConfiguration/FeeNumberOfWriteCycles.
              [Warning] Definition target not found: /MICROSAR/Fee/FeeBlockConfiguration/FeeNumberOfDatasets.
              [Warning] Definition target not found: /MICROSAR/Fee/FeeBlockConfiguration/FeeBlockId.
              [Warning] Definition target not found: /MICROSAR/Fee/FeeBlockConfiguration/FeePartition.
              [Warning] Definition target not found: /MICROSAR/Fee/FeeBlockConfiguration/FeeDeviceIndex.
              [Warning] Definition target not found: /MICROSAR/Fee/FeeBlockConfiguration.
              [Warning] Definition target not found: /MICROSAR/Fee/FeeBlockConfiguration/FeeBlockIdFixed.
              [Warning] Definition target not found: /MICROSAR/Fee/FeeBlockConfiguration/FeeBlockIsCritical.
              [Warning] Definition target not found: /MICROSAR/Fee/FeeBlockConfiguration/FeeImmediateData.
              [Warning] Definition target not found: /MICROSAR/Fee/FeeBlockConfiguration/FeeNumberOfChunkInstances.
              [Warning] Definition target not found: /MICROSAR/Fee/FeeBlockConfiguration/FeeBlockNumber.
              [Warning] Definition target not found: /MICROSAR/Fee/FeeBlockConfiguration/FeeBlockSize.
              [Warning] Definition target not found: /MICROSAR/Fee/FeeBlockConfiguration/FeeNumberOfWriteCycles.
              [Warning] Definition target not found: /MICROSAR/Fee/FeeBlockConfiguration/FeeNumberOfDatasets.
              [Warning] Definition target not found: /MICROSAR/Fee/FeeBlockConfiguration/FeeBlockId.
              [Warning] Definition target not found: /MICROSAR/Fee/FeeBlockConfiguration/FeePartition.
              [Warning] Definition target not found: /MICROSAR/Fee/FeeBlockConfiguration/FeeDeviceIndex.
              [Warning] Definition target not found: /MICROSAR/Fee/FeeBlockConfiguration.
              [Warning] Definition target not found: /MICROSAR/Fee/FeeBlockConfiguration/FeeBlockIdFixed.
              [Warning] Definition target not found: /MICROSAR/Fee/FeeBlockConfiguration/FeeBlockIsCritical.
              [Warning] Definition target not found: /MICROSAR/Fee/FeeBlockConfiguration/FeeImmediateData.
              [Warning] Definition target not found: /MICROSAR/Fee/FeeBlockConfiguration/FeeNumberOfChunkInstances.
              [Warning] Definition target not found: /MICROSAR/Fee/FeeBlockConfiguration/FeeBlockNumber.
              [Warning] Definition target not found: /MICROSAR/Fee/FeeBlockConfiguration/FeeBlockSize.
              [Warning] Definition target not found: /MICROSAR/Fee/FeeBlockConfiguration/FeeNumberOfWriteCycles.
              [Warning] Definition target not found: /MICROSAR/Fee/FeeBlockConfiguration/FeeNumberOfDatasets.
              [Warning] Definition target not found: /MICROSAR/Fee/FeeBlockConfiguration/FeeBlockId.
              [Warning] Definition target not found: /MICROSAR/Fee/FeeBlockConfiguration/FeePartition.
              [Warning] Definition target not found: /MICROSAR/Fee/FeeBlockConfiguration/FeeDeviceIndex.
              [Warning] Definition target not found: /MICROSAR/Fee/FeeBlockConfiguration.
              [Warning] Definition target not found: /MICROSAR/Fee/FeeBlockConfiguration/FeeBlockIdFixed.
              [Warning] Definition target not found: /MICROSAR/Fee/FeeBlockConfiguration/FeeBlockIsCritical.
              [Warning] Definition target not found: /MICROSAR/Fee/FeeBlockConfiguration/FeeImmediateData.
              [Warning] Definition target not found: /MICROSAR/Fee/FeeBlockConfiguration/FeeNumberOfChunkInstances.
              [Warning] Definition target not found: /MICROSAR/Fee/FeeBlockConfiguration/FeeBlockNumber.
              [Warning] Definition target not found: /MICROSAR/Fee/FeeBlockConfiguration/FeeBlockSize.
              [Warning] Definition target not found: /MICROSAR/Fee/FeeBlockConfiguration/FeeNumberOfWriteCycles.
              [Warning] Definition target not found: /MICROSAR/Fee/FeeBlockConfiguration/FeeNumberOfDatasets.
              [Warning] Definition target not found: /MICROSAR/Fee/FeeBlockConfiguration/FeeBlockId.
              [Warning] Definition target not found: /MICROSAR/Fee/FeeBlockConfiguration/FeePartition.
              [Warning] Definition target not found: /MICROSAR/Fee/FeeBlockConfiguration/FeeDeviceIndex.
              [Warning] Definition target not found: /MICROSAR/Fee/FeeBlockConfiguration.
              [Warning] Definition target not found: /MICROSAR/Fee/FeeBlockConfiguration/FeeBlockIdFixed.
              [Warning] Definition target not found: /MICROSAR/Fee/FeeBlockConfiguration/FeeBlockIsCritical.
              [Warning] Definition target not found: /MICROSAR/Fee/FeeBlockConfiguration/FeeImmediateData.
              [Warning] Definition target not found: /MICROSAR/Fee/FeeBlockConfiguration/FeeNumberOfChunkInstances.
              [Warning] Definition target not found: /MICROSAR/Fee/FeeBlockConfiguration/FeeBlockNumber.
              [Warning] Definition target not found: /MICROSAR/Fee/FeeBlockConfiguration/FeeBlockSize.
              [Warning] Definition target not found: /MICROSAR/Fee/FeeBlockConfiguration/FeeNumberOfWriteCycles.
              [Warning] Definition target not found: /MICROSAR/Fee/FeeBlockConfiguration/FeeNumberOfDatasets.
              [Warning] Definition target not found: /MICROSAR/Fee/FeeBlockConfiguration/FeeBlockId.
              [Warning] Definition target not found: /MICROSAR/Fee/FeeBlockConfiguration/FeePartition.
              [Warning] Definition target not found: /MICROSAR/Fee/FeeBlockConfiguration/FeeDeviceIndex.
              [Warning] Definition target not found: /MICROSAR/Fee/FeeBlockConfiguration.
              [Warning] Definition target not found: /MICROSAR/Fee/FeeBlockConfiguration/FeeBlockIdFixed.
              [Warning] Definition target not found: /MICROSAR/Fee/FeeBlockConfiguration/FeeBlockIsCritical.
              [Warning] Definition target not found: /MICROSAR/Fee/FeeBlockConfiguration/FeeImmediateData.
              [Warning] Definition target not found: /MICROSAR/Fee/FeeBlockConfiguration/FeeNumberOfChunkInstances.
              [Warning] Definition target not found: /MICROSAR/Fee/FeeBlockConfiguration/FeeBlockNumber.
              [Warning] Definition target not found: /MICROSAR/Fee/FeeBlockConfiguration/FeeBlockSize.
              [Warning] Definition target not found: /MICROSAR/Fee/FeeBlockConfiguration/FeeNumberOfWriteCycles.
              [Warning] Definition target not found: /MICROSAR/Fee/FeeBlockConfiguration/FeeNumberOfDatasets.
              [Warning] Definition target not found: /MICROSAR/Fee/FeeBlockConfiguration/FeeBlockId.
              [Warning] Definition target not found: /MICROSAR/Fee/FeeBlockConfiguration/FeePartition.
              [Warning] Definition target not found: /MICROSAR/Fee/FeeBlockConfiguration/FeeDeviceIndex.
              [Warning] Definition target not found: /MICROSAR/Fee/FeeBlockConfiguration.
              [Warning] Definition target not found: /MICROSAR/Fee/FeeBlockConfiguration/FeeBlockIdFixed.
              [Warning] Definition target not found: /MICROSAR/Fee/FeeBlockConfiguration/FeeBlockIsCritical.
              [Warning] Definition target not found: /MICROSAR/Fee/FeeBlockConfiguration/FeeImmediateData.
              [Warning] Definition target not found: /MICROSAR/Fee/FeeBlockConfiguration/FeeNumberOfChunkInstances.
              [Warning] Definition target not found: /MICROSAR/Fee/FeeBlockConfiguration/FeeBlockNumber.
              [Warning] Definition target not found: /MICROSAR/Fee/FeeBlockConfiguration/FeeBlockSize.
              [Warning] Definition target not found: /MICROSAR/Fee/FeeBlockConfiguration/FeeNumberOfWriteCycles.
              [Warning] Definition target not found: /MICROSAR/Fee/FeeBlockConfiguration/FeeNumberOfDatasets.
              [Warning] Definition target not found: /MICROSAR/Fee/FeeBlockConfiguration/FeeBlockId.
              [Warning] Definition target not found: /MICROSAR/Fee/FeeBlockConfiguration/FeePartition.
              [Warning] Definition target not found: /MICROSAR/Fee/FeeBlockConfiguration/FeeDeviceIndex.
              [Warning] Definition target not found: /MICROSAR/Fee/FeeBlockConfiguration.
              [Warning] Definition target not found: /MICROSAR/Fee/FeeBlockConfiguration/FeeBlockIdFixed.
              [Warning] Definition target not found: /MICROSAR/Fee/FeeBlockConfiguration/FeeBlockIsCritical.
              [Warning] Definition target not found: /MICROSAR/Fee/FeeBlockConfiguration/FeeImmediateData.
              [Warning] Definition target not found: /MICROSAR/Fee/FeeBlockConfiguration/FeeNumberOfChunkInstances.
              [Warning] Definition target not found: /MICROSAR/Fee/FeeBlockConfiguration/FeeBlockNumber.
              [Warning] Definition target not found: /MICROSAR/Fee/FeeBlockConfiguration/FeeBlockSize.
              [Warning] Definition target not found: /MICROSAR/Fee/FeeBlockConfiguration/FeeNumberOfWriteCycles.
              [Warning] Definition target not found: /MICROSAR/Fee/FeeBlockConfiguration/FeeNumberOfDatasets.
              [Warning] Definition target not found: /MICROSAR/Fee/FeeBlockConfiguration/FeeBlockId.
              [Warning] Definition target not found: /MICROSAR/Fee/FeeBlockConfiguration/FeePartition.
              [Warning] Definition target not found: /MICROSAR/Fee/FeeBlockConfiguration/FeeDeviceIndex.
              [Warning] Definition target not found: /MICROSAR/Fee/FeeBlockConfiguration.
              [Warning] Definition target not found: /MICROSAR/Fee/FeeBlockConfiguration/FeeBlockIdFixed.
              [Warning] Definition target not found: /MICROSAR/Fee/FeeBlockConfiguration/FeeBlockIsCritical.
              [Warning] Definition target not found: /MICROSAR/Fee/FeeBlockConfiguration/FeeImmediateData.
              [Warning] Definition target not found: /MICROSAR/Fee/FeeBlockConfiguration/FeeNumberOfChunkInstances.
              [Warning] Definition target not found: /MICROSAR/Fee/FeeBlockConfiguration/FeeBlockNumber.
              [Warning] Definition target not found: /MICROSAR/Fee/FeeBlockConfiguration/FeeBlockSize.
              [Warning] Definition target not found: /MICROSAR/Fee/FeeBlockConfiguration/FeeNumberOfWriteCycles.
              [Warning] Definition target not found: /MICROSAR/Fee/FeeBlockConfiguration/FeeNumberOfDatasets.
              [Warning] Definition target not found: /MICROSAR/Fee/FeeBlockConfiguration/FeeBlockId.
              [Warning] Definition target not found: /MICROSAR/Fee/FeeBlockConfiguration/FeePartition.
              [Warning] Definition target not found: /MICROSAR/Fee/FeeBlockConfiguration/FeeDeviceIndex.
              [Warning] Definition target not found: /MICROSAR/Fee/FeeBlockConfiguration.
              [Warning] Definition target not found: /MICROSAR/Fee/FeeBlockConfiguration/FeeBlockIdFixed.
              [Warning] Definition target not found: /MICROSAR/Fee/FeeBlockConfiguration/FeeBlockIsCritical.
              [Warning] Definition target not found: /MICROSAR/Fee/FeeBlockConfiguration/FeeImmediateData.
              [Warning] Definition target not found: /MICROSAR/Fee/FeeBlockConfiguration/FeeNumberOfChunkInstances.
              [Warning] Definition target not found: /MICROSAR/Fee/FeeBlockConfiguration/FeeBlockNumber.
              [Warning] Definition target not found: /MICROSAR/Fee/FeeBlockConfiguration/FeeBlockSize.
              [Warning] Definition target not found: /MICROSAR/Fee/FeeBlockConfiguration/FeeNumberOfWriteCycles.
              [Warning] Definition target not found: /MICROSAR/Fee/FeeBlockConfiguration/FeeNumberOfDatasets.
              [Warning] Definition target not found: /MICROSAR/Fee/FeeBlockConfiguration/FeeBlockId.
              [Warning] Definition target not found: /MICROSAR/Fee/FeeBlockConfiguration/FeePartition.
              [Warning] Definition target not found: /MICROSAR/Fee/FeeBlockConfiguration/FeeDeviceIndex.
              [Warning] Definition target not found: /MICROSAR/Fee/FeeBlockConfiguration.
              [Warning] Definition target not found: /MICROSAR/Fee/FeeBlockConfiguration/FeeBlockIdFixed.
              [Warning] Definition target not found: /MICROSAR/Fee/FeeBlockConfiguration/FeeBlockIsCritical.
              [Warning] Definition target not found: /MICROSAR/Fee/FeeBlockConfiguration/FeeImmediateData.
              [Warning] Definition target not found: /MICROSAR/Fee/FeeBlockConfiguration/FeeNumberOfChunkInstances.
              [Warning] Definition target not found: /MICROSAR/Fee/FeeBlockConfiguration/FeeBlockNumber.
              [Warning] Definition target not found: /MICROSAR/Fee/FeeBlockConfiguration/FeeBlockSize.
              [Warning] Definition target not found: /MICROSAR/Fee/FeeBlockConfiguration/FeeNumberOfWriteCycles.
              [Warning] Definition target not found: /MICROSAR/Fee/FeeBlockConfiguration/FeeNumberOfDatasets.
              [Warning] Definition target not found: /MICROSAR/Fee/FeeBlockConfiguration/FeeBlockId.
              [Warning] Definition target not found: /MICROSAR/Fee/FeeBlockConfiguration/FeePartition.
              [Warning] Definition target not found: /MICROSAR/Fee/FeeBlockConfiguration/FeeDeviceIndex.
              [Warning] Definition target not found: /MICROSAR/Fee/FeeBlockConfiguration.
              [Warning] Definition target not found: /MICROSAR/Fee/FeeBlockConfiguration/FeeBlockIdFixed.
              [Warning] Definition target not found: /MICROSAR/Fee/FeeBlockConfiguration/FeeBlockIsCritical.
              [Warning] Definition target not found: /MICROSAR/Fee/FeeBlockConfiguration/FeeImmediateData.
              [Warning] Definition target not found: /MICROSAR/Fee/FeeBlockConfiguration/FeeNumberOfChunkInstances.
              [Warning] Definition target not found: /MICROSAR/Fee/FeeBlockConfiguration/FeeBlockNumber.
              [Warning] Definition target not found: /MICROSAR/Fee/FeeBlockConfiguration/FeeBlockSize.
              [Warning] Definition target not found: /MICROSAR/Fee/FeeBlockConfiguration/FeeNumberOfWriteCycles.
              [Warning] Definition target not found: /MICROSAR/Fee/FeeBlockConfiguration/FeeNumberOfDatasets.
              [Warning] Definition target not found: /MICROSAR/Fee/FeeBlockConfiguration/FeeBlockId.
              [Warning] Definition target not found: /MICROSAR/Fee/FeeBlockConfiguration/FeePartition.
              [Warning] Definition target not found: /MICROSAR/Fee/FeeBlockConfiguration/FeeDeviceIndex.
              [Warning] Definition target not found: /MICROSAR/Fee/FeeBlockConfiguration.
              [Warning] Definition target not found: /MICROSAR/Fee/FeeBlockConfiguration/FeeBlockIdFixed.
              [Warning] Definition target not found: /MICROSAR/Fee/FeeBlockConfiguration/FeeBlockIsCritical.
              [Warning] Definition target not found: /MICROSAR/Fee/FeeBlockConfiguration/FeeImmediateData.
              [Warning] Definition target not found: /MICROSAR/Fee/FeeBlockConfiguration/FeeNumberOfChunkInstances.
              [Warning] Definition target not found: /MICROSAR/Fee/FeeBlockConfiguration/FeeBlockNumber.
              [Warning] Definition target not found: /MICROSAR/Fee/FeeBlockConfiguration/FeeBlockSize.
              [Warning] Definition target not found: /MICROSAR/Fee/FeeBlockConfiguration/FeeNumberOfWriteCycles.
              [Warning] Definition target not found: /MICROSAR/Fee/FeeBlockConfiguration/FeeNumberOfDatasets.
              [Warning] Definition target not found: /MICROSAR/Fee/FeeBlockConfiguration/FeeBlockId.
              [Warning] Definition target not found: /MICROSAR/Fee/FeeBlockConfiguration/FeePartition.
              [Warning] Definition target not found: /MICROSAR/Fee/FeeBlockConfiguration/FeeDeviceIndex.
              [Warning] Definition target not found: /MICROSAR/Fee/FeeBlockConfiguration.
              [Warning] Definition target not found: /MICROSAR/Fee/FeeBlockConfiguration/FeeBlockIdFixed.
              [Warning] Definition target not found: /MICROSAR/Fee/FeeBlockConfiguration/FeeBlockIsCritical.
              [Warning] Definition target not found: /MICROSAR/Fee/FeeBlockConfiguration/FeeImmediateData.
              [Warning] Definition target not found: /MICROSAR/Fee/FeeBlockConfiguration/FeeNumberOfChunkInstances.
              [Warning] Definition target not found: /MICROSAR/Fee/FeeBlockConfiguration/FeeBlockNumber.
              [Warning] Definition target not found: /MICROSAR/Fee/FeeBlockConfiguration/FeeBlockSize.
              [Warning] Definition target not found: /MICROSAR/Fee/FeeBlockConfiguration/FeeNumberOfWriteCycles.
              [Warning] Definition target not found: /MICROSAR/Fee/FeeBlockConfiguration/FeeNumberOfDatasets.
              [Warning] Definition target not found: /MICROSAR/Fee/FeeBlockConfiguration/FeeBlockId.
              [Warning] Definition target not found: /MICROSAR/Fee/FeeBlockConfiguration/FeePartition.
              [Warning] Definition target not found: /MICROSAR/Fee/FeeBlockConfiguration/FeeDeviceIndex.
              [Warning] Definition target not found: /MICROSAR/Fee/FeeBlockConfiguration.
              [Warning] Definition target not found: /MICROSAR/Fee/FeeBlockConfiguration/FeeBlockIdFixed.
              [Warning] Definition target not found: /MICROSAR/Fee/FeeBlockConfiguration/FeeBlockIsCritical.
              [Warning] Definition target not found: /MICROSAR/Fee/FeeBlockConfiguration/FeeImmediateData.
              [Warning] Definition target not found: /MICROSAR/Fee/FeeBlockConfiguration/FeeNumberOfChunkInstances.
              [Warning] Definition target not found: /MICROSAR/Fee/FeeBlockConfiguration/FeeBlockNumber.
              [Warning] Definition target not found: /MICROSAR/Fee/FeeBlockConfiguration/FeeBlockSize.
              [Warning] Definition target not found: /MICROSAR/Fee/FeeBlockConfiguration/FeeNumberOfWriteCycles.
              [Warning] Definition target not found: /MICROSAR/Fee/FeeBlockConfiguration/FeeNumberOfDatasets.
              [Warning] Definition target not found: /MICROSAR/Fee/FeeBlockConfiguration/FeeBlockId.
              [Warning] Definition target not found: /MICROSAR/Fee/FeeBlockConfiguration/FeePartition.
              [Warning] Definition target not found: /MICROSAR/Fee/FeeBlockConfiguration/FeeDeviceIndex.
              [Warning] Definition target not found: /MICROSAR/Fee/FeeBlockConfiguration.
              [Warning] Definition target not found: /MICROSAR/Fee/FeeBlockConfiguration/FeeBlockIdFixed.
              [Warning] Definition target not found: /MICROSAR/Fee/FeeBlockConfiguration/FeeBlockIsCritical.
              [Warning] Definition target not found: /MICROSAR/Fee/FeeBlockConfiguration/FeeImmediateData.
              [Warning] Definition target not found: /MICROSAR/Fee/FeeBlockConfiguration/FeeNumberOfChunkInstances.
              [Warning] Definition target not found: /MICROSAR/Fee/FeeBlockConfiguration/FeeBlockNumber.
              [Warning] Definition target not found: /MICROSAR/Fee/FeeBlockConfiguration/FeeBlockSize.
              [Warning] Definition target not found: /MICROSAR/Fee/FeeBlockConfiguration/FeeNumberOfWriteCycles.
              [Warning] Definition target not found: /MICROSAR/Fee/FeeBlockConfiguration/FeeNumberOfDatasets.
              [Warning] Definition target not found: /MICROSAR/Fee/FeeBlockConfiguration/FeeBlockId.
              [Warning] Definition target not found: /MICROSAR/Fee/FeeBlockConfiguration/FeePartition.
              [Warning] Definition target not found: /MICROSAR/Fee/FeeBlockConfiguration/FeeDeviceIndex.
              [Warning] Definition target not found: /MICROSAR/Fee/FeeBlockConfiguration.
              [Warning] Definition target not found: /MICROSAR/Fee/FeeBlockConfiguration/FeeBlockIdFixed.
              [Warning] Definition target not found: /MICROSAR/Fee/FeeBlockConfiguration/FeeBlockIsCritical.
              [Warning] Definition target not found: /MICROSAR/Fee/FeeBlockConfiguration/FeeImmediateData.
              [Warning] Definition target not found: /MICROSAR/Fee/FeeBlockConfiguration/FeeNumberOfChunkInstances.
              [Warning] Definition target not found: /MICROSAR/Fee/FeeBlockConfiguration/FeeBlockNumber.
              [Warning] Definition target not found: /MICROSAR/Fee/FeeBlockConfiguration/FeeBlockSize.
              [Warning] Definition target not found: /MICROSAR/Fee/FeeBlockConfiguration/FeeNumberOfWriteCycles.
              [Warning] Definition target not found: /MICROSAR/Fee/FeeBlockConfiguration/FeeNumberOfDatasets.
              [Warning] Definition target not found: /MICROSAR/Fee/FeeBlockConfiguration/FeeBlockId.
              [Warning] Definition target not found: /MICROSAR/Fee/FeeBlockConfiguration/FeePartition.
              [Warning] Definition target not found: /MICROSAR/Fee/FeeBlockConfiguration/FeeDeviceIndex.
              [Warning] Definition target not found: /MICROSAR/Fee/FeeBlockConfiguration.
              [Warning] Definition target not found: /MICROSAR/Fee/FeeBlockConfiguration/FeeBlockIdFixed.
              [Warning] Definition target not found: /MICROSAR/Fee/FeeBlockConfiguration/FeeBlockIsCritical.
              [Warning] Definition target not found: /MICROSAR/Fee/FeeBlockConfiguration/FeeImmediateData.
              [Warning] Definition target not found: /MICROSAR/Fee/FeeBlockConfiguration/FeeNumberOfChunkInstances.
              [Warning] Definition target not found: /MICROSAR/Fee/FeeBlockConfiguration/FeeBlockNumber.
              [Warning] Definition target not found: /MICROSAR/Fee/FeeBlockConfiguration/FeeBlockSize.
              [Warning] Definition target not found: /MICROSAR/Fee/FeeBlockConfiguration/FeeNumberOfWriteCycles.
              [Warning] Definition target not found: /MICROSAR/Fee/FeeBlockConfiguration/FeeNumberOfDatasets.
              [Warning] Definition target not found: /MICROSAR/Fee/FeeBlockConfiguration/FeeBlockId.
              [Warning] Definition target not found: /MICROSAR/Fee/FeeBlockConfiguration/FeePartition.
              [Warning] Definition target not found: /MICROSAR/Fee/FeeBlockConfiguration/FeeDeviceIndex.
              [Warning] Definition target not found: /MICROSAR/Fee/FeeBlockConfiguration.
              [Warning] Definition target not found: /MICROSAR/Fee/FeeBlockConfiguration/FeeBlockIdFixed.
              [Warning] Definition target not found: /MICROSAR/Fee/FeeBlockConfiguration/FeeBlockIsCritical.
              [Warning] Definition target not found: /MICROSAR/Fee/FeeBlockConfiguration/FeeImmediateData.
              [Warning] Definition target not found: /MICROSAR/Fee/FeeBlockConfiguration/FeeNumberOfChunkInstances.
              [Warning] Definition target not found: /MICROSAR/Fee/FeeBlockConfiguration/FeeBlockNumber.
              [Warning] Definition target not found: /MICROSAR/Fee/FeeBlockConfiguration/FeeBlockSize.
              [Warning] Definition target not found: /MICROSAR/Fee/FeeBlockConfiguration/FeeNumberOfWriteCycles.
              [Warning] Definition target not found: /MICROSAR/Fee/FeeBlockConfiguration/FeeNumberOfDatasets.
              [Warning] Definition target not found: /MICROSAR/Fee/FeeBlockConfiguration/FeeBlockId.
              [Warning] Definition target not found: /MICROSAR/Fee/FeeBlockConfiguration/FeePartition.
              [Warning] Definition target not found: /MICROSAR/Fee/FeeBlockConfiguration/FeeDeviceIndex.
              [Warning] Definition target not found: /MICROSAR/Fee/FeeBlockConfiguration.
              [Warning] Definition target not found: /MICROSAR/Fee/FeeBlockConfiguration/FeeBlockIdFixed.
              [Warning] Definition target not found: /MICROSAR/Fee/FeeBlockConfiguration/FeeBlockIsCritical.
              [Warning] Definition target not found: /MICROSAR/Fee/FeeBlockConfiguration/FeeImmediateData.
              [Warning] Definition target not found: /MICROSAR/Fee/FeeBlockConfiguration/FeeNumberOfChunkInstances.
              [Warning] Definition target not found: /MICROSAR/Fee/FeeBlockConfiguration/FeeBlockNumber.
              [Warning] Definition target not found: /MICROSAR/Fee/FeeBlockConfiguration/FeeBlockSize.
              [Warning] Definition target not found: /MICROSAR/Fee/FeeBlockConfiguration/FeeNumberOfWriteCycles.
              [Warning] Definition target not found: /MICROSAR/Fee/FeeBlockConfiguration/FeeNumberOfDatasets.
              [Warning] Definition target not found: /MICROSAR/Fee/FeeBlockConfiguration/FeeBlockId.
              [Warning] Definition target not found: /MICROSAR/Fee/FeeBlockConfiguration/FeePartition.
              [Warning] Definition target not found: /MICROSAR/Fee/FeeBlockConfiguration/FeeDeviceIndex.
              [Warning] Definition target not found: /MICROSAR/Fee/FeeBlockConfiguration.
              [Warning] Definition target not found: /MICROSAR/Fee/FeeBlockConfiguration/FeeBlockIdFixed.
              [Warning] Definition target not found: /MICROSAR/Fee/FeeBlockConfiguration/FeeBlockIsCritical.
              [Warning] Definition target not found: /MICROSAR/Fee/FeeBlockConfiguration/FeeImmediateData.
              [Warning] Definition target not found: /MICROSAR/Fee/FeeBlockConfiguration/FeeNumberOfChunkInstances.
              [Warning] Definition target not found: /MICROSAR/Fee/FeeBlockConfiguration/FeeBlockNumber.
              [Warning] Definition target not found: /MICROSAR/Fee/FeeBlockConfiguration/FeeBlockSize.
              [Warning] Definition target not found: /MICROSAR/Fee/FeeBlockConfiguration/FeeNumberOfWriteCycles.
              [Warning] Definition target not found: /MICROSAR/Fee/FeeBlockConfiguration/FeeNumberOfDatasets.
              [Warning] Definition target not found: /MICROSAR/Fee/FeeBlockConfiguration/FeeBlockId.
              [Warning] Definition target not found: /MICROSAR/Fee/FeeBlockConfiguration/FeePartition.
              [Warning] Definition target not found: /MICROSAR/Fee/FeeBlockConfiguration/FeeDeviceIndex.
              [Warning] Definition target not found: /MICROSAR/Fee/FeeBlockConfiguration.
              [Warning] Definition target not found: /MICROSAR/Fee/FeeBlockConfiguration/FeeBlockIdFixed.
              [Warning] Definition target not found: /MICROSAR/Fee/FeeBlockConfiguration/FeeBlockIsCritical.
              [Warning] Definition target not found: /MICROSAR/Fee/FeeBlockConfiguration/FeeImmediateData.
              [Warning] Definition target not found: /MICROSAR/Fee/FeeBlockConfiguration/FeeNumberOfChunkInstances.
              [Warning] Definition target not found: /MICROSAR/Fee/FeeBlockConfiguration/FeeBlockNumber.
              [Warning] Definition target not found: /MICROSAR/Fee/FeeBlockConfiguration/FeeBlockSize.
              [Warning] Definition target not found: /MICROSAR/Fee/FeeBlockConfiguration/FeeNumberOfWriteCycles.
              [Warning] Definition target not found: /MICROSAR/Fee/FeeBlockConfiguration/FeeNumberOfDatasets.
              [Warning] Definition target not found: /MICROSAR/Fee/FeeBlockConfiguration/FeeBlockId.
              [Warning] Definition target not found: /MICROSAR/Fee/FeeBlockConfiguration/FeePartition.
              [Warning] Definition target not found: /MICROSAR/Fee/FeeBlockConfiguration/FeeDeviceIndex.
              [Warning] Definition target not found: /MICROSAR/Fee/FeeBlockConfiguration.
              [Warning] Definition target not found: /MICROSAR/Fee/FeeBlockConfiguration/FeeBlockIdFixed.
              [Warning] Definition target not found: /MICROSAR/Fee/FeeBlockConfiguration/FeeBlockIsCritical.
              [Warning] Definition target not found: /MICROSAR/Fee/FeeBlockConfiguration/FeeImmediateData.
              [Warning] Definition target not found: /MICROSAR/Fee/FeeBlockConfiguration/FeeNumberOfChunkInstances.
              [Warning] Definition target not found: /MICROSAR/Fee/FeeBlockConfiguration/FeeBlockNumber.
              [Warning] Definition target not found: /MICROSAR/Fee/FeeBlockConfiguration/FeeBlockSize.
              [Warning] Definition target not found: /MICROSAR/Fee/FeeBlockConfiguration/FeeNumberOfWriteCycles.
              [Warning] Definition target not found: /MICROSAR/Fee/FeeBlockConfiguration/FeeNumberOfDatasets.
              [Warning] Definition target not found: /MICROSAR/Fee/FeeBlockConfiguration/FeeBlockId.
              [Warning] Definition target not found: /MICROSAR/Fee/FeeBlockConfiguration/FeePartition.
              [Warning] Definition target not found: /MICROSAR/Fee/FeeBlockConfiguration/FeeDeviceIndex.
              [Warning] Definition target not found: /MICROSAR/Fee/FeeBlockConfiguration.
              [Warning] Definition target not found: /MICROSAR/Fee/FeeBlockConfiguration/FeeBlockIdFixed.
              [Warning] Definition target not found: /MICROSAR/Fee/FeeBlockConfiguration/FeeBlockIsCritical.
              [Warning] Definition target not found: /MICROSAR/Fee/FeeBlockConfiguration/FeeImmediateData.
              [Warning] Definition target not found: /MICROSAR/Fee/FeeBlockConfiguration/FeeNumberOfChunkInstances.
              [Warning] Definition target not found: /MICROSAR/Fee/FeeBlockConfiguration/FeeBlockNumber.
              [Warning] Definition target not found: /MICROSAR/Fee/FeeBlockConfiguration/FeeBlockSize.
              [Warning] Definition target not found: /MICROSAR/Fee/FeeBlockConfiguration/FeeNumberOfWriteCycles.
              [Warning] Definition target not found: /MICROSAR/Fee/FeeBlockConfiguration/FeeNumberOfDatasets.
              [Warning] Definition target not found: /MICROSAR/Fee/FeeBlockConfiguration/FeeBlockId.
              [Warning] Definition target not found: /MICROSAR/Fee/FeeBlockConfiguration/FeePartition.
              [Warning] Definition target not found: /MICROSAR/Fee/FeeBlockConfiguration/FeeDeviceIndex.
              [Warning] Definition target not found: /MICROSAR/Fee/FeeBlockConfiguration.
              [Warning] Definition target not found: /MICROSAR/Fee/FeeBlockConfiguration/FeeBlockIdFixed.
              [Warning] Definition target not found: /MICROSAR/Fee/FeeBlockConfiguration/FeeBlockIsCritical.
              [Warning] Definition target not found: /MICROSAR/Fee/FeeBlockConfiguration/FeeImmediateData.
              [Warning] Definition target not found: /MICROSAR/Fee/FeeBlockConfiguration/FeeNumberOfChunkInstances.
              [Warning] Definition target not found: /MICROSAR/Fee/FeeBlockConfiguration/FeeBlockNumber.
              [Warning] Definition target not found: /MICROSAR/Fee/FeeBlockConfiguration/FeeBlockSize.
              [Warning] Definition target not found: /MICROSAR/Fee/FeeBlockConfiguration/FeeNumberOfWriteCycles.
              [Warning] Definition target not found: /MICROSAR/Fee/FeeBlockConfiguration/FeeNumberOfDatasets.
              [Warning] Definition target not found: /MICROSAR/Fee/FeeBlockConfiguration/FeeBlockId.
              [Warning] Definition target not found: /MICROSAR/Fee/FeeBlockConfiguration/FeePartition.
              [Warning] Definition target not found: /MICROSAR/Fee/FeeBlockConfiguration/FeeDeviceIndex.
              [Warning] Definition target not found: /MICROSAR/Fee/FeeBlockConfiguration.
              [Warning] Definition target not found: /MICROSAR/Fee/FeeBlockConfiguration/FeeBlockIdFixed.
              [Warning] Definition target not found: /MICROSAR/Fee/FeeBlockConfiguration/FeeBlockIsCritical.
              [Warning] Definition target not found: /MICROSAR/Fee/FeeBlockConfiguration/FeeImmediateData.
              [Warning] Definition target not found: /MICROSAR/Fee/FeeBlockConfiguration/FeeNumberOfChunkInstances.
              [Warning] Definition target not found: /MICROSAR/Fee/FeeBlockConfiguration/FeeBlockNumber.
              [Warning] Definition target not found: /MICROSAR/Fee/FeeBlockConfiguration/FeeBlockSize.
              [Warning] Definition target not found: /MICROSAR/Fee/FeeBlockConfiguration/FeeNumberOfWriteCycles.
              [Warning] Definition target not found: /MICROSAR/Fee/FeeBlockConfiguration/FeeNumberOfDatasets.
              [Warning] Definition target not found: /MICROSAR/Fee/FeeBlockConfiguration/FeeBlockId.
              [Warning] Definition target not found: /MICROSAR/Fee/FeeBlockConfiguration/FeePartition.
              [Warning] Definition target not found: /MICROSAR/Fee/FeeBlockConfiguration/FeeDeviceIndex.
              [Warning] Definition target not found: /MICROSAR/Fee/FeeBlockConfiguration.
              [Warning] Definition target not found: /MICROSAR/Fee/FeeBlockConfiguration/FeeBlockIdFixed.
              [Warning] Definition target not found: /MICROSAR/Fee/FeeBlockConfiguration/FeeBlockIsCritical.
              [Warning] Definition target not found: /MICROSAR/Fee/FeeBlockConfiguration/FeeImmediateData.
              [Warning] Definition target not found: /MICROSAR/Fee/FeeBlockConfiguration/FeeNumberOfChunkInstances.
              [Warning] Definition target not found: /MICROSAR/Fee/FeeBlockConfiguration/FeeBlockNumber.
              [Warning] Definition target not found: /MICROSAR/Fee/FeeBlockConfiguration/FeeBlockSize.
              [Warning] Definition target not found: /MICROSAR/Fee/FeeBlockConfiguration/FeeNumberOfWriteCycles.
              [Warning] Definition target not found: /MICROSAR/Fee/FeeBlockConfiguration/FeeNumberOfDatasets.
              [Warning] Definition target not found: /MICROSAR/Fee/FeeBlockConfiguration/FeeBlockId.
              [Warning] Definition target not found: /MICROSAR/Fee/FeeBlockConfiguration/FeePartition.
              [Warning] Definition target not found: /MICROSAR/Fee/FeeBlockConfiguration/FeeDeviceIndex.
              [Warning] Definition target not found: /MICROSAR/Fee/FeeBlockConfiguration.
              [Warning] Definition target not found: /MICROSAR/Fee/FeeBlockConfiguration/FeeBlockIdFixed.
              [Warning] Definition target not found: /MICROSAR/Fee/FeeBlockConfiguration/FeeBlockIsCritical.
              [Warning] Definition target not found: /MICROSAR/Fee/FeeBlockConfiguration/FeeImmediateData.
              [Warning] Definition target not found: /MICROSAR/Fee/FeeBlockConfiguration/FeeNumberOfChunkInstances.
              [Warning] Definition target not found: /MICROSAR/Fee/FeeBlockConfiguration/FeeBlockNumber.
              [Warning] Definition target not found: /MICROSAR/Fee/FeeBlockConfiguration/FeeBlockSize.
              [Warning] Definition target not found: /MICROSAR/Fee/FeeBlockConfiguration/FeeNumberOfWriteCycles.
              [Warning] Definition target not found: /MICROSAR/Fee/FeeBlockConfiguration/FeeNumberOfDatasets.
              [Warning] Definition target not found: /MICROSAR/Fee/FeeBlockConfiguration/FeeBlockId.
              [Warning] Definition target not found: /MICROSAR/Fee/FeeBlockConfiguration/FeePartition.
              [Warning] Definition target not found: /MICROSAR/Fee/FeeBlockConfiguration/FeeDeviceIndex.
              [Warning] Definition target not found: /MICROSAR/Fee/FeeBlockConfiguration.
              [Warning] Definition target not found: /MICROSAR/Fee/FeeBlockConfiguration/FeeBlockIdFixed.
              [Warning] Definition target not found: /MICROSAR/Fee/FeeBlockConfiguration/FeeBlockIsCritical.
              [Warning] Definition target not found: /MICROSAR/Fee/FeeBlockConfiguration/FeeImmediateData.
              [Warning] Definition target not found: /MICROSAR/Fee/FeeBlockConfiguration/FeeNumberOfChunkInstances.
              [Warning] Definition target not found: /MICROSAR/Fee/FeeBlockConfiguration/FeeBlockNumber.
              [Warning] Definition target not found: /MICROSAR/Fee/FeeBlockConfiguration/FeeBlockSize.
              [Warning] Definition target not found: /MICROSAR/Fee/FeeBlockConfiguration/FeeNumberOfWriteCycles.
              [Warning] Definition target not found: /MICROSAR/Fee/FeeBlockConfiguration/FeeNumberOfDatasets.
              [Warning] Definition target not found: /MICROSAR/Fee/FeeBlockConfiguration/FeeBlockId.
              [Warning] Definition target not found: /MICROSAR/Fee/FeeBlockConfiguration/FeePartition.
              [Warning] Definition target not found: /MICROSAR/Fee/FeeBlockConfiguration/FeeDeviceIndex.
              [Warning] Definition target not found: /MICROSAR/Fee/FeeBlockConfiguration.
              [Warning] Definition target not found: /MICROSAR/Fee/FeeBlockConfiguration/FeeBlockIdFixed.
              [Warning] Definition target not found: /MICROSAR/Fee/FeeBlockConfiguration/FeeBlockIsCritical.
              [Warning] Definition target not found: /MICROSAR/Fee/FeeBlockConfiguration/FeeImmediateData.
              [Warning] Definition target not found: /MICROSAR/Fee/FeeBlockConfiguration/FeeNumberOfChunkInstances.
              [Warning] Definition target not found: /MICROSAR/Fee/FeeBlockConfiguration/FeeBlockNumber.
              [Warning] Definition target not found: /MICROSAR/Fee/FeeBlockConfiguration/FeeBlockSize.
              [Warning] Definition target not found: /MICROSAR/Fee/FeeBlockConfiguration/FeeNumberOfWriteCycles.
              [Warning] Definition target not found: /MICROSAR/Fee/FeeBlockConfiguration/FeeNumberOfDatasets.
              [Warning] Definition target not found: /MICROSAR/Fee/FeeBlockConfiguration/FeeBlockId.
              [Warning] Definition target not found: /MICROSAR/Fee/FeeBlockConfiguration/FeePartition.
              [Warning] Definition target not found: /MICROSAR/Fee/FeeBlockConfiguration/FeeDeviceIndex.
              [Warning] Definition target not found: /MICROSAR/Fee/FeeBlockConfiguration.
              [Warning] Definition target not found: /MICROSAR/Fee/FeeBlockConfiguration/FeeBlockIdFixed.
              [Warning] Definition target not found: /MICROSAR/Fee/FeeBlockConfiguration/FeeBlockIsCritical.
              [Warning] Definition target not found: /MICROSAR/Fee/FeeBlockConfiguration/FeeImmediateData.
              [Warning] Definition target not found: /MICROSAR/Fee/FeeBlockConfiguration/FeeNumberOfChunkInstances.
              [Warning] Definition target not found: /MICROSAR/Fee/FeeBlockConfiguration/FeeBlockNumber.
              [Warning] Definition target not found: /MICROSAR/Fee/FeeBlockConfiguration/FeeBlockSize.
              [Warning] Definition target not found: /MICROSAR/Fee/FeeBlockConfiguration/FeeNumberOfWriteCycles.
              [Warning] Definition target not found: /MICROSAR/Fee/FeeBlockConfiguration/FeeNumberOfDatasets.
              [Warning] Definition target not found: /MICROSAR/Fee/FeeBlockConfiguration/FeeBlockId.
              [Warning] Definition target not found: /MICROSAR/Fee/FeeBlockConfiguration/FeePartition.
              [Warning] Definition target not found: /MICROSAR/Fee/FeeBlockConfiguration/FeeDeviceIndex.
              [Warning] Definition target not found: /MICROSAR/Fee/FeeBlockConfiguration.
              [Warning] Definition target not found: /MICROSAR/Fee/FeeBlockConfiguration/FeeBlockIdFixed.
              [Warning] Definition target not found: /MICROSAR/Fee/FeeBlockConfiguration/FeeBlockIsCritical.
              [Warning] Definition target not found: /MICROSAR/Fee/FeeBlockConfiguration/FeeImmediateData.
              [Warning] Definition target not found: /MICROSAR/Fee/FeeBlockConfiguration/FeeNumberOfChunkInstances.
              [Warning] Definition target not found: /MICROSAR/Fee/FeeBlockConfiguration/FeeBlockNumber.
              [Warning] Definition target not found: /MICROSAR/Fee/FeeBlockConfiguration/FeeBlockSize.
              [Warning] Definition target not found: /MICROSAR/Fee/FeeBlockConfiguration/FeeNumberOfWriteCycles.
              [Warning] Definition target not found: /MICROSAR/Fee/FeeBlockConfiguration/FeeNumberOfDatasets.
              [Warning] Definition target not found: /MICROSAR/Fee/FeeBlockConfiguration/FeeBlockId.
              [Warning] Definition target not found: /MICROSAR/Fee/FeeBlockConfiguration/FeePartition.
              [Warning] Definition target not found: /MICROSAR/Fee/FeeBlockConfiguration/FeeDeviceIndex.
              [Warning] Definition target not found: /MICROSAR/Fee/FeeBlockConfiguration.
              [Warning] Definition target not found: /MICROSAR/Fee/FeeBlockConfiguration/FeeBlockIdFixed.
              [Warning] Definition target not found: /MICROSAR/Fee/FeeBlockConfiguration/FeeBlockIsCritical.
              [Warning] Definition target not found: /MICROSAR/Fee/FeeBlockConfiguration/FeeImmediateData.
              [Warning] Definition target not found: /MICROSAR/Fee/FeeBlockConfiguration/FeeNumberOfChunkInstances.
              [Warning] Definition target not found: /MICROSAR/Fee/FeeBlockConfiguration/FeeBlockNumber.
              [Warning] Definition target not found: /MICROSAR/Fee/FeeBlockConfiguration/FeeBlockSize.
              [Warning] Definition target not found: /MICROSAR/Fee/FeeBlockConfiguration/FeeNumberOfWriteCycles.
              [Warning] Definition target not found: /MICROSAR/Fee/FeeBlockConfiguration/FeeNumberOfDatasets.
              [Warning] Definition target not found: /MICROSAR/Fee/FeeBlockConfiguration/FeeBlockId.
              [Warning] Definition target not found: /MICROSAR/Fee/FeeBlockConfiguration/FeePartition.
              [Warning] Definition target not found: /MICROSAR/Fee/FeeBlockConfiguration/FeeDeviceIndex.
              [Warning] Definition target not found: /MICROSAR/Fee/FeeBlockConfiguration.
              [Warning] Definition target not found: /MICROSAR/Fee/FeeBlockConfiguration/FeeBlockIdFixed.
              [Warning] Definition target not found: /MICROSAR/Fee/FeeBlockConfiguration/FeeBlockIsCritical.
              [Warning] Definition target not found: /MICROSAR/Fee/FeeBlockConfiguration/FeeImmediateData.
              [Warning] Definition target not found: /MICROSAR/Fee/FeeBlockConfiguration/FeeNumberOfChunkInstances.
              [Warning] Definition target not found: /MICROSAR/Fee/FeeBlockConfiguration/FeeBlockNumber.
              [Warning] Definition target not found: /MICROSAR/Fee/FeeBlockConfiguration/FeeBlockSize.
              [Warning] Definition target not found: /MICROSAR/Fee/FeeBlockConfiguration/FeeNumberOfWriteCycles.
              [Warning] Definition target not found: /MICROSAR/Fee/FeeBlockConfiguration/FeeNumberOfDatasets.
              [Warning] Definition target not found: /MICROSAR/Fee/FeeBlockConfiguration/FeeBlockId.
              [Warning] Definition target not found: /MICROSAR/Fee/FeeBlockConfiguration/FeePartition.
              [Warning] Definition target not found: /MICROSAR/Fee/FeeBlockConfiguration/FeeDeviceIndex.
              [Warning] Definition target not found: /MICROSAR/Fee/FeeBlockConfiguration.
              [Warning] Definition target not found: /MICROSAR/Fee/FeeBlockConfiguration/FeeBlockIdFixed.
              [Warning] Definition target not found: /MICROSAR/Fee/FeeBlockConfiguration/FeeBlockIsCritical.
              [Warning] Definition target not found: /MICROSAR/Fee/FeeBlockConfiguration/FeeImmediateData.
              [Warning] Definition target not found: /MICROSAR/Fee/FeeBlockConfiguration/FeeNumberOfChunkInstances.
              [Warning] Definition target not found: /MICROSAR/Fee/FeeBlockConfiguration/FeeBlockNumber.
              [Warning] Definition target not found: /MICROSAR/Fee/FeeBlockConfiguration/FeeBlockSize.
              [Warning] Definition target not found: /MICROSAR/Fee/FeeBlockConfiguration/FeeNumberOfWriteCycles.
              [Warning] Definition target not found: /MICROSAR/Fee/FeeBlockConfiguration/FeeNumberOfDatasets.
              [Warning] Definition target not found: /MICROSAR/Fee/FeeBlockConfiguration/FeeBlockId.
              [Warning] Definition target not found: /MICROSAR/Fee/FeeBlockConfiguration/FeePartition.
              [Warning] Definition target not found: /MICROSAR/Fee/FeeBlockConfiguration/FeeDeviceIndex.
              [Warning] Definition target not found: /MICROSAR/Fee/FeeBlockConfiguration.
              [Warning] Definition target not found: /MICROSAR/Fee/FeeBlockConfiguration/FeeBlockIdFixed.
              [Warning] Definition target not found: /MICROSAR/Fee/FeeBlockConfiguration/FeeBlockIsCritical.
              [Warning] Definition target not found: /MICROSAR/Fee/FeeBlockConfiguration/FeeImmediateData.
              [Warning] Definition target not found: /MICROSAR/Fee/FeeBlockConfiguration/FeeNumberOfChunkInstances.
              [Warning] Definition target not found: /MICROSAR/Fee/FeeBlockConfiguration/FeeBlockNumber.
              [Warning] Definition target not found: /MICROSAR/Fee/FeeBlockConfiguration/FeeBlockSize.
              [Warning] Definition target not found: /MICROSAR/Fee/FeeBlockConfiguration/FeeNumberOfWriteCycles.
              [Warning] Definition target not found: /MICROSAR/Fee/FeeBlockConfiguration/FeeNumberOfDatasets.
              [Warning] Definition target not found: /MICROSAR/Fee/FeeBlockConfiguration/FeeBlockId.
              [Warning] Definition target not found: /MICROSAR/Fee/FeeBlockConfiguration/FeePartition.
              [Warning] Definition target not found: /MICROSAR/Fee/FeeBlockConfiguration/FeeDeviceIndex.
              [Warning] Definition target not found: /MICROSAR/Fee/FeeBlockConfiguration.
              [Warning] Definition target not found: /MICROSAR/Fee/FeeBlockConfiguration/FeeBlockIdFixed.
              [Warning] Definition target not found: /MICROSAR/Fee/FeeBlockConfiguration/FeeBlockIsCritical.
              [Warning] Definition target not found: /MICROSAR/Fee/FeeBlockConfiguration/FeeImmediateData.
              [Warning] Definition target not found: /MICROSAR/Fee/FeeBlockConfiguration/FeeNumberOfChunkInstances.
              [Warning] Definition target not found: /MICROSAR/Fee/FeeBlockConfiguration/FeeBlockNumber.
              [Warning] Definition target not found: /MICROSAR/Fee/FeeBlockConfiguration/FeeBlockSize.
              [Warning] Definition target not found: /MICROSAR/Fee/FeeBlockConfiguration/FeeNumberOfWriteCycles.
              [Warning] Definition target not found: /MICROSAR/Fee/FeeBlockConfiguration/FeeNumberOfDatasets.
              [Warning] Definition target not found: /MICROSAR/Fee/FeeBlockConfiguration/FeeBlockId.
              [Warning] Definition target not found: /MICROSAR/Fee/FeeBlockConfiguration/FeePartition.
              [Warning] Definition target not found: /MICROSAR/Fee/FeeBlockConfiguration/FeeDeviceIndex.
              [Warning] Definition target not found: /MICROSAR/Fee/FeeBlockConfiguration.
              [Warning] Definition target not found: /MICROSAR/Fee/FeeBlockConfiguration/FeeBlockIdFixed.
              [Warning] Definition target not found: /MICROSAR/Fee/FeeBlockConfiguration/FeeBlockIsCritical.
              [Warning] Definition target not found: /MICROSAR/Fee/FeeBlockConfiguration/FeeImmediateData.
              [Warning] Definition target not found: /MICROSAR/Fee/FeeBlockConfiguration/FeeNumberOfChunkInstances.
              [Warning] Definition target not found: /MICROSAR/Fee/FeeBlockConfiguration/FeeBlockNumber.
              [Warning] Definition target not found: /MICROSAR/Fee/FeeBlockConfiguration/FeeBlockSize.
              [Warning] Definition target not found: /MICROSAR/Fee/FeeBlockConfiguration/FeeNumberOfWriteCycles.
              [Warning] Definition target not found: /MICROSAR/Fee/FeeBlockConfiguration/FeeNumberOfDatasets.
              [Warning] Definition target not found: /MICROSAR/Fee/FeeBlockConfiguration/FeeBlockId.
              [Warning] Definition target not found: /MICROSAR/Fee/FeeBlockConfiguration/FeePartition.
              [Warning] Definition target not found: /MICROSAR/Fee/FeeBlockConfiguration/FeeDeviceIndex.
              [Warning] Definition target not found: /MICROSAR/Fee/FeeBlockConfiguration.
              [Warning] Definition target not found: /MICROSAR/Fee/FeeBlockConfiguration/FeeBlockIdFixed.
              [Warning] Definition target not found: /MICROSAR/Fee/FeeBlockConfiguration/FeeBlockIsCritical.
              [Warning] Definition target not found: /MICROSAR/Fee/FeeBlockConfiguration/FeeImmediateData.
              [Warning] Definition target not found: /MICROSAR/Fee/FeeBlockConfiguration/FeeNumberOfChunkInstances.
              [Warning] Definition target not found: /MICROSAR/Fee/FeeBlockConfiguration/FeeBlockNumber.
              [Warning] Definition target not found: /MICROSAR/Fee/FeeBlockConfiguration/FeeBlockSize.
              [Warning] Definition target not found: /MICROSAR/Fee/FeeBlockConfiguration/FeeNumberOfWriteCycles.
              [Warning] Definition target not found: /MICROSAR/Fee/FeeBlockConfiguration/FeeNumberOfDatasets.
              [Warning] Definition target not found: /MICROSAR/Fee/FeeBlockConfiguration/FeeBlockId.
              [Warning] Definition target not found: /MICROSAR/Fee/FeeBlockConfiguration/FeePartition.
              [Warning] Definition target not found: /MICROSAR/Fee/FeeBlockConfiguration/FeeDeviceIndex.
              [Warning] Definition target not found: /MICROSAR/Fee/FeeBlockConfiguration.
              [Warning] Definition target not found: /MICROSAR/Fee/FeeBlockConfiguration/FeeBlockIdFixed.
              [Warning] Definition target not found: /MICROSAR/Fee/FeeBlockConfiguration/FeeBlockIsCritical.
              [Warning] Definition target not found: /MICROSAR/Fee/FeeBlockConfiguration/FeeImmediateData.
              [Warning] Definition target not found: /MICROSAR/Fee/FeeBlockConfiguration/FeeNumberOfChunkInstances.
              [Warning] Definition target not found: /MICROSAR/Fee/FeeBlockConfiguration/FeeBlockNumber.
              [Warning] Definition target not found: /MICROSAR/Fee/FeeBlockConfiguration/FeeBlockSize.
              [Warning] Definition target not found: /MICROSAR/Fee/FeeBlockConfiguration/FeeNumberOfWriteCycles.
              [Warning] Definition target not found: /MICROSAR/Fee/FeeBlockConfiguration/FeeNumberOfDatasets.
              [Warning] Definition target not found: /MICROSAR/Fee/FeeBlockConfiguration/FeeBlockId.
              [Warning] Definition target not found: /MICROSAR/Fee/FeeBlockConfiguration/FeePartition.
              [Warning] Definition target not found: /MICROSAR/Fee/FeeBlockConfiguration/FeeDeviceIndex.
              [Warning] Definition target not found: /MICROSAR/Fee/FeeBlockConfiguration.
              [Warning] Definition target not found: /MICROSAR/Fee/FeeBlockConfiguration/FeeBlockIdFixed.
              [Warning] Definition target not found: /MICROSAR/Fee/FeeBlockConfiguration/FeeBlockIsCritical.
              [Warning] Definition target not found: /MICROSAR/Fee/FeeBlockConfiguration/FeeImmediateData.
              [Warning] Definition target not found: /MICROSAR/Fee/FeeBlockConfiguration/FeeNumberOfChunkInstances.
              [Warning] Definition target not found: /MICROSAR/Fee/FeeBlockConfiguration/FeeBlockNumber.
              [Warning] Definition target not found: /MICROSAR/Fee/FeeBlockConfiguration/FeeBlockSize.
              [Warning] Definition target not found: /MICROSAR/Fee/FeeBlockConfiguration/FeeNumberOfWriteCycles.
              [Warning] Definition target not found: /MICROSAR/Fee/FeeBlockConfiguration/FeeNumberOfDatasets.
              [Warning] Definition target not found: /MICROSAR/Fee/FeeBlockConfiguration/FeeBlockId.
              [Warning] Definition target not found: /MICROSAR/Fee/FeeBlockConfiguration/FeePartition.
              [Warning] Definition target not found: /MICROSAR/Fee/FeeBlockConfiguration/FeeDeviceIndex.
              [Warning] Definition target not found: /MICROSAR/Fee/FeeBlockConfiguration.
              [Warning] Definition target not found: /MICROSAR/Fee/FeeBlockConfiguration/FeeBlockIdFixed.
              [Warning] Definition target not found: /MICROSAR/Fee/FeeBlockConfiguration/FeeBlockIsCritical.
              [Warning] Definition target not found: /MICROSAR/Fee/FeeBlockConfiguration/FeeImmediateData.
              [Warning] Definition target not found: /MICROSAR/Fee/FeeBlockConfiguration/FeeNumberOfChunkInstances.
              [Warning] Definition target not found: /MICROSAR/Fee/FeeBlockConfiguration/FeeBlockNumber.
              [Warning] Definition target not found: /MICROSAR/Fee/FeeBlockConfiguration/FeeBlockSize.
              [Warning] Definition target not found: /MICROSAR/Fee/FeeBlockConfiguration/FeeNumberOfWriteCycles.
              [Warning] Definition target not found: /MICROSAR/Fee/FeeBlockConfiguration/FeeNumberOfDatasets.
              [Warning] Definition target not found: /MICROSAR/Fee/FeeBlockConfiguration/FeeBlockId.
              [Warning] Definition target not found: /MICROSAR/Fee/FeeBlockConfiguration/FeePartition.
              [Warning] Definition target not found: /MICROSAR/Fee/FeeBlockConfiguration/FeeDeviceIndex.
              [Warning] Definition target not found: /MICROSAR/Fee/FeeBlockConfiguration.
              [Warning] Definition target not found: /MICROSAR/Fee/FeeBlockConfiguration/FeeBlockIdFixed.
              [Warning] Definition target not found: /MICROSAR/Fee/FeeBlockConfiguration/FeeBlockIsCritical.
              [Warning] Definition target not found: /MICROSAR/Fee/FeeBlockConfiguration/FeeImmediateData.
              [Warning] Definition target not found: /MICROSAR/Fee/FeeBlockConfiguration/FeeNumberOfChunkInstances.
              [Warning] Definition target not found: /MICROSAR/Fee/FeeBlockConfiguration/FeeBlockNumber.
              [Warning] Definition target not found: /MICROSAR/Fee/FeeBlockConfiguration/FeeBlockSize.
              [Warning] Definition target not found: /MICROSAR/Fee/FeeBlockConfiguration/FeeNumberOfWriteCycles.
              [Warning] Definition target not found: /MICROSAR/Fee/FeeBlockConfiguration/FeeNumberOfDatasets.
              [Warning] Definition target not found: /MICROSAR/Fee/FeeBlockConfiguration/FeeBlockId.
              [Warning] Definition target not found: /MICROSAR/Fee/FeeBlockConfiguration/FeePartition.
              [Warning] Definition target not found: /MICROSAR/Fee/FeeBlockConfiguration/FeeDeviceIndex.
              [Warning] Definition target not found: /MICROSAR/Fee/FeeBlockConfiguration.
              [Warning] Definition target not found: /MICROSAR/Fee/FeeBlockConfiguration/FeeBlockIdFixed.
              [Warning] Definition target not found: /MICROSAR/Fee/FeeBlockConfiguration/FeeBlockIsCritical.
              [Warning] Definition target not found: /MICROSAR/Fee/FeeBlockConfiguration/FeeImmediateData.
              [Warning] Definition target not found: /MICROSAR/Fee/FeeBlockConfiguration/FeeNumberOfChunkInstances.
              [Warning] Definition target not found: /MICROSAR/Fee/FeeBlockConfiguration/FeeBlockNumber.
              [Warning] Definition target not found: /MICROSAR/Fee/FeeBlockConfiguration/FeeBlockSize.
              [Warning] Definition target not found: /MICROSAR/Fee/FeeBlockConfiguration/FeeNumberOfWriteCycles.
              [Warning] Definition target not found: /MICROSAR/Fee/FeeBlockConfiguration/FeeNumberOfDatasets.
              [Warning] Definition target not found: /MICROSAR/Fee/FeeBlockConfiguration/FeeBlockId.
              [Warning] Definition target not found: /MICROSAR/Fee/FeeBlockConfiguration/FeePartition.
              [Warning] Definition target not found: /MICROSAR/Fee/FeeBlockConfiguration/FeeDeviceIndex.
              [Warning] Definition target not found: /MICROSAR/Fee/FeeBlockConfiguration.
              [Warning] Definition target not found: /MICROSAR/Fee/FeeBlockConfiguration/FeeBlockIdFixed.
              [Warning] Definition target not found: /MICROSAR/Fee/FeeBlockConfiguration/FeeBlockIsCritical.
              [Warning] Definition target not found: /MICROSAR/Fee/FeeBlockConfiguration/FeeImmediateData.
              [Warning] Definition target not found: /MICROSAR/Fee/FeeBlockConfiguration/FeeNumberOfChunkInstances.
              [Warning] Definition target not found: /MICROSAR/Fee/FeeBlockConfiguration/FeeBlockNumber.
              [Warning] Definition target not found: /MICROSAR/Fee/FeeBlockConfiguration/FeeBlockSize.
              [Warning] Definition target not found: /MICROSAR/Fee/FeeBlockConfiguration/FeeNumberOfWriteCycles.
              [Warning] Definition target not found: /MICROSAR/Fee/FeeBlockConfiguration/FeeNumberOfDatasets.
              [Warning] Definition target not found: /MICROSAR/Fee/FeeBlockConfiguration/FeeBlockId.
              [Warning] Definition target not found: /MICROSAR/Fee/FeeBlockConfiguration/FeePartition.
              [Warning] Definition target not found: /MICROSAR/Fee/FeeBlockConfiguration/FeeDeviceIndex.
              [Warning] Definition target not found: /MICROSAR/Fee/FeeBlockConfiguration.
              [Warning] Definition target not found: /MICROSAR/Fee/FeeBlockConfiguration/FeeBlockIdFixed.
              [Warning] Definition target not found: /MICROSAR/Fee/FeeBlockConfiguration/FeeBlockIsCritical.
              [Warning] Definition target not found: /MICROSAR/Fee/FeeBlockConfiguration/FeeImmediateData.
              [Warning] Definition target not found: /MICROSAR/Fee/FeeBlockConfiguration/FeeNumberOfChunkInstances.
              [Warning] Definition target not found: /MICROSAR/Fee/FeeBlockConfiguration/FeeBlockNumber.
              [Warning] Definition target not found: /MICROSAR/Fee/FeeBlockConfiguration/FeeBlockSize.
              [Warning] Definition target not found: /MICROSAR/Fee/FeeBlockConfiguration/FeeNumberOfWriteCycles.
              [Warning] Definition target not found: /MICROSAR/Fee/FeeBlockConfiguration/FeeNumberOfDatasets.
              [Warning] Definition target not found: /MICROSAR/Fee/FeeBlockConfiguration/FeeBlockId.
              [Warning] Definition target not found: /MICROSAR/Fee/FeeBlockConfiguration/FeePartition.
              [Warning] Definition target not found: /MICROSAR/Fee/FeeBlockConfiguration/FeeDeviceIndex.
              [Warning] Definition target not found: /MICROSAR/Fee/FeeBlockConfiguration.
              [Warning] Definition target not found: /MICROSAR/Fee/FeeBlockConfiguration/FeeBlockIdFixed.
              [Warning] Definition target not found: /MICROSAR/Fee/FeeBlockConfiguration/FeeBlockIsCritical.
              [Warning] Definition target not found: /MICROSAR/Fee/FeeBlockConfiguration/FeeImmediateData.
              [Warning] Definition target not found: /MICROSAR/Fee/FeeBlockConfiguration/FeeNumberOfChunkInstances.
              [Warning] Definition target not found: /MICROSAR/Fee/FeeBlockConfiguration/FeeBlockNumber.
              [Warning] Definition target not found: /MICROSAR/Fee/FeeBlockConfiguration/FeeBlockSize.
              [Warning] Definition target not found: /MICROSAR/Fee/FeeBlockConfiguration/FeeNumberOfWriteCycles.
              [Warning] Definition target not found: /MICROSAR/Fee/FeeBlockConfiguration/FeeNumberOfDatasets.
              [Warning] Definition target not found: /MICROSAR/Fee/FeeBlockConfiguration/FeeBlockId.
              [Warning] Definition target not found: /MICROSAR/Fee/FeeBlockConfiguration/FeePartition.
              [Warning] Definition target not found: /MICROSAR/Fee/FeeBlockConfiguration/FeeDeviceIndex.
              [Warning] Definition target not found: /MICROSAR/Fee/FeeBlockConfiguration.
              [Warning] Definition target not found: /MICROSAR/Fee/FeeBlockConfiguration/FeeBlockIdFixed.
              [Warning] Definition target not found: /MICROSAR/Fee/FeeBlockConfiguration/FeeBlockIsCritical.
              [Warning] Definition target not found: /MICROSAR/Fee/FeeBlockConfiguration/FeeImmediateData.
              [Warning] Definition target not found: /MICROSAR/Fee/FeeBlockConfiguration/FeeNumberOfChunkInstances.
              [Warning] Definition target not found: /MICROSAR/Fee/FeeBlockConfiguration/FeeBlockNumber.
              [Warning] Definition target not found: /MICROSAR/Fee/FeeBlockConfiguration/FeeBlockSize.
              [Warning] Definition target not found: /MICROSAR/Fee/FeeBlockConfiguration/FeeNumberOfWriteCycles.
              [Warning] Definition target not found: /MICROSAR/Fee/FeeBlockConfiguration/FeeNumberOfDatasets.
              [Warning] Definition target not found: /MICROSAR/Fee/FeeBlockConfiguration/FeeBlockId.
              [Warning] Definition target not found: /MICROSAR/Fee/FeeBlockConfiguration/FeePartition.
              [Warning] Definition target not found: /MICROSAR/Fee/FeeBlockConfiguration/FeeDeviceIndex.
              [Warning] Definition target not found: /MICROSAR/NvM/NvMCommonVendorParams/NvMDevErrorChecks.
              [Warning] Definition target not found: /MICROSAR/NvM/NvMCommonVendorParams/NvMDevErrorChecks/NvMCfgIncludeDet.
              [Warning] Definition target not found: /MICROSAR/NvM/NvMCommonVendorParams/NvMDevErrorChecks/NvMErrorhook.
              [Warning] Definition target not found: /MICROSAR/NvM/NvMCommonVendorParams/NvMDevErrorChecks/NvMDebugReporting.
              [Warning] Definition target not found: /MICROSAR/NvM/NvMCommonVendorParams/NvMCfgIncludeDem.
              [Warning] Definition target not found: /MICROSAR/NvM/NvMCommonVendorParams/NvMSeterror.
 09:54:01 - Action 'SLP conformance check' successfully finished with warnings.
                 [Warning] Definition target not found: /MICROSAR/Fee
                 [Warning] Definition target not found: /MICROSAR/Fee/FeeBlockConfiguration
                 [Warning] Definition target not found: /MICROSAR/Fee/FeeBlockConfiguration/FeeBlockIdFixed
                 [Warning] Definition target not found: /MICROSAR/Fee/FeeBlockConfiguration/FeeBlockIsCritical
                 [Warning] Definition target not found: /MICROSAR/Fee/FeeBlockConfiguration/FeeImmediateData
                 [Warning] Definition target not found: /MICROSAR/Fee/FeeBlockConfiguration/FeeNumberOfChunkInstances
                 [Warning] Definition target not found: /MICROSAR/Fee/FeeBlockConfiguration/FeeBlockNumber
                 [Warning] Definition target not found: /MICROSAR/Fee/FeeBlockConfiguration/FeeBlockSize
                 [Warning] Definition target not found: /MICROSAR/Fee/FeeBlockConfiguration/FeeNumberOfWriteCycles
                 [Warning] Definition target not found: /MICROSAR/Fee/FeeBlockConfiguration/FeeNumberOfDatasets
                 [Warning] Definition target not found: /MICROSAR/Fee/FeeBlockConfiguration/FeeBlockId
                 [Warning] Definition target not found: /MICROSAR/Fee/FeeBlockConfiguration/FeePartition
                 [Warning] Definition target not found: /MICROSAR/Fee/FeeBlockConfiguration/FeeDeviceIndex
                 [Warning] Definition target not found: /MICROSAR/Fee/FeeBlockConfiguration
                 [Warning] Definition target not found: /MICROSAR/Fee/FeeBlockConfiguration/FeeBlockIdFixed
                 [Warning] Definition target not found: /MICROSAR/Fee/FeeBlockConfiguration/FeeBlockIsCritical
                 [Warning] Definition target not found: /MICROSAR/Fee/FeeBlockConfiguration/FeeImmediateData
                 [Warning] Definition target not found: /MICROSAR/Fee/FeeBlockConfiguration/FeeNumberOfChunkInstances
                 [Warning] Definition target not found: /MICROSAR/Fee/FeeBlockConfiguration/FeeBlockNumber
                 [Warning] Definition target not found: /MICROSAR/Fee/FeeBlockConfiguration/FeeBlockSize
                 [Warning] Definition target not found: /MICROSAR/Fee/FeeBlockConfiguration/FeeNumberOfWriteCycles
                 [Warning] Definition target not found: /MICROSAR/Fee/FeeBlockConfiguration/FeeNumberOfDatasets
                 [Warning] Definition target not found: /MICROSAR/Fee/FeeBlockConfiguration/FeeBlockId
                 [Warning] Definition target not found: /MICROSAR/Fee/FeeBlockConfiguration/FeePartition
                 [Warning] Definition target not found: /MICROSAR/Fee/FeeBlockConfiguration/FeeDeviceIndex
                 [Warning] Definition target not found: /MICROSAR/Fee/FeeGeneral
                 [Warning] Definition target not found: /MICROSAR/Fee/FeeGeneral/FeeDevErrorChecks
                 [Warning] Definition target not found: /MICROSAR/Fee/FeeGeneral/FeeDevErrorChecks/FeeDebugReporting
                 [Warning] Definition target not found: /MICROSAR/Fee/FeeGeneral/FeeDevErrorChecks/FeeDetErrorhook
                 [Warning] Definition target not found: /MICROSAR/Fee/FeeGeneral/FeeDevErrorChecks/FeeDetIncludeFile
                 [Warning] Definition target not found: /MICROSAR/Fee/FeeGeneral/FeeFlsApi
                 [Warning] Definition target not found: /MICROSAR/Fee/FeeGeneral/FeeFlsApi/FeeFlsIncludeFile
                 [Warning] Definition target not found: /MICROSAR/Fee/FeeGeneral/FeeFlsApi/FeeFlsSetMode
                 [Warning] Definition target not found: /MICROSAR/Fee/FeeGeneral/FeeFlsApi/FeeFlsRead
                 [Warning] Definition target not found: /MICROSAR/Fee/FeeGeneral/FeeFlsApi/FeeFlsWrite
                 [Warning] Definition target not found: /MICROSAR/Fee/FeeGeneral/FeeFlsApi/FeeFlsCancel
                 [Warning] Definition target not found: /MICROSAR/Fee/FeeGeneral/FeeFlsApi/FeeFlsGetStatus
                 [Warning] Definition target not found: /MICROSAR/Fee/FeeGeneral/FeeFlsApi/FeeFlsGetJobResult
                 [Warning] Definition target not found: /MICROSAR/Fee/FeeGeneral/FeeFlsApi/FeeFlsErase
                 [Warning] Definition target not found: /MICROSAR/Fee/FeeGeneral/FeeFlsApi/FeeFlsCompare
                 [Warning] Definition target not found: /MICROSAR/Fee/FeeGeneral/FeeFlsApi/FeeFlsDeviceIndex
                 [Warning] Definition target not found: /MICROSAR/Fee/FeeGeneral/FeeDevErrorDetect
                 [Warning] Definition target not found: /MICROSAR/Fee/FeeGeneral/FeeVersionInfoApi
                 [Warning] Definition target not found: /MICROSAR/Fee/FeeGeneral/FeePollingMode
                 [Warning] Definition target not found: /MICROSAR/Fee/FeeGeneral/FeeSetModeSupported
                 [Warning] Definition target not found: /MICROSAR/Fee/FeeGeneral/FeeIndex
                 [Warning] Definition target not found: /MICROSAR/Fee/FeeGeneral/FeeNvmJobEndNotification
                 [Warning] Definition target not found: /MICROSAR/Fee/FeeGeneral/FeeNvmJobErrorNotification
                 [Warning] Definition target not found: /MICROSAR/Fee/FeeGeneral/FeeInternalBufferSize
                 [Warning] Definition target not found: /MICROSAR/Fee/FeeGeneral/FeeMainFunctionPeriod
                 [Warning] Definition target not found: /MICROSAR/Fee/FeeGeneral/FeeNvmCbkIncludeFile
                 [Warning] Definition target not found: /MICROSAR/Fee/FeeGeneral/FeeMainFunctionTriggering
                 [Warning] Definition target not found: /MICROSAR/Fee/FeePartitionConfiguration
                 [Warning] Definition target not found: /MICROSAR/Fee/FeePartitionConfiguration/FeeBssThresholdReserved
                 [Warning] Definition target not found: /MICROSAR/Fee/FeePartitionConfiguration/FeeFssThresholdReserved
                 [Warning] Definition target not found: /MICROSAR/Fee/FeePartitionConfiguration/FeeLowerSectorAddress
                 [Warning] Definition target not found: /MICROSAR/Fee/FeePartitionConfiguration/FeeAddressAlignment
                 [Warning] Definition target not found: /MICROSAR/Fee/FeePartitionConfiguration/FeeWriteAlignment
                 [Warning] Definition target not found: /MICROSAR/Fee/FeePartitionConfiguration/FeeUpperSectorSize
                 [Warning] Definition target not found: /MICROSAR/Fee/FeePartitionConfiguration/FeeUpperSectorAddress
                 [Warning] Definition target not found: /MICROSAR/Fee/FeePartitionConfiguration/FeeLowerSectorSize
                 [Warning] Definition target not found: /MICROSAR/Fee/FeePartitionConfiguration/FeePartitionDevice
                 [Warning] Definition target not found: /MICROSAR/Fee/FeePartitionConfiguration
                 [Warning] Definition target not found: /MICROSAR/Fee/FeePartitionConfiguration/FeeBssThresholdReserved
                 [Warning] Definition target not found: /MICROSAR/Fee/FeePartitionConfiguration/FeeFssThresholdReserved
                 [Warning] Definition target not found: /MICROSAR/Fee/FeePartitionConfiguration/FeeLowerSectorAddress
                 [Warning] Definition target not found: /MICROSAR/Fee/FeePartitionConfiguration/FeeAddressAlignment
                 [Warning] Definition target not found: /MICROSAR/Fee/FeePartitionConfiguration/FeeWriteAlignment
                 [Warning] Definition target not found: /MICROSAR/Fee/FeePartitionConfiguration/FeeUpperSectorSize
                 [Warning] Definition target not found: /MICROSAR/Fee/FeePartitionConfiguration/FeeUpperSectorAddress
                 [Warning] Definition target not found: /MICROSAR/Fee/FeePartitionConfiguration/FeeLowerSectorSize
                 [Warning] Definition target not found: /MICROSAR/Fee/FeePartitionConfiguration/FeePartitionDevice
                 [Warning] Definition target not found: /MICROSAR/Fee/FeePartitionConfiguration
                 [Warning] Definition target not found: /MICROSAR/Fee/FeePartitionConfiguration/FeeBssThresholdReserved
                 [Warning] Definition target not found: /MICROSAR/Fee/FeePartitionConfiguration/FeeFssThresholdReserved
                 [Warning] Definition target not found: /MICROSAR/Fee/FeePartitionConfiguration/FeeLowerSectorAddress
                 [Warning] Definition target not found: /MICROSAR/Fee/FeePartitionConfiguration/FeeAddressAlignment
                 [Warning] Definition target not found: /MICROSAR/Fee/FeePartitionConfiguration/FeeWriteAlignment
                 [Warning] Definition target not found: /MICROSAR/Fee/FeePartitionConfiguration/FeeUpperSectorSize
                 [Warning] Definition target not found: /MICROSAR/Fee/FeePartitionConfiguration/FeeUpperSectorAddress
                 [Warning] Definition target not found: /MICROSAR/Fee/FeePartitionConfiguration/FeeLowerSectorSize
                 [Warning] Definition target not found: /MICROSAR/Fee/FeePartitionConfiguration/FeePartitionDevice
                 [Warning] Definition target not found: /MICROSAR/Fee/FeePartitionConfiguration
                 [Warning] Definition target not found: /MICROSAR/Fee/FeePartitionConfiguration/FeeBssThresholdReserved
                 [Warning] Definition target not found: /MICROSAR/Fee/FeePartitionConfiguration/FeeFssThresholdReserved
                 [Warning] Definition target not found: /MICROSAR/Fee/FeePartitionConfiguration/FeeLowerSectorAddress
                 [Warning] Definition target not found: /MICROSAR/Fee/FeePartitionConfiguration/FeeAddressAlignment
                 [Warning] Definition target not found: /MICROSAR/Fee/FeePartitionConfiguration/FeeWriteAlignment
                 [Warning] Definition target not found: /MICROSAR/Fee/FeePartitionConfiguration/FeeUpperSectorSize
                 [Warning] Definition target not found: /MICROSAR/Fee/FeePartitionConfiguration/FeeUpperSectorAddress
                 [Warning] Definition target not found: /MICROSAR/Fee/FeePartitionConfiguration/FeeLowerSectorSize
                 [Warning] Definition target not found: /MICROSAR/Fee/FeePartitionConfiguration/FeePartitionDevice
                 [Warning] Definition target not found: /MICROSAR/Fee/FeePublishedInformation
                 [Warning] Definition target not found: /MICROSAR/Fee/FeePublishedInformation/FeeBlockOverhead
                 [Warning] Definition target not found: /MICROSAR/Fee/FeePublishedInformation/FeeMaximumBlockingTime
                 [Warning] Definition target not found: /MICROSAR/Fee/FeePublishedInformation/FeePageOverhead
                 [Warning] Definition target not found: /MICROSAR/Fee/FeePublishedInformation/FeeChunkHeader
                 [Warning] Definition target not found: /MICROSAR/Fee/FeePublishedInformation/FeeChunkLink
                 [Warning] Definition target not found: /MICROSAR/Fee/FeePublishedInformation/FeeSectorHeader
                 [Warning] Definition target not found: /MICROSAR/Fee/FeeSpecificFeatures
                 [Warning] Definition target not found: /MICROSAR/Fee/FeeSpecificFeatures/FeeApplErrorCallbackFunction
                 [Warning] Definition target not found: /MICROSAR/Fee/FeeSpecificFeatures/FeeApplErrorCallbackIncludeFile
                 [Warning] Definition target not found: /MICROSAR/Fee/FeeSpecificFeatures/FeeGetEraseCycleApi
                 [Warning] Definition target not found: /MICROSAR/Fee/FeeSpecificFeatures/FeeGetWriteCycleApi
                 [Warning] Definition target not found: /MICROSAR/Fee/FeeSpecificFeatures/FeeUseApplErrorCallback
                 [Warning] Definition target not found: /MICROSAR/Fee/FeeSpecificFeatures/FeeUseJobCache
                 [Warning] Definition target not found: /MICROSAR/Fee/FeeSpecificFeatures/FeeForceSectorSwitchApi
                 [Warning] Definition target not found: /MICROSAR/Fee/FeeSpecificFeatures/FeeDataConversionApi
                 [Warning] Definition target not found: /MICROSAR/Fee/FeeSpecificFeatures/FeeFblConfig
                 [Warning] Definition target not found: /MICROSAR/Fee/FeeSpecificFeatures/FeeMaxLinkTableSize
                 [Warning] Definition target not found: /MICROSAR/Fee/FeeSpecificFeatures/FeeFssControlApi
                 [Warning] Definition target not found: /MICROSAR/Fee/FeeBlockConfiguration
                 [Warning] Definition target not found: /MICROSAR/Fee/FeeBlockConfiguration/FeeBlockIdFixed
                 [Warning] Definition target not found: /MICROSAR/Fee/FeeBlockConfiguration/FeeBlockIsCritical
                 [Warning] Definition target not found: /MICROSAR/Fee/FeeBlockConfiguration/FeeImmediateData
                 [Warning] Definition target not found: /MICROSAR/Fee/FeeBlockConfiguration/FeeNumberOfChunkInstances
                 [Warning] Definition target not found: /MICROSAR/Fee/FeeBlockConfiguration/FeeBlockNumber
                 [Warning] Definition target not found: /MICROSAR/Fee/FeeBlockConfiguration/FeeBlockSize
                 [Warning] Definition target not found: /MICROSAR/Fee/FeeBlockConfiguration/FeeNumberOfWriteCycles
                 [Warning] Definition target not found: /MICROSAR/Fee/FeeBlockConfiguration/FeeNumberOfDatasets
                 [Warning] Definition target not found: /MICROSAR/Fee/FeeBlockConfiguration/FeeBlockId
                 [Warning] Definition target not found: /MICROSAR/Fee/FeeBlockConfiguration/FeePartition
                 [Warning] Definition target not found: /MICROSAR/Fee/FeeBlockConfiguration/FeeDeviceIndex
                 [Warning] Definition target not found: /MICROSAR/Fee/FeeBlockConfiguration
                 [Warning] Definition target not found: /MICROSAR/Fee/FeeBlockConfiguration/FeeBlockIdFixed
                 [Warning] Definition target not found: /MICROSAR/Fee/FeeBlockConfiguration/FeeBlockIsCritical
                 [Warning] Definition target not found: /MICROSAR/Fee/FeeBlockConfiguration/FeeImmediateData
                 [Warning] Definition target not found: /MICROSAR/Fee/FeeBlockConfiguration/FeeNumberOfChunkInstances
                 [Warning] Definition target not found: /MICROSAR/Fee/FeeBlockConfiguration/FeeBlockNumber
                 [Warning] Definition target not found: /MICROSAR/Fee/FeeBlockConfiguration/FeeBlockSize
                 [Warning] Definition target not found: /MICROSAR/Fee/FeeBlockConfiguration/FeeNumberOfWriteCycles
                 [Warning] Definition target not found: /MICROSAR/Fee/FeeBlockConfiguration/FeeNumberOfDatasets
                 [Warning] Definition target not found: /MICROSAR/Fee/FeeBlockConfiguration/FeeBlockId
                 [Warning] Definition target not found: /MICROSAR/Fee/FeeBlockConfiguration/FeePartition
                 [Warning] Definition target not found: /MICROSAR/Fee/FeeBlockConfiguration/FeeDeviceIndex
                 [Warning] Definition target not found: /MICROSAR/Fee/FeeBlockConfiguration
                 [Warning] Definition target not found: /MICROSAR/Fee/FeeBlockConfiguration/FeeBlockIdFixed
                 [Warning] Definition target not found: /MICROSAR/Fee/FeeBlockConfiguration/FeeBlockIsCritical
                 [Warning] Definition target not found: /MICROSAR/Fee/FeeBlockConfiguration/FeeImmediateData
                 [Warning] Definition target not found: /MICROSAR/Fee/FeeBlockConfiguration/FeeNumberOfChunkInstances
                 [Warning] Definition target not found: /MICROSAR/Fee/FeeBlockConfiguration/FeeBlockNumber
                 [Warning] Definition target not found: /MICROSAR/Fee/FeeBlockConfiguration/FeeBlockSize
                 [Warning] Definition target not found: /MICROSAR/Fee/FeeBlockConfiguration/FeeNumberOfWriteCycles
                 [Warning] Definition target not found: /MICROSAR/Fee/FeeBlockConfiguration/FeeNumberOfDatasets
                 [Warning] Definition target not found: /MICROSAR/Fee/FeeBlockConfiguration/FeeBlockId
                 [Warning] Definition target not found: /MICROSAR/Fee/FeeBlockConfiguration/FeePartition
                 [Warning] Definition target not found: /MICROSAR/Fee/FeeBlockConfiguration/FeeDeviceIndex
                 [Warning] Definition target not found: /MICROSAR/Fee/FeeBlockConfiguration
                 [Warning] Definition target not found: /MICROSAR/Fee/FeeBlockConfiguration/FeeBlockIdFixed
                 [Warning] Definition target not found: /MICROSAR/Fee/FeeBlockConfiguration/FeeBlockIsCritical
                 [Warning] Definition target not found: /MICROSAR/Fee/FeeBlockConfiguration/FeeImmediateData
                 [Warning] Definition target not found: /MICROSAR/Fee/FeeBlockConfiguration/FeeNumberOfChunkInstances
                 [Warning] Definition target not found: /MICROSAR/Fee/FeeBlockConfiguration/FeeBlockNumber
                 [Warning] Definition target not found: /MICROSAR/Fee/FeeBlockConfiguration/FeeBlockSize
                 [Warning] Definition target not found: /MICROSAR/Fee/FeeBlockConfiguration/FeeNumberOfWriteCycles
                 [Warning] Definition target not found: /MICROSAR/Fee/FeeBlockConfiguration/FeeNumberOfDatasets
                 [Warning] Definition target not found: /MICROSAR/Fee/FeeBlockConfiguration/FeeBlockId
                 [Warning] Definition target not found: /MICROSAR/Fee/FeeBlockConfiguration/FeePartition
                 [Warning] Definition target not found: /MICROSAR/Fee/FeeBlockConfiguration/FeeDeviceIndex
                 [Warning] Definition target not found: /MICROSAR/Fee/FeeBlockConfiguration
                 [Warning] Definition target not found: /MICROSAR/Fee/FeeBlockConfiguration/FeeBlockIdFixed
                 [Warning] Definition target not found: /MICROSAR/Fee/FeeBlockConfiguration/FeeBlockIsCritical
                 [Warning] Definition target not found: /MICROSAR/Fee/FeeBlockConfiguration/FeeImmediateData
                 [Warning] Definition target not found: /MICROSAR/Fee/FeeBlockConfiguration/FeeNumberOfChunkInstances
                 [Warning] Definition target not found: /MICROSAR/Fee/FeeBlockConfiguration/FeeBlockNumber
                 [Warning] Definition target not found: /MICROSAR/Fee/FeeBlockConfiguration/FeeBlockSize
                 [Warning] Definition target not found: /MICROSAR/Fee/FeeBlockConfiguration/FeeNumberOfWriteCycles
                 [Warning] Definition target not found: /MICROSAR/Fee/FeeBlockConfiguration/FeeNumberOfDatasets
                 [Warning] Definition target not found: /MICROSAR/Fee/FeeBlockConfiguration/FeeBlockId
                 [Warning] Definition target not found: /MICROSAR/Fee/FeeBlockConfiguration/FeePartition
                 [Warning] Definition target not found: /MICROSAR/Fee/FeeBlockConfiguration/FeeDeviceIndex
                 [Warning] Definition target not found: /MICROSAR/Fee/FeeBlockConfiguration
                 [Warning] Definition target not found: /MICROSAR/Fee/FeeBlockConfiguration/FeeBlockIdFixed
                 [Warning] Definition target not found: /MICROSAR/Fee/FeeBlockConfiguration/FeeBlockIsCritical
                 [Warning] Definition target not found: /MICROSAR/Fee/FeeBlockConfiguration/FeeImmediateData
                 [Warning] Definition target not found: /MICROSAR/Fee/FeeBlockConfiguration/FeeNumberOfChunkInstances
                 [Warning] Definition target not found: /MICROSAR/Fee/FeeBlockConfiguration/FeeBlockNumber
                 [Warning] Definition target not found: /MICROSAR/Fee/FeeBlockConfiguration/FeeBlockSize
                 [Warning] Definition target not found: /MICROSAR/Fee/FeeBlockConfiguration/FeeNumberOfWriteCycles
                 [Warning] Definition target not found: /MICROSAR/Fee/FeeBlockConfiguration/FeeNumberOfDatasets
                 [Warning] Definition target not found: /MICROSAR/Fee/FeeBlockConfiguration/FeeBlockId
                 [Warning] Definition target not found: /MICROSAR/Fee/FeeBlockConfiguration/FeePartition
                 [Warning] Definition target not found: /MICROSAR/Fee/FeeBlockConfiguration/FeeDeviceIndex
                 [Warning] Definition target not found: /MICROSAR/Fee/FeeBlockConfiguration
                 [Warning] Definition target not found: /MICROSAR/Fee/FeeBlockConfiguration/FeeBlockIdFixed
                 [Warning] Definition target not found: /MICROSAR/Fee/FeeBlockConfiguration/FeeBlockIsCritical
                 [Warning] Definition target not found: /MICROSAR/Fee/FeeBlockConfiguration/FeeImmediateData
                 [Warning] Definition target not found: /MICROSAR/Fee/FeeBlockConfiguration/FeeNumberOfChunkInstances
                 [Warning] Definition target not found: /MICROSAR/Fee/FeeBlockConfiguration/FeeBlockNumber
                 [Warning] Definition target not found: /MICROSAR/Fee/FeeBlockConfiguration/FeeBlockSize
                 [Warning] Definition target not found: /MICROSAR/Fee/FeeBlockConfiguration/FeeNumberOfWriteCycles
                 [Warning] Definition target not found: /MICROSAR/Fee/FeeBlockConfiguration/FeeNumberOfDatasets
                 [Warning] Definition target not found: /MICROSAR/Fee/FeeBlockConfiguration/FeeBlockId
                 [Warning] Definition target not found: /MICROSAR/Fee/FeeBlockConfiguration/FeePartition
                 [Warning] Definition target not found: /MICROSAR/Fee/FeeBlockConfiguration/FeeDeviceIndex
                 [Warning] Definition target not found: /MICROSAR/Fee/FeeBlockConfiguration
                 [Warning] Definition target not found: /MICROSAR/Fee/FeeBlockConfiguration/FeeBlockIdFixed
                 [Warning] Definition target not found: /MICROSAR/Fee/FeeBlockConfiguration/FeeBlockIsCritical
                 [Warning] Definition target not found: /MICROSAR/Fee/FeeBlockConfiguration/FeeImmediateData
                 [Warning] Definition target not found: /MICROSAR/Fee/FeeBlockConfiguration/FeeNumberOfChunkInstances
                 [Warning] Definition target not found: /MICROSAR/Fee/FeeBlockConfiguration/FeeBlockNumber
                 [Warning] Definition target not found: /MICROSAR/Fee/FeeBlockConfiguration/FeeBlockSize
                 [Warning] Definition target not found: /MICROSAR/Fee/FeeBlockConfiguration/FeeNumberOfWriteCycles
                 [Warning] Definition target not found: /MICROSAR/Fee/FeeBlockConfiguration/FeeNumberOfDatasets
                 [Warning] Definition target not found: /MICROSAR/Fee/FeeBlockConfiguration/FeeBlockId
                 [Warning] Definition target not found: /MICROSAR/Fee/FeeBlockConfiguration/FeePartition
                 [Warning] Definition target not found: /MICROSAR/Fee/FeeBlockConfiguration/FeeDeviceIndex
                 [Warning] Definition target not found: /MICROSAR/Fee/FeeBlockConfiguration
                 [Warning] Definition target not found: /MICROSAR/Fee/FeeBlockConfiguration/FeeBlockIdFixed
                 [Warning] Definition target not found: /MICROSAR/Fee/FeeBlockConfiguration/FeeBlockIsCritical
                 [Warning] Definition target not found: /MICROSAR/Fee/FeeBlockConfiguration/FeeImmediateData
                 [Warning] Definition target not found: /MICROSAR/Fee/FeeBlockConfiguration/FeeNumberOfChunkInstances
                 [Warning] Definition target not found: /MICROSAR/Fee/FeeBlockConfiguration/FeeBlockNumber
                 [Warning] Definition target not found: /MICROSAR/Fee/FeeBlockConfiguration/FeeBlockSize
                 [Warning] Definition target not found: /MICROSAR/Fee/FeeBlockConfiguration/FeeNumberOfWriteCycles
                 [Warning] Definition target not found: /MICROSAR/Fee/FeeBlockConfiguration/FeeNumberOfDatasets
                 [Warning] Definition target not found: /MICROSAR/Fee/FeeBlockConfiguration/FeeBlockId
                 [Warning] Definition target not found: /MICROSAR/Fee/FeeBlockConfiguration/FeePartition
                 [Warning] Definition target not found: /MICROSAR/Fee/FeeBlockConfiguration/FeeDeviceIndex
                 [Warning] Definition target not found: /MICROSAR/Fee/FeeBlockConfiguration
                 [Warning] Definition target not found: /MICROSAR/Fee/FeeBlockConfiguration/FeeBlockIdFixed
                 [Warning] Definition target not found: /MICROSAR/Fee/FeeBlockConfiguration/FeeBlockIsCritical
                 [Warning] Definition target not found: /MICROSAR/Fee/FeeBlockConfiguration/FeeImmediateData
                 [Warning] Definition target not found: /MICROSAR/Fee/FeeBlockConfiguration/FeeNumberOfChunkInstances
                 [Warning] Definition target not found: /MICROSAR/Fee/FeeBlockConfiguration/FeeBlockNumber
                 [Warning] Definition target not found: /MICROSAR/Fee/FeeBlockConfiguration/FeeBlockSize
                 [Warning] Definition target not found: /MICROSAR/Fee/FeeBlockConfiguration/FeeNumberOfWriteCycles
                 [Warning] Definition target not found: /MICROSAR/Fee/FeeBlockConfiguration/FeeNumberOfDatasets
                 [Warning] Definition target not found: /MICROSAR/Fee/FeeBlockConfiguration/FeeBlockId
                 [Warning] Definition target not found: /MICROSAR/Fee/FeeBlockConfiguration/FeePartition
                 [Warning] Definition target not found: /MICROSAR/Fee/FeeBlockConfiguration/FeeDeviceIndex
                 [Warning] Definition target not found: /MICROSAR/Fee/FeeBlockConfiguration
                 [Warning] Definition target not found: /MICROSAR/Fee/FeeBlockConfiguration/FeeBlockIdFixed
                 [Warning] Definition target not found: /MICROSAR/Fee/FeeBlockConfiguration/FeeBlockIsCritical
                 [Warning] Definition target not found: /MICROSAR/Fee/FeeBlockConfiguration/FeeImmediateData
                 [Warning] Definition target not found: /MICROSAR/Fee/FeeBlockConfiguration/FeeNumberOfChunkInstances
                 [Warning] Definition target not found: /MICROSAR/Fee/FeeBlockConfiguration/FeeBlockNumber
                 [Warning] Definition target not found: /MICROSAR/Fee/FeeBlockConfiguration/FeeBlockSize
                 [Warning] Definition target not found: /MICROSAR/Fee/FeeBlockConfiguration/FeeNumberOfWriteCycles
                 [Warning] Definition target not found: /MICROSAR/Fee/FeeBlockConfiguration/FeeNumberOfDatasets
                 [Warning] Definition target not found: /MICROSAR/Fee/FeeBlockConfiguration/FeeBlockId
                 [Warning] Definition target not found: /MICROSAR/Fee/FeeBlockConfiguration/FeePartition
                 [Warning] Definition target not found: /MICROSAR/Fee/FeeBlockConfiguration/FeeDeviceIndex
                 [Warning] Definition target not found: /MICROSAR/Fee/FeeBlockConfiguration
                 [Warning] Definition target not found: /MICROSAR/Fee/FeeBlockConfiguration/FeeBlockIdFixed
                 [Warning] Definition target not found: /MICROSAR/Fee/FeeBlockConfiguration/FeeBlockIsCritical
                 [Warning] Definition target not found: /MICROSAR/Fee/FeeBlockConfiguration/FeeImmediateData
                 [Warning] Definition target not found: /MICROSAR/Fee/FeeBlockConfiguration/FeeNumberOfChunkInstances
                 [Warning] Definition target not found: /MICROSAR/Fee/FeeBlockConfiguration/FeeBlockNumber
                 [Warning] Definition target not found: /MICROSAR/Fee/FeeBlockConfiguration/FeeBlockSize
                 [Warning] Definition target not found: /MICROSAR/Fee/FeeBlockConfiguration/FeeNumberOfWriteCycles
                 [Warning] Definition target not found: /MICROSAR/Fee/FeeBlockConfiguration/FeeNumberOfDatasets
                 [Warning] Definition target not found: /MICROSAR/Fee/FeeBlockConfiguration/FeeBlockId
                 [Warning] Definition target not found: /MICROSAR/Fee/FeeBlockConfiguration/FeePartition
                 [Warning] Definition target not found: /MICROSAR/Fee/FeeBlockConfiguration/FeeDeviceIndex
                 [Warning] Definition target not found: /MICROSAR/Fee/FeeBlockConfiguration
                 [Warning] Definition target not found: /MICROSAR/Fee/FeeBlockConfiguration/FeeBlockIdFixed
                 [Warning] Definition target not found: /MICROSAR/Fee/FeeBlockConfiguration/FeeBlockIsCritical
                 [Warning] Definition target not found: /MICROSAR/Fee/FeeBlockConfiguration/FeeImmediateData
                 [Warning] Definition target not found: /MICROSAR/Fee/FeeBlockConfiguration/FeeNumberOfChunkInstances
                 [Warning] Definition target not found: /MICROSAR/Fee/FeeBlockConfiguration/FeeBlockNumber
                 [Warning] Definition target not found: /MICROSAR/Fee/FeeBlockConfiguration/FeeBlockSize
                 [Warning] Definition target not found: /MICROSAR/Fee/FeeBlockConfiguration/FeeNumberOfWriteCycles
                 [Warning] Definition target not found: /MICROSAR/Fee/FeeBlockConfiguration/FeeNumberOfDatasets
                 [Warning] Definition target not found: /MICROSAR/Fee/FeeBlockConfiguration/FeeBlockId
                 [Warning] Definition target not found: /MICROSAR/Fee/FeeBlockConfiguration/FeePartition
                 [Warning] Definition target not found: /MICROSAR/Fee/FeeBlockConfiguration/FeeDeviceIndex
                 [Warning] Definition target not found: /MICROSAR/Fee/FeeBlockConfiguration
                 [Warning] Definition target not found: /MICROSAR/Fee/FeeBlockConfiguration/FeeBlockIdFixed
                 [Warning] Definition target not found: /MICROSAR/Fee/FeeBlockConfiguration/FeeBlockIsCritical
                 [Warning] Definition target not found: /MICROSAR/Fee/FeeBlockConfiguration/FeeImmediateData
                 [Warning] Definition target not found: /MICROSAR/Fee/FeeBlockConfiguration/FeeNumberOfChunkInstances
                 [Warning] Definition target not found: /MICROSAR/Fee/FeeBlockConfiguration/FeeBlockNumber
                 [Warning] Definition target not found: /MICROSAR/Fee/FeeBlockConfiguration/FeeBlockSize
                 [Warning] Definition target not found: /MICROSAR/Fee/FeeBlockConfiguration/FeeNumberOfWriteCycles
                 [Warning] Definition target not found: /MICROSAR/Fee/FeeBlockConfiguration/FeeNumberOfDatasets
                 [Warning] Definition target not found: /MICROSAR/Fee/FeeBlockConfiguration/FeeBlockId
                 [Warning] Definition target not found: /MICROSAR/Fee/FeeBlockConfiguration/FeePartition
                 [Warning] Definition target not found: /MICROSAR/Fee/FeeBlockConfiguration/FeeDeviceIndex
                 [Warning] Definition target not found: /MICROSAR/Fee/FeeBlockConfiguration
                 [Warning] Definition target not found: /MICROSAR/Fee/FeeBlockConfiguration/FeeBlockIdFixed
                 [Warning] Definition target not found: /MICROSAR/Fee/FeeBlockConfiguration/FeeBlockIsCritical
                 [Warning] Definition target not found: /MICROSAR/Fee/FeeBlockConfiguration/FeeImmediateData
                 [Warning] Definition target not found: /MICROSAR/Fee/FeeBlockConfiguration/FeeNumberOfChunkInstances
                 [Warning] Definition target not found: /MICROSAR/Fee/FeeBlockConfiguration/FeeBlockNumber
                 [Warning] Definition target not found: /MICROSAR/Fee/FeeBlockConfiguration/FeeBlockSize
                 [Warning] Definition target not found: /MICROSAR/Fee/FeeBlockConfiguration/FeeNumberOfWriteCycles
                 [Warning] Definition target not found: /MICROSAR/Fee/FeeBlockConfiguration/FeeNumberOfDatasets
                 [Warning] Definition target not found: /MICROSAR/Fee/FeeBlockConfiguration/FeeBlockId
                 [Warning] Definition target not found: /MICROSAR/Fee/FeeBlockConfiguration/FeePartition
                 [Warning] Definition target not found: /MICROSAR/Fee/FeeBlockConfiguration/FeeDeviceIndex
                 [Warning] Definition target not found: /MICROSAR/Fee/FeeBlockConfiguration
                 [Warning] Definition target not found: /MICROSAR/Fee/FeeBlockConfiguration/FeeBlockIdFixed
                 [Warning] Definition target not found: /MICROSAR/Fee/FeeBlockConfiguration/FeeBlockIsCritical
                 [Warning] Definition target not found: /MICROSAR/Fee/FeeBlockConfiguration/FeeImmediateData
                 [Warning] Definition target not found: /MICROSAR/Fee/FeeBlockConfiguration/FeeNumberOfChunkInstances
                 [Warning] Definition target not found: /MICROSAR/Fee/FeeBlockConfiguration/FeeBlockNumber
                 [Warning] Definition target not found: /MICROSAR/Fee/FeeBlockConfiguration/FeeBlockSize
                 [Warning] Definition target not found: /MICROSAR/Fee/FeeBlockConfiguration/FeeNumberOfWriteCycles
                 [Warning] Definition target not found: /MICROSAR/Fee/FeeBlockConfiguration/FeeNumberOfDatasets
                 [Warning] Definition target not found: /MICROSAR/Fee/FeeBlockConfiguration/FeeBlockId
                 [Warning] Definition target not found: /MICROSAR/Fee/FeeBlockConfiguration/FeePartition
                 [Warning] Definition target not found: /MICROSAR/Fee/FeeBlockConfiguration/FeeDeviceIndex
                 [Warning] Definition target not found: /MICROSAR/Fee/FeeBlockConfiguration
                 [Warning] Definition target not found: /MICROSAR/Fee/FeeBlockConfiguration/FeeBlockIdFixed
                 [Warning] Definition target not found: /MICROSAR/Fee/FeeBlockConfiguration/FeeBlockIsCritical
                 [Warning] Definition target not found: /MICROSAR/Fee/FeeBlockConfiguration/FeeImmediateData
                 [Warning] Definition target not found: /MICROSAR/Fee/FeeBlockConfiguration/FeeNumberOfChunkInstances
                 [Warning] Definition target not found: /MICROSAR/Fee/FeeBlockConfiguration/FeeBlockNumber
                 [Warning] Definition target not found: /MICROSAR/Fee/FeeBlockConfiguration/FeeBlockSize
                 [Warning] Definition target not found: /MICROSAR/Fee/FeeBlockConfiguration/FeeNumberOfWriteCycles
                 [Warning] Definition target not found: /MICROSAR/Fee/FeeBlockConfiguration/FeeNumberOfDatasets
                 [Warning] Definition target not found: /MICROSAR/Fee/FeeBlockConfiguration/FeeBlockId
                 [Warning] Definition target not found: /MICROSAR/Fee/FeeBlockConfiguration/FeePartition
                 [Warning] Definition target not found: /MICROSAR/Fee/FeeBlockConfiguration/FeeDeviceIndex
                 [Warning] Definition target not found: /MICROSAR/Fee/FeeBlockConfiguration
                 [Warning] Definition target not found: /MICROSAR/Fee/FeeBlockConfiguration/FeeBlockIdFixed
                 [Warning] Definition target not found: /MICROSAR/Fee/FeeBlockConfiguration/FeeBlockIsCritical
                 [Warning] Definition target not found: /MICROSAR/Fee/FeeBlockConfiguration/FeeImmediateData
                 [Warning] Definition target not found: /MICROSAR/Fee/FeeBlockConfiguration/FeeNumberOfChunkInstances
                 [Warning] Definition target not found: /MICROSAR/Fee/FeeBlockConfiguration/FeeBlockNumber
                 [Warning] Definition target not found: /MICROSAR/Fee/FeeBlockConfiguration/FeeBlockSize
                 [Warning] Definition target not found: /MICROSAR/Fee/FeeBlockConfiguration/FeeNumberOfWriteCycles
                 [Warning] Definition target not found: /MICROSAR/Fee/FeeBlockConfiguration/FeeNumberOfDatasets
                 [Warning] Definition target not found: /MICROSAR/Fee/FeeBlockConfiguration/FeeBlockId
                 [Warning] Definition target not found: /MICROSAR/Fee/FeeBlockConfiguration/FeePartition
                 [Warning] Definition target not found: /MICROSAR/Fee/FeeBlockConfiguration/FeeDeviceIndex
                 [Warning] Definition target not found: /MICROSAR/Fee/FeeBlockConfiguration
                 [Warning] Definition target not found: /MICROSAR/Fee/FeeBlockConfiguration/FeeBlockIdFixed
                 [Warning] Definition target not found: /MICROSAR/Fee/FeeBlockConfiguration/FeeBlockIsCritical
                 [Warning] Definition target not found: /MICROSAR/Fee/FeeBlockConfiguration/FeeImmediateData
                 [Warning] Definition target not found: /MICROSAR/Fee/FeeBlockConfiguration/FeeNumberOfChunkInstances
                 [Warning] Definition target not found: /MICROSAR/Fee/FeeBlockConfiguration/FeeBlockNumber
                 [Warning] Definition target not found: /MICROSAR/Fee/FeeBlockConfiguration/FeeBlockSize
                 [Warning] Definition target not found: /MICROSAR/Fee/FeeBlockConfiguration/FeeNumberOfWriteCycles
                 [Warning] Definition target not found: /MICROSAR/Fee/FeeBlockConfiguration/FeeNumberOfDatasets
                 [Warning] Definition target not found: /MICROSAR/Fee/FeeBlockConfiguration/FeeBlockId
                 [Warning] Definition target not found: /MICROSAR/Fee/FeeBlockConfiguration/FeePartition
                 [Warning] Definition target not found: /MICROSAR/Fee/FeeBlockConfiguration/FeeDeviceIndex
                 [Warning] Definition target not found: /MICROSAR/Fee/FeeBlockConfiguration
                 [Warning] Definition target not found: /MICROSAR/Fee/FeeBlockConfiguration/FeeBlockIdFixed
                 [Warning] Definition target not found: /MICROSAR/Fee/FeeBlockConfiguration/FeeBlockIsCritical
                 [Warning] Definition target not found: /MICROSAR/Fee/FeeBlockConfiguration/FeeImmediateData
                 [Warning] Definition target not found: /MICROSAR/Fee/FeeBlockConfiguration/FeeNumberOfChunkInstances
                 [Warning] Definition target not found: /MICROSAR/Fee/FeeBlockConfiguration/FeeBlockNumber
                 [Warning] Definition target not found: /MICROSAR/Fee/FeeBlockConfiguration/FeeBlockSize
                 [Warning] Definition target not found: /MICROSAR/Fee/FeeBlockConfiguration/FeeNumberOfWriteCycles
                 [Warning] Definition target not found: /MICROSAR/Fee/FeeBlockConfiguration/FeeNumberOfDatasets
                 [Warning] Definition target not found: /MICROSAR/Fee/FeeBlockConfiguration/FeeBlockId
                 [Warning] Definition target not found: /MICROSAR/Fee/FeeBlockConfiguration/FeePartition
                 [Warning] Definition target not found: /MICROSAR/Fee/FeeBlockConfiguration/FeeDeviceIndex
                 [Warning] Definition target not found: /MICROSAR/Fee/FeeBlockConfiguration
                 [Warning] Definition target not found: /MICROSAR/Fee/FeeBlockConfiguration/FeeBlockIdFixed
                 [Warning] Definition target not found: /MICROSAR/Fee/FeeBlockConfiguration/FeeBlockIsCritical
                 [Warning] Definition target not found: /MICROSAR/Fee/FeeBlockConfiguration/FeeImmediateData
                 [Warning] Definition target not found: /MICROSAR/Fee/FeeBlockConfiguration/FeeNumberOfChunkInstances
                 [Warning] Definition target not found: /MICROSAR/Fee/FeeBlockConfiguration/FeeBlockNumber
                 [Warning] Definition target not found: /MICROSAR/Fee/FeeBlockConfiguration/FeeBlockSize
                 [Warning] Definition target not found: /MICROSAR/Fee/FeeBlockConfiguration/FeeNumberOfWriteCycles
                 [Warning] Definition target not found: /MICROSAR/Fee/FeeBlockConfiguration/FeeNumberOfDatasets
                 [Warning] Definition target not found: /MICROSAR/Fee/FeeBlockConfiguration/FeeBlockId
                 [Warning] Definition target not found: /MICROSAR/Fee/FeeBlockConfiguration/FeePartition
                 [Warning] Definition target not found: /MICROSAR/Fee/FeeBlockConfiguration/FeeDeviceIndex
                 [Warning] Definition target not found: /MICROSAR/Fee/FeeBlockConfiguration
                 [Warning] Definition target not found: /MICROSAR/Fee/FeeBlockConfiguration/FeeBlockIdFixed
                 [Warning] Definition target not found: /MICROSAR/Fee/FeeBlockConfiguration/FeeBlockIsCritical
                 [Warning] Definition target not found: /MICROSAR/Fee/FeeBlockConfiguration/FeeImmediateData
                 [Warning] Definition target not found: /MICROSAR/Fee/FeeBlockConfiguration/FeeNumberOfChunkInstances
                 [Warning] Definition target not found: /MICROSAR/Fee/FeeBlockConfiguration/FeeBlockNumber
                 [Warning] Definition target not found: /MICROSAR/Fee/FeeBlockConfiguration/FeeBlockSize
                 [Warning] Definition target not found: /MICROSAR/Fee/FeeBlockConfiguration/FeeNumberOfWriteCycles
                 [Warning] Definition target not found: /MICROSAR/Fee/FeeBlockConfiguration/FeeNumberOfDatasets
                 [Warning] Definition target not found: /MICROSAR/Fee/FeeBlockConfiguration/FeeBlockId
                 [Warning] Definition target not found: /MICROSAR/Fee/FeeBlockConfiguration/FeePartition
                 [Warning] Definition target not found: /MICROSAR/Fee/FeeBlockConfiguration/FeeDeviceIndex
                 [Warning] Definition target not found: /MICROSAR/Fee/FeeBlockConfiguration
                 [Warning] Definition target not found: /MICROSAR/Fee/FeeBlockConfiguration/FeeBlockIdFixed
                 [Warning] Definition target not found: /MICROSAR/Fee/FeeBlockConfiguration/FeeBlockIsCritical
                 [Warning] Definition target not found: /MICROSAR/Fee/FeeBlockConfiguration/FeeImmediateData
                 [Warning] Definition target not found: /MICROSAR/Fee/FeeBlockConfiguration/FeeNumberOfChunkInstances
                 [Warning] Definition target not found: /MICROSAR/Fee/FeeBlockConfiguration/FeeBlockNumber
                 [Warning] Definition target not found: /MICROSAR/Fee/FeeBlockConfiguration/FeeBlockSize
                 [Warning] Definition target not found: /MICROSAR/Fee/FeeBlockConfiguration/FeeNumberOfWriteCycles
                 [Warning] Definition target not found: /MICROSAR/Fee/FeeBlockConfiguration/FeeNumberOfDatasets
                 [Warning] Definition target not found: /MICROSAR/Fee/FeeBlockConfiguration/FeeBlockId
                 [Warning] Definition target not found: /MICROSAR/Fee/FeeBlockConfiguration/FeePartition
                 [Warning] Definition target not found: /MICROSAR/Fee/FeeBlockConfiguration/FeeDeviceIndex
                 [Warning] Definition target not found: /MICROSAR/Fee/FeeBlockConfiguration
                 [Warning] Definition target not found: /MICROSAR/Fee/FeeBlockConfiguration/FeeBlockIdFixed
                 [Warning] Definition target not found: /MICROSAR/Fee/FeeBlockConfiguration/FeeBlockIsCritical
                 [Warning] Definition target not found: /MICROSAR/Fee/FeeBlockConfiguration/FeeImmediateData
                 [Warning] Definition target not found: /MICROSAR/Fee/FeeBlockConfiguration/FeeNumberOfChunkInstances
                 [Warning] Definition target not found: /MICROSAR/Fee/FeeBlockConfiguration/FeeBlockNumber
                 [Warning] Definition target not found: /MICROSAR/Fee/FeeBlockConfiguration/FeeBlockSize
                 [Warning] Definition target not found: /MICROSAR/Fee/FeeBlockConfiguration/FeeNumberOfWriteCycles
                 [Warning] Definition target not found: /MICROSAR/Fee/FeeBlockConfiguration/FeeNumberOfDatasets
                 [Warning] Definition target not found: /MICROSAR/Fee/FeeBlockConfiguration/FeeBlockId
                 [Warning] Definition target not found: /MICROSAR/Fee/FeeBlockConfiguration/FeePartition
                 [Warning] Definition target not found: /MICROSAR/Fee/FeeBlockConfiguration/FeeDeviceIndex
                 [Warning] Definition target not found: /MICROSAR/Fee/FeeBlockConfiguration
                 [Warning] Definition target not found: /MICROSAR/Fee/FeeBlockConfiguration/FeeBlockIdFixed
                 [Warning] Definition target not found: /MICROSAR/Fee/FeeBlockConfiguration/FeeBlockIsCritical
                 [Warning] Definition target not found: /MICROSAR/Fee/FeeBlockConfiguration/FeeImmediateData
                 [Warning] Definition target not found: /MICROSAR/Fee/FeeBlockConfiguration/FeeNumberOfChunkInstances
                 [Warning] Definition target not found: /MICROSAR/Fee/FeeBlockConfiguration/FeeBlockNumber
                 [Warning] Definition target not found: /MICROSAR/Fee/FeeBlockConfiguration/FeeBlockSize
                 [Warning] Definition target not found: /MICROSAR/Fee/FeeBlockConfiguration/FeeNumberOfWriteCycles
                 [Warning] Definition target not found: /MICROSAR/Fee/FeeBlockConfiguration/FeeNumberOfDatasets
                 [Warning] Definition target not found: /MICROSAR/Fee/FeeBlockConfiguration/FeeBlockId
                 [Warning] Definition target not found: /MICROSAR/Fee/FeeBlockConfiguration/FeePartition
                 [Warning] Definition target not found: /MICROSAR/Fee/FeeBlockConfiguration/FeeDeviceIndex
                 [Warning] Definition target not found: /MICROSAR/Fee/FeeBlockConfiguration
                 [Warning] Definition target not found: /MICROSAR/Fee/FeeBlockConfiguration/FeeBlockIdFixed
                 [Warning] Definition target not found: /MICROSAR/Fee/FeeBlockConfiguration/FeeBlockIsCritical
                 [Warning] Definition target not found: /MICROSAR/Fee/FeeBlockConfiguration/FeeImmediateData
                 [Warning] Definition target not found: /MICROSAR/Fee/FeeBlockConfiguration/FeeNumberOfChunkInstances
                 [Warning] Definition target not found: /MICROSAR/Fee/FeeBlockConfiguration/FeeBlockNumber
                 [Warning] Definition target not found: /MICROSAR/Fee/FeeBlockConfiguration/FeeBlockSize
                 [Warning] Definition target not found: /MICROSAR/Fee/FeeBlockConfiguration/FeeNumberOfWriteCycles
                 [Warning] Definition target not found: /MICROSAR/Fee/FeeBlockConfiguration/FeeNumberOfDatasets
                 [Warning] Definition target not found: /MICROSAR/Fee/FeeBlockConfiguration/FeeBlockId
                 [Warning] Definition target not found: /MICROSAR/Fee/FeeBlockConfiguration/FeePartition
                 [Warning] Definition target not found: /MICROSAR/Fee/FeeBlockConfiguration/FeeDeviceIndex
                 [Warning] Definition target not found: /MICROSAR/Fee/FeeBlockConfiguration
                 [Warning] Definition target not found: /MICROSAR/Fee/FeeBlockConfiguration/FeeBlockIdFixed
                 [Warning] Definition target not found: /MICROSAR/Fee/FeeBlockConfiguration/FeeBlockIsCritical
                 [Warning] Definition target not found: /MICROSAR/Fee/FeeBlockConfiguration/FeeImmediateData
                 [Warning] Definition target not found: /MICROSAR/Fee/FeeBlockConfiguration/FeeNumberOfChunkInstances
                 [Warning] Definition target not found: /MICROSAR/Fee/FeeBlockConfiguration/FeeBlockNumber
                 [Warning] Definition target not found: /MICROSAR/Fee/FeeBlockConfiguration/FeeBlockSize
                 [Warning] Definition target not found: /MICROSAR/Fee/FeeBlockConfiguration/FeeNumberOfWriteCycles
                 [Warning] Definition target not found: /MICROSAR/Fee/FeeBlockConfiguration/FeeNumberOfDatasets
                 [Warning] Definition target not found: /MICROSAR/Fee/FeeBlockConfiguration/FeeBlockId
                 [Warning] Definition target not found: /MICROSAR/Fee/FeeBlockConfiguration/FeePartition
                 [Warning] Definition target not found: /MICROSAR/Fee/FeeBlockConfiguration/FeeDeviceIndex
                 [Warning] Definition target not found: /MICROSAR/Fee/FeeBlockConfiguration
                 [Warning] Definition target not found: /MICROSAR/Fee/FeeBlockConfiguration/FeeBlockIdFixed
                 [Warning] Definition target not found: /MICROSAR/Fee/FeeBlockConfiguration/FeeBlockIsCritical
                 [Warning] Definition target not found: /MICROSAR/Fee/FeeBlockConfiguration/FeeImmediateData
                 [Warning] Definition target not found: /MICROSAR/Fee/FeeBlockConfiguration/FeeNumberOfChunkInstances
                 [Warning] Definition target not found: /MICROSAR/Fee/FeeBlockConfiguration/FeeBlockNumber
                 [Warning] Definition target not found: /MICROSAR/Fee/FeeBlockConfiguration/FeeBlockSize
                 [Warning] Definition target not found: /MICROSAR/Fee/FeeBlockConfiguration/FeeNumberOfWriteCycles
                 [Warning] Definition target not found: /MICROSAR/Fee/FeeBlockConfiguration/FeeNumberOfDatasets
                 [Warning] Definition target not found: /MICROSAR/Fee/FeeBlockConfiguration/FeeBlockId
                 [Warning] Definition target not found: /MICROSAR/Fee/FeeBlockConfiguration/FeePartition
                 [Warning] Definition target not found: /MICROSAR/Fee/FeeBlockConfiguration/FeeDeviceIndex
                 [Warning] Definition target not found: /MICROSAR/Fee/FeeBlockConfiguration
                 [Warning] Definition target not found: /MICROSAR/Fee/FeeBlockConfiguration/FeeBlockIdFixed
                 [Warning] Definition target not found: /MICROSAR/Fee/FeeBlockConfiguration/FeeBlockIsCritical
                 [Warning] Definition target not found: /MICROSAR/Fee/FeeBlockConfiguration/FeeImmediateData
                 [Warning] Definition target not found: /MICROSAR/Fee/FeeBlockConfiguration/FeeNumberOfChunkInstances
                 [Warning] Definition target not found: /MICROSAR/Fee/FeeBlockConfiguration/FeeBlockNumber
                 [Warning] Definition target not found: /MICROSAR/Fee/FeeBlockConfiguration/FeeBlockSize
                 [Warning] Definition target not found: /MICROSAR/Fee/FeeBlockConfiguration/FeeNumberOfWriteCycles
                 [Warning] Definition target not found: /MICROSAR/Fee/FeeBlockConfiguration/FeeNumberOfDatasets
                 [Warning] Definition target not found: /MICROSAR/Fee/FeeBlockConfiguration/FeeBlockId
                 [Warning] Definition target not found: /MICROSAR/Fee/FeeBlockConfiguration/FeePartition
                 [Warning] Definition target not found: /MICROSAR/Fee/FeeBlockConfiguration/FeeDeviceIndex
                 [Warning] Definition target not found: /MICROSAR/Fee/FeeBlockConfiguration
                 [Warning] Definition target not found: /MICROSAR/Fee/FeeBlockConfiguration/FeeBlockIdFixed
                 [Warning] Definition target not found: /MICROSAR/Fee/FeeBlockConfiguration/FeeBlockIsCritical
                 [Warning] Definition target not found: /MICROSAR/Fee/FeeBlockConfiguration/FeeImmediateData
                 [Warning] Definition target not found: /MICROSAR/Fee/FeeBlockConfiguration/FeeNumberOfChunkInstances
                 [Warning] Definition target not found: /MICROSAR/Fee/FeeBlockConfiguration/FeeBlockNumber
                 [Warning] Definition target not found: /MICROSAR/Fee/FeeBlockConfiguration/FeeBlockSize
                 [Warning] Definition target not found: /MICROSAR/Fee/FeeBlockConfiguration/FeeNumberOfWriteCycles
                 [Warning] Definition target not found: /MICROSAR/Fee/FeeBlockConfiguration/FeeNumberOfDatasets
                 [Warning] Definition target not found: /MICROSAR/Fee/FeeBlockConfiguration/FeeBlockId
                 [Warning] Definition target not found: /MICROSAR/Fee/FeeBlockConfiguration/FeePartition
                 [Warning] Definition target not found: /MICROSAR/Fee/FeeBlockConfiguration/FeeDeviceIndex
                 [Warning] Definition target not found: /MICROSAR/Fee/FeeBlockConfiguration
                 [Warning] Definition target not found: /MICROSAR/Fee/FeeBlockConfiguration/FeeBlockIdFixed
                 [Warning] Definition target not found: /MICROSAR/Fee/FeeBlockConfiguration/FeeBlockIsCritical
                 [Warning] Definition target not found: /MICROSAR/Fee/FeeBlockConfiguration/FeeImmediateData
                 [Warning] Definition target not found: /MICROSAR/Fee/FeeBlockConfiguration/FeeNumberOfChunkInstances
                 [Warning] Definition target not found: /MICROSAR/Fee/FeeBlockConfiguration/FeeBlockNumber
                 [Warning] Definition target not found: /MICROSAR/Fee/FeeBlockConfiguration/FeeBlockSize
                 [Warning] Definition target not found: /MICROSAR/Fee/FeeBlockConfiguration/FeeNumberOfWriteCycles
                 [Warning] Definition target not found: /MICROSAR/Fee/FeeBlockConfiguration/FeeNumberOfDatasets
                 [Warning] Definition target not found: /MICROSAR/Fee/FeeBlockConfiguration/FeeBlockId
                 [Warning] Definition target not found: /MICROSAR/Fee/FeeBlockConfiguration/FeePartition
                 [Warning] Definition target not found: /MICROSAR/Fee/FeeBlockConfiguration/FeeDeviceIndex
                 [Warning] Definition target not found: /MICROSAR/Fee/FeeBlockConfiguration
                 [Warning] Definition target not found: /MICROSAR/Fee/FeeBlockConfiguration/FeeBlockIdFixed
                 [Warning] Definition target not found: /MICROSAR/Fee/FeeBlockConfiguration/FeeBlockIsCritical
                 [Warning] Definition target not found: /MICROSAR/Fee/FeeBlockConfiguration/FeeImmediateData
                 [Warning] Definition target not found: /MICROSAR/Fee/FeeBlockConfiguration/FeeNumberOfChunkInstances
                 [Warning] Definition target not found: /MICROSAR/Fee/FeeBlockConfiguration/FeeBlockNumber
                 [Warning] Definition target not found: /MICROSAR/Fee/FeeBlockConfiguration/FeeBlockSize
                 [Warning] Definition target not found: /MICROSAR/Fee/FeeBlockConfiguration/FeeNumberOfWriteCycles
                 [Warning] Definition target not found: /MICROSAR/Fee/FeeBlockConfiguration/FeeNumberOfDatasets
                 [Warning] Definition target not found: /MICROSAR/Fee/FeeBlockConfiguration/FeeBlockId
                 [Warning] Definition target not found: /MICROSAR/Fee/FeeBlockConfiguration/FeePartition
                 [Warning] Definition target not found: /MICROSAR/Fee/FeeBlockConfiguration/FeeDeviceIndex
                 [Warning] Definition target not found: /MICROSAR/Fee/FeeBlockConfiguration
                 [Warning] Definition target not found: /MICROSAR/Fee/FeeBlockConfiguration/FeeBlockIdFixed
                 [Warning] Definition target not found: /MICROSAR/Fee/FeeBlockConfiguration/FeeBlockIsCritical
                 [Warning] Definition target not found: /MICROSAR/Fee/FeeBlockConfiguration/FeeImmediateData
                 [Warning] Definition target not found: /MICROSAR/Fee/FeeBlockConfiguration/FeeNumberOfChunkInstances
                 [Warning] Definition target not found: /MICROSAR/Fee/FeeBlockConfiguration/FeeBlockNumber
                 [Warning] Definition target not found: /MICROSAR/Fee/FeeBlockConfiguration/FeeBlockSize
                 [Warning] Definition target not found: /MICROSAR/Fee/FeeBlockConfiguration/FeeNumberOfWriteCycles
                 [Warning] Definition target not found: /MICROSAR/Fee/FeeBlockConfiguration/FeeNumberOfDatasets
                 [Warning] Definition target not found: /MICROSAR/Fee/FeeBlockConfiguration/FeeBlockId
                 [Warning] Definition target not found: /MICROSAR/Fee/FeeBlockConfiguration/FeePartition
                 [Warning] Definition target not found: /MICROSAR/Fee/FeeBlockConfiguration/FeeDeviceIndex
                 [Warning] Definition target not found: /MICROSAR/Fee/FeeBlockConfiguration
                 [Warning] Definition target not found: /MICROSAR/Fee/FeeBlockConfiguration/FeeBlockIdFixed
                 [Warning] Definition target not found: /MICROSAR/Fee/FeeBlockConfiguration/FeeBlockIsCritical
                 [Warning] Definition target not found: /MICROSAR/Fee/FeeBlockConfiguration/FeeImmediateData
                 [Warning] Definition target not found: /MICROSAR/Fee/FeeBlockConfiguration/FeeNumberOfChunkInstances
                 [Warning] Definition target not found: /MICROSAR/Fee/FeeBlockConfiguration/FeeBlockNumber
                 [Warning] Definition target not found: /MICROSAR/Fee/FeeBlockConfiguration/FeeBlockSize
                 [Warning] Definition target not found: /MICROSAR/Fee/FeeBlockConfiguration/FeeNumberOfWriteCycles
                 [Warning] Definition target not found: /MICROSAR/Fee/FeeBlockConfiguration/FeeNumberOfDatasets
                 [Warning] Definition target not found: /MICROSAR/Fee/FeeBlockConfiguration/FeeBlockId
                 [Warning] Definition target not found: /MICROSAR/Fee/FeeBlockConfiguration/FeePartition
                 [Warning] Definition target not found: /MICROSAR/Fee/FeeBlockConfiguration/FeeDeviceIndex
                 [Warning] Definition target not found: /MICROSAR/Fee/FeeBlockConfiguration
                 [Warning] Definition target not found: /MICROSAR/Fee/FeeBlockConfiguration/FeeBlockIdFixed
                 [Warning] Definition target not found: /MICROSAR/Fee/FeeBlockConfiguration/FeeBlockIsCritical
                 [Warning] Definition target not found: /MICROSAR/Fee/FeeBlockConfiguration/FeeImmediateData
                 [Warning] Definition target not found: /MICROSAR/Fee/FeeBlockConfiguration/FeeNumberOfChunkInstances
                 [Warning] Definition target not found: /MICROSAR/Fee/FeeBlockConfiguration/FeeBlockNumber
                 [Warning] Definition target not found: /MICROSAR/Fee/FeeBlockConfiguration/FeeBlockSize
                 [Warning] Definition target not found: /MICROSAR/Fee/FeeBlockConfiguration/FeeNumberOfWriteCycles
                 [Warning] Definition target not found: /MICROSAR/Fee/FeeBlockConfiguration/FeeNumberOfDatasets
                 [Warning] Definition target not found: /MICROSAR/Fee/FeeBlockConfiguration/FeeBlockId
                 [Warning] Definition target not found: /MICROSAR/Fee/FeeBlockConfiguration/FeePartition
                 [Warning] Definition target not found: /MICROSAR/Fee/FeeBlockConfiguration/FeeDeviceIndex
                 [Warning] Definition target not found: /MICROSAR/Fee/FeeBlockConfiguration
                 [Warning] Definition target not found: /MICROSAR/Fee/FeeBlockConfiguration/FeeBlockIdFixed
                 [Warning] Definition target not found: /MICROSAR/Fee/FeeBlockConfiguration/FeeBlockIsCritical
                 [Warning] Definition target not found: /MICROSAR/Fee/FeeBlockConfiguration/FeeImmediateData
                 [Warning] Definition target not found: /MICROSAR/Fee/FeeBlockConfiguration/FeeNumberOfChunkInstances
                 [Warning] Definition target not found: /MICROSAR/Fee/FeeBlockConfiguration/FeeBlockNumber
                 [Warning] Definition target not found: /MICROSAR/Fee/FeeBlockConfiguration/FeeBlockSize
                 [Warning] Definition target not found: /MICROSAR/Fee/FeeBlockConfiguration/FeeNumberOfWriteCycles
                 [Warning] Definition target not found: /MICROSAR/Fee/FeeBlockConfiguration/FeeNumberOfDatasets
                 [Warning] Definition target not found: /MICROSAR/Fee/FeeBlockConfiguration/FeeBlockId
                 [Warning] Definition target not found: /MICROSAR/Fee/FeeBlockConfiguration/FeePartition
                 [Warning] Definition target not found: /MICROSAR/Fee/FeeBlockConfiguration/FeeDeviceIndex
                 [Warning] Definition target not found: /MICROSAR/Fee/FeeBlockConfiguration
                 [Warning] Definition target not found: /MICROSAR/Fee/FeeBlockConfiguration/FeeBlockIdFixed
                 [Warning] Definition target not found: /MICROSAR/Fee/FeeBlockConfiguration/FeeBlockIsCritical
                 [Warning] Definition target not found: /MICROSAR/Fee/FeeBlockConfiguration/FeeImmediateData
                 [Warning] Definition target not found: /MICROSAR/Fee/FeeBlockConfiguration/FeeNumberOfChunkInstances
                 [Warning] Definition target not found: /MICROSAR/Fee/FeeBlockConfiguration/FeeBlockNumber
                 [Warning] Definition target not found: /MICROSAR/Fee/FeeBlockConfiguration/FeeBlockSize
                 [Warning] Definition target not found: /MICROSAR/Fee/FeeBlockConfiguration/FeeNumberOfWriteCycles
                 [Warning] Definition target not found: /MICROSAR/Fee/FeeBlockConfiguration/FeeNumberOfDatasets
                 [Warning] Definition target not found: /MICROSAR/Fee/FeeBlockConfiguration/FeeBlockId
                 [Warning] Definition target not found: /MICROSAR/Fee/FeeBlockConfiguration/FeePartition
                 [Warning] Definition target not found: /MICROSAR/Fee/FeeBlockConfiguration/FeeDeviceIndex
                 [Warning] Definition target not found: /MICROSAR/Fee/FeeBlockConfiguration
                 [Warning] Definition target not found: /MICROSAR/Fee/FeeBlockConfiguration/FeeBlockIdFixed
                 [Warning] Definition target not found: /MICROSAR/Fee/FeeBlockConfiguration/FeeBlockIsCritical
                 [Warning] Definition target not found: /MICROSAR/Fee/FeeBlockConfiguration/FeeImmediateData
                 [Warning] Definition target not found: /MICROSAR/Fee/FeeBlockConfiguration/FeeNumberOfChunkInstances
                 [Warning] Definition target not found: /MICROSAR/Fee/FeeBlockConfiguration/FeeBlockNumber
                 [Warning] Definition target not found: /MICROSAR/Fee/FeeBlockConfiguration/FeeBlockSize
                 [Warning] Definition target not found: /MICROSAR/Fee/FeeBlockConfiguration/FeeNumberOfWriteCycles
                 [Warning] Definition target not found: /MICROSAR/Fee/FeeBlockConfiguration/FeeNumberOfDatasets
                 [Warning] Definition target not found: /MICROSAR/Fee/FeeBlockConfiguration/FeeBlockId
                 [Warning] Definition target not found: /MICROSAR/Fee/FeeBlockConfiguration/FeePartition
                 [Warning] Definition target not found: /MICROSAR/Fee/FeeBlockConfiguration/FeeDeviceIndex
                 [Warning] Definition target not found: /MICROSAR/Fee/FeeBlockConfiguration
                 [Warning] Definition target not found: /MICROSAR/Fee/FeeBlockConfiguration/FeeBlockIdFixed
                 [Warning] Definition target not found: /MICROSAR/Fee/FeeBlockConfiguration/FeeBlockIsCritical
                 [Warning] Definition target not found: /MICROSAR/Fee/FeeBlockConfiguration/FeeImmediateData
                 [Warning] Definition target not found: /MICROSAR/Fee/FeeBlockConfiguration/FeeNumberOfChunkInstances
                 [Warning] Definition target not found: /MICROSAR/Fee/FeeBlockConfiguration/FeeBlockNumber
                 [Warning] Definition target not found: /MICROSAR/Fee/FeeBlockConfiguration/FeeBlockSize
                 [Warning] Definition target not found: /MICROSAR/Fee/FeeBlockConfiguration/FeeNumberOfWriteCycles
                 [Warning] Definition target not found: /MICROSAR/Fee/FeeBlockConfiguration/FeeNumberOfDatasets
                 [Warning] Definition target not found: /MICROSAR/Fee/FeeBlockConfiguration/FeeBlockId
                 [Warning] Definition target not found: /MICROSAR/Fee/FeeBlockConfiguration/FeePartition
                 [Warning] Definition target not found: /MICROSAR/Fee/FeeBlockConfiguration/FeeDeviceIndex
                 [Warning] Definition target not found: /MICROSAR/Fee/FeeBlockConfiguration
                 [Warning] Definition target not found: /MICROSAR/Fee/FeeBlockConfiguration/FeeBlockIdFixed
                 [Warning] Definition target not found: /MICROSAR/Fee/FeeBlockConfiguration/FeeBlockIsCritical
                 [Warning] Definition target not found: /MICROSAR/Fee/FeeBlockConfiguration/FeeImmediateData
                 [Warning] Definition target not found: /MICROSAR/Fee/FeeBlockConfiguration/FeeNumberOfChunkInstances
                 [Warning] Definition target not found: /MICROSAR/Fee/FeeBlockConfiguration/FeeBlockNumber
                 [Warning] Definition target not found: /MICROSAR/Fee/FeeBlockConfiguration/FeeBlockSize
                 [Warning] Definition target not found: /MICROSAR/Fee/FeeBlockConfiguration/FeeNumberOfWriteCycles
                 [Warning] Definition target not found: /MICROSAR/Fee/FeeBlockConfiguration/FeeNumberOfDatasets
                 [Warning] Definition target not found: /MICROSAR/Fee/FeeBlockConfiguration/FeeBlockId
                 [Warning] Definition target not found: /MICROSAR/Fee/FeeBlockConfiguration/FeePartition
                 [Warning] Definition target not found: /MICROSAR/Fee/FeeBlockConfiguration/FeeDeviceIndex
                 [Warning] Definition target not found: /MICROSAR/Fee/FeeBlockConfiguration
                 [Warning] Definition target not found: /MICROSAR/Fee/FeeBlockConfiguration/FeeBlockIdFixed
                 [Warning] Definition target not found: /MICROSAR/Fee/FeeBlockConfiguration/FeeBlockIsCritical
                 [Warning] Definition target not found: /MICROSAR/Fee/FeeBlockConfiguration/FeeImmediateData
                 [Warning] Definition target not found: /MICROSAR/Fee/FeeBlockConfiguration/FeeNumberOfChunkInstances
                 [Warning] Definition target not found: /MICROSAR/Fee/FeeBlockConfiguration/FeeBlockNumber
                 [Warning] Definition target not found: /MICROSAR/Fee/FeeBlockConfiguration/FeeBlockSize
                 [Warning] Definition target not found: /MICROSAR/Fee/FeeBlockConfiguration/FeeNumberOfWriteCycles
                 [Warning] Definition target not found: /MICROSAR/Fee/FeeBlockConfiguration/FeeNumberOfDatasets
                 [Warning] Definition target not found: /MICROSAR/Fee/FeeBlockConfiguration/FeeBlockId
                 [Warning] Definition target not found: /MICROSAR/Fee/FeeBlockConfiguration/FeePartition
                 [Warning] Definition target not found: /MICROSAR/Fee/FeeBlockConfiguration/FeeDeviceIndex
                 [Warning] Definition target not found: /MICROSAR/Fee/FeeBlockConfiguration
                 [Warning] Definition target not found: /MICROSAR/Fee/FeeBlockConfiguration/FeeBlockIdFixed
                 [Warning] Definition target not found: /MICROSAR/Fee/FeeBlockConfiguration/FeeBlockIsCritical
                 [Warning] Definition target not found: /MICROSAR/Fee/FeeBlockConfiguration/FeeImmediateData
                 [Warning] Definition target not found: /MICROSAR/Fee/FeeBlockConfiguration/FeeNumberOfChunkInstances
                 [Warning] Definition target not found: /MICROSAR/Fee/FeeBlockConfiguration/FeeBlockNumber
                 [Warning] Definition target not found: /MICROSAR/Fee/FeeBlockConfiguration/FeeBlockSize
                 [Warning] Definition target not found: /MICROSAR/Fee/FeeBlockConfiguration/FeeNumberOfWriteCycles
                 [Warning] Definition target not found: /MICROSAR/Fee/FeeBlockConfiguration/FeeNumberOfDatasets
                 [Warning] Definition target not found: /MICROSAR/Fee/FeeBlockConfiguration/FeeBlockId
                 [Warning] Definition target not found: /MICROSAR/Fee/FeeBlockConfiguration/FeePartition
                 [Warning] Definition target not found: /MICROSAR/Fee/FeeBlockConfiguration/FeeDeviceIndex
                 [Warning] Definition target not found: /MICROSAR/Fee/FeeBlockConfiguration
                 [Warning] Definition target not found: /MICROSAR/Fee/FeeBlockConfiguration/FeeBlockIdFixed
                 [Warning] Definition target not found: /MICROSAR/Fee/FeeBlockConfiguration/FeeBlockIsCritical
                 [Warning] Definition target not found: /MICROSAR/Fee/FeeBlockConfiguration/FeeImmediateData
                 [Warning] Definition target not found: /MICROSAR/Fee/FeeBlockConfiguration/FeeNumberOfChunkInstances
                 [Warning] Definition target not found: /MICROSAR/Fee/FeeBlockConfiguration/FeeBlockNumber
                 [Warning] Definition target not found: /MICROSAR/Fee/FeeBlockConfiguration/FeeBlockSize
                 [Warning] Definition target not found: /MICROSAR/Fee/FeeBlockConfiguration/FeeNumberOfWriteCycles
                 [Warning] Definition target not found: /MICROSAR/Fee/FeeBlockConfiguration/FeeNumberOfDatasets
                 [Warning] Definition target not found: /MICROSAR/Fee/FeeBlockConfiguration/FeeBlockId
                 [Warning] Definition target not found: /MICROSAR/Fee/FeeBlockConfiguration/FeePartition
                 [Warning] Definition target not found: /MICROSAR/Fee/FeeBlockConfiguration/FeeDeviceIndex
                 [Warning] Definition target not found: /MICROSAR/Fee/FeeBlockConfiguration
                 [Warning] Definition target not found: /MICROSAR/Fee/FeeBlockConfiguration/FeeBlockIdFixed
                 [Warning] Definition target not found: /MICROSAR/Fee/FeeBlockConfiguration/FeeBlockIsCritical
                 [Warning] Definition target not found: /MICROSAR/Fee/FeeBlockConfiguration/FeeImmediateData
                 [Warning] Definition target not found: /MICROSAR/Fee/FeeBlockConfiguration/FeeNumberOfChunkInstances
                 [Warning] Definition target not found: /MICROSAR/Fee/FeeBlockConfiguration/FeeBlockNumber
                 [Warning] Definition target not found: /MICROSAR/Fee/FeeBlockConfiguration/FeeBlockSize
                 [Warning] Definition target not found: /MICROSAR/Fee/FeeBlockConfiguration/FeeNumberOfWriteCycles
                 [Warning] Definition target not found: /MICROSAR/Fee/FeeBlockConfiguration/FeeNumberOfDatasets
                 [Warning] Definition target not found: /MICROSAR/Fee/FeeBlockConfiguration/FeeBlockId
                 [Warning] Definition target not found: /MICROSAR/Fee/FeeBlockConfiguration/FeePartition
                 [Warning] Definition target not found: /MICROSAR/Fee/FeeBlockConfiguration/FeeDeviceIndex
                 [Warning] Definition target not found: /MICROSAR/Fee/FeeBlockConfiguration
                 [Warning] Definition target not found: /MICROSAR/Fee/FeeBlockConfiguration/FeeBlockIdFixed
                 [Warning] Definition target not found: /MICROSAR/Fee/FeeBlockConfiguration/FeeBlockIsCritical
                 [Warning] Definition target not found: /MICROSAR/Fee/FeeBlockConfiguration/FeeImmediateData
                 [Warning] Definition target not found: /MICROSAR/Fee/FeeBlockConfiguration/FeeNumberOfChunkInstances
                 [Warning] Definition target not found: /MICROSAR/Fee/FeeBlockConfiguration/FeeBlockNumber
                 [Warning] Definition target not found: /MICROSAR/Fee/FeeBlockConfiguration/FeeBlockSize
                 [Warning] Definition target not found: /MICROSAR/Fee/FeeBlockConfiguration/FeeNumberOfWriteCycles
                 [Warning] Definition target not found: /MICROSAR/Fee/FeeBlockConfiguration/FeeNumberOfDatasets
                 [Warning] Definition target not found: /MICROSAR/Fee/FeeBlockConfiguration/FeeBlockId
                 [Warning] Definition target not found: /MICROSAR/Fee/FeeBlockConfiguration/FeePartition
                 [Warning] Definition target not found: /MICROSAR/Fee/FeeBlockConfiguration/FeeDeviceIndex
                 [Warning] Definition target not found: /MICROSAR/Fee/FeeBlockConfiguration
                 [Warning] Definition target not found: /MICROSAR/Fee/FeeBlockConfiguration/FeeBlockIdFixed
                 [Warning] Definition target not found: /MICROSAR/Fee/FeeBlockConfiguration/FeeBlockIsCritical
                 [Warning] Definition target not found: /MICROSAR/Fee/FeeBlockConfiguration/FeeImmediateData
                 [Warning] Definition target not found: /MICROSAR/Fee/FeeBlockConfiguration/FeeNumberOfChunkInstances
                 [Warning] Definition target not found: /MICROSAR/Fee/FeeBlockConfiguration/FeeBlockNumber
                 [Warning] Definition target not found: /MICROSAR/Fee/FeeBlockConfiguration/FeeBlockSize
                 [Warning] Definition target not found: /MICROSAR/Fee/FeeBlockConfiguration/FeeNumberOfWriteCycles
                 [Warning] Definition target not found: /MICROSAR/Fee/FeeBlockConfiguration/FeeNumberOfDatasets
                 [Warning] Definition target not found: /MICROSAR/Fee/FeeBlockConfiguration/FeeBlockId
                 [Warning] Definition target not found: /MICROSAR/Fee/FeeBlockConfiguration/FeePartition
                 [Warning] Definition target not found: /MICROSAR/Fee/FeeBlockConfiguration/FeeDeviceIndex
                 [Warning] Definition target not found: /MICROSAR/Fee/FeeBlockConfiguration
                 [Warning] Definition target not found: /MICROSAR/Fee/FeeBlockConfiguration/FeeBlockIdFixed
                 [Warning] Definition target not found: /MICROSAR/Fee/FeeBlockConfiguration/FeeBlockIsCritical
                 [Warning] Definition target not found: /MICROSAR/Fee/FeeBlockConfiguration/FeeImmediateData
                 [Warning] Definition target not found: /MICROSAR/Fee/FeeBlockConfiguration/FeeNumberOfChunkInstances
                 [Warning] Definition target not found: /MICROSAR/Fee/FeeBlockConfiguration/FeeBlockNumber
                 [Warning] Definition target not found: /MICROSAR/Fee/FeeBlockConfiguration/FeeBlockSize
                 [Warning] Definition target not found: /MICROSAR/Fee/FeeBlockConfiguration/FeeNumberOfWriteCycles
                 [Warning] Definition target not found: /MICROSAR/Fee/FeeBlockConfiguration/FeeNumberOfDatasets
                 [Warning] Definition target not found: /MICROSAR/Fee/FeeBlockConfiguration/FeeBlockId
                 [Warning] Definition target not found: /MICROSAR/Fee/FeeBlockConfiguration/FeePartition
                 [Warning] Definition target not found: /MICROSAR/Fee/FeeBlockConfiguration/FeeDeviceIndex
                 [Warning] Definition target not found: /MICROSAR/Fee/FeeBlockConfiguration
                 [Warning] Definition target not found: /MICROSAR/Fee/FeeBlockConfiguration/FeeBlockIdFixed
                 [Warning] Definition target not found: /MICROSAR/Fee/FeeBlockConfiguration/FeeBlockIsCritical
                 [Warning] Definition target not found: /MICROSAR/Fee/FeeBlockConfiguration/FeeImmediateData
                 [Warning] Definition target not found: /MICROSAR/Fee/FeeBlockConfiguration/FeeNumberOfChunkInstances
                 [Warning] Definition target not found: /MICROSAR/Fee/FeeBlockConfiguration/FeeBlockNumber
                 [Warning] Definition target not found: /MICROSAR/Fee/FeeBlockConfiguration/FeeBlockSize
                 [Warning] Definition target not found: /MICROSAR/Fee/FeeBlockConfiguration/FeeNumberOfWriteCycles
                 [Warning] Definition target not found: /MICROSAR/Fee/FeeBlockConfiguration/FeeNumberOfDatasets
                 [Warning] Definition target not found: /MICROSAR/Fee/FeeBlockConfiguration/FeeBlockId
                 [Warning] Definition target not found: /MICROSAR/Fee/FeeBlockConfiguration/FeePartition
                 [Warning] Definition target not found: /MICROSAR/Fee/FeeBlockConfiguration/FeeDeviceIndex
                 [Warning] Definition target not found: /MICROSAR/Fee/FeeBlockConfiguration
                 [Warning] Definition target not found: /MICROSAR/Fee/FeeBlockConfiguration/FeeBlockIdFixed
                 [Warning] Definition target not found: /MICROSAR/Fee/FeeBlockConfiguration/FeeBlockIsCritical
                 [Warning] Definition target not found: /MICROSAR/Fee/FeeBlockConfiguration/FeeImmediateData
                 [Warning] Definition target not found: /MICROSAR/Fee/FeeBlockConfiguration/FeeNumberOfChunkInstances
                 [Warning] Definition target not found: /MICROSAR/Fee/FeeBlockConfiguration/FeeBlockNumber
                 [Warning] Definition target not found: /MICROSAR/Fee/FeeBlockConfiguration/FeeBlockSize
                 [Warning] Definition target not found: /MICROSAR/Fee/FeeBlockConfiguration/FeeNumberOfWriteCycles
                 [Warning] Definition target not found: /MICROSAR/Fee/FeeBlockConfiguration/FeeNumberOfDatasets
                 [Warning] Definition target not found: /MICROSAR/Fee/FeeBlockConfiguration/FeeBlockId
                 [Warning] Definition target not found: /MICROSAR/Fee/FeeBlockConfiguration/FeePartition
                 [Warning] Definition target not found: /MICROSAR/Fee/FeeBlockConfiguration/FeeDeviceIndex
                 [Warning] Definition target not found: /MICROSAR/Fee/FeeBlockConfiguration
                 [Warning] Definition target not found: /MICROSAR/Fee/FeeBlockConfiguration/FeeBlockIdFixed
                 [Warning] Definition target not found: /MICROSAR/Fee/FeeBlockConfiguration/FeeBlockIsCritical
                 [Warning] Definition target not found: /MICROSAR/Fee/FeeBlockConfiguration/FeeImmediateData
                 [Warning] Definition target not found: /MICROSAR/Fee/FeeBlockConfiguration/FeeNumberOfChunkInstances
                 [Warning] Definition target not found: /MICROSAR/Fee/FeeBlockConfiguration/FeeBlockNumber
                 [Warning] Definition target not found: /MICROSAR/Fee/FeeBlockConfiguration/FeeBlockSize
                 [Warning] Definition target not found: /MICROSAR/Fee/FeeBlockConfiguration/FeeNumberOfWriteCycles
                 [Warning] Definition target not found: /MICROSAR/Fee/FeeBlockConfiguration/FeeNumberOfDatasets
                 [Warning] Definition target not found: /MICROSAR/Fee/FeeBlockConfiguration/FeeBlockId
                 [Warning] Definition target not found: /MICROSAR/Fee/FeeBlockConfiguration/FeePartition
                 [Warning] Definition target not found: /MICROSAR/Fee/FeeBlockConfiguration/FeeDeviceIndex
                 [Warning] Definition target not found: /MICROSAR/Fee/FeeBlockConfiguration
                 [Warning] Definition target not found: /MICROSAR/Fee/FeeBlockConfiguration/FeeBlockIdFixed
                 [Warning] Definition target not found: /MICROSAR/Fee/FeeBlockConfiguration/FeeBlockIsCritical
                 [Warning] Definition target not found: /MICROSAR/Fee/FeeBlockConfiguration/FeeImmediateData
                 [Warning] Definition target not found: /MICROSAR/Fee/FeeBlockConfiguration/FeeNumberOfChunkInstances
                 [Warning] Definition target not found: /MICROSAR/Fee/FeeBlockConfiguration/FeeBlockNumber
                 [Warning] Definition target not found: /MICROSAR/Fee/FeeBlockConfiguration/FeeBlockSize
                 [Warning] Definition target not found: /MICROSAR/Fee/FeeBlockConfiguration/FeeNumberOfWriteCycles
                 [Warning] Definition target not found: /MICROSAR/Fee/FeeBlockConfiguration/FeeNumberOfDatasets
                 [Warning] Definition target not found: /MICROSAR/Fee/FeeBlockConfiguration/FeeBlockId
                 [Warning] Definition target not found: /MICROSAR/Fee/FeeBlockConfiguration/FeePartition
                 [Warning] Definition target not found: /MICROSAR/Fee/FeeBlockConfiguration/FeeDeviceIndex
                 [Warning] Definition target not found: /MICROSAR/Fee/FeeBlockConfiguration
                 [Warning] Definition target not found: /MICROSAR/Fee/FeeBlockConfiguration/FeeBlockIdFixed
                 [Warning] Definition target not found: /MICROSAR/Fee/FeeBlockConfiguration/FeeBlockIsCritical
                 [Warning] Definition target not found: /MICROSAR/Fee/FeeBlockConfiguration/FeeImmediateData
                 [Warning] Definition target not found: /MICROSAR/Fee/FeeBlockConfiguration/FeeNumberOfChunkInstances
                 [Warning] Definition target not found: /MICROSAR/Fee/FeeBlockConfiguration/FeeBlockNumber
                 [Warning] Definition target not found: /MICROSAR/Fee/FeeBlockConfiguration/FeeBlockSize
                 [Warning] Definition target not found: /MICROSAR/Fee/FeeBlockConfiguration/FeeNumberOfWriteCycles
                 [Warning] Definition target not found: /MICROSAR/Fee/FeeBlockConfiguration/FeeNumberOfDatasets
                 [Warning] Definition target not found: /MICROSAR/Fee/FeeBlockConfiguration/FeeBlockId
                 [Warning] Definition target not found: /MICROSAR/Fee/FeeBlockConfiguration/FeePartition
                 [Warning] Definition target not found: /MICROSAR/Fee/FeeBlockConfiguration/FeeDeviceIndex
                 [Warning] Definition target not found: /MICROSAR/Fee/FeeBlockConfiguration
                 [Warning] Definition target not found: /MICROSAR/Fee/FeeBlockConfiguration/FeeBlockIdFixed
                 [Warning] Definition target not found: /MICROSAR/Fee/FeeBlockConfiguration/FeeBlockIsCritical
                 [Warning] Definition target not found: /MICROSAR/Fee/FeeBlockConfiguration/FeeImmediateData
                 [Warning] Definition target not found: /MICROSAR/Fee/FeeBlockConfiguration/FeeNumberOfChunkInstances
                 [Warning] Definition target not found: /MICROSAR/Fee/FeeBlockConfiguration/FeeBlockNumber
                 [Warning] Definition target not found: /MICROSAR/Fee/FeeBlockConfiguration/FeeBlockSize
                 [Warning] Definition target not found: /MICROSAR/Fee/FeeBlockConfiguration/FeeNumberOfWriteCycles
                 [Warning] Definition target not found: /MICROSAR/Fee/FeeBlockConfiguration/FeeNumberOfDatasets
                 [Warning] Definition target not found: /MICROSAR/Fee/FeeBlockConfiguration/FeeBlockId
                 [Warning] Definition target not found: /MICROSAR/Fee/FeeBlockConfiguration/FeePartition
                 [Warning] Definition target not found: /MICROSAR/Fee/FeeBlockConfiguration/FeeDeviceIndex
                 [Warning] Definition target not found: /MICROSAR/Fee/FeeBlockConfiguration
                 [Warning] Definition target not found: /MICROSAR/Fee/FeeBlockConfiguration/FeeBlockIdFixed
                 [Warning] Definition target not found: /MICROSAR/Fee/FeeBlockConfiguration/FeeBlockIsCritical
                 [Warning] Definition target not found: /MICROSAR/Fee/FeeBlockConfiguration/FeeImmediateData
                 [Warning] Definition target not found: /MICROSAR/Fee/FeeBlockConfiguration/FeeNumberOfChunkInstances
                 [Warning] Definition target not found: /MICROSAR/Fee/FeeBlockConfiguration/FeeBlockNumber
                 [Warning] Definition target not found: /MICROSAR/Fee/FeeBlockConfiguration/FeeBlockSize
                 [Warning] Definition target not found: /MICROSAR/Fee/FeeBlockConfiguration/FeeNumberOfWriteCycles
                 [Warning] Definition target not found: /MICROSAR/Fee/FeeBlockConfiguration/FeeNumberOfDatasets
                 [Warning] Definition target not found: /MICROSAR/Fee/FeeBlockConfiguration/FeeBlockId
                 [Warning] Definition target not found: /MICROSAR/Fee/FeeBlockConfiguration/FeePartition
                 [Warning] Definition target not found: /MICROSAR/Fee/FeeBlockConfiguration/FeeDeviceIndex
                 [Warning] Definition target not found: /MICROSAR/NvM/NvMCommonVendorParams/NvMDevErrorChecks
                 [Warning] Definition target not found: /MICROSAR/NvM/NvMCommonVendorParams/NvMDevErrorChecks/NvMCfgIncludeDet
                 [Warning] Definition target not found: /MICROSAR/NvM/NvMCommonVendorParams/NvMDevErrorChecks/NvMErrorhook
                 [Warning] Definition target not found: /MICROSAR/NvM/NvMCommonVendorParams/NvMDevErrorChecks/NvMDebugReporting
                 [Warning] Definition target not found: /MICROSAR/NvM/NvMCommonVendorParams/NvMCfgIncludeDem
                 [Warning] Definition target not found: /MICROSAR/NvM/NvMCommonVendorParams/NvMSeterror.
 09:54:01 - Action 'Validate workflow environment' finished.
 09:54:01 - Action 'Input File Pre-Processing' started.
 09:54:01 - Action 'Converting legacy file(s) to AUTOSAR files' started.
 09:54:01 - Action 'Converting legacy file(s) to AUTOSAR files' started.
              Convert legacy file(s) to System Description.
              Used executable: C:\Vector\CBD1800851_D01_Traveo\Generators\LegacyDb2SystemDescrConverter\LegacyDb2SystemDescrConverter.exe.
              Arguments: "F:\snavoday\SANDBOX_EINSTEIN\28th_OCT_2025\WIP\wip\bsw-gen-develop\Project\Config\System\PlatformDBCE4v7.dbc" -o "C:\Users\snavoday\AppData\Local\Temp\DaVinci\Cfg-0342592\LegacyConverterResults\1761798241822-0\ConvertedLegacy" -r 42 -e -v 19.
              
              Vector Legacy Database Converter.
              Version: 1.8.29.0.
              Copyright (c) 2018 Vector Informatik GmbH.
              License is restricted to the usage with CBD1800851 (D01) for MSR_Ford_SLP1.
              
              [info] SIP License found as C:\Vector\CBD1800851_D01_Traveo\SipLicense.lic.
              [info] Command line: C:\Vector\CBD1800851_D01_Traveo\Generators\LegacyDb2SystemDescrConverter\LegacyDb2SystemDescrConverter.exe "F:\snavoday\SANDBOX_EINSTEIN\28th_OCT_2025\WIP\wip\bsw-gen-develop\Project\Config\System\PlatformDBCE4v7.dbc" -o "C:\Users\snavoday\AppData\Local\Temp\DaVinci\Cfg-0342592\LegacyConverterResults\1761798241822-0\ConvertedLegacy" -r 42 -e -v 19.
              [info] Converting DBC file F:\snavoday\SANDBOX_EINSTEIN\28th_OCT_2025\WIP\wip\bsw-gen-develop\Project\Config\System\PlatformDBCE4v7.dbc.
              [warning] DBC attribute Manufacturer not defined.
                    ==> Use Manufacturer='Vector' as attribute value.
              [warning] DBC message Cluster_Secure_Rx has an GenMsgCycleTime value of 0.
                    ==> ISignalIPdu.CyclicTiming.TimePeriod will be 0.
              [warning] DBC message Cluster_Secure_Tx has an GenMsgCycleTime value of 0.
                    ==> ISignalIPdu.CyclicTiming.TimePeriod will be 0.
              [warning] DBC message Debug_Frame5 has an GenMsgCycleTime value of 0.
                    ==> ISignalIPdu.CyclicTiming.TimePeriod will be 0.
              [warning] DBC message Diag_Resp_UUDT has an GenMsgCycleTime value of 0.
                    ==> ISignalIPdu.CyclicTiming.TimePeriod will be 0.
              [warning] DBC message Diag_Resp_USDT has an GenMsgCycleTime value of 0.
                    ==> ISignalIPdu.CyclicTiming.TimePeriod will be 0.
              [warning] DBC message Diag_Req_Functional has an GenMsgCycleTime value of 0.
                    ==> ISignalIPdu.CyclicTiming.TimePeriod will be 0.
              [warning] DBC message Diag_Req_Physical has an GenMsgCycleTime value of 0.
                    ==> ISignalIPdu.CyclicTiming.TimePeriod will be 0.
              [info] Writing System Description...
              [info] Writing 1 ECU Extracts...
              
              C:\Users\snavoday\AppData\Local\Temp\DaVinci\Cfg-0342592\LegacyConverterResults\1761798241822-0\ConvertedLegacy.arxml.
              C:\Users\snavoday\AppData\Local\Temp\DaVinci\Cfg-0342592\LegacyConverterResults\1761798241822-0\ConvertedLegacy_IC.arxml.
              Elapsed time: 8.656 seconds.
              0 Errors.
              8 Warnings.
              [Warning] Legacy Converter finished with errors/warnings.
 09:54:18 - Action 'Converting legacy file(s) to AUTOSAR files' successfully finished with warnings.
                 [Warning] Legacy Converter finished with errors/warnings.
 09:54:18 - Action 'Converting legacy file(s) to AUTOSAR files' successfully finished with warnings.
                 [Warning] Legacy Converter finished with errors/warnings.
 09:54:19 - Action 'Input File Pre-Processing' finished.
 09:54:19 - Action 'Creating back up' started.
              Create backup TEMP folder: 'C:\Users\snavoday\AppData\Local\Temp\DaVinci\Cfg-0342592\Workflow\1761798259744-0\backup_dvpa_2025-10-30_09-54-19'.
              Copied project file from: 'F:\snavoday\SANDBOX_EINSTEIN\28th_OCT_2025\WIP\wip\bsw-gen-develop\Project\BMW.dpa' to 'C:\Users\snavoday\AppData\Local\Temp\DaVinci\Cfg-0342592\Workflow\1761798259744-0\backup_dvpa_2025-10-30_09-54-19\BMW.dpa'.
              Copied 'ECUC' folder from: 'F:\snavoday\SANDBOX_EINSTEIN\28th_OCT_2025\WIP\wip\bsw-gen-develop\Project\Config\ECUC' to 'C:\Users\snavoday\AppData\Local\Temp\DaVinci\Cfg-0342592\Workflow\1761798259744-0\backup_dvpa_2025-10-30_09-54-19\Config\ECUC'.
              Copied 'System' folder from: 'F:\snavoday\SANDBOX_EINSTEIN\28th_OCT_2025\WIP\wip\bsw-gen-develop\Project\Config\System' to 'C:\Users\snavoday\AppData\Local\Temp\DaVinci\Cfg-0342592\Workflow\1761798259744-0\backup_dvpa_2025-10-30_09-54-19\Config\System'.
              Copied DaVinci Developer Workspace folder from: 'F:\snavoday\SANDBOX_EINSTEIN\28th_OCT_2025\WIP\wip\bsw-gen-develop\Project\Config\Developer' to 'C:\Users\snavoday\AppData\Local\Temp\DaVinci\Cfg-0342592\Workflow\1761798259744-0\backup_dvpa_2025-10-30_09-54-19\Config\Developer'.
              Copied BSW internal behavior folder from: 'F:\snavoday\SANDBOX_EINSTEIN\28th_OCT_2025\WIP\wip\bsw-gen-develop\Project\Config\InternalBehavior' to 'C:\Users\snavoday\AppData\Local\Temp\DaVinci\Cfg-0342592\Workflow\1761798259744-0\backup_dvpa_2025-10-30_09-54-19\Config\InternalBehavior'.
              Copied Service Components folder from: 'F:\snavoday\SANDBOX_EINSTEIN\28th_OCT_2025\WIP\wip\bsw-gen-develop\Project\Config\ServiceComponents' to 'C:\Users\snavoday\AppData\Local\Temp\DaVinci\Cfg-0342592\Workflow\1761798259744-0\backup_dvpa_2025-10-30_09-54-19\Config\ServiceComponents'.
              Copied Application Components files folder from: 'F:\snavoday\SANDBOX_EINSTEIN\28th_OCT_2025\WIP\wip\bsw-gen-develop\Project\Config\ApplicationComponents' to 'C:\Users\snavoday\AppData\Local\Temp\DaVinci\Cfg-0342592\Workflow\1761798259744-0\backup_dvpa_2025-10-30_09-54-19\Config\ApplicationComponents'.
              Copied Definition Restriction files folder from: 'F:\snavoday\SANDBOX_EINSTEIN\28th_OCT_2025\WIP\wip\bsw-gen-develop\Project\DefRestrict' to 'C:\Users\snavoday\AppData\Local\Temp\DaVinci\Cfg-0342592\Workflow\1761798259744-0\backup_dvpa_2025-10-30_09-54-19\DefRestrict'.
              Created Zip File in Backup Folder.
 09:54:24 - Action 'Creating back up' successfully finished.
 09:54:24 - Action 'Close Project' started.
 09:54:26 - Action 'Close Project' successfully finished.
 09:54:33 - Action 'Create copy of the Project' started.
              Copy project 'F:\snavoday\SANDBOX_EINSTEIN\28th_OCT_2025\WIP\wip\bsw-gen-develop\Project' to 'C:\Users\snavoday\AppData\Local\Temp\DaVinci\Cfg-0342592\Workflow\1761798273119-0'...
              Adjusting DPA file of copied project...
 09:54:35 - Action 'Create copy of the Project' successfully finished.
 09:54:35 - Action 'Prepare DaVinci Developer update data' started.
 09:54:35 - Action 'Prepare DaVinci Developer update data' successfully finished.
 09:54:35 - Action 'Prepare data for update' started.
 09:54:35 - Action 'Prepare data for update' successfully finished.
 09:54:35 - Action 'Prepare System Extract' started.
 09:54:36 - Action 'Preprocessing System Extract' started.
 09:54:36 - Action 'Preprocessing System Extract' successfully finished.
 09:54:36 - Action 'Create OEM Communication Extract' started.
 09:54:36 - Action 'Create OEM Communication Extract' successfully finished.
 09:54:36 - Action 'Prepare System Extract' successfully finished.
 09:54:36 - Action 'Updating the project' started.
 09:54:44 - Action 'Create ECU configuration' started.
              [Warning] Error: ECUC51002: Cannot determine NmUserPdu length because the NmPdu is not part of any NmCluster.
                          Extract Path: /PDU/IC_NMPDU_oCAN00
                          Ecuc    Path: /EcuC/EcucPduCollection/IC_NMPDU_oCAN00_7e631dbf_Tx.
 09:54:50 - Action 'Create ECU configuration' successfully finished with warnings.
                 [Warning] Error: ECUC51002: Cannot determine NmUserPdu length because the NmPdu is not part of any NmCluster.
                     Extract Path: /PDU/IC_NMPDU_oCAN00
                     Ecuc    Path: /EcuC/EcucPduCollection/IC_NMPDU_oCAN00_7e631dbf_Tx.
 09:54:50 - Action 'Update ECU configuration' started.
 09:55:02 - Action 'Update ECU configuration' successfully finished.
 09:55:02 - Action 'Updating the project' finished.
 09:55:03 - Action 'Adapt project file' started.
 09:55:03 - Action 'Adapt project file' successfully finished.
 09:55:03 - Action 'Generate update report' started.
 09:55:47 - Action 'Generate update report' successfully finished.
 09:55:47 - Action 'Execute Solving Actions' started.
              Executing Auto-Solving-Actions...
              Auto-Solving-Actions done.
              Executing update specific Preferred-Solving-Actions...
              Update specific Preferred-Solving-Actions done.
 09:56:38 - Action 'Execute Solving Actions' successfully finished.
 09:56:38 - Action 'Update DaVinci Developer Workspace' started.
              ﻿30 Oct 2025 09:56:57 - Opening workspace 'C:\Users\snavoday\AppData\Local\Temp\DaVinci\Cfg-0342592\Workflow\1761798273119-0\Config\Developer\BMW.dcf'...
              30 Oct 2025 09:57:01 - Loading file PlatformTypes_AR4.arxml (C:\Users\snavoday\AppData\Local\Temp\DaVinci\Cfg-0342592\Workflow\1761798273119-0\Config\AUTOSAR\PlatformTypes_AR4.arxml).
              30 Oct 2025 09:57:01 - Loading file Dem_swc.arxml (C:\Users\snavoday\AppData\Local\Temp\DaVinci\Cfg-0342592\Workflow\1761798273119-0\Config\ServiceComponents\Dem_swc.arxml).
              30 Oct 2025 09:57:01 - Loading file Det_swc.arxml (C:\Users\snavoday\AppData\Local\Temp\DaVinci\Cfg-0342592\Workflow\1761798273119-0\Config\ServiceComponents\Det_swc.arxml).
              30 Oct 2025 09:57:01 - Loading file NvM_swc.arxml (C:\Users\snavoday\AppData\Local\Temp\DaVinci\Cfg-0342592\Workflow\1761798273119-0\Config\ServiceComponents\NvM_swc.arxml).
              30 Oct 2025 09:57:01 - Loading file Os_swc.arxml (C:\Users\snavoday\AppData\Local\Temp\DaVinci\Cfg-0342592\Workflow\1761798273119-0\Config\ServiceComponents\Os_swc.arxml).
              30 Oct 2025 09:57:01 - Loading file Communication.arxml (C:\Users\snavoday\AppData\Local\Temp\DaVinci\Cfg-0342592\Workflow\1761798273119-0\Update\DevData\Communication.arxml).
              30 Oct 2025 09:57:10 - Loading file BMW.arxml (C:\Users\snavoday\AppData\Local\Temp\DaVinci\Cfg-0342592\Workflow\1761798273119-0\Config\Developer\BMW.arxml).
              30 Oct 2025 09:57:10 - Loading file CBacklightCdd.arxml (C:\Users\snavoday\AppData\Local\Temp\DaVinci\Cfg-0342592\Workflow\1761798273119-0\Config\Developer\CBacklightCdd.arxml).
              30 Oct 2025 09:57:10 - Loading file CBattMdl.arxml (C:\Users\snavoday\AppData\Local\Temp\DaVinci\Cfg-0342592\Workflow\1761798273119-0\Config\Developer\CBattMdl.arxml).
              30 Oct 2025 09:57:10 - Loading file CCDD_BswFit.arxml (C:\Users\snavoday\AppData\Local\Temp\DaVinci\Cfg-0342592\Workflow\1761798273119-0\Config\Developer\CCDD_BswFit.arxml).
              30 Oct 2025 09:57:10 - Loading file CCDD_EcuPowerM.arxml (C:\Users\snavoday\AppData\Local\Temp\DaVinci\Cfg-0342592\Workflow\1761798273119-0\Config\Developer\CCDD_EcuPowerM.arxml).
              30 Oct 2025 09:57:10 - Loading file CCDD_FitManager.arxml (C:\Users\snavoday\AppData\Local\Temp\DaVinci\Cfg-0342592\Workflow\1761798273119-0\Config\Developer\CCDD_FitManager.arxml).
              30 Oct 2025 09:57:10 - Loading file CCDD_McuFit.arxml (C:\Users\snavoday\AppData\Local\Temp\DaVinci\Cfg-0342592\Workflow\1761798273119-0\Config\Developer\CCDD_McuFit.arxml).
              30 Oct 2025 09:57:10 - Loading file CComAbsCtrl.arxml (C:\Users\snavoday\AppData\Local\Temp\DaVinci\Cfg-0342592\Workflow\1761798273119-0\Config\Developer\CComAbsCtrl.arxml).
              30 Oct 2025 09:57:10 - Loading file CComAbsMdl.arxml (C:\Users\snavoday\AppData\Local\Temp\DaVinci\Cfg-0342592\Workflow\1761798273119-0\Config\Developer\CComAbsMdl.arxml).
              30 Oct 2025 09:57:10 - Loading file CComAbsMdlSafe.arxml (C:\Users\snavoday\AppData\Local\Temp\DaVinci\Cfg-0342592\Workflow\1761798273119-0\Config\Developer\CComAbsMdlSafe.arxml).
              30 Oct 2025 09:57:10 - Loading file CComAbsMdl_stubs.arxml (C:\Users\snavoday\AppData\Local\Temp\DaVinci\Cfg-0342592\Workflow\1761798273119-0\Config\Developer\CComAbsMdl_stubs.arxml).
              30 Oct 2025 09:57:10 - Loading file CCtrl_Telltale.arxml (C:\Users\snavoday\AppData\Local\Temp\DaVinci\Cfg-0342592\Workflow\1761798273119-0\Config\Developer\CCtrl_Telltale.arxml).
              30 Oct 2025 09:57:10 - Loading file CDisplayCdd.arxml (C:\Users\snavoday\AppData\Local\Temp\DaVinci\Cfg-0342592\Workflow\1761798273119-0\Config\Developer\CDisplayCdd.arxml).
              30 Oct 2025 09:57:10 - Loading file CFltM.arxml (C:\Users\snavoday\AppData\Local\Temp\DaVinci\Cfg-0342592\Workflow\1761798273119-0\Config\Developer\CFltM.arxml).
              30 Oct 2025 09:57:10 - Loading file CFltMExt.arxml (C:\Users\snavoday\AppData\Local\Temp\DaVinci\Cfg-0342592\Workflow\1761798273119-0\Config\Developer\CFltMExt.arxml).
              30 Oct 2025 09:57:10 - Loading file CIoExp.arxml (C:\Users\snavoday\AppData\Local\Temp\DaVinci\Cfg-0342592\Workflow\1761798273119-0\Config\Developer\CIoExp.arxml).
              30 Oct 2025 09:57:10 - Loading file CMeetCdd.arxml (C:\Users\snavoday\AppData\Local\Temp\DaVinci\Cfg-0342592\Workflow\1761798273119-0\Config\Developer\CMeetCdd.arxml).
              30 Oct 2025 09:57:10 - Loading file ComCallout.arxml (C:\Users\snavoday\AppData\Local\Temp\DaVinci\Cfg-0342592\Workflow\1761798273119-0\Config\Developer\ComCallout.arxml).
              30 Oct 2025 09:57:10 - Loading file ComMExt.arxml (C:\Users\snavoday\AppData\Local\Temp\DaVinci\Cfg-0342592\Workflow\1761798273119-0\Config\Developer\ComMExt.arxml).
              30 Oct 2025 09:57:10 - Loading file Constants.arxml (C:\Users\snavoday\AppData\Local\Temp\DaVinci\Cfg-0342592\Workflow\1761798273119-0\Config\Developer\Constants.arxml).
              30 Oct 2025 09:57:10 - Loading file CorTst.arxml (C:\Users\snavoday\AppData\Local\Temp\DaVinci\Cfg-0342592\Workflow\1761798273119-0\Config\Developer\CorTst.arxml).
              30 Oct 2025 09:57:10 - Loading file CPmicCdd.arxml (C:\Users\snavoday\AppData\Local\Temp\DaVinci\Cfg-0342592\Workflow\1761798273119-0\Config\Developer\CPmicCdd.arxml).
              30 Oct 2025 09:57:10 - Loading file CRstM.arxml (C:\Users\snavoday\AppData\Local\Temp\DaVinci\Cfg-0342592\Workflow\1761798273119-0\Config\Developer\CRstM.arxml).
              30 Oct 2025 09:57:10 - Loading file CRtcCdd.arxml (C:\Users\snavoday\AppData\Local\Temp\DaVinci\Cfg-0342592\Workflow\1761798273119-0\Config\Developer\CRtcCdd.arxml).
              30 Oct 2025 09:57:10 - Loading file CSleepManager.arxml (C:\Users\snavoday\AppData\Local\Temp\DaVinci\Cfg-0342592\Workflow\1761798273119-0\Config\Developer\CSleepManager.arxml).
              30 Oct 2025 09:57:10 - Loading file Ctrl_Dim.arxml (C:\Users\snavoday\AppData\Local\Temp\DaVinci\Cfg-0342592\Workflow\1761798273119-0\Config\Developer\Ctrl_Dim.arxml).
              30 Oct 2025 09:57:10 - Loading file Ctrl_Illumination.arxml (C:\Users\snavoday\AppData\Local\Temp\DaVinci\Cfg-0342592\Workflow\1761798273119-0\Config\Developer\Ctrl_Illumination.arxml).
              30 Oct 2025 09:57:10 - Loading file Ctrl_warning.arxml (C:\Users\snavoday\AppData\Local\Temp\DaVinci\Cfg-0342592\Workflow\1761798273119-0\Config\Developer\Ctrl_warning.arxml).
              30 Oct 2025 09:57:10 - Loading file Ctrl_WSS.arxml (C:\Users\snavoday\AppData\Local\Temp\DaVinci\Cfg-0342592\Workflow\1761798273119-0\Config\Developer\Ctrl_WSS.arxml).
              30 Oct 2025 09:57:10 - Loading file CUpdateCdd.arxml (C:\Users\snavoday\AppData\Local\Temp\DaVinci\Cfg-0342592\Workflow\1761798273119-0\Config\Developer\CUpdateCdd.arxml).
              30 Oct 2025 09:57:10 - Loading file CView_Telltale.arxml (C:\Users\snavoday\AppData\Local\Temp\DaVinci\Cfg-0342592\Workflow\1761798273119-0\Config\Developer\CView_Telltale.arxml).
              30 Oct 2025 09:57:10 - Loading file CWarnMsg_Core_Observer.arxml (C:\Users\snavoday\AppData\Local\Temp\DaVinci\Cfg-0342592\Workflow\1761798273119-0\Config\Developer\CWarnMsg_Core_Observer.arxml).
              30 Oct 2025 09:57:10 - Loading file DataTypes.arxml (C:\Users\snavoday\AppData\Local\Temp\DaVinci\Cfg-0342592\Workflow\1761798273119-0\Config\Developer\DataTypes.arxml).
              30 Oct 2025 09:57:10 - Loading file DcmApp.arxml (C:\Users\snavoday\AppData\Local\Temp\DaVinci\Cfg-0342592\Workflow\1761798273119-0\Config\Developer\DcmApp.arxml).
              30 Oct 2025 09:57:10 - Loading file DcmExt.arxml (C:\Users\snavoday\AppData\Local\Temp\DaVinci\Cfg-0342592\Workflow\1761798273119-0\Config\Developer\DcmExt.arxml).
              30 Oct 2025 09:57:10 - Loading file DemApp.arxml (C:\Users\snavoday\AppData\Local\Temp\DaVinci\Cfg-0342592\Workflow\1761798273119-0\Config\Developer\DemApp.arxml).
              30 Oct 2025 09:57:10 - Loading file DemExt.arxml (C:\Users\snavoday\AppData\Local\Temp\DaVinci\Cfg-0342592\Workflow\1761798273119-0\Config\Developer\DemExt.arxml).
              30 Oct 2025 09:57:10 - Loading file Det.arxml (C:\Users\snavoday\AppData\Local\Temp\DaVinci\Cfg-0342592\Workflow\1761798273119-0\Config\Developer\Det.arxml).
              30 Oct 2025 09:57:10 - Loading file Dlt.arxml (C:\Users\snavoday\AppData\Local\Temp\DaVinci\Cfg-0342592\Workflow\1761798273119-0\Config\Developer\Dlt.arxml).
              30 Oct 2025 09:57:10 - Loading file DltExt.arxml (C:\Users\snavoday\AppData\Local\Temp\DaVinci\Cfg-0342592\Workflow\1761798273119-0\Config\Developer\DltExt.arxml).
              30 Oct 2025 09:57:10 - Loading file DmnMgr.arxml (C:\Users\snavoday\AppData\Local\Temp\DaVinci\Cfg-0342592\Workflow\1761798273119-0\Config\Developer\DmnMgr.arxml).
              30 Oct 2025 09:57:10 - Loading file E40_Platform_System_SoftwareArchitecture.arxml (C:\Users\snavoday\AppData\Local\Temp\DaVinci\Cfg-0342592\Workflow\1761798273119-0\Config\Developer\E40_Platform_System_SoftwareArchitecture.arxml).
              30 Oct 2025 09:57:10 - Loading file EcuAppM.arxml (C:\Users\snavoday\AppData\Local\Temp\DaVinci\Cfg-0342592\Workflow\1761798273119-0\Config\Developer\EcuAppM.arxml).
              30 Oct 2025 09:57:10 - Loading file EcuM.arxml (C:\Users\snavoday\AppData\Local\Temp\DaVinci\Cfg-0342592\Workflow\1761798273119-0\Config\Developer\EcuM.arxml).
              30 Oct 2025 09:57:10 - Loading file EcuMExt.arxml (C:\Users\snavoday\AppData\Local\Temp\DaVinci\Cfg-0342592\Workflow\1761798273119-0\Config\Developer\EcuMExt.arxml).
              30 Oct 2025 09:57:10 - Loading file FastGaugeAdapter.arxml (C:\Users\snavoday\AppData\Local\Temp\DaVinci\Cfg-0342592\Workflow\1761798273119-0\Config\Developer\FastGaugeAdapter.arxml).
              30 Oct 2025 09:57:10 - Loading file FlsTst.arxml (C:\Users\snavoday\AppData\Local\Temp\DaVinci\Cfg-0342592\Workflow\1761798273119-0\Config\Developer\FlsTst.arxml).
              30 Oct 2025 09:57:10 - Loading file GdtCdd.arxml (C:\Users\snavoday\AppData\Local\Temp\DaVinci\Cfg-0342592\Workflow\1761798273119-0\Config\Developer\GdtCdd.arxml).
              30 Oct 2025 09:57:10 - Loading file IoHwAb.arxml (C:\Users\snavoday\AppData\Local\Temp\DaVinci\Cfg-0342592\Workflow\1761798273119-0\Config\Developer\IoHwAb.arxml).
              30 Oct 2025 09:57:10 - Loading file Mdl_Airbag.arxml (C:\Users\snavoday\AppData\Local\Temp\DaVinci\Cfg-0342592\Workflow\1761798273119-0\Config\Developer\Mdl_Airbag.arxml).
              30 Oct 2025 09:57:10 - Loading file Mdl_Dim.arxml (C:\Users\snavoday\AppData\Local\Temp\DaVinci\Cfg-0342592\Workflow\1761798273119-0\Config\Developer\Mdl_Dim.arxml).
              30 Oct 2025 09:57:10 - Loading file Mdl_Gear.arxml (C:\Users\snavoday\AppData\Local\Temp\DaVinci\Cfg-0342592\Workflow\1761798273119-0\Config\Developer\Mdl_Gear.arxml).
              30 Oct 2025 09:57:10 - Loading file Mdl_Linear_Interpolation.arxml (C:\Users\snavoday\AppData\Local\Temp\DaVinci\Cfg-0342592\Workflow\1761798273119-0\Config\Developer\Mdl_Linear_Interpolation.arxml).
              30 Oct 2025 09:57:10 - Loading file Mdl_SafetyAdapter.arxml (C:\Users\snavoday\AppData\Local\Temp\DaVinci\Cfg-0342592\Workflow\1761798273119-0\Config\Developer\Mdl_SafetyAdapter.arxml).
              30 Oct 2025 09:57:10 - Loading file Mdl_Speed.arxml (C:\Users\snavoday\AppData\Local\Temp\DaVinci\Cfg-0342592\Workflow\1761798273119-0\Config\Developer\Mdl_Speed.arxml).
              30 Oct 2025 09:57:10 - Loading file Mdl_Tacho.arxml (C:\Users\snavoday\AppData\Local\Temp\DaVinci\Cfg-0342592\Workflow\1761798273119-0\Config\Developer\Mdl_Tacho.arxml).
              30 Oct 2025 09:57:10 - Loading file Mdl_TurnHazard.arxml (C:\Users\snavoday\AppData\Local\Temp\DaVinci\Cfg-0342592\Workflow\1761798273119-0\Config\Developer\Mdl_TurnHazard.arxml).
              30 Oct 2025 09:57:10 - Loading file Mdl_wAirbag.arxml (C:\Users\snavoday\AppData\Local\Temp\DaVinci\Cfg-0342592\Workflow\1761798273119-0\Config\Developer\Mdl_wAirbag.arxml).
              30 Oct 2025 09:57:10 - Loading file Mdl_wFuelLidOpen.arxml (C:\Users\snavoday\AppData\Local\Temp\DaVinci\Cfg-0342592\Workflow\1761798273119-0\Config\Developer\Mdl_wFuelLidOpen.arxml).
              30 Oct 2025 09:57:10 - Loading file MemAbstractMdl.arxml (C:\Users\snavoday\AppData\Local\Temp\DaVinci\Cfg-0342592\Workflow\1761798273119-0\Config\Developer\MemAbstractMdl.arxml).
              30 Oct 2025 09:57:10 - Loading file MemAbstractStub.arxml (C:\Users\snavoday\AppData\Local\Temp\DaVinci\Cfg-0342592\Workflow\1761798273119-0\Config\Developer\MemAbstractStub.arxml).
              30 Oct 2025 09:57:10 - Loading file MemAbstract_Stub_Safe.arxml (C:\Users\snavoday\AppData\Local\Temp\DaVinci\Cfg-0342592\Workflow\1761798273119-0\Config\Developer\MemAbstract_Stub_Safe.arxml).
              30 Oct 2025 09:57:10 - Loading file NvBlockSwComponentType.arxml (C:\Users\snavoday\AppData\Local\Temp\DaVinci\Cfg-0342592\Workflow\1761798273119-0\Config\Developer\NvBlockSwComponentType.arxml).
              30 Oct 2025 09:57:10 - Loading file NvMExt.arxml (C:\Users\snavoday\AppData\Local\Temp\DaVinci\Cfg-0342592\Workflow\1761798273119-0\Config\Developer\NvMExt.arxml).
              30 Oct 2025 09:57:10 - Loading file NvMExtSf.arxml (C:\Users\snavoday\AppData\Local\Temp\DaVinci\Cfg-0342592\Workflow\1761798273119-0\Config\Developer\NvMExtSf.arxml).
              30 Oct 2025 09:57:10 - Loading file Packages.arxml (C:\Users\snavoday\AppData\Local\Temp\DaVinci\Cfg-0342592\Workflow\1761798273119-0\Config\Developer\Packages.arxml).
              30 Oct 2025 09:57:10 - Loading file PortInterfaces.arxml (C:\Users\snavoday\AppData\Local\Temp\DaVinci\Cfg-0342592\Workflow\1761798273119-0\Config\Developer\PortInterfaces.arxml).
              30 Oct 2025 09:57:10 - Loading file RamTst.arxml (C:\Users\snavoday\AppData\Local\Temp\DaVinci\Cfg-0342592\Workflow\1761798273119-0\Config\Developer\RamTst.arxml).
              30 Oct 2025 09:57:10 - Loading file RtcCdd.arxml (C:\Users\snavoday\AppData\Local\Temp\DaVinci\Cfg-0342592\Workflow\1761798273119-0\Config\Developer\RtcCdd.arxml).
              30 Oct 2025 09:57:10 - Loading file SafeBsw.arxml (C:\Users\snavoday\AppData\Local\Temp\DaVinci\Cfg-0342592\Workflow\1761798273119-0\Config\Developer\SafeBsw.arxml).
              30 Oct 2025 09:57:10 - Loading file SafeNvM.arxml (C:\Users\snavoday\AppData\Local\Temp\DaVinci\Cfg-0342592\Workflow\1761798273119-0\Config\Developer\SafeNvM.arxml).
              30 Oct 2025 09:57:10 - Loading file SciDrv.arxml (C:\Users\snavoday\AppData\Local\Temp\DaVinci\Cfg-0342592\Workflow\1761798273119-0\Config\Developer\SciDrv.arxml).
              30 Oct 2025 09:57:10 - Loading file SlowGaugeAdapter.arxml (C:\Users\snavoday\AppData\Local\Temp\DaVinci\Cfg-0342592\Workflow\1761798273119-0\Config\Developer\SlowGaugeAdapter.arxml).
              30 Oct 2025 09:57:10 - Loading file SysTst.arxml (C:\Users\snavoday\AppData\Local\Temp\DaVinci\Cfg-0342592\Workflow\1761798273119-0\Config\Developer\SysTst.arxml).
              30 Oct 2025 09:57:10 - Loading file Test_Comp.arxml (C:\Users\snavoday\AppData\Local\Temp\DaVinci\Cfg-0342592\Workflow\1761798273119-0\Config\Developer\Test_Comp.arxml).
              30 Oct 2025 09:57:10 - Loading file TmExt.arxml (C:\Users\snavoday\AppData\Local\Temp\DaVinci\Cfg-0342592\Workflow\1761798273119-0\Config\Developer\TmExt.arxml).
              30 Oct 2025 09:57:10 - Loading file TrustecSWC.arxml (C:\Users\snavoday\AppData\Local\Temp\DaVinci\Cfg-0342592\Workflow\1761798273119-0\Config\Developer\TrustecSWC.arxml).
              30 Oct 2025 09:57:10 - Loading file UclProxyCdd.arxml (C:\Users\snavoday\AppData\Local\Temp\DaVinci\Cfg-0342592\Workflow\1761798273119-0\Config\Developer\UclProxyCdd.arxml).
              30 Oct 2025 09:57:10 - Loading file UclProxyCdd_1.arxml (C:\Users\snavoday\AppData\Local\Temp\DaVinci\Cfg-0342592\Workflow\1761798273119-0\Config\Developer\UclProxyCdd_1.arxml).
              30 Oct 2025 09:57:10 - Loading file View_Illumination.arxml (C:\Users\snavoday\AppData\Local\Temp\DaVinci\Cfg-0342592\Workflow\1761798273119-0\Config\Developer\View_Illumination.arxml).
              30 Oct 2025 09:57:10 - Loading file View_Speed.arxml (C:\Users\snavoday\AppData\Local\Temp\DaVinci\Cfg-0342592\Workflow\1761798273119-0\Config\Developer\View_Speed.arxml).
              30 Oct 2025 09:57:10 - Loading file WarnMsg_Core_TmrSupport.arxml (C:\Users\snavoday\AppData\Local\Temp\DaVinci\Cfg-0342592\Workflow\1761798273119-0\Config\Developer\WarnMsg_Core_TmrSupport.arxml).
              30 Oct 2025 09:57:10 - Loading file WdgM.arxml (C:\Users\snavoday\AppData\Local\Temp\DaVinci\Cfg-0342592\Workflow\1761798273119-0\Config\Developer\WdgM.arxml).
              30 Oct 2025 09:57:28 - Opened workspace 'C:\Users\snavoday\AppData\Local\Temp\DaVinci\Cfg-0342592\Workflow\1761798273119-0\Config\Developer\BMW.dcf' successfully.
              30 Oct 2025 09:57:30 - Start import.
              30 Oct 2025 09:57:30 - Importing file (C:\Users\snavoday\AppData\Local\Temp\DaVinci\Cfg-0342592\Workflow\1761798273119-0\Config\System\SystemExtract.arxml).
              30 Oct 2025 09:57:31 - Merging imported data.
              30 Oct 2025 09:57:32 - Finished import.
              30 Oct 2025 09:57:33 - Saving workspace 'C:\Users\snavoday\AppData\Local\Temp\DaVinci\Cfg-0342592\Workflow\1761798273119-0\Config\Developer\BMW.dcf'...
              30 Oct 2025 09:57:34 - Saving file DataTypes.arxml (C:\Users\snavoday\AppData\Local\Temp\DaVinci\Cfg-0342592\Workflow\1761798273119-0\Config\Developer\DataTypes.arxml).
              30 Oct 2025 09:57:34 - Saved workspace 'C:\Users\snavoday\AppData\Local\Temp\DaVinci\Cfg-0342592\Workflow\1761798273119-0\Config\Developer\BMW.dcf' successfully.
              30 Oct 2025 09:57:34 - Closing workspace 'C:\Users\snavoday\AppData\Local\Temp\DaVinci\Cfg-0342592\Workflow\1761798273119-0\Config\Developer\BMW.dcf'...
              30 Oct 2025 09:57:34 - Closed workspace 'C:\Users\snavoday\AppData\Local\Temp\DaVinci\Cfg-0342592\Workflow\1761798273119-0\Config\Developer\BMW.dcf' successfully.
              OK.
 09:57:36 - Action 'Update DaVinci Developer Workspace' successfully finished.
 09:57:36 - Action 'Update RTE configuration' started.
              [Warning] [Warning] DataMapping ignored: ContextPort is missing: SenderReceiverToSignalMapping [communicationDirection:null, dataElement:VariableDataPrototypeInSystemInstanceRef [contextComponent:[], contextComposition:null, contextPort:null, targetDataPrototype:/PortInterfaces/Ambient_Light_level/Ambient_Light_level], derived-state:false, eventGroup:[], eventHandler:[], serviceInstance:[], systemSignal:/Signal/Ambient_Light_level, variationPoint:null].
                        [Warning] DataMapping ignored: ContextPort is missing: SenderReceiverToSignalMapping [communicationDirection:null, dataElement:VariableDataPrototypeInSystemInstanceRef [contextComponent:[], contextComposition:null, contextPort:null, targetDataPrototype:/PortInterfaces/DayNightMode/DayNightMode], derived-state:false, eventGroup:[], eventHandler:[], serviceInstance:[], systemSignal:/Signal/DayNightMode, variationPoint:null].
                        [Warning] DataMapping ignored: ContextPort is missing: SenderReceiverToSignalMapping [communicationDirection:null, dataElement:VariableDataPrototypeInSystemInstanceRef [contextComponent:[], contextComposition:null, contextPort:null, targetDataPrototype:/PortInterfaces/Gear/Gear], derived-state:false, eventGroup:[], eventHandler:[], serviceInstance:[], systemSignal:/Signal/Gear, variationPoint:null].
                        [Warning] DataMapping ignored: ContextPort is missing: SenderReceiverToSignalMapping [communicationDirection:null, dataElement:VariableDataPrototypeInSystemInstanceRef [contextComponent:[], contextComposition:null, contextPort:null, targetDataPrototype:/PortInterfaces/GearMode/GearMode], derived-state:false, eventGroup:[], eventHandler:[], serviceInstance:[], systemSignal:/Signal/GearMode, variationPoint:null].
                        [Warning] DataMapping ignored: ContextPort is missing: SenderReceiverToSignalMapping [communicationDirection:null, dataElement:VariableDataPrototypeInSystemInstanceRef [contextComponent:[], contextComposition:null, contextPort:null, targetDataPrototype:/PortInterfaces/GearRecommendation/GearRecommendation], derived-state:false, eventGroup:[], eventHandler:[], serviceInstance:[], systemSignal:/Signal/GearRecommendation, variationPoint:null].
                        [Warning] DataMapping ignored: ContextPort is missing: SenderReceiverToSignalMapping [communicationDirection:null, dataElement:VariableDataPrototypeInSystemInstanceRef [contextComponent:[], contextComposition:null, contextPort:null, targetDataPrototype:/PortInterfaces/GearStatus/GearStatus], derived-state:false, eventGroup:[], eventHandler:[], serviceInstance:[], systemSignal:/Signal/GearStatus, variationPoint:null].
                        [Warning] DataMapping ignored: ContextPort is missing: SenderReceiverToSignalMapping [communicationDirection:null, dataElement:VariableDataPrototypeInSystemInstanceRef [contextComponent:[], contextComposition:null, contextPort:null, targetDataPrototype:/PortInterfaces/Illumination_level/Illumination_level], derived-state:false, eventGroup:[], eventHandler:[], serviceInstance:[], systemSignal:/Signal/Illumination_level, variationPoint:null].
                        [Warning] DataMapping ignored: ContextPort is missing: SenderReceiverToSignalMapping [communicationDirection:null, dataElement:VariableDataPrototypeInSystemInstanceRef [contextComponent:[], contextComposition:null, contextPort:null, targetDataPrototype:/PortInterfaces/PowerMode/PowerMode], derived-state:false, eventGroup:[], eventHandler:[], serviceInstance:[], systemSignal:/Signal/PowerMode, variationPoint:null].
                        [Warning] DataMapping ignored: ContextPort is missing: SenderReceiverToSignalMapping [communicationDirection:null, dataElement:VariableDataPrototypeInSystemInstanceRef [contextComponent:[], contextComposition:null, contextPort:null, targetDataPrototype:/PortInterfaces/TransportMode/TransportMode], derived-state:false, eventGroup:[], eventHandler:[], serviceInstance:[], systemSignal:/Signal/TransportMode, variationPoint:null].
                        [Warning] DataMapping ignored: ContextPort is missing: SenderReceiverToSignalMapping [communicationDirection:null, dataElement:VariableDataPrototypeInSystemInstanceRef [contextComponent:[], contextComposition:null, contextPort:null, targetDataPrototype:/PortInterfaces/Warning/Warning], derived-state:false, eventGroup:[], eventHandler:[], serviceInstance:[], systemSignal:/Signal/Warning, variationPoint:null].
                        [Warning] DataMapping ignored: ContextPort is missing: SenderReceiverToSignalMapping [communicationDirection:null, dataElement:VariableDataPrototypeInSystemInstanceRef [contextComponent:[], contextComposition:null, contextPort:null, targetDataPrototype:/PortInterfaces/Battery_Voltage/Battery_Voltage], derived-state:false, eventGroup:[], eventHandler:[], serviceInstance:[], systemSignal:/Signal/Battery_Voltage, variationPoint:null].
                        [Warning] DataMapping ignored: ContextPort is missing: SenderReceiverToSignalMapping [communicationDirection:null, dataElement:VariableDataPrototypeInSystemInstanceRef [contextComponent:[], contextComposition:null, contextPort:null, targetDataPrototype:/PortInterfaces/Debug1_Byte0/Debug1_Byte0], derived-state:false, eventGroup:[], eventHandler:[], serviceInstance:[], systemSignal:/Signal/Debug1_Byte0, variationPoint:null].
                        [Warning] DataMapping ignored: ContextPort is missing: SenderReceiverToSignalMapping [communicationDirection:null, dataElement:VariableDataPrototypeInSystemInstanceRef [contextComponent:[], contextComposition:null, contextPort:null, targetDataPrototype:/PortInterfaces/Debug1_Byte1/Debug1_Byte1], derived-state:false, eventGroup:[], eventHandler:[], serviceInstance:[], systemSignal:/Signal/Debug1_Byte1, variationPoint:null].
                        [Warning] DataMapping ignored: ContextPort is missing: SenderReceiverToSignalMapping [communicationDirection:null, dataElement:VariableDataPrototypeInSystemInstanceRef [contextComponent:[], contextComposition:null, contextPort:null, targetDataPrototype:/PortInterfaces/Debug1_Byte2/Debug1_Byte2], derived-state:false, eventGroup:[], eventHandler:[], serviceInstance:[], systemSignal:/Signal/Debug1_Byte2, variationPoint:null].
                        [Warning] DataMapping ignored: ContextPort is missing: SenderReceiverToSignalMapping [communicationDirection:null, dataElement:VariableDataPrototypeInSystemInstanceRef [contextComponent:[], contextComposition:null, contextPort:null, targetDataPrototype:/PortInterfaces/Debug1_Byte3/Debug1_Byte3], derived-state:false, eventGroup:[], eventHandler:[], serviceInstance:[], systemSignal:/Signal/Debug1_Byte3, variationPoint:null].
                        [Warning] DataMapping ignored: ContextPort is missing: SenderReceiverToSignalMapping [communicationDirection:null, dataElement:VariableDataPrototypeInSystemInstanceRef [contextComponent:[], contextComposition:null, contextPort:null, targetDataPrototype:/PortInterfaces/Debug1_Byte4/Debug1_Byte4], derived-state:false, eventGroup:[], eventHandler:[], serviceInstance:[], systemSignal:/Signal/Debug1_Byte4, variationPoint:null].
                        [Warning] DataMapping ignored: ContextPort is missing: SenderReceiverToSignalMapping [communicationDirection:null, dataElement:VariableDataPrototypeInSystemInstanceRef [contextComponent:[], contextComposition:null, contextPort:null, targetDataPrototype:/PortInterfaces/Debug1_Byte5/Debug1_Byte5], derived-state:false, eventGroup:[], eventHandler:[], serviceInstance:[], systemSignal:/Signal/Debug1_Byte5, variationPoint:null].
                        [Warning] DataMapping ignored: ContextPort is missing: SenderReceiverToSignalMapping [communicationDirection:null, dataElement:VariableDataPrototypeInSystemInstanceRef [contextComponent:[], contextComposition:null, contextPort:null, targetDataPrototype:/PortInterfaces/Debug1_Byte6/Debug1_Byte6], derived-state:false, eventGroup:[], eventHandler:[], serviceInstance:[], systemSignal:/Signal/Debug1_Byte6, variationPoint:null].
                        [Warning] DataMapping ignored: ContextPort is missing: SenderReceiverToSignalMapping [communicationDirection:null, dataElement:VariableDataPrototypeInSystemInstanceRef [contextComponent:[], contextComposition:null, contextPort:null, targetDataPrototype:/PortInterfaces/Debug1_Byte7/Debug1_Byte7], derived-state:false, eventGroup:[], eventHandler:[], serviceInstance:[], systemSignal:/Signal/Debug1_Byte7, variationPoint:null].
                        [Warning] DataMapping ignored: ContextPort is missing: SenderReceiverToSignalMapping [communicationDirection:null, dataElement:VariableDataPrototypeInSystemInstanceRef [contextComponent:[], contextComposition:null, contextPort:null, targetDataPrototype:/PortInterfaces/Debug2_Byte0/Debug2_Byte0], derived-state:false, eventGroup:[], eventHandler:[], serviceInstance:[], systemSignal:/Signal/Debug2_Byte0, variationPoint:null].
                        [Warning] DataMapping ignored: ContextPort is missing: SenderReceiverToSignalMapping [communicationDirection:null, dataElement:VariableDataPrototypeInSystemInstanceRef [contextComponent:[], contextComposition:null, contextPort:null, targetDataPrototype:/PortInterfaces/Debug2_Byte1/Debug2_Byte1], derived-state:false, eventGroup:[], eventHandler:[], serviceInstance:[], systemSignal:/Signal/Debug2_Byte1, variationPoint:null].
                        [Warning] DataMapping ignored: ContextPort is missing: SenderReceiverToSignalMapping [communicationDirection:null, dataElement:VariableDataPrototypeInSystemInstanceRef [contextComponent:[], contextComposition:null, contextPort:null, targetDataPrototype:/PortInterfaces/Debug2_Byte2/Debug2_Byte2], derived-state:false, eventGroup:[], eventHandler:[], serviceInstance:[], systemSignal:/Signal/Debug2_Byte2, variationPoint:null].
                        [Warning] DataMapping ignored: ContextPort is missing: SenderReceiverToSignalMapping [communicationDirection:null, dataElement:VariableDataPrototypeInSystemInstanceRef [contextComponent:[], contextComposition:null, contextPort:null, targetDataPrototype:/PortInterfaces/Debug2_Byte3/Debug2_Byte3], derived-state:false, eventGroup:[], eventHandler:[], serviceInstance:[], systemSignal:/Signal/Debug2_Byte3, variationPoint:null].
                        [Warning] DataMapping ignored: ContextPort is missing: SenderReceiverToSignalMapping [communicationDirection:null, dataElement:VariableDataPrototypeInSystemInstanceRef [contextComponent:[], contextComposition:null, contextPort:null, targetDataPrototype:/PortInterfaces/Debug2_Byte4/Debug2_Byte4], derived-state:false, eventGroup:[], eventHandler:[], serviceInstance:[], systemSignal:/Signal/Debug2_Byte4, variationPoint:null].
                        [Warning] DataMapping ignored: ContextPort is missing: SenderReceiverToSignalMapping [communicationDirection:null, dataElement:VariableDataPrototypeInSystemInstanceRef [contextComponent:[], contextComposition:null, contextPort:null, targetDataPrototype:/PortInterfaces/Debug2_Byte5/Debug2_Byte5], derived-state:false, eventGroup:[], eventHandler:[], serviceInstance:[], systemSignal:/Signal/Debug2_Byte5, variationPoint:null].
                        [Warning] DataMapping ignored: ContextPort is missing: SenderReceiverToSignalMapping [communicationDirection:null, dataElement:VariableDataPrototypeInSystemInstanceRef [contextComponent:[], contextComposition:null, contextPort:null, targetDataPrototype:/PortInterfaces/Debug2_Byte6/Debug2_Byte6], derived-state:false, eventGroup:[], eventHandler:[], serviceInstance:[], systemSignal:/Signal/Debug2_Byte6, variationPoint:null].
                        [Warning] DataMapping ignored: ContextPort is missing: SenderReceiverToSignalMapping [communicationDirection:null, dataElement:VariableDataPrototypeInSystemInstanceRef [contextComponent:[], contextComposition:null, contextPort:null, targetDataPrototype:/PortInterfaces/Debug2_Byte7/Debug2_Byte7], derived-state:false, eventGroup:[], eventHandler:[], serviceInstance:[], systemSignal:/Signal/Debug2_Byte7, variationPoint:null].
                        [Warning] DataMapping ignored: ContextPort is missing: SenderReceiverToSignalMapping [communicationDirection:null, dataElement:VariableDataPrototypeInSystemInstanceRef [contextComponent:[], contextComposition:null, contextPort:null, targetDataPrototype:/PortInterfaces/Debug3_Byte0/Debug3_Byte0], derived-state:false, eventGroup:[], eventHandler:[], serviceInstance:[], systemSignal:/Signal/Debug3_Byte0, variationPoint:null].
                        [Warning] DataMapping ignored: ContextPort is missing: SenderReceiverToSignalMapping [communicationDirection:null, dataElement:VariableDataPrototypeInSystemInstanceRef [contextComponent:[], contextComposition:null, contextPort:null, targetDataPrototype:/PortInterfaces/Debug3_Byte1/Debug3_Byte1], derived-state:false, eventGroup:[], eventHandler:[], serviceInstance:[], systemSignal:/Signal/Debug3_Byte1, variationPoint:null].
                        [Warning] DataMapping ignored: ContextPort is missing: SenderReceiverToSignalMapping [communicationDirection:null, dataElement:VariableDataPrototypeInSystemInstanceRef [contextComponent:[], contextComposition:null, contextPort:null, targetDataPrototype:/PortInterfaces/Debug3_Byte2/Debug3_Byte2], derived-state:false, eventGroup:[], eventHandler:[], serviceInstance:[], systemSignal:/Signal/Debug3_Byte2, variationPoint:null].
                        [Warning] DataMapping ignored: ContextPort is missing: SenderReceiverToSignalMapping [communicationDirection:null, dataElement:VariableDataPrototypeInSystemInstanceRef [contextComponent:[], contextComposition:null, contextPort:null, targetDataPrototype:/PortInterfaces/Debug3_Byte3/Debug3_Byte3], derived-state:false, eventGroup:[], eventHandler:[], serviceInstance:[], systemSignal:/Signal/Debug3_Byte3, variationPoint:null].
                        [Warning] DataMapping ignored: ContextPort is missing: SenderReceiverToSignalMapping [communicationDirection:null, dataElement:VariableDataPrototypeInSystemInstanceRef [contextComponent:[], contextComposition:null, contextPort:null, targetDataPrototype:/PortInterfaces/Debug3_Byte4/Debug3_Byte4], derived-state:false, eventGroup:[], eventHandler:[], serviceInstance:[], systemSignal:/Signal/Debug3_Byte4, variationPoint:null].
                        [Warning] DataMapping ignored: ContextPort is missing: SenderReceiverToSignalMapping [communicationDirection:null, dataElement:VariableDataPrototypeInSystemInstanceRef [contextComponent:[], contextComposition:null, contextPort:null, targetDataPrototype:/PortInterfaces/Debug3_Byte5/Debug3_Byte5], derived-state:false, eventGroup:[], eventHandler:[], serviceInstance:[], systemSignal:/Signal/Debug3_Byte5, variationPoint:null].
                        [Warning] DataMapping ignored: ContextPort is missing: SenderReceiverToSignalMapping [communicationDirection:null, dataElement:VariableDataPrototypeInSystemInstanceRef [contextComponent:[], contextComposition:null, contextPort:null, targetDataPrototype:/PortInterfaces/Debug3_Byte6/Debug3_Byte6], derived-state:false, eventGroup:[], eventHandler:[], serviceInstance:[], systemSignal:/Signal/Debug3_Byte6, variationPoint:null].
                        [Warning] DataMapping ignored: ContextPort is missing: SenderReceiverToSignalMapping [communicationDirection:null, dataElement:VariableDataPrototypeInSystemInstanceRef [contextComponent:[], contextComposition:null, contextPort:null, targetDataPrototype:/PortInterfaces/Debug3_Byte7/Debug3_Byte7], derived-state:false, eventGroup:[], eventHandler:[], serviceInstance:[], systemSignal:/Signal/Debug3_Byte7, variationPoint:null].
                        [Warning] DataMapping ignored: ContextPort is missing: SenderReceiverToSignalMapping [communicationDirection:null, dataElement:VariableDataPrototypeInSystemInstanceRef [contextComponent:[], contextComposition:null, contextPort:null, targetDataPrototype:/PortInterfaces/Debug4_Byte0/Debug4_Byte0], derived-state:false, eventGroup:[], eventHandler:[], serviceInstance:[], systemSignal:/Signal/Debug4_Byte0, variationPoint:null].
                        [Warning] DataMapping ignored: ContextPort is missing: SenderReceiverToSignalMapping [communicationDirection:null, dataElement:VariableDataPrototypeInSystemInstanceRef [contextComponent:[], contextComposition:null, contextPort:null, targetDataPrototype:/PortInterfaces/Debug4_Byte1/Debug4_Byte1], derived-state:false, eventGroup:[], eventHandler:[], serviceInstance:[], systemSignal:/Signal/Debug4_Byte1, variationPoint:null].
                        [Warning] DataMapping ignored: ContextPort is missing: SenderReceiverToSignalMapping [communicationDirection:null, dataElement:VariableDataPrototypeInSystemInstanceRef [contextComponent:[], contextComposition:null, contextPort:null, targetDataPrototype:/PortInterfaces/Debug4_Byte2/Debug4_Byte2], derived-state:false, eventGroup:[], eventHandler:[], serviceInstance:[], systemSignal:/Signal/Debug4_Byte2, variationPoint:null].
                        [Warning] DataMapping ignored: ContextPort is missing: SenderReceiverToSignalMapping [communicationDirection:null, dataElement:VariableDataPrototypeInSystemInstanceRef [contextComponent:[], contextComposition:null, contextPort:null, targetDataPrototype:/PortInterfaces/Debug4_Byte3/Debug4_Byte3], derived-state:false, eventGroup:[], eventHandler:[], serviceInstance:[], systemSignal:/Signal/Debug4_Byte3, variationPoint:null].
                        [Warning] DataMapping ignored: ContextPort is missing: SenderReceiverToSignalMapping [communicationDirection:null, dataElement:VariableDataPrototypeInSystemInstanceRef [contextComponent:[], contextComposition:null, contextPort:null, targetDataPrototype:/PortInterfaces/Debug4_Byte4/Debug4_Byte4], derived-state:false, eventGroup:[], eventHandler:[], serviceInstance:[], systemSignal:/Signal/Debug4_Byte4, variationPoint:null].
                        [Warning] DataMapping ignored: ContextPort is missing: SenderReceiverToSignalMapping [communicationDirection:null, dataElement:VariableDataPrototypeInSystemInstanceRef [contextComponent:[], contextComposition:null, contextPort:null, targetDataPrototype:/PortInterfaces/Debug4_Byte5/Debug4_Byte5], derived-state:false, eventGroup:[], eventHandler:[], serviceInstance:[], systemSignal:/Signal/Debug4_Byte5, variationPoint:null].
                        [Warning] DataMapping ignored: ContextPort is missing: SenderReceiverToSignalMapping [communicationDirection:null, dataElement:VariableDataPrototypeInSystemInstanceRef [contextComponent:[], contextComposition:null, contextPort:null, targetDataPrototype:/PortInterfaces/Debug4_Byte6/Debug4_Byte6], derived-state:false, eventGroup:[], eventHandler:[], serviceInstance:[], systemSignal:/Signal/Debug4_Byte6, variationPoint:null].
                        [Warning] DataMapping ignored: ContextPort is missing: SenderReceiverToSignalMapping [communicationDirection:null, dataElement:VariableDataPrototypeInSystemInstanceRef [contextComponent:[], contextComposition:null, contextPort:null, targetDataPrototype:/PortInterfaces/Debug4_Byte7/Debug4_Byte7], derived-state:false, eventGroup:[], eventHandler:[], serviceInstance:[], systemSignal:/Signal/Debug4_Byte7, variationPoint:null].
                        [Warning] DataMapping ignored: ContextPort is missing: SenderReceiverToSignalMapping [communicationDirection:null, dataElement:VariableDataPrototypeInSystemInstanceRef [contextComponent:[], contextComposition:null, contextPort:null, targetDataPrototype:/PortInterfaces/Debug5_Byte0/Debug5_Byte0], derived-state:false, eventGroup:[], eventHandler:[], serviceInstance:[], systemSignal:/Signal/Debug5_Byte0, variationPoint:null].
                        [Warning] DataMapping ignored: ContextPort is missing: SenderReceiverToSignalMapping [communicationDirection:null, dataElement:VariableDataPrototypeInSystemInstanceRef [contextComponent:[], contextComposition:null, contextPort:null, targetDataPrototype:/PortInterfaces/Debug5_Byte1/Debug5_Byte1], derived-state:false, eventGroup:[], eventHandler:[], serviceInstance:[], systemSignal:/Signal/Debug5_Byte1, variationPoint:null].
                        [Warning] DataMapping ignored: ContextPort is missing: SenderReceiverToSignalMapping [communicationDirection:null, dataElement:VariableDataPrototypeInSystemInstanceRef [contextComponent:[], contextComposition:null, contextPort:null, targetDataPrototype:/PortInterfaces/Debug5_Byte2/Debug5_Byte2], derived-state:false, eventGroup:[], eventHandler:[], serviceInstance:[], systemSignal:/Signal/Debug5_Byte2, variationPoint:null].
                        [Warning] DataMapping ignored: ContextPort is missing: SenderReceiverToSignalMapping [communicationDirection:null, dataElement:VariableDataPrototypeInSystemInstanceRef [contextComponent:[], contextComposition:null, contextPort:null, targetDataPrototype:/PortInterfaces/Debug5_Byte3/Debug5_Byte3], derived-state:false, eventGroup:[], eventHandler:[], serviceInstance:[], systemSignal:/Signal/Debug5_Byte3, variationPoint:null].
                        [Warning] DataMapping ignored: ContextPort is missing: SenderReceiverToSignalMapping [communicationDirection:null, dataElement:VariableDataPrototypeInSystemInstanceRef [contextComponent:[], contextComposition:null, contextPort:null, targetDataPrototype:/PortInterfaces/Debug5_Byte4/Debug5_Byte4], derived-state:false, eventGroup:[], eventHandler:[], serviceInstance:[], systemSignal:/Signal/Debug5_Byte4, variationPoint:null].
                        [Warning] DataMapping ignored: ContextPort is missing: SenderReceiverToSignalMapping [communicationDirection:null, dataElement:VariableDataPrototypeInSystemInstanceRef [contextComponent:[], contextComposition:null, contextPort:null, targetDataPrototype:/PortInterfaces/Debug5_Byte5/Debug5_Byte5], derived-state:false, eventGroup:[], eventHandler:[], serviceInstance:[], systemSignal:/Signal/Debug5_Byte5, variationPoint:null].
                        [Warning] DataMapping ignored: ContextPort is missing: SenderReceiverToSignalMapping [communicationDirection:null, dataElement:VariableDataPrototypeInSystemInstanceRef [contextComponent:[], contextComposition:null, contextPort:null, targetDataPrototype:/PortInterfaces/Debug5_Byte6/Debug5_Byte6], derived-state:false, eventGroup:[], eventHandler:[], serviceInstance:[], systemSignal:/Signal/Debug5_Byte6, variationPoint:null].
                        [Warning] DataMapping ignored: ContextPort is missing: SenderReceiverToSignalMapping [communicationDirection:null, dataElement:VariableDataPrototypeInSystemInstanceRef [contextComponent:[], contextComposition:null, contextPort:null, targetDataPrototype:/PortInterfaces/Debug5_Byte7/Debug5_Byte7], derived-state:false, eventGroup:[], eventHandler:[], serviceInstance:[], systemSignal:/Signal/Debug5_Byte7, variationPoint:null].
                        [Warning] DataMapping ignored: ContextPort is missing: SenderReceiverToSignalMapping [communicationDirection:null, dataElement:VariableDataPrototypeInSystemInstanceRef [contextComponent:[], contextComposition:null, contextPort:null, targetDataPrototype:/PortInterfaces/FV_Tx/FV_Tx], derived-state:false, eventGroup:[], eventHandler:[], serviceInstance:[], systemSignal:/Signal/FV_Tx, variationPoint:null].
                        [Warning] DataMapping ignored: ContextPort is missing: SenderReceiverToSignalMapping [communicationDirection:null, dataElement:VariableDataPrototypeInSystemInstanceRef [contextComponent:[], contextComposition:null, contextPort:null, targetDataPrototype:/PortInterfaces/Illumination_PWM/Illumination_PWM], derived-state:false, eventGroup:[], eventHandler:[], serviceInstance:[], systemSignal:/Signal/Illumination_PWM, variationPoint:null].
                        [Warning] DataMapping ignored: ContextPort is missing: SenderReceiverToSignalMapping [communicationDirection:null, dataElement:VariableDataPrototypeInSystemInstanceRef [contextComponent:[], contextComposition:null, contextPort:null, targetDataPrototype:/PortInterfaces/MAC_Tx/MAC_Tx], derived-state:false, eventGroup:[], eventHandler:[], serviceInstance:[], systemSignal:/Signal/MAC_Tx, variationPoint:null].
                        [Warning] DataMapping ignored: ContextPort is missing: SenderReceiverToSignalMapping [communicationDirection:null, dataElement:VariableDataPrototypeInSystemInstanceRef [contextComponent:[], contextComposition:null, contextPort:null, targetDataPrototype:/PortInterfaces/Odometer/Odometer], derived-state:false, eventGroup:[], eventHandler:[], serviceInstance:[], systemSignal:/Signal/Odometer, variationPoint:null].
                        [Warning] DataMapping ignored: ContextPort is missing: SenderReceiverToSignalMapping [communicationDirection:null, dataElement:VariableDataPrototypeInSystemInstanceRef [contextComponent:[], contextComposition:null, contextPort:null, targetDataPrototype:/PortInterfaces/SecureTxByte0/SecureTxByte0], derived-state:false, eventGroup:[], eventHandler:[], serviceInstance:[], systemSignal:/Signal/SecureTxByte0, variationPoint:null].
                        [Warning] DataMapping ignored: ContextPort is missing: SenderReceiverToSignalMapping [communicationDirection:null, dataElement:VariableDataPrototypeInSystemInstanceRef [contextComponent:[], contextComposition:null, contextPort:null, targetDataPrototype:/PortInterfaces/SecureTxByte1/SecureTxByte1], derived-state:false, eventGroup:[], eventHandler:[], serviceInstance:[], systemSignal:/Signal/SecureTxByte1, variationPoint:null].
                        [Warning] DataMapping ignored: ContextPort is missing: SenderReceiverToSignalMapping [communicationDirection:null, dataElement:VariableDataPrototypeInSystemInstanceRef [contextComponent:[], contextComposition:null, contextPort:null, targetDataPrototype:/PortInterfaces/SecureTxByte2/SecureTxByte2], derived-state:false, eventGroup:[], eventHandler:[], serviceInstance:[], systemSignal:/Signal/SecureTxByte2, variationPoint:null].
                        [Warning] DataMapping ignored: ContextPort is missing: SenderReceiverToSignalMapping [communicationDirection:null, dataElement:VariableDataPrototypeInSystemInstanceRef [contextComponent:[], contextComposition:null, contextPort:null, targetDataPrototype:/PortInterfaces/SecureTxByte3/SecureTxByte3], derived-state:false, eventGroup:[], eventHandler:[], serviceInstance:[], systemSignal:/Signal/SecureTxByte3, variationPoint:null].
                        [Warning] DataMapping ignored: ContextPort is missing: SenderReceiverToSignalMapping [communicationDirection:null, dataElement:VariableDataPrototypeInSystemInstanceRef [contextComponent:[], contextComposition:null, contextPort:null, targetDataPrototype:/PortInterfaces/VehicleSpeedIC/VehicleSpeedIC], derived-state:false, eventGroup:[], eventHandler:[], serviceInstance:[], systemSignal:/Signal/VehicleSpeedIC, variationPoint:null].
                        [Warning] DataMapping ignored: ContextPort is missing: SenderReceiverToSignalGroupMapping [communicationDirection:null, dataElement:VariableDataPrototypeInSystemInstanceRef [contextComponent:[], contextComposition:null, contextPort:null, targetDataPrototype:/PortInterfaces/SG_COM_HS/SG_COM_HS], derived-state:false, eventGroup:[], eventHandler:[], serviceInstance:[], signalGroup:/Signal/SG_COM_HS, typeMapping:SenderRecRecordTypeMapping [recordElementMapping:[SenderRecRecordElementMapping [applicationRecordElement:null, complexTypeMapping:null, implementationRecordElement:/DataTypes/SG_COM_HS/Alive_200, systemSignal:/Signal/Alive_200], SenderRecRecordElementMapping [applicationRecordElement:null, complexTypeMapping:null, implementationRecordElement:/DataTypes/SG_COM_HS/Battery_Voltage, systemSignal:/Signal/Battery_Voltage], SenderRecRecordElementMapping [applicationRecordElement:null, complexTypeMapping:null, implementationRecordElement:/DataTypes/SG_COM_HS/CRC_200, systemSignal:/Signal/CRC_200]]], variationPoint:null].
                        [Warning] Connector ignored: Could not find targetRPort of RPortInCompositionInstanceRef below AssemblySwConnector "/E40_Platform_System_SystemPackage/Compositions/E40_Platform_System/E40_Platform_System_SR_DmnMgrrpSR_SleepStatus_CSleepManagerppSR_SleepStatus_If_SR_SleepStatus".
                        [Warning] Connector ignored: Could not find targetRPort of RPortInCompositionInstanceRef below AssemblySwConnector "/E40_Platform_System_SystemPackage/Compositions/E40_Platform_System/E40_Platform_System_CS_EcuAppMrp_CmpLibCmd_rp_CmpLibCmd_CSleepManager_CSleepManagerpp_CmpLibCmd_if_CS_ModeOnCommand".
                        [Warning] Connector ignored: Could not find targetRPort of RPortInCompositionInstanceRef below AssemblySwConnector "/E40_Platform_System_SystemPackage/Compositions/E40_Platform_System/E40_Platform_System_SR_EcuAppMrpSR_SleepStatus_CSleepManagerppSR_SleepStatus_If_SR_SleepStatus".
                        [Warning] Connector ignored: Could not find targetRPort of RPortInCompositionInstanceRef below AssemblySwConnector "/E40_Platform_System_SystemPackage/Compositions/E40_Platform_System/NvBlockSwComponentType_BsShare_VisMeet_Element_MemAbstractStub_BsShare_VisMeet_Element_4".
                        [Warning] Connector ignored: Could not find targetRPort of RPortInCompositionInstanceRef below AssemblySwConnector "/E40_Platform_System_SystemPackage/Compositions/E40_Platform_System/NvBlockSwComponentType_BsDiag_Dtc_Element_MemAbstractStub_BsDiag_Dtc_Element_4".
                        [Warning] Connector ignored: Could not find targetRPort of RPortInCompositionInstanceRef below AssemblySwConnector "/E40_Platform_System_SystemPackage/Compositions/E40_Platform_System/NvBlockSwComponentType_BsRt_OilGauge_Element_MemAbstractStub_BsRt_OilGauge_Element_4".
                        [Warning] Connector ignored: Could not find targetRPort of RPortInCompositionInstanceRef below AssemblySwConnector "/E40_Platform_System_SystemPackage/Compositions/E40_Platform_System/NvBlockSwComponentType_BsConst_ServiceReminder_Element_MemAbstractStub_BsConst_ServiceReminder_Element_4".
                        [Warning] Connector ignored: Could not find targetRPort of RPortInCompositionInstanceRef below AssemblySwConnector "/E40_Platform_System_SystemPackage/Compositions/E40_Platform_System/NvBlockSwComponentType_BsRt_TachoGauge_Element_MemAbstractStub_BsRt_TachoGauge_Element_4".
                        [Warning] Connector ignored: Could not find targetRPort of RPortInCompositionInstanceRef below AssemblySwConnector "/E40_Platform_System_SystemPackage/Compositions/E40_Platform_System/NvBlockSwComponentType_BsConst_EngOffTimer_Element_MemAbstractStub_BsConst_EngOffTimer_Element_4".
                        [Warning] Connector ignored: Could not find targetRPort of RPortInCompositionInstanceRef below AssemblySwConnector "/E40_Platform_System_SystemPackage/Compositions/E40_Platform_System/NvBlockSwComponentType_BsShare_ProductSerialNumber_MemAbstractStub_BsShare_ProductSerialNumber_1".
                        [Warning] Connector ignored: Could not find targetRPort of RPortInCompositionInstanceRef below AssemblySwConnector "/E40_Platform_System_SystemPackage/Compositions/E40_Platform_System/NvBlockSwComponentType_BsConst_OilGauge_Element_MemAbstractStub_BsConst_OilGauge_Element_4".
                        [Warning] Connector ignored: Could not find targetRPort of RPortInCompositionInstanceRef below AssemblySwConnector "/E40_Platform_System_SystemPackage/Compositions/E40_Platform_System/NvBlockSwComponentType_BsRt_Odometer_Element_MemAbstractStub_BsRt_Odometer_Element_4".
                        [Warning] Connector ignored: Could not find targetPPort of PPortInCompositionInstanceRef below AssemblySwConnector "/E40_Platform_System_SystemPackage/Compositions/E40_Platform_System/NvBlockSwComponentType_BsConst_Illumination_Element_MemAbstractStub_BsConst_Illumination_Element_4".
                        [Warning] Connector ignored: Could not find targetPPort of PPortInCompositionInstanceRef below AssemblySwConnector "/E40_Platform_System_SystemPackage/Compositions/E40_Platform_System/NvBlockSwComponentType_BsFuSa_FeatureData_Display_Element_MemAbstractStub_BsFuSa_FeatureData_Display_Element".
                        [Warning] Connector ignored: Could not find targetRPort of RPortInCompositionInstanceRef below AssemblySwConnector "/E40_Platform_System_SystemPackage/Compositions/E40_Platform_System/NvBlockSwComponentType_BsReten_Audio_Element_MemAbstractStub_BsReten_Audio_Element_4".
                        [Warning] Connector ignored: Could not find targetRPort of RPortInCompositionInstanceRef below AssemblySwConnector "/E40_Platform_System_SystemPackage/Compositions/E40_Platform_System/NvBlockSwComponentType_BsRt_TripComputer_Element_MemAbstractStub_BsRt_TripComputer_Element_4".
                        [Warning] Connector ignored: Could not find targetRPort of RPortInCompositionInstanceRef below AssemblySwConnector "/E40_Platform_System_SystemPackage/Compositions/E40_Platform_System/NvBlockSwComponentType_BsReten_Power_Element_MemAbstractStub_BsReten_Power_Element_4".
                        [Warning] Connector ignored: Could not find targetPPort of PPortInCompositionInstanceRef below AssemblySwConnector "/E40_Platform_System_SystemPackage/Compositions/E40_Platform_System/NvBlockSwComponentType_BsFuSa_FeatureData_Audio_Element_MemAbstractStub_BsFuSa_FeatureData_Audio_Element".
                        [Warning] Connector ignored: Could not find targetRPort of RPortInCompositionInstanceRef below AssemblySwConnector "/E40_Platform_System_SystemPackage/Compositions/E40_Platform_System/NvBlockSwComponentType_BsShare_SwUpdFotadecrypt_Element_MemAbstractStub_BsShare_SwUpdFotadecrypt_Element_4".
                        [Warning] Connector ignored: Could not find targetRPort of RPortInCompositionInstanceRef below AssemblySwConnector "/E40_Platform_System_SystemPackage/Compositions/E40_Platform_System/NvBlockSwComponentType_BsConst_Communication_Element_MemAbstractStub_BsConst_Communication_Element_4".
                        [Warning] Connector ignored: Could not find targetRPort of RPortInCompositionInstanceRef below AssemblySwConnector "/E40_Platform_System_SystemPackage/Compositions/E40_Platform_System/NvBlockSwComponentType_BsRt_TempGauge_Element_MemAbstractStub_BsRt_TempGauge_Element_4".
                        [Warning] Connector ignored: Could not find targetRPort of RPortInCompositionInstanceRef below AssemblySwConnector "/E40_Platform_System_SystemPackage/Compositions/E40_Platform_System/NvBlockSwComponentType_BsRt_SpeedoGauge_Element_MemAbstractStub_BsRt_SpeedoGauge_Element_4".
                        [Warning] Connector ignored: Could not find targetRPort of RPortInCompositionInstanceRef below AssemblySwConnector "/E40_Platform_System_SystemPackage/Compositions/E40_Platform_System/NvBlockSwComponentType_BsShare_SwUpdReflash_Element_MemAbstractStub_BsShare_SwUpdReflash_Element_4".
                        [Warning] Connector ignored: Could not find targetPPort of PPortInCompositionInstanceRef below AssemblySwConnector "/E40_Platform_System_SystemPackage/Compositions/E40_Platform_System/NvBlockSwComponentType_BsFuSa_FeatureData_Fota_Element_MemAbstractStub_BsFuSa_FeatureData_Fota_Element".
                        [Warning] Connector ignored: Could not find targetRPort of RPortInCompositionInstanceRef below AssemblySwConnector "/E40_Platform_System_SystemPackage/Compositions/E40_Platform_System/NvBlockSwComponentType_BsShare_SwUpdFotaStatus_Element_MemAbstractStub_BsShare_SwUpdFotaStatus_Element_4".
                        [Warning] Connector ignored: Could not find targetPPort of PPortInCompositionInstanceRef below AssemblySwConnector "/E40_Platform_System_SystemPackage/Compositions/E40_Platform_System/NvBlockSwComponentType_BsFuSa_FeatureData_Communication_Element_MemAbstractStub_BsFuSa_FeatureData_Communication_Element".
                        [Warning] Connector ignored: Could not find targetRPort of RPortInCompositionInstanceRef below AssemblySwConnector "/E40_Platform_System_SystemPackage/Compositions/E40_Platform_System/NvBlockSwComponentType_BsShare_EcuPartNumber_Element_MemAbstractStub_BsShare_EcuPartNumber_Element_4".
                        [Warning] Connector ignored: Could not find targetRPort of RPortInCompositionInstanceRef below AssemblySwConnector "/E40_Platform_System_SystemPackage/Compositions/E40_Platform_System/NvBlockSwComponentType_BsConst_PowerGauge_Element_MemAbstractStub_BsConst_PowerGauge_Element_4".
                        [Warning] Connector ignored: Could not find targetRPort of RPortInCompositionInstanceRef below AssemblySwConnector "/E40_Platform_System_SystemPackage/Compositions/E40_Platform_System/NvBlockSwComponentType_BsConst_RealTimeClock_Element_MemAbstractStub_BsConst_RealTimeClock_Element_4".
                        [Warning] Connector ignored: Could not find targetRPort of RPortInCompositionInstanceRef below AssemblySwConnector "/E40_Platform_System_SystemPackage/Compositions/E40_Platform_System/NvBlockSwComponentType_BsReten_Communication_Element_MemAbstractStub_BsReten_Communication_Element_4".
                        [Warning] Connector ignored: Could not find targetPPort of PPortInCompositionInstanceRef below AssemblySwConnector "/E40_Platform_System_SystemPackage/Compositions/E40_Platform_System/NvBlockSwComponentType_BsFuSa_FeatureData_Power_Element_MemAbstractStub_BsFuSa_FeatureData_Power_Element".
                        [Warning] Connector ignored: Could not find targetRPort of RPortInCompositionInstanceRef below AssemblySwConnector "/E40_Platform_System_SystemPackage/Compositions/E40_Platform_System/NvBlockSwComponentType_BsShare_PCBSerialNumber_MemAbstractStub_BsShare_PCBSerialNumber_1".
                        [Warning] Connector ignored: Could not find targetRPort of RPortInCompositionInstanceRef below AssemblySwConnector "/E40_Platform_System_SystemPackage/Compositions/E40_Platform_System/NvBlockSwComponentType_RefCys_Certicificate_Element_MemAbstractStub_RefCys_Certicificate_Element_4".
                        [Warning] Connector ignored: Could not find targetRPort of RPortInCompositionInstanceRef below AssemblySwConnector "/E40_Platform_System_SystemPackage/Compositions/E40_Platform_System/NvBlockSwComponentType_BsReten_Illumination_Element_MemAbstractStub_BsReten_Illumination_Element_4".
                        [Warning] Connector ignored: Could not find targetRPort of RPortInCompositionInstanceRef below AssemblySwConnector "/E40_Platform_System_SystemPackage/Compositions/E40_Platform_System/NvBlockSwComponentType_BsReten_Tripcomputer_Element_MemAbstractStub_BsReten_Tripcomputer_Element_4".
                        [Warning] Connector ignored: Could not find targetRPort of RPortInCompositionInstanceRef below AssemblySwConnector "/E40_Platform_System_SystemPackage/Compositions/E40_Platform_System/NvBlockSwComponentType_BsConst_FuelGauge_Element_MemAbstractStub_BsConst_FuelGauge_Element_4".
                        [Warning] Connector ignored: Could not find targetRPort of RPortInCompositionInstanceRef below AssemblySwConnector "/E40_Platform_System_SystemPackage/Compositions/E40_Platform_System/NvBlockSwComponentType_BsRt_PowerGauge_Element_MemAbstractStub_BsRt_PowerGauge_Element_4".
                        [Warning] Connector ignored: Could not find targetRPort of RPortInCompositionInstanceRef below AssemblySwConnector "/E40_Platform_System_SystemPackage/Compositions/E40_Platform_System/NvBlockSwComponentType_BsShare_HWModification_MemAbstractStub_BsShare_HWModification_1".
                        [Warning] Connector ignored: Could not find targetRPort of RPortInCompositionInstanceRef below AssemblySwConnector "/E40_Platform_System_SystemPackage/Compositions/E40_Platform_System/NvBlockSwComponentType_BsShare_AssemblyManufacturingDate_MemAbstractStub_BsShare_AssemblyManufacturingDate_1".
                        [Warning] Connector ignored: Could not find targetPPort of PPortInCompositionInstanceRef below AssemblySwConnector "/E40_Platform_System_SystemPackage/Compositions/E40_Platform_System/NvBlockSwComponentType_BsReten_VisDlt_Element_MemAbstractStub_BsReten_VisDlt_Element_4".
                        [Warning] Connector ignored: Could not find targetRPort of RPortInCompositionInstanceRef below AssemblySwConnector "/E40_Platform_System_SystemPackage/Compositions/E40_Platform_System/NvBlockSwComponentType_RefCys_Certicificate1_Element_MemAbstractStub_RefCys_Certicificate1_Element_4".
                        [Warning] Connector ignored: Could not find targetRPort of RPortInCompositionInstanceRef below AssemblySwConnector "/E40_Platform_System_SystemPackage/Compositions/E40_Platform_System/NvBlockSwComponentType_BsRt_FuelGauge_Element_MemAbstractStub_BsRt_FuelGauge_Element_4".
                        [Warning] Connector ignored: Could not find targetRPort of RPortInCompositionInstanceRef below AssemblySwConnector "/E40_Platform_System_SystemPackage/Compositions/E40_Platform_System/NvBlockSwComponentType_BsReten_Odometer_Element_MemAbstractStub_BsReten_Odometer_Element_4".
                        [Warning] Connector ignored: Could not find targetRPort of RPortInCompositionInstanceRef below AssemblySwConnector "/E40_Platform_System_SystemPackage/Compositions/E40_Platform_System/NvBlockSwComponentType_BsShare_SMTPlantNumber_MemAbstractStub_BsShare_SMTPlantNumber_1".
                        [Warning] Connector ignored: Could not find targetRPort of RPortInCompositionInstanceRef below AssemblySwConnector "/E40_Platform_System_SystemPackage/Compositions/E40_Platform_System/NvBlockSwComponentType_BsConst_SpeedoGauge_Element_MemAbstractStub_BsConst_SpeedoGauge_Element_4".
                        [Warning] Connector ignored: Could not find targetRPort of RPortInCompositionInstanceRef below AssemblySwConnector "/E40_Platform_System_SystemPackage/Compositions/E40_Platform_System/NvBlockSwComponentType_BsConst_TripComputer_Element_MemAbstractStub_BsConst_TripComputer_Element_4".
                        [Warning] Connector ignored: Could not find targetRPort of RPortInCompositionInstanceRef below AssemblySwConnector "/E40_Platform_System_SystemPackage/Compositions/E40_Platform_System/NvBlockSwComponentType_BsShare_VisMeet_EOLEntry_Element_MemAbstractStub_BsShare_VisMeet_EOLEntry_Element_2".
                        [Warning] Connector ignored: Could not find targetRPort of RPortInCompositionInstanceRef below AssemblySwConnector "/E40_Platform_System_SystemPackage/Compositions/E40_Platform_System/NvBlockSwComponentType_BsReten_Display_Element_MemAbstractStub_BsReten_Display_Element_4".
                        [Warning] Connector ignored: Could not find targetRPort of RPortInCompositionInstanceRef below AssemblySwConnector "/E40_Platform_System_SystemPackage/Compositions/E40_Platform_System/NvBlockSwComponentType_BsRt_CusDlt_Element_MemAbstractStub_BsRt_CusDlt_Element_4".
                        [Warning] Connector ignored: Could not find targetRPort of RPortInCompositionInstanceRef below AssemblySwConnector "/E40_Platform_System_SystemPackage/Compositions/E40_Platform_System/NvBlockSwComponentType_BsRt_Personalization_Element_MemAbstractStub_BsRt_Personalization_Element_4".
                        [Warning] Connector ignored: Could not find targetRPort of RPortInCompositionInstanceRef below AssemblySwConnector "/E40_Platform_System_SystemPackage/Compositions/E40_Platform_System/NvBlockSwComponentType_BsRt_Warning_Element_MemAbstractStub_BsRt_Warning_Element_4".
                        [Warning] Connector ignored: Could not find targetRPort of RPortInCompositionInstanceRef below AssemblySwConnector "/E40_Platform_System_SystemPackage/Compositions/E40_Platform_System/NvBlockSwComponentType_BsConst_TachoGauge_Element_MemAbstractStub_BsConst_TachoGauge_Element_4".
                        [Warning] Connector ignored: Could not find targetRPort of RPortInCompositionInstanceRef below AssemblySwConnector "/E40_Platform_System_SystemPackage/Compositions/E40_Platform_System/NvBlockSwComponentType_BsShare_VisteonPCBPartNumber_MemAbstractStub_BsShare_VisteonPCBPartNumber_1".
                        [Warning] Connector ignored: Could not find targetRPort of RPortInCompositionInstanceRef below AssemblySwConnector "/E40_Platform_System_SystemPackage/Compositions/E40_Platform_System/NvBlockSwComponentType_BsShare_AssemblyPlantNumber_MemAbstractStub_BsShare_AssemblyPlantNumber_1".
                        [Warning] Connector ignored: Could not find targetRPort of RPortInCompositionInstanceRef below AssemblySwConnector "/E40_Platform_System_SystemPackage/Compositions/E40_Platform_System/NvBlockSwComponentType_BsDiag_ErrorRecord_Element_MemAbstractStub_BsDiag_ErrorRecord_Element_4".
                        [Warning] Connector ignored: Could not find targetRPort of RPortInCompositionInstanceRef below AssemblySwConnector "/E40_Platform_System_SystemPackage/Compositions/E40_Platform_System/NvBlockSwComponentType_BsCys_Certicificate_Element_MemAbstractStub_BsCys_Certicificate_Element_4".
                        [Warning] Connector ignored: Could not find targetRPort of RPortInCompositionInstanceRef below AssemblySwConnector "/E40_Platform_System_SystemPackage/Compositions/E40_Platform_System/NvBlockSwComponentType_BsReten_Warning_Element_MemAbstractStub_BsReten_Warning_Element_4".
                        [Warning] Connector ignored: Could not find targetRPort of RPortInCompositionInstanceRef below AssemblySwConnector "/E40_Platform_System_SystemPackage/Compositions/E40_Platform_System/NvBlockSwComponentType_BsRt_Illumination_Element_MemAbstractStub_BsRt_Illumination_Element_4".
                        [Warning] Connector ignored: Could not find targetPPort of PPortInCompositionInstanceRef below AssemblySwConnector "/E40_Platform_System_SystemPackage/Compositions/E40_Platform_System/NvBlockSwComponentType_BsFuSa_FeatureData_Warning_Element_MemAbstractStub_BsFuSa_FeatureData_Warning_Element".
                        [Warning] Connector ignored: Could not find targetRPort of RPortInCompositionInstanceRef below AssemblySwConnector "/E40_Platform_System_SystemPackage/Compositions/E40_Platform_System/NvBlockSwComponentType_BsShare_SwUpdFotaFinPrint_Element_MemAbstractStub_BsShare_SwUpdFotaFinPrint_Element_4".
                        [Warning] Connector ignored: Could not find targetRPort of RPortInCompositionInstanceRef below AssemblySwConnector "/E40_Platform_System_SystemPackage/Compositions/E40_Platform_System/NvBlockSwComponentType_BsShare_VehicleConfig_Element_MemAbstractStub_BsShare_VehicleConfig_Element_4".
                        [Warning] Connector ignored: Could not find targetRPort of RPortInCompositionInstanceRef below AssemblySwConnector "/E40_Platform_System_SystemPackage/Compositions/E40_Platform_System/NvBlockSwComponentType_BsReten_RealTimeClock_Element_MemAbstractStub_BsReten_RealTimeClock_Element_4".
                        [Warning] Connector ignored: Could not find targetRPort of RPortInCompositionInstanceRef below AssemblySwConnector "/E40_Platform_System_SystemPackage/Compositions/E40_Platform_System/NvBlockSwComponentType_BsRt_RealTimeClock_Element_MemAbstractStub_BsRt_RealTimeClock_Element_4".
                        [Warning] Connector ignored: Could not find targetRPort of RPortInCompositionInstanceRef below AssemblySwConnector "/E40_Platform_System_SystemPackage/Compositions/E40_Platform_System/NvBlockSwComponentType_BsReten_Gauges_Element_MemAbstractStub_BsReten_Gauges_Element_4".
                        [Warning] Connector ignored: Could not find targetRPort of RPortInCompositionInstanceRef below AssemblySwConnector "/E40_Platform_System_SystemPackage/Compositions/E40_Platform_System/NvBlockSwComponentType_BsConst_TempGauge_Element_MemAbstractStub_BsConst_TempGauge_Element_4".
                        [Warning] Connector ignored: Could not find targetRPort of RPortInCompositionInstanceRef below AssemblySwConnector "/E40_Platform_System_SystemPackage/Compositions/E40_Platform_System/NvBlockSwComponentType_BsConst_Warning_Element_MemAbstractStub_BsConst_Warning_Element_4".
                        [Warning] Connector ignored: Could not find targetRPort of RPortInCompositionInstanceRef below AssemblySwConnector "/E40_Platform_System_SystemPackage/Compositions/E40_Platform_System/NvBlockSwComponentType_BsConst_Audio_Element_MemAbstractStub_BsConst_Audio_Element_4".
                        [Warning] Connector ignored: Could not find targetRPort of RPortInCompositionInstanceRef below AssemblySwConnector "/E40_Platform_System_SystemPackage/Compositions/E40_Platform_System/NvBlockSwComponentType_BsConst_Power_Element_MemAbstractStub_BsConst_Power_Element_4".
                        [Warning] Connector ignored: Could not find targetRPort of RPortInCompositionInstanceRef below AssemblySwConnector "/E40_Platform_System_SystemPackage/Compositions/E40_Platform_System/NvBlockSwComponentType_BsShare_VisteonPartNumber_MemAbstractStub_BsShare_VisteonPartNumber_1".
                        [Warning] Connector ignored: Could not find targetRPort of RPortInCompositionInstanceRef below AssemblySwConnector "/E40_Platform_System_SystemPackage/Compositions/E40_Platform_System/NvBlockSwComponentType_BsShare_SMTManufacturingDate_MemAbstractStub_BsShare_SMTManufacturingDate_1".
                        [Warning] Connector ignored: Could not find targetRPort of RPortInCompositionInstanceRef below AssemblySwConnector "/E40_Platform_System_SystemPackage/Compositions/E40_Platform_System/NvBlockSwComponentType_BsShare_SwUpdFotaMode_Element_MemAbstractStub_BsShare_SwUpdFotaMode_Element_4".
                        [Warning] Connector ignored: Could not find targetRPort of RPortInCompositionInstanceRef below AssemblySwConnector "/E40_Platform_System_SystemPackage/Compositions/E40_Platform_System/NvBlockSwComponentType_BsReten_Personalization_Element_MemAbstractStub_BsReten_Personalization_Element_4".
                        [Warning] Connector ignored: Could not find targetRPort of RPortInCompositionInstanceRef below AssemblySwConnector "/E40_Platform_System_SystemPackage/Compositions/E40_Platform_System/NvBlockSwComponentType_BsRt_TachoGauge_Element_MemAbstractStub_BsRt_TachoGauge_Element_5".
                        [Warning] Connector ignored: Could not find targetRPort of RPortInCompositionInstanceRef below AssemblySwConnector "/E40_Platform_System_SystemPackage/Compositions/E40_Platform_System/NvBlockSwComponentType_BsRt_PowerGauge_Element_MemAbstractStub_BsRt_PowerGauge_Element_5".
                        [Warning] Connector ignored: Could not find targetRPort of RPortInCompositionInstanceRef below AssemblySwConnector "/E40_Platform_System_SystemPackage/Compositions/E40_Platform_System/NvBlockSwComponentType_BsReten_Audio_Element_MemAbstractStub_BsReten_Audio_Element_5".
                        [Warning] Connector ignored: Could not find targetRPort of RPortInCompositionInstanceRef below AssemblySwConnector "/E40_Platform_System_SystemPackage/Compositions/E40_Platform_System/NvBlockSwComponentType_BsConst_TachoGauge_Element_MemAbstractStub_BsConst_TachoGauge_Element_5".
                        [Warning] Connector ignored: Could not find targetRPort of RPortInCompositionInstanceRef below AssemblySwConnector "/E40_Platform_System_SystemPackage/Compositions/E40_Platform_System/NvBlockSwComponentType_RefCys_Certicificate1_Element_MemAbstractStub_RefCys_Certicificate1_Element_5".
                        [Warning] Connector ignored: Could not find targetRPort of RPortInCompositionInstanceRef below AssemblySwConnector "/E40_Platform_System_SystemPackage/Compositions/E40_Platform_System/NvBlockSwComponentType_BsConst_PowerGauge_Element_MemAbstractStub_BsConst_PowerGauge_Element_5".
                        [Warning] Connector ignored: Could not find targetRPort of RPortInCompositionInstanceRef below AssemblySwConnector "/E40_Platform_System_SystemPackage/Compositions/E40_Platform_System/NvBlockSwComponentType_BsRt_Odometer_Element_MemAbstractStub_BsRt_Odometer_Element_5".
                        [Warning] Connector ignored: Could not find targetRPort of RPortInCompositionInstanceRef below AssemblySwConnector "/E40_Platform_System_SystemPackage/Compositions/E40_Platform_System/NvBlockSwComponentType_BsConst_TempGauge_Element_MemAbstractStub_BsConst_TempGauge_Element_5".
                        [Warning] Connector ignored: Could not find targetRPort of RPortInCompositionInstanceRef below AssemblySwConnector "/E40_Platform_System_SystemPackage/Compositions/E40_Platform_System/NvBlockSwComponentType_BsConst_Audio_Element_MemAbstractStub_BsConst_Audio_Element_5".
                        [Warning] Connector ignored: Could not find targetRPort of RPortInCompositionInstanceRef below AssemblySwConnector "/E40_Platform_System_SystemPackage/Compositions/E40_Platform_System/NvBlockSwComponentType_BsConst_Communication_Element_MemAbstractStub_BsConst_Communication_Element_5".
                        [Warning] Connector ignored: Could not find targetRPort of RPortInCompositionInstanceRef below AssemblySwConnector "/E40_Platform_System_SystemPackage/Compositions/E40_Platform_System/NvBlockSwComponentType_BsShare_VehicleConfig_Element_MemAbstractStub_BsShare_VehicleConfig_Element_5".
                        [Warning] Connector ignored: Could not find targetRPort of RPortInCompositionInstanceRef below AssemblySwConnector "/E40_Platform_System_SystemPackage/Compositions/E40_Platform_System/NvBlockSwComponentType_BsConst_EngOffTimer_Element_MemAbstractStub_BsConst_EngOffTimer_Element_5".
                        [Warning] Connector ignored: Could not find targetRPort of RPortInCompositionInstanceRef below AssemblySwConnector "/E40_Platform_System_SystemPackage/Compositions/E40_Platform_System/NvBlockSwComponentType_BsConst_FuelGauge_Element_MemAbstractStub_BsConst_FuelGauge_Element_5".
                        [Warning] Connector ignored: Could not find targetRPort of RPortInCompositionInstanceRef below AssemblySwConnector "/E40_Platform_System_SystemPackage/Compositions/E40_Platform_System/NvBlockSwComponentType_BsCys_Certicificate_Element_MemAbstractStub_BsCys_Certicificate_Element_5".
                        [Warning] Connector ignored: Could not find targetRPort of RPortInCompositionInstanceRef below AssemblySwConnector "/E40_Platform_System_SystemPackage/Compositions/E40_Platform_System/NvBlockSwComponentType_BsReten_RealTimeClock_Element_MemAbstractStub_BsReten_RealTimeClock_Element_5".
                        [Warning] Connector ignored: Could not find targetRPort of RPortInCompositionInstanceRef below AssemblySwConnector "/E40_Platform_System_SystemPackage/Compositions/E40_Platform_System/NvBlockSwComponentType_BsShare_PCBSerialNumber_MemAbstractStub_BsShare_PCBSerialNumber_2".
                        [Warning] Connector ignored: Could not find targetRPort of RPortInCompositionInstanceRef below AssemblySwConnector "/E40_Platform_System_SystemPackage/Compositions/E40_Platform_System/NvBlockSwComponentType_BsRt_Illumination_Element_MemAbstractStub_BsRt_Illumination_Element_5".
                        [Warning] Connector ignored: Could not find targetRPort of RPortInCompositionInstanceRef below AssemblySwConnector "/E40_Platform_System_SystemPackage/Compositions/E40_Platform_System/NvBlockSwComponentType_BsReten_Illumination_Element_MemAbstractStub_BsReten_Illumination_Element_5".
                        [Warning] Connector ignored: Could not find targetRPort of RPortInCompositionInstanceRef below AssemblySwConnector "/E40_Platform_System_SystemPackage/Compositions/E40_Platform_System/NvBlockSwComponentType_BsReten_Display_Element_MemAbstractStub_BsReten_Display_Element_5".
                        [Warning] Connector ignored: Could not find targetRPort of RPortInCompositionInstanceRef below AssemblySwConnector "/E40_Platform_System_SystemPackage/Compositions/E40_Platform_System/NvBlockSwComponentType_BsShare_AssemblyPlantNumber_MemAbstractStub_BsShare_AssemblyPlantNumber_2".
                        [Warning] Connector ignored: Could not find targetRPort of RPortInCompositionInstanceRef below AssemblySwConnector "/E40_Platform_System_SystemPackage/Compositions/E40_Platform_System/NvBlockSwComponentType_BsConst_SpeedoGauge_Element_MemAbstractStub_BsConst_SpeedoGauge_Element_5".
                        [Warning] Connector ignored: Could not find targetRPort of RPortInCompositionInstanceRef below AssemblySwConnector "/E40_Platform_System_SystemPackage/Compositions/E40_Platform_System/NvBlockSwComponentType_BsReten_Gauges_Element_MemAbstractStub_BsReten_Gauges_Element_5".
                        [Warning] Connector ignored: Could not find targetRPort of RPortInCompositionInstanceRef below AssemblySwConnector "/E40_Platform_System_SystemPackage/Compositions/E40_Platform_System/NvBlockSwComponentType_BsConst_OilGauge_Element_MemAbstractStub_BsConst_OilGauge_Element_5".
                        [Warning] Connector ignored: Could not find targetRPort of RPortInCompositionInstanceRef below AssemblySwConnector "/E40_Platform_System_SystemPackage/Compositions/E40_Platform_System/NvBlockSwComponentType_BsConst_ServiceReminder_Element_MemAbstractStub_BsConst_ServiceReminder_Element_5".
                        [Warning] Connector ignored: Could not find targetRPort of RPortInCompositionInstanceRef below AssemblySwConnector "/E40_Platform_System_SystemPackage/Compositions/E40_Platform_System/NvBlockSwComponentType_BsRt_SpeedoGauge_Element_MemAbstractStub_BsRt_SpeedoGauge_Element_5".
                        [Warning] Connector ignored: Could not find targetRPort of RPortInCompositionInstanceRef below AssemblySwConnector "/E40_Platform_System_SystemPackage/Compositions/E40_Platform_System/NvBlockSwComponentType_BsReten_Warning_Element_MemAbstractStub_BsReten_Warning_Element_5".
                        [Warning] Connector ignored: Could not find targetRPort of RPortInCompositionInstanceRef below AssemblySwConnector "/E40_Platform_System_SystemPackage/Compositions/E40_Platform_System/NvBlockSwComponentType_BsConst_Power_Element_MemAbstractStub_BsConst_Power_Element_5".
                        [Warning] Connector ignored: Could not find targetRPort of RPortInCompositionInstanceRef below AssemblySwConnector "/E40_Platform_System_SystemPackage/Compositions/E40_Platform_System/NvBlockSwComponentType_BsShare_SwUpdFotaStatus_Element_MemAbstractStub_BsShare_SwUpdFotaStatus_Element_5".
                        [Warning] Connector ignored: Could not find targetRPort of RPortInCompositionInstanceRef below AssemblySwConnector "/E40_Platform_System_SystemPackage/Compositions/E40_Platform_System/NvBlockSwComponentType_BsShare_SwUpdFotaMode_Element_MemAbstractStub_BsShare_SwUpdFotaMode_Element_5".
                        [Warning] Connector ignored: Could not find targetRPort of RPortInCompositionInstanceRef below AssemblySwConnector "/E40_Platform_System_SystemPackage/Compositions/E40_Platform_System/NvBlockSwComponentType_BsDiag_Dtc_Element_MemAbstractStub_BsDiag_Dtc_Element_5".
                        [Warning] Connector ignored: Could not find targetRPort of RPortInCompositionInstanceRef below AssemblySwConnector "/E40_Platform_System_SystemPackage/Compositions/E40_Platform_System/NvBlockSwComponentType_BsShare_VisMeet_Element_MemAbstractStub_BsShare_VisMeet_Element_5".
                        [Warning] Connector ignored: Could not find targetRPort of RPortInCompositionInstanceRef below AssemblySwConnector "/E40_Platform_System_SystemPackage/Compositions/E40_Platform_System/NvBlockSwComponentType_RefCys_Certicificate_Element_MemAbstractStub_RefCys_Certicificate_Element_5".
                        [Warning] Connector ignored: Could not find targetRPort of RPortInCompositionInstanceRef below AssemblySwConnector "/E40_Platform_System_SystemPackage/Compositions/E40_Platform_System/NvBlockSwComponentType_BsShare_SwUpdFotadecrypt_Element_MemAbstractStub_BsShare_SwUpdFotadecrypt_Element_5".
                        [Warning] Connector ignored: Could not find targetRPort of RPortInCompositionInstanceRef below AssemblySwConnector "/E40_Platform_System_SystemPackage/Compositions/E40_Platform_System/NvBlockSwComponentType_BsConst_RealTimeClock_Element_MemAbstractStub_BsConst_RealTimeClock_Element_5".
                        [Warning] Connector ignored: Could not find targetRPort of RPortInCompositionInstanceRef below AssemblySwConnector "/E40_Platform_System_SystemPackage/Compositions/E40_Platform_System/NvBlockSwComponentType_BsRt_FuelGauge_Element_MemAbstractStub_BsRt_FuelGauge_Element_5".
                        [Warning] Connector ignored: Could not find targetRPort of RPortInCompositionInstanceRef below AssemblySwConnector "/E40_Platform_System_SystemPackage/Compositions/E40_Platform_System/NvBlockSwComponentType_BsConst_TripComputer_Element_MemAbstractStub_BsConst_TripComputer_Element_5".
                        [Warning] Connector ignored: Could not find targetRPort of RPortInCompositionInstanceRef below AssemblySwConnector "/E40_Platform_System_SystemPackage/Compositions/E40_Platform_System/NvBlockSwComponentType_BsShare_AssemblyManufacturingDate_MemAbstractStub_BsShare_AssemblyManufacturingDate_2".
                        [Warning] Connector ignored: Could not find targetRPort of RPortInCompositionInstanceRef below AssemblySwConnector "/E40_Platform_System_SystemPackage/Compositions/E40_Platform_System/NvBlockSwComponentType_BsShare_SwUpdReflash_Element_MemAbstractStub_BsShare_SwUpdReflash_Element_5".
                        [Warning] Connector ignored: Could not find targetRPort of RPortInCompositionInstanceRef below AssemblySwConnector "/E40_Platform_System_SystemPackage/Compositions/E40_Platform_System/NvBlockSwComponentType_BsShare_HWModification_MemAbstractStub_BsShare_HWModification_2".
                        [Warning] Connector ignored: Could not find targetPPort of PPortInCompositionInstanceRef below AssemblySwConnector "/E40_Platform_System_SystemPackage/Compositions/E40_Platform_System/NvBlockSwComponentType_BsReten_VisDlt_Element_MemAbstractStub_BsReten_VisDlt_Element_5".
                        [Warning] Connector ignored: Could not find targetRPort of RPortInCompositionInstanceRef below AssemblySwConnector "/E40_Platform_System_SystemPackage/Compositions/E40_Platform_System/NvBlockSwComponentType_BsRt_RealTimeClock_Element_MemAbstractStub_BsRt_RealTimeClock_Element_5".
                        [Warning] Connector ignored: Could not find targetRPort of RPortInCompositionInstanceRef below AssemblySwConnector "/E40_Platform_System_SystemPackage/Compositions/E40_Platform_System/NvBlockSwComponentType_BsDiag_ErrorRecord_Element_MemAbstractStub_BsDiag_ErrorRecord_Element_5".
                        [Warning] Connector ignored: Could not find targetRPort of RPortInCompositionInstanceRef below AssemblySwConnector "/E40_Platform_System_SystemPackage/Compositions/E40_Platform_System/NvBlockSwComponentType_BsShare_SMTPlantNumber_MemAbstractStub_BsShare_SMTPlantNumber_2".
                        [Warning] Connector ignored: Could not find targetRPort of RPortInCompositionInstanceRef below AssemblySwConnector "/E40_Platform_System_SystemPackage/Compositions/E40_Platform_System/NvBlockSwComponentType_BsReten_Communication_Element_MemAbstractStub_BsReten_Communication_Element_5".
                        [Warning] Connector ignored: Could not find targetRPort of RPortInCompositionInstanceRef below AssemblySwConnector "/E40_Platform_System_SystemPackage/Compositions/E40_Platform_System/NvBlockSwComponentType_BsShare_ProductSerialNumber_MemAbstractStub_BsShare_ProductSerialNumber_2".
                        [Warning] Connector ignored: Could not find targetRPort of RPortInCompositionInstanceRef below AssemblySwConnector "/E40_Platform_System_SystemPackage/Compositions/E40_Platform_System/NvBlockSwComponentType_BsShare_EcuPartNumber_Element_MemAbstractStub_BsShare_EcuPartNumber_Element_5".
                        [Warning] Connector ignored: Could not find targetRPort of RPortInCompositionInstanceRef below AssemblySwConnector "/E40_Platform_System_SystemPackage/Compositions/E40_Platform_System/NvBlockSwComponentType_BsShare_SMTManufacturingDate_MemAbstractStub_BsShare_SMTManufacturingDate_2".
                        [Warning] Connector ignored: Could not find targetRPort of RPortInCompositionInstanceRef below AssemblySwConnector "/E40_Platform_System_SystemPackage/Compositions/E40_Platform_System/NvBlockSwComponentType_BsReten_Power_Element_MemAbstractStub_BsReten_Power_Element_5".
                        [Warning] Connector ignored: Could not find targetRPort of RPortInCompositionInstanceRef below AssemblySwConnector "/E40_Platform_System_SystemPackage/Compositions/E40_Platform_System/NvBlockSwComponentType_BsReten_Personalization_Element_MemAbstractStub_BsReten_Personalization_Element_5".
                        [Warning] Connector ignored: Could not find targetRPort of RPortInCompositionInstanceRef below AssemblySwConnector "/E40_Platform_System_SystemPackage/Compositions/E40_Platform_System/NvBlockSwComponentType_BsShare_VisteonPCBPartNumber_MemAbstractStub_BsShare_VisteonPCBPartNumber_2".
                        [Warning] Connector ignored: Could not find targetRPort of RPortInCompositionInstanceRef below AssemblySwConnector "/E40_Platform_System_SystemPackage/Compositions/E40_Platform_System/NvBlockSwComponentType_BsShare_VisMeet_EOLEntry_Element_MemAbstractStub_BsShare_VisMeet_EOLEntry_Element_3".
                        [Warning] Connector ignored: Could not find targetRPort of RPortInCompositionInstanceRef below AssemblySwConnector "/E40_Platform_System_SystemPackage/Compositions/E40_Platform_System/NvBlockSwComponentType_BsReten_Tripcomputer_Element_MemAbstractStub_BsReten_Tripcomputer_Element_5".
                        [Warning] Connector ignored: Could not find targetRPort of RPortInCompositionInstanceRef below AssemblySwConnector "/E40_Platform_System_SystemPackage/Compositions/E40_Platform_System/NvBlockSwComponentType_BsRt_OilGauge_Element_MemAbstractStub_BsRt_OilGauge_Element_5".
                        [Warning] Connector ignored: Could not find targetRPort of RPortInCompositionInstanceRef below AssemblySwConnector "/E40_Platform_System_SystemPackage/Compositions/E40_Platform_System/NvBlockSwComponentType_BsShare_VisteonPartNumber_MemAbstractStub_BsShare_VisteonPartNumber_2".
                        [Warning] Connector ignored: Could not find targetRPort of RPortInCompositionInstanceRef below AssemblySwConnector "/E40_Platform_System_SystemPackage/Compositions/E40_Platform_System/NvBlockSwComponentType_BsRt_TempGauge_Element_MemAbstractStub_BsRt_TempGauge_Element_5".
                        [Warning] Connector ignored: Could not find targetRPort of RPortInCompositionInstanceRef below AssemblySwConnector "/E40_Platform_System_SystemPackage/Compositions/E40_Platform_System/NvBlockSwComponentType_BsReten_Odometer_Element_MemAbstractStub_BsReten_Odometer_Element_5".
                        [Warning] Connector ignored: Could not find targetRPort of RPortInCompositionInstanceRef below AssemblySwConnector "/E40_Platform_System_SystemPackage/Compositions/E40_Platform_System/NvBlockSwComponentType_BsRt_Personalization_Element_MemAbstractStub_BsRt_Personalization_Element_5".
                        [Warning] Connector ignored: Could not find targetRPort of RPortInCompositionInstanceRef below AssemblySwConnector "/E40_Platform_System_SystemPackage/Compositions/E40_Platform_System/NvBlockSwComponentType_BsRt_TripComputer_Element_MemAbstractStub_BsRt_TripComputer_Element_5".
                        [Warning] Connector ignored: Could not find targetRPort of RPortInCompositionInstanceRef below AssemblySwConnector "/E40_Platform_System_SystemPackage/Compositions/E40_Platform_System/NvBlockSwComponentType_BsRt_Warning_Element_MemAbstractStub_BsRt_Warning_Element_5".
                        [Warning] Connector ignored: Could not find targetRPort of RPortInCompositionInstanceRef below AssemblySwConnector "/E40_Platform_System_SystemPackage/Compositions/E40_Platform_System/NvBlockSwComponentType_BsConst_Warning_Element_MemAbstractStub_BsConst_Warning_Element_5".
                        [Warning] Connector ignored: Could not find targetRPort of RPortInCompositionInstanceRef below AssemblySwConnector "/E40_Platform_System_SystemPackage/Compositions/E40_Platform_System/NvBlockSwComponentType_BsRt_CusDlt_Element_MemAbstractStub_BsRt_CusDlt_Element_5".
                        [Warning] Connector ignored: Could not find targetRPort of RPortInCompositionInstanceRef below AssemblySwConnector "/E40_Platform_System_SystemPackage/Compositions/E40_Platform_System/NvBlockSwComponentType_BsShare_SwUpdFotaFinPrint_Element_MemAbstractStub_BsShare_SwUpdFotaFinPrint_Element_5".
                        [Warning] Connector ignored: Could not find targetRPort of RPortInCompositionInstanceRef below AssemblySwConnector "/E40_Platform_System_SystemPackage/Compositions/E40_Platform_System/NvBlockSwComponentType_BsReten_Tripcomputer_Element_MemAbstractStub_BsReten_Tripcomputer_Element_6".
                        [Warning] Connector ignored: Could not find targetRPort of RPortInCompositionInstanceRef below AssemblySwConnector "/E40_Platform_System_SystemPackage/Compositions/E40_Platform_System/NvBlockSwComponentType_BsConst_Derating_Backlight_Disable_SafeCopy1_MemAbstractStub_BsConst_Derating_Backlight_Disable_SafeCopy1".
                        [Warning] Connector ignored: Could not find targetRPort of RPortInCompositionInstanceRef below AssemblySwConnector "/E40_Platform_System_SystemPackage/Compositions/E40_Platform_System/NvBlockSwComponentType_BsConst_TripComputer_Element_MemAbstractStub_BsConst_TripComputer_Element_6".
                        [Warning] Connector ignored: Could not find targetRPort of RPortInCompositionInstanceRef below AssemblySwConnector "/E40_Platform_System_SystemPackage/Compositions/E40_Platform_System/NvBlockSwComponentType_BsReten_Audio_Element_MemAbstractStub_BsReten_Audio_Element_6".
                        [Warning] Connector ignored: Could not find targetRPort of RPortInCompositionInstanceRef below AssemblySwConnector "/E40_Platform_System_SystemPackage/Compositions/E40_Platform_System/NvBlockSwComponentType_BsConst_PWM_boost_bypass_duty_SafeCopy1_MemAbstractStub_BsConst_PWM_boost_bypass_duty_SafeCopy1".
                        [Warning] Connector ignored: Could not find targetRPort of RPortInCompositionInstanceRef below AssemblySwConnector "/E40_Platform_System_SystemPackage/Compositions/E40_Platform_System/NvBlockSwComponentType_BsShare_VisMeet_Element_MemAbstractStub_BsShare_VisMeet_Element_6".
                        [Warning] Connector ignored: Could not find targetRPort of RPortInCompositionInstanceRef below AssemblySwConnector "/E40_Platform_System_SystemPackage/Compositions/E40_Platform_System/NvBlockSwComponentType_BsShare_VisteonPartNumber_MemAbstractStub_BsShare_VisteonPartNumber_3".
                        [Warning] Connector ignored: Could not find targetRPort of RPortInCompositionInstanceRef below AssemblySwConnector "/E40_Platform_System_SystemPackage/Compositions/E40_Platform_System/NvBlockSwComponentType_BsShare_SwUpdFotadecrypt_Element_MemAbstractStub_BsShare_SwUpdFotadecrypt_Element_6".
                        [Warning] Connector ignored: Could not find targetRPort of RPortInCompositionInstanceRef below AssemblySwConnector "/E40_Platform_System_SystemPackage/Compositions/E40_Platform_System/NvBlockSwComponentType_BsRt_Warning_Element_MemAbstractStub_BsRt_Warning_Element_6".
                        [Warning] Connector ignored: Could not find targetPPort of PPortInCompositionInstanceRef below AssemblySwConnector "/E40_Platform_System_SystemPackage/Compositions/E40_Platform_System/NvBlockSwComponentType_BsReten_VisDlt_Element_MemAbstractStub_BsReten_VisDlt_Element_6".
                        [Warning] Connector ignored: Could not find targetRPort of RPortInCompositionInstanceRef below AssemblySwConnector "/E40_Platform_System_SystemPackage/Compositions/E40_Platform_System/NvBlockSwComponentType_BsShare_AssemblyPlantNumber_MemAbstractStub_BsShare_AssemblyPlantNumber_3".
                        [Warning] Connector ignored: Could not find targetRPort of RPortInCompositionInstanceRef below AssemblySwConnector "/E40_Platform_System_SystemPackage/Compositions/E40_Platform_System/NvBlockSwComponentType_BsConst_PCB_Temperature_Sensor_Conv_MemAbstractStub_BsConst_PCB_Temperature_Sensor_Conv".
                        [Warning] Connector ignored: Could not find targetRPort of RPortInCompositionInstanceRef below AssemblySwConnector "/E40_Platform_System_SystemPackage/Compositions/E40_Platform_System/NvBlockSwComponentType_BsConst_PWM_boost_bypass_duty_SafeCopy2_MemAbstractStub_BsConst_PWM_boost_bypass_duty_SafeCopy2".
                        [Warning] Connector ignored: Could not find targetRPort of RPortInCompositionInstanceRef below AssemblySwConnector "/E40_Platform_System_SystemPackage/Compositions/E40_Platform_System/NvBlockSwComponentType_BsShare_SwUpdFotaStatus_Element_MemAbstractStub_BsShare_SwUpdFotaStatus_Element_6".
                        [Warning] Connector ignored: Could not find targetRPort of RPortInCompositionInstanceRef below AssemblySwConnector "/E40_Platform_System_SystemPackage/Compositions/E40_Platform_System/NvBlockSwComponentType_BsConst_Temp_Threshold_Hysteresis_Derating_SafeCopy2_MemAbstractStub_BsConst_Temp_Threshold_Hyste20D0FAA7".
                        [Warning] Connector ignored: Could not find targetRPort of RPortInCompositionInstanceRef below AssemblySwConnector "/E40_Platform_System_SystemPackage/Compositions/E40_Platform_System/NvBlockSwComponentType_BsReten_Illumination_Element_MemAbstractStub_BsReten_Illumination_Element_6".
                        [Warning] Connector ignored: Could not find targetRPort of RPortInCompositionInstanceRef below AssemblySwConnector "/E40_Platform_System_SystemPackage/Compositions/E40_Platform_System/NvBlockSwComponentType_BsShare_AssemblyManufacturingDate_MemAbstractStub_BsShare_AssemblyManufacturingDate_3".
                        [Warning] Connector ignored: Could not find targetRPort of RPortInCompositionInstanceRef below AssemblySwConnector "/E40_Platform_System_SystemPackage/Compositions/E40_Platform_System/NvBlockSwComponentType_BsRt_RealTimeClock_Element_MemAbstractStub_BsRt_RealTimeClock_Element_6".
                        [Warning] Connector ignored: Could not find targetRPort of RPortInCompositionInstanceRef below AssemblySwConnector "/E40_Platform_System_SystemPackage/Compositions/E40_Platform_System/NvBlockSwComponentType_BsConst_Temp_Threshold_Hysteresis_Derating_SafeCopy1_MemAbstractStub_BsConst_Temp_Threshold_Hyste5273E3A0".
                        [Warning] Connector ignored: Could not find targetRPort of RPortInCompositionInstanceRef below AssemblySwConnector "/E40_Platform_System_SystemPackage/Compositions/E40_Platform_System/NvBlockSwComponentType_BsConst_PWM_boost_bypass_duty_MemAbstractStub_BsConst_PWM_boost_bypass_duty".
                        [Warning] Connector ignored: Could not find targetRPort of RPortInCompositionInstanceRef below AssemblySwConnector "/E40_Platform_System_SystemPackage/Compositions/E40_Platform_System/NvBlockSwComponentType_BsConst_Lookup_Curve_HotSpot_Coef_Y_SafeCopy2_MemAbstractStub_BsConst_Lookup_Curve_HotSpot_Coef_YBE580FAC".
                        [Warning] Connector ignored: Could not find targetRPort of RPortInCompositionInstanceRef below AssemblySwConnector "/E40_Platform_System_SystemPackage/Compositions/E40_Platform_System/NvBlockSwComponentType_BsShare_SMTManufacturingDate_MemAbstractStub_BsShare_SMTManufacturingDate_3".
                        [Warning] Connector ignored: Could not find targetRPort of RPortInCompositionInstanceRef below AssemblySwConnector "/E40_Platform_System_SystemPackage/Compositions/E40_Platform_System/NvBlockSwComponentType_BsConst_Compensation_Line_Slope_m_MemAbstractStub_BsConst_Compensation_Line_Slope_m".
                        [Warning] Connector ignored: Could not find targetRPort of RPortInCompositionInstanceRef below AssemblySwConnector "/E40_Platform_System_SystemPackage/Compositions/E40_Platform_System/NvBlockSwComponentType_BsConst_Temperature_Sensor_Conv_SafeCopy2_MemAbstractStub_BsConst_Temperature_Sensor_Conv_SafeCopy2".
                        [Warning] Connector ignored: Could not find targetRPort of RPortInCompositionInstanceRef below AssemblySwConnector "/E40_Platform_System_SystemPackage/Compositions/E40_Platform_System/NvBlockSwComponentType_BsConst_Compensation_Line_Slope_m_SafeCopy1_MemAbstractStub_BsConst_Compensation_Line_Slope_m_SafeCopy1".
                        [Warning] Connector ignored: Could not find targetRPort of RPortInCompositionInstanceRef below AssemblySwConnector "/E40_Platform_System_SystemPackage/Compositions/E40_Platform_System/NvBlockSwComponentType_BsConst_Compensation_Line_Shift_b_SafeCopy1_MemAbstractStub_BsConst_Compensation_Line_Shift_b_SafeCopy1".
                        [Warning] Connector ignored: Could not find targetPPort of PPortInCompositionInstanceRef below AssemblySwConnector "/E40_Platform_System_SystemPackage/Compositions/E40_Platform_System/NvBlockSwComponentType_BsConst_Derating_Backlight_Disable_SafeCopy1_1_MemAbstractStub_BsConst_Derating_Backlight_DisableA2ED49FF".
                        [Warning] Connector ignored: Could not find targetRPort of RPortInCompositionInstanceRef below AssemblySwConnector "/E40_Platform_System_SystemPackage/Compositions/E40_Platform_System/NvBlockSwComponentType_BsRt_OilGauge_Element_MemAbstractStub_BsRt_OilGauge_Element_6".
                        [Warning] Connector ignored: Could not find targetRPort of RPortInCompositionInstanceRef below AssemblySwConnector "/E40_Platform_System_SystemPackage/Compositions/E40_Platform_System/NvBlockSwComponentType_BsShare_SwUpdReflash_Element_MemAbstractStub_BsShare_SwUpdReflash_Element_6".
                        [Warning] Connector ignored: Could not find targetRPort of RPortInCompositionInstanceRef below AssemblySwConnector "/E40_Platform_System_SystemPackage/Compositions/E40_Platform_System/NvBlockSwComponentType_BsConst_Temp_Threshold_Hysteresis_Derating_MemAbstractStub_BsConst_Temp_Threshold_Hysteresis_Derating".
                        [Warning] Connector ignored: Could not find targetRPort of RPortInCompositionInstanceRef below AssemblySwConnector "/E40_Platform_System_SystemPackage/Compositions/E40_Platform_System/NvBlockSwComponentType_BsReten_Power_Element_MemAbstractStub_BsReten_Power_Element_6".
                        [Warning] Connector ignored: Could not find targetRPort of RPortInCompositionInstanceRef below AssemblySwConnector "/E40_Platform_System_SystemPackage/Compositions/E40_Platform_System/NvBlockSwComponentType_BsConst_Audio_Element_MemAbstractStub_BsConst_Audio_Element_6".
                        [Warning] Connector ignored: Could not find targetRPort of RPortInCompositionInstanceRef below AssemblySwConnector "/E40_Platform_System_SystemPackage/Compositions/E40_Platform_System/NvBlockSwComponentType_BsShare_VisteonPCBPartNumber_MemAbstractStub_BsShare_VisteonPCBPartNumber_3".
                        [Warning] Connector ignored: Could not find targetRPort of RPortInCompositionInstanceRef below AssemblySwConnector "/E40_Platform_System_SystemPackage/Compositions/E40_Platform_System/NvBlockSwComponentType_BsReten_Communication_Element_MemAbstractStub_BsReten_Communication_Element_6".
                        [Warning] Connector ignored: Could not find targetRPort of RPortInCompositionInstanceRef below AssemblySwConnector "/E40_Platform_System_SystemPackage/Compositions/E40_Platform_System/NvBlockSwComponentType_BsConst_Display_Illum_Max_Level_SafeCopy1_MemAbstractStub_BsConst_Display_Illum_Max_Level_SafeCopy1".
                        [Warning] Connector ignored: Could not find targetRPort of RPortInCompositionInstanceRef below AssemblySwConnector "/E40_Platform_System_SystemPackage/Compositions/E40_Platform_System/NvBlockSwComponentType_BsConst_RealTimeClock_Element_MemAbstractStub_BsConst_RealTimeClock_Element_6".
                        [Warning] Connector ignored: Could not find targetRPort of RPortInCompositionInstanceRef below AssemblySwConnector "/E40_Platform_System_SystemPackage/Compositions/E40_Platform_System/NvBlockSwComponentType_BsReten_Warning_Element_MemAbstractStub_BsReten_Warning_Element_6".
                        [Warning] Connector ignored: Could not find targetRPort of RPortInCompositionInstanceRef below AssemblySwConnector "/E40_Platform_System_SystemPackage/Compositions/E40_Platform_System/NvBlockSwComponentType_BsRt_SpeedoGauge_Element_MemAbstractStub_BsRt_SpeedoGauge_Element_6".
                        [Warning] Connector ignored: Could not find targetRPort of RPortInCompositionInstanceRef below AssemblySwConnector "/E40_Platform_System_SystemPackage/Compositions/E40_Platform_System/NvBlockSwComponentType_BsDiag_Dtc_Element_MemAbstractStub_BsDiag_Dtc_Element_6".
                        [Warning] Connector ignored: Could not find targetRPort of RPortInCompositionInstanceRef below AssemblySwConnector "/E40_Platform_System_SystemPackage/Compositions/E40_Platform_System/NvBlockSwComponentType_BsReten_Gauges_Element_MemAbstractStub_BsReten_Gauges_Element_6".
                        [Warning] Connector ignored: Could not find targetRPort of RPortInCompositionInstanceRef below AssemblySwConnector "/E40_Platform_System_SystemPackage/Compositions/E40_Platform_System/NvBlockSwComponentType_BsConst_Display_Illum_Max_Level_MemAbstractStub_BsConst_Display_Illum_Max_Level".
                        [Warning] Connector ignored: Could not find targetRPort of RPortInCompositionInstanceRef below AssemblySwConnector "/E40_Platform_System_SystemPackage/Compositions/E40_Platform_System/NvBlockSwComponentType_BsRt_Odometer_Element_MemAbstractStub_BsRt_Odometer_Element_6".
                        [Warning] Connector ignored: Could not find targetRPort of RPortInCompositionInstanceRef below AssemblySwConnector "/E40_Platform_System_SystemPackage/Compositions/E40_Platform_System/NvBlockSwComponentType_BsRt_FuelGauge_Element_MemAbstractStub_BsRt_FuelGauge_Element_6".
                        [Warning] Connector ignored: Could not find targetRPort of RPortInCompositionInstanceRef below AssemblySwConnector "/E40_Platform_System_SystemPackage/Compositions/E40_Platform_System/NvBlockSwComponentType_BsRt_Illumination_Element_MemAbstractStub_BsRt_Illumination_Element_6".
                        [Warning] Connector ignored: Could not find targetPPort of PPortInCompositionInstanceRef below AssemblySwConnector "/E40_Platform_System_SystemPackage/Compositions/E40_Platform_System/NvBlockSwComponentType_BsConst_Derating_Backlight_Disable_1_MemAbstractStub_BsConst_Derating_Backlight_Disable_1".
                        [Warning] Connector ignored: Could not find targetRPort of RPortInCompositionInstanceRef below AssemblySwConnector "/E40_Platform_System_SystemPackage/Compositions/E40_Platform_System/NvBlockSwComponentType_RefCys_Certicificate1_Element_MemAbstractStub_RefCys_Certicificate1_Element_6".
                        [Warning] Connector ignored: Could not find targetRPort of RPortInCompositionInstanceRef below AssemblySwConnector "/E40_Platform_System_SystemPackage/Compositions/E40_Platform_System/NvBlockSwComponentType_BsConst_PCB_Temperature_Sensor_Conv_SafeCopy2_MemAbstractStub_BsConst_PCB_Temperature_Sensor_ConvE60F9D75".
                        [Warning] Connector ignored: Could not find targetRPort of RPortInCompositionInstanceRef below AssemblySwConnector "/E40_Platform_System_SystemPackage/Compositions/E40_Platform_System/NvBlockSwComponentType_BsConst_Temperature_Sensor_Conv_SafeCopy1_MemAbstractStub_BsConst_Temperature_Sensor_Conv_SafeCopy1".
                        [Warning] Connector ignored: Could not find targetRPort of RPortInCompositionInstanceRef below AssemblySwConnector "/E40_Platform_System_SystemPackage/Compositions/E40_Platform_System/NvBlockSwComponentType_BsConst_Lookup_Curve_HotSpot_Coef_X_MemAbstractStub_BsConst_Lookup_Curve_HotSpot_Coef_X".
                        [Warning] Connector ignored: Could not find targetRPort of RPortInCompositionInstanceRef below AssemblySwConnector "/E40_Platform_System_SystemPackage/Compositions/E40_Platform_System/NvBlockSwComponentType_BsConst_Lookup_Curve_HotSpot_Coef_Y_MemAbstractStub_BsConst_Lookup_Curve_HotSpot_Coef_Y".
                        [Warning] Connector ignored: Could not find targetRPort of RPortInCompositionInstanceRef below AssemblySwConnector "/E40_Platform_System_SystemPackage/Compositions/E40_Platform_System/NvBlockSwComponentType_BsShare_HWModification_MemAbstractStub_BsShare_HWModification_3".
                        [Warning] Connector ignored: Could not find targetRPort of RPortInCompositionInstanceRef below AssemblySwConnector "/E40_Platform_System_SystemPackage/Compositions/E40_Platform_System/NvBlockSwComponentType_BsConst_Compensation_Line_Slope_m_SafeCopy2_MemAbstractStub_BsConst_Compensation_Line_Slope_m_SafeCopy2".
                        [Warning] Connector ignored: Could not find targetRPort of RPortInCompositionInstanceRef below AssemblySwConnector "/E40_Platform_System_SystemPackage/Compositions/E40_Platform_System/NvBlockSwComponentType_BsConst_Communication_Element_MemAbstractStub_BsConst_Communication_Element_6".
                        [Warning] Connector ignored: Could not find targetRPort of RPortInCompositionInstanceRef below AssemblySwConnector "/E40_Platform_System_SystemPackage/Compositions/E40_Platform_System/NvBlockSwComponentType_BsRt_TempGauge_Element_MemAbstractStub_BsRt_TempGauge_Element_6".
                        [Warning] Connector ignored: Could not find targetRPort of RPortInCompositionInstanceRef below AssemblySwConnector "/E40_Platform_System_SystemPackage/Compositions/E40_Platform_System/NvBlockSwComponentType_BsRt_CusDlt_Element_MemAbstractStub_BsRt_CusDlt_Element_6".
                        [Warning] Connector ignored: Could not find targetRPort of RPortInCompositionInstanceRef below AssemblySwConnector "/E40_Platform_System_SystemPackage/Compositions/E40_Platform_System/NvBlockSwComponentType_BsConst_BsConst_Illumination_ReservedByte_SafeCopy1_MemAbstractStub_BsConst_BsConst_Illumination_45E585E4".
                        [Warning] Connector ignored: Could not find targetRPort of RPortInCompositionInstanceRef below AssemblySwConnector "/E40_Platform_System_SystemPackage/Compositions/E40_Platform_System/NvBlockSwComponentType_BsConst_BsConst_Illumination_ReservedByte_MemAbstractStub_BsConst_BsConst_Illumination_ReservedByte".
                        [Warning] Connector ignored: Could not find targetRPort of RPortInCompositionInstanceRef below AssemblySwConnector "/E40_Platform_System_SystemPackage/Compositions/E40_Platform_System/NvBlockSwComponentType_BsConst_EngOffTimer_Element_MemAbstractStub_BsConst_EngOffTimer_Element_6".
                        [Warning] Connector ignored: Could not find targetRPort of RPortInCompositionInstanceRef below AssemblySwConnector "/E40_Platform_System_SystemPackage/Compositions/E40_Platform_System/NvBlockSwComponentType_BsConst_PCB_Temperature_Sensor_Conv_SafeCopy1_MemAbstractStub_BsConst_PCB_Temperature_Sensor_Conv8ED373AB".
                        [Warning] Connector ignored: Could not find targetRPort of RPortInCompositionInstanceRef below AssemblySwConnector "/E40_Platform_System_SystemPackage/Compositions/E40_Platform_System/NvBlockSwComponentType_BsRt_PowerGauge_Element_MemAbstractStub_BsRt_PowerGauge_Element_6".
                        [Warning] Connector ignored: Could not find targetRPort of RPortInCompositionInstanceRef below AssemblySwConnector "/E40_Platform_System_SystemPackage/Compositions/E40_Platform_System/NvBlockSwComponentType_BsConst_Warning_Element_MemAbstractStub_BsConst_Warning_Element_6".
                        [Warning] Connector ignored: Could not find targetRPort of RPortInCompositionInstanceRef below AssemblySwConnector "/E40_Platform_System_SystemPackage/Compositions/E40_Platform_System/NvBlockSwComponentType_BsConst_TachoGauge_Element_MemAbstractStub_BsConst_TachoGauge_Element_6".
                        [Warning] Connector ignored: Could not find targetRPort of RPortInCompositionInstanceRef below AssemblySwConnector "/E40_Platform_System_SystemPackage/Compositions/E40_Platform_System/NvBlockSwComponentType_BsConst_ServiceReminder_Element_MemAbstractStub_BsConst_ServiceReminder_Element_6".
                        [Warning] Connector ignored: Could not find targetRPort of RPortInCompositionInstanceRef below AssemblySwConnector "/E40_Platform_System_SystemPackage/Compositions/E40_Platform_System/NvBlockSwComponentType_BsConst_Lookup_Curve_HotSpot_Coef_X_SafeCopy1_MemAbstractStub_BsConst_Lookup_Curve_HotSpot_Coef_XE0C662BC".
                        [Warning] Connector ignored: Could not find targetRPort of RPortInCompositionInstanceRef below AssemblySwConnector "/E40_Platform_System_SystemPackage/Compositions/E40_Platform_System/NvBlockSwComponentType_BsDiag_ErrorRecord_Element_MemAbstractStub_BsDiag_ErrorRecord_Element_6".
                        [Warning] Connector ignored: Could not find targetRPort of RPortInCompositionInstanceRef below AssemblySwConnector "/E40_Platform_System_SystemPackage/Compositions/E40_Platform_System/NvBlockSwComponentType_BsConst_Compensation_Line_Shift_b_MemAbstractStub_BsConst_Compensation_Line_Shift_b".
                        [Warning] Connector ignored: Could not find targetRPort of RPortInCompositionInstanceRef below AssemblySwConnector "/E40_Platform_System_SystemPackage/Compositions/E40_Platform_System/NvBlockSwComponentType_BsConst_SpeedoGauge_Element_MemAbstractStub_BsConst_SpeedoGauge_Element_6".
                        [Warning] Connector ignored: Could not find targetRPort of RPortInCompositionInstanceRef below AssemblySwConnector "/E40_Platform_System_SystemPackage/Compositions/E40_Platform_System/NvBlockSwComponentType_BsShare_EcuPartNumber_Element_MemAbstractStub_BsShare_EcuPartNumber_Element_6".
                        [Warning] Connector ignored: Could not find targetRPort of RPortInCompositionInstanceRef below AssemblySwConnector "/E40_Platform_System_SystemPackage/Compositions/E40_Platform_System/NvBlockSwComponentType_BsShare_SwUpdFotaMode_Element_MemAbstractStub_BsShare_SwUpdFotaMode_Element_6".
                        [Warning] Connector ignored: Could not find targetRPort of RPortInCompositionInstanceRef below AssemblySwConnector "/E40_Platform_System_SystemPackage/Compositions/E40_Platform_System/NvBlockSwComponentType_BsReten_Display_Element_MemAbstractStub_BsReten_Display_Element_6".
                        [Warning] Connector ignored: Could not find targetRPort of RPortInCompositionInstanceRef below AssemblySwConnector "/E40_Platform_System_SystemPackage/Compositions/E40_Platform_System/NvBlockSwComponentType_BsConst_OilGauge_Element_MemAbstractStub_BsConst_OilGauge_Element_6".
                        [Warning] Connector ignored: Could not find targetRPort of RPortInCompositionInstanceRef below AssemblySwConnector "/E40_Platform_System_SystemPackage/Compositions/E40_Platform_System/NvBlockSwComponentType_BsConst_Power_Element_MemAbstractStub_BsConst_Power_Element_6".
                        [Warning] Connector ignored: Could not find targetRPort of RPortInCompositionInstanceRef below AssemblySwConnector "/E40_Platform_System_SystemPackage/Compositions/E40_Platform_System/NvBlockSwComponentType_BsShare_ProductSerialNumber_MemAbstractStub_BsShare_ProductSerialNumber_3".
                        [Warning] Connector ignored: Could not find targetRPort of RPortInCompositionInstanceRef below AssemblySwConnector "/E40_Platform_System_SystemPackage/Compositions/E40_Platform_System/NvBlockSwComponentType_BsShare_PCBSerialNumber_MemAbstractStub_BsShare_PCBSerialNumber_3".
                        [Warning] Connector ignored: Could not find targetRPort of RPortInCompositionInstanceRef below AssemblySwConnector "/E40_Platform_System_SystemPackage/Compositions/E40_Platform_System/NvBlockSwComponentType_BsRt_TripComputer_Element_MemAbstractStub_BsRt_TripComputer_Element_6".
                        [Warning] Connector ignored: Could not find targetRPort of RPortInCompositionInstanceRef below AssemblySwConnector "/E40_Platform_System_SystemPackage/Compositions/E40_Platform_System/NvBlockSwComponentType_BsReten_Odometer_Element_MemAbstractStub_BsReten_Odometer_Element_6".
                        [Warning] Connector ignored: Could not find targetRPort of RPortInCompositionInstanceRef below AssemblySwConnector "/E40_Platform_System_SystemPackage/Compositions/E40_Platform_System/NvBlockSwComponentType_BsConst_Display_Illum_Max_Level_SafeCopy2_MemAbstractStub_BsConst_Display_Illum_Max_Level_SafeCopy2".
                        [Warning] Connector ignored: Could not find targetRPort of RPortInCompositionInstanceRef below AssemblySwConnector "/E40_Platform_System_SystemPackage/Compositions/E40_Platform_System/NvBlockSwComponentType_BsRt_Personalization_Element_MemAbstractStub_BsRt_Personalization_Element_6".
                        [Warning] Connector ignored: Could not find targetRPort of RPortInCompositionInstanceRef below AssemblySwConnector "/E40_Platform_System_SystemPackage/Compositions/E40_Platform_System/NvBlockSwComponentType_BsReten_RealTimeClock_Element_MemAbstractStub_BsReten_RealTimeClock_Element_6".
                        [Warning] Connector ignored: Could not find targetRPort of RPortInCompositionInstanceRef below AssemblySwConnector "/E40_Platform_System_SystemPackage/Compositions/E40_Platform_System/NvBlockSwComponentType_BsConst_FuelGauge_Element_MemAbstractStub_BsConst_FuelGauge_Element_6".
                        [Warning] Connector ignored: Could not find targetRPort of RPortInCompositionInstanceRef below AssemblySwConnector "/E40_Platform_System_SystemPackage/Compositions/E40_Platform_System/NvBlockSwComponentType_RefCys_Certicificate_Element_MemAbstractStub_RefCys_Certicificate_Element_6".
                        [Warning] Connector ignored: Could not find targetRPort of RPortInCompositionInstanceRef below AssemblySwConnector "/E40_Platform_System_SystemPackage/Compositions/E40_Platform_System/NvBlockSwComponentType_BsConst_PowerGauge_Element_MemAbstractStub_BsConst_PowerGauge_Element_6".
                        [Warning] Connector ignored: Could not find targetRPort of RPortInCompositionInstanceRef below AssemblySwConnector "/E40_Platform_System_SystemPackage/Compositions/E40_Platform_System/NvBlockSwComponentType_BsShare_SwUpdFotaFinPrint_Element_MemAbstractStub_BsShare_SwUpdFotaFinPrint_Element_6".
                        [Warning] Connector ignored: Could not find targetRPort of RPortInCompositionInstanceRef below AssemblySwConnector "/E40_Platform_System_SystemPackage/Compositions/E40_Platform_System/NvBlockSwComponentType_BsCys_Certicificate_Element_MemAbstractStub_BsCys_Certicificate_Element_6".
                        [Warning] Connector ignored: Could not find targetRPort of RPortInCompositionInstanceRef below AssemblySwConnector "/E40_Platform_System_SystemPackage/Compositions/E40_Platform_System/NvBlockSwComponentType_BsConst_Lookup_Curve_HotSpot_Coef_X_SafeCopy2_MemAbstractStub_BsConst_Lookup_Curve_HotSpot_Coef_X881A8C62".
                        [Warning] Connector ignored: Could not find targetRPort of RPortInCompositionInstanceRef below AssemblySwConnector "/E40_Platform_System_SystemPackage/Compositions/E40_Platform_System/NvBlockSwComponentType_BsShare_SMTPlantNumber_MemAbstractStub_BsShare_SMTPlantNumber_3".
                        [Warning] Connector ignored: Could not find targetPPort of PPortInCompositionInstanceRef below AssemblySwConnector "/E40_Platform_System_SystemPackage/Compositions/E40_Platform_System/NvBlockSwComponentType_BsConst_Derating_Backlight_Disable_SafeCopy2_1_MemAbstractStub_BsConst_Derating_Backlight_Disable7A910087".
                        [Warning] Connector ignored: Could not find targetRPort of RPortInCompositionInstanceRef below AssemblySwConnector "/E40_Platform_System_SystemPackage/Compositions/E40_Platform_System/NvBlockSwComponentType_BsRt_TachoGauge_Element_MemAbstractStub_BsRt_TachoGauge_Element_6".
                        [Warning] Connector ignored: Could not find targetRPort of RPortInCompositionInstanceRef below AssemblySwConnector "/E40_Platform_System_SystemPackage/Compositions/E40_Platform_System/NvBlockSwComponentType_BsConst_Lookup_Curve_HotSpot_Coef_Y_SafeCopy1_MemAbstractStub_BsConst_Lookup_Curve_HotSpot_Coef_YD684E172".
                        [Warning] Connector ignored: Could not find targetRPort of RPortInCompositionInstanceRef below AssemblySwConnector "/E40_Platform_System_SystemPackage/Compositions/E40_Platform_System/NvBlockSwComponentType_BsReten_Personalization_Element_MemAbstractStub_BsReten_Personalization_Element_6".
                        [Warning] Connector ignored: Could not find targetRPort of RPortInCompositionInstanceRef below AssemblySwConnector "/E40_Platform_System_SystemPackage/Compositions/E40_Platform_System/NvBlockSwComponentType_BsConst_TempGauge_Element_MemAbstractStub_BsConst_TempGauge_Element_6".
                        [Warning] Connector ignored: Could not find targetRPort of RPortInCompositionInstanceRef below AssemblySwConnector "/E40_Platform_System_SystemPackage/Compositions/E40_Platform_System/NvBlockSwComponentType_BsConst_Compensation_Line_Shift_b_SafeCopy2_MemAbstractStub_BsConst_Compensation_Line_Shift_b_SafeCopy2".
                        [Warning] Connector ignored: Could not find targetRPort of RPortInCompositionInstanceRef below AssemblySwConnector "/E40_Platform_System_SystemPackage/Compositions/E40_Platform_System/NvBlockSwComponentType_BsShare_VisMeet_EOLEntry_Element_MemAbstractStub_BsShare_VisMeet_EOLEntry_Element_4".
                        [Warning] Connector ignored: Could not find targetRPort of RPortInCompositionInstanceRef below AssemblySwConnector "/E40_Platform_System_SystemPackage/Compositions/E40_Platform_System/NvBlockSwComponentType_BsConst_Derating_Backlight_Disable_SafeCopy2_MemAbstractStub_BsConst_Derating_Backlight_Disable_SafeCopy2".
                        [Warning] Connector ignored: Could not find targetRPort of RPortInCompositionInstanceRef below AssemblySwConnector "/E40_Platform_System_SystemPackage/Compositions/E40_Platform_System/NvBlockSwComponentType_BsConst_Temperature_Sensor_Conv_MemAbstractStub_BsConst_Temperature_Sensor_Conv".
                        [Warning] Connector ignored: Could not find targetRPort of RPortInCompositionInstanceRef below AssemblySwConnector "/E40_Platform_System_SystemPackage/Compositions/E40_Platform_System/NvBlockSwComponentType_BsConst_Derating_Backlight_Disable_MemAbstractStub_BsConst_Derating_Backlight_Disable".
                        [Warning] Connector ignored: Could not find targetRPort of RPortInCompositionInstanceRef below AssemblySwConnector "/E40_Platform_System_SystemPackage/Compositions/E40_Platform_System/NvBlockSwComponentType_BsShare_VehicleConfig_Element_MemAbstractStub_BsShare_VehicleConfig_Element_6".
                        [Warning] Connector ignored: Could not find targetRPort of RPortInCompositionInstanceRef below AssemblySwConnector "/E40_Platform_System_SystemPackage/Compositions/E40_Platform_System/NvBlockSwComponentType_BsConst_BsConst_Illumination_ReservedByte_SafeCopy2_MemAbstractStub_BsConst_BsConst_Illumination_7892569B".
                        [Warning] Connector ignored: Could not find targetRPort of RPortInCompositionInstanceRef below AssemblySwConnector "/E40_Platform_System_SystemPackage/Compositions/E40_Platform_System/MemAbstract_Stub_Safe_BsConst_Lookup_Curve_HotSpot_Coef_Y_SafeNvM_BsConst_Lookup_Curve_HotSpot_Coef_Y".
                        [Warning] Connector ignored: Could not find targetRPort of RPortInCompositionInstanceRef below AssemblySwConnector "/E40_Platform_System_SystemPackage/Compositions/E40_Platform_System/MemAbstract_Stub_Safe_BsConst_Derating_Backlight_Disable_SafeNvM_BsConst_Derating_Backlight_Disable".
                        [Warning] Connector ignored: Could not find targetRPort of RPortInCompositionInstanceRef below AssemblySwConnector "/E40_Platform_System_SystemPackage/Compositions/E40_Platform_System/MemAbstract_Stub_Safe_BsConst_Compensation_Line_Slope_m_SafeNvM_BsConst_Compensation_Line_Slope_m".
                        [Warning] Connector ignored: Could not find targetRPort of RPortInCompositionInstanceRef below AssemblySwConnector "/E40_Platform_System_SystemPackage/Compositions/E40_Platform_System/MemAbstract_Stub_Safe_BsConst_BsConst_Illumination_ReservedByte_SafeNvM_BsConst_BsConst_Illumination_ReservedByte".
                        [Warning] Connector ignored: Could not find targetRPort of RPortInCompositionInstanceRef below AssemblySwConnector "/E40_Platform_System_SystemPackage/Compositions/E40_Platform_System/MemAbstract_Stub_Safe_BsConst_PWM_boost_bypass_duty_SafeNvM_BsConst_PWM_boost_bypass_duty".
                        [Warning] Connector ignored: Could not find targetRPort of RPortInCompositionInstanceRef below AssemblySwConnector "/E40_Platform_System_SystemPackage/Compositions/E40_Platform_System/MemAbstract_Stub_Safe_BsConst_Temperature_Sensor_Conv_SafeNvM_BsConst_Temperature_Sensor_Conv".
                        [Warning] Connector ignored: Could not find targetRPort of RPortInCompositionInstanceRef below AssemblySwConnector "/E40_Platform_System_SystemPackage/Compositions/E40_Platform_System/MemAbstract_Stub_Safe_BsConst_Lookup_Curve_HotSpot_Coef_X_SafeNvM_BsConst_Lookup_Curve_HotSpot_Coef_X".
                        [Warning] Connector ignored: Could not find targetRPort of RPortInCompositionInstanceRef below AssemblySwConnector "/E40_Platform_System_SystemPackage/Compositions/E40_Platform_System/MemAbstract_Stub_Safe_BsConst_PCB_Temperature_Sensor_Conv_SafeNvM_BsConst_PCB_Temperature_Sensor_Conv".
                        [Warning] Connector ignored: Could not find targetRPort of RPortInCompositionInstanceRef below AssemblySwConnector "/E40_Platform_System_SystemPackage/Compositions/E40_Platform_System/MemAbstract_Stub_Safe_BsConst_Temp_Threshold_Hysteresis_Derating_SafeNvM_BsConst_Temp_Threshold_Hysteresis_Derating".
                        [Warning] Connector ignored: Could not find targetRPort of RPortInCompositionInstanceRef below AssemblySwConnector "/E40_Platform_System_SystemPackage/Compositions/E40_Platform_System/MemAbstract_Stub_Safe_BsConst_Compensation_Line_Shift_b_SafeNvM_BsConst_Compensation_Line_Shift_b".
                        [Warning] Connector ignored: Could not find targetRPort of RPortInCompositionInstanceRef below AssemblySwConnector "/E40_Platform_System_SystemPackage/Compositions/E40_Platform_System/MemAbstract_Stub_Safe_BsConst_Display_Illum_Max_Level_Safe_SafeNvM_BsConst_Display_Illum_Max_Level_Safe".
                        [Warning] Connector ignored: Could not find targetRPort of RPortInCompositionInstanceRef below AssemblySwConnector "/E40_Platform_System_SystemPackage/Compositions/E40_Platform_System/MemAbstract_Stub_Safe_BsConst_PWM_boost_bypass_duty_SafeNvM_BsConst_PWM_boost_bypass_duty_1".
                        [Warning] Connector ignored: Could not find targetRPort of RPortInCompositionInstanceRef below AssemblySwConnector "/E40_Platform_System_SystemPackage/Compositions/E40_Platform_System/MemAbstract_Stub_Safe_BsConst_Compensation_Line_Slope_m_SafeNvM_BsConst_Compensation_Line_Slope_m_1".
                        [Warning] Connector ignored: Could not find targetRPort of RPortInCompositionInstanceRef below AssemblySwConnector "/E40_Platform_System_SystemPackage/Compositions/E40_Platform_System/MemAbstract_Stub_Safe_BsConst_Lookup_Curve_HotSpot_Coef_X_SafeNvM_BsConst_Lookup_Curve_HotSpot_Coef_X_1".
                        [Warning] Connector ignored: Could not find targetRPort of RPortInCompositionInstanceRef below AssemblySwConnector "/E40_Platform_System_SystemPackage/Compositions/E40_Platform_System/MemAbstract_Stub_Safe_BsConst_PCB_Temperature_Sensor_Conv_SafeNvM_BsConst_PCB_Temperature_Sensor_Conv_1".
                        [Warning] Connector ignored: Could not find targetRPort of RPortInCompositionInstanceRef below AssemblySwConnector "/E40_Platform_System_SystemPackage/Compositions/E40_Platform_System/MemAbstract_Stub_Safe_BsConst_Display_Illum_Max_Level_Safe_SafeNvM_BsConst_Display_Illum_Max_Level_Safe_1".
                        [Warning] Connector ignored: Could not find targetRPort of RPortInCompositionInstanceRef below AssemblySwConnector "/E40_Platform_System_SystemPackage/Compositions/E40_Platform_System/MemAbstract_Stub_Safe_BsConst_Derating_Backlight_Disable_SafeNvM_BsConst_Derating_Backlight_Disable_1".
                        [Warning] Connector ignored: Could not find targetRPort of RPortInCompositionInstanceRef below AssemblySwConnector "/E40_Platform_System_SystemPackage/Compositions/E40_Platform_System/MemAbstract_Stub_Safe_BsConst_Temperature_Sensor_Conv_SafeNvM_BsConst_Temperature_Sensor_Conv_1".
                        [Warning] Connector ignored: Could not find targetRPort of RPortInCompositionInstanceRef below AssemblySwConnector "/E40_Platform_System_SystemPackage/Compositions/E40_Platform_System/MemAbstract_Stub_Safe_BsConst_BsConst_Illumination_ReservedByte_SafeNvM_BsConst_BsConst_Illumination_ReservedByte_1".
                        [Warning] Connector ignored: Could not find targetRPort of RPortInCompositionInstanceRef below AssemblySwConnector "/E40_Platform_System_SystemPackage/Compositions/E40_Platform_System/MemAbstract_Stub_Safe_BsConst_Temp_Threshold_Hysteresis_Derating_SafeNvM_BsConst_Temp_Threshold_Hysteresis_Derating_1".
                        [Warning] Connector ignored: Could not find targetRPort of RPortInCompositionInstanceRef below AssemblySwConnector "/E40_Platform_System_SystemPackage/Compositions/E40_Platform_System/MemAbstract_Stub_Safe_BsConst_Compensation_Line_Shift_b_SafeNvM_BsConst_Compensation_Line_Shift_b_1".
                        [Warning] Connector ignored: Could not find targetRPort of RPortInCompositionInstanceRef below AssemblySwConnector "/E40_Platform_System_SystemPackage/Compositions/E40_Platform_System/MemAbstract_Stub_Safe_BsConst_Lookup_Curve_HotSpot_Coef_Y_SafeNvM_BsConst_Lookup_Curve_HotSpot_Coef_Y_1".
                        [Warning] Connector ignored: Could not find targetRPort of RPortInCompositionInstanceRef below AssemblySwConnector "/E40_Platform_System_SystemPackage/Compositions/E40_Platform_System/MemAbstract_Stub_Safe_BsConst_Compensation_Line_Slope_m_SafeNvM_BsConst_Compensation_Line_Slope_m_2".
                        [Warning] Connector ignored: Could not find targetRPort of RPortInCompositionInstanceRef below AssemblySwConnector "/E40_Platform_System_SystemPackage/Compositions/E40_Platform_System/MemAbstract_Stub_Safe_BsConst_Derating_Backlight_Disable_SafeNvM_BsConst_Derating_Backlight_Disable_2".
                        [Warning] Connector ignored: Could not find targetRPort of RPortInCompositionInstanceRef below AssemblySwConnector "/E40_Platform_System_SystemPackage/Compositions/E40_Platform_System/MemAbstract_Stub_Safe_BsConst_Temperature_Sensor_Conv_SafeNvM_BsConst_Temperature_Sensor_Conv_2".
                        [Warning] Connector ignored: Could not find targetRPort of RPortInCompositionInstanceRef below AssemblySwConnector "/E40_Platform_System_SystemPackage/Compositions/E40_Platform_System/MemAbstract_Stub_Safe_BsConst_BsConst_Illumination_ReservedByte_SafeNvM_BsConst_BsConst_Illumination_ReservedByte_2".
                        [Warning] Connector ignored: Could not find targetRPort of RPortInCompositionInstanceRef below AssemblySwConnector "/E40_Platform_System_SystemPackage/Compositions/E40_Platform_System/MemAbstract_Stub_Safe_BsConst_Temp_Threshold_Hysteresis_Derating_SafeNvM_BsConst_Temp_Threshold_Hysteresis_Derating_2".
                        [Warning] Connector ignored: Could not find targetRPort of RPortInCompositionInstanceRef below AssemblySwConnector "/E40_Platform_System_SystemPackage/Compositions/E40_Platform_System/MemAbstract_Stub_Safe_BsConst_Lookup_Curve_HotSpot_Coef_Y_SafeNvM_BsConst_Lookup_Curve_HotSpot_Coef_Y_2".
                        [Warning] Connector ignored: Could not find targetRPort of RPortInCompositionInstanceRef below AssemblySwConnector "/E40_Platform_System_SystemPackage/Compositions/E40_Platform_System/MemAbstract_Stub_Safe_BsConst_PWM_boost_bypass_duty_SafeNvM_BsConst_PWM_boost_bypass_duty_2".
                        [Warning] Connector ignored: Could not find targetRPort of RPortInCompositionInstanceRef below AssemblySwConnector "/E40_Platform_System_SystemPackage/Compositions/E40_Platform_System/MemAbstract_Stub_Safe_BsConst_Lookup_Curve_HotSpot_Coef_X_SafeNvM_BsConst_Lookup_Curve_HotSpot_Coef_X_2".
                        [Warning] Connector ignored: Could not find targetRPort of RPortInCompositionInstanceRef below AssemblySwConnector "/E40_Platform_System_SystemPackage/Compositions/E40_Platform_System/MemAbstract_Stub_Safe_BsConst_Compensation_Line_Shift_b_SafeNvM_BsConst_Compensation_Line_Shift_b_2".
                        [Warning] Connector ignored: Could not find targetRPort of RPortInCompositionInstanceRef below AssemblySwConnector "/E40_Platform_System_SystemPackage/Compositions/E40_Platform_System/MemAbstract_Stub_Safe_BsConst_PCB_Temperature_Sensor_Conv_SafeNvM_BsConst_PCB_Temperature_Sensor_Conv_2".
                        [Warning] Connector ignored: Could not find targetRPort of RPortInCompositionInstanceRef below AssemblySwConnector "/E40_Platform_System_SystemPackage/Compositions/E40_Platform_System/MemAbstract_Stub_Safe_BsConst_Display_Illum_Max_Level_Safe_SafeNvM_BsConst_Display_Illum_Max_Level_Safe_2".
                        [Warning] Connector ignored: Could not find targetRPort of RPortInCompositionInstanceRef below AssemblySwConnector "/E40_Platform_System_SystemPackage/Compositions/E40_Platform_System/MemAbstract_Stub_Safe_BsConst_Derating_Backlight_Disable_SafeNvM_BsConst_Derating_Backlight_Disable_3".
                        [Warning] Connector ignored: Could not find targetRPort of RPortInCompositionInstanceRef below AssemblySwConnector "/E40_Platform_System_SystemPackage/Compositions/E40_Platform_System/MemAbstract_Stub_Safe_BsConst_Compensation_Line_Slope_m_SafeNvM_BsConst_Compensation_Line_Slope_m_3".
                        [Warning] Connector ignored: Could not find targetRPort of RPortInCompositionInstanceRef below AssemblySwConnector "/E40_Platform_System_SystemPackage/Compositions/E40_Platform_System/MemAbstract_Stub_Safe_BsConst_Lookup_Curve_HotSpot_Coef_Y_SafeNvM_BsConst_Lookup_Curve_HotSpot_Coef_Y_3".
                        [Warning] Connector ignored: Could not find targetRPort of RPortInCompositionInstanceRef below AssemblySwConnector "/E40_Platform_System_SystemPackage/Compositions/E40_Platform_System/MemAbstract_Stub_Safe_BsConst_Temperature_Sensor_Conv_SafeNvM_BsConst_Temperature_Sensor_Conv_3".
                        [Warning] Connector ignored: Could not find targetRPort of RPortInCompositionInstanceRef below AssemblySwConnector "/E40_Platform_System_SystemPackage/Compositions/E40_Platform_System/MemAbstract_Stub_Safe_BsConst_Compensation_Line_Shift_b_SafeNvM_BsConst_Compensation_Line_Shift_b_3".
                        [Warning] Connector ignored: Could not find targetRPort of RPortInCompositionInstanceRef below AssemblySwConnector "/E40_Platform_System_SystemPackage/Compositions/E40_Platform_System/MemAbstract_Stub_Safe_BsConst_Temp_Threshold_Hysteresis_Derating_SafeNvM_BsConst_Temp_Threshold_Hysteresis_Derating_3".
                        [Warning] Connector ignored: Could not find targetRPort of RPortInCompositionInstanceRef below AssemblySwConnector "/E40_Platform_System_SystemPackage/Compositions/E40_Platform_System/MemAbstract_Stub_Safe_BsConst_BsConst_Illumination_ReservedByte_SafeNvM_BsConst_BsConst_Illumination_ReservedByte_3".
                        [Warning] Connector ignored: Could not find targetRPort of RPortInCompositionInstanceRef below AssemblySwConnector "/E40_Platform_System_SystemPackage/Compositions/E40_Platform_System/MemAbstract_Stub_Safe_BsConst_Display_Illum_Max_Level_Safe_SafeNvM_BsConst_Display_Illum_Max_Level_Safe_3".
                        [Warning] Connector ignored: Could not find targetRPort of RPortInCompositionInstanceRef below AssemblySwConnector "/E40_Platform_System_SystemPackage/Compositions/E40_Platform_System/MemAbstract_Stub_Safe_BsConst_Lookup_Curve_HotSpot_Coef_X_SafeNvM_BsConst_Lookup_Curve_HotSpot_Coef_X_3".
                        [Warning] Connector ignored: Could not find targetRPort of RPortInCompositionInstanceRef below AssemblySwConnector "/E40_Platform_System_SystemPackage/Compositions/E40_Platform_System/MemAbstract_Stub_Safe_BsConst_PWM_boost_bypass_duty_SafeNvM_BsConst_PWM_boost_bypass_duty_3".
                        [Warning] Connector ignored: Could not find targetRPort of RPortInCompositionInstanceRef below AssemblySwConnector "/E40_Platform_System_SystemPackage/Compositions/E40_Platform_System/MemAbstract_Stub_Safe_BsConst_PCB_Temperature_Sensor_Conv_SafeNvM_BsConst_PCB_Temperature_Sensor_Conv_3".
                        [Warning] Connector ignored: Could not find outerPort of DelegationSwConnector "/E40_Platform_System_SystemPackage/Compositions/E40_Platform_System/CComAbsMdl_stubs_pp_SR_TxBattery_Voltage_pp_SR_TxBattery_Voltage".
                        [Warning] Connector ignored: Could not find outerPort of DelegationSwConnector "/E40_Platform_System_SystemPackage/Compositions/E40_Platform_System/CComAbsMdl_stubs_pp_SR_TxCurrentStateIC_pp_SR_TxCurrentStateIC".
                        [Warning] Connector ignored: Could not find outerPort of DelegationSwConnector "/E40_Platform_System_SystemPackage/Compositions/E40_Platform_System/CComAbsMdl_stubs_pp_SR_TxDebug1_Byte0_pp_SR_TxDebug1_Byte0".
                        [Warning] Connector ignored: Could not find outerPort of DelegationSwConnector "/E40_Platform_System_SystemPackage/Compositions/E40_Platform_System/CComAbsMdl_stubs_pp_SR_TxDebug1_Byte1_pp_SR_TxDebug1_Byte1".
                        [Warning] Connector ignored: Could not find outerPort of DelegationSwConnector "/E40_Platform_System_SystemPackage/Compositions/E40_Platform_System/CComAbsMdl_stubs_pp_SR_TxDebug1_Byte2_pp_SR_TxDebug1_Byte2".
                        [Warning] Connector ignored: Could not find outerPort of DelegationSwConnector "/E40_Platform_System_SystemPackage/Compositions/E40_Platform_System/CComAbsMdl_stubs_pp_SR_TxDebug1_Byte3_pp_SR_TxDebug1_Byte3".
                        [Warning] Connector ignored: Could not find outerPort of DelegationSwConnector "/E40_Platform_System_SystemPackage/Compositions/E40_Platform_System/CComAbsMdl_stubs_pp_SR_TxDebug1_Byte4_pp_SR_TxDebug1_Byte4".
                        [Warning] Connector ignored: Could not find outerPort of DelegationSwConnector "/E40_Platform_System_SystemPackage/Compositions/E40_Platform_System/CComAbsMdl_stubs_pp_SR_TxDebug1_Byte5_pp_SR_TxDebug1_Byte5".
                        [Warning] Connector ignored: Could not find outerPort of DelegationSwConnector "/E40_Platform_System_SystemPackage/Compositions/E40_Platform_System/CComAbsMdl_stubs_pp_SR_TxDebug1_Byte6_pp_SR_TxDebug1_Byte6".
                        [Warning] Connector ignored: Could not find outerPort of DelegationSwConnector "/E40_Platform_System_SystemPackage/Compositions/E40_Platform_System/CComAbsMdl_stubs_pp_SR_TxDebug1_Byte7_pp_SR_TxDebug1_Byte7".
                        [Warning] Connector ignored: Could not find outerPort of DelegationSwConnector "/E40_Platform_System_SystemPackage/Compositions/E40_Platform_System/CComAbsMdl_stubs_pp_SR_TxDebug2_Byte0_pp_SR_TxDebug2_Byte0".
                        [Warning] Connector ignored: Could not find outerPort of DelegationSwConnector "/E40_Platform_System_SystemPackage/Compositions/E40_Platform_System/CComAbsMdl_stubs_pp_SR_TxDebug2_Byte1_pp_SR_TxDebug2_Byte1".
                        [Warning] Connector ignored: Could not find outerPort of DelegationSwConnector "/E40_Platform_System_SystemPackage/Compositions/E40_Platform_System/CComAbsMdl_stubs_pp_SR_TxDebug2_Byte2_pp_SR_TxDebug2_Byte2".
                        [Warning] Connector ignored: Could not find outerPort of DelegationSwConnector "/E40_Platform_System_SystemPackage/Compositions/E40_Platform_System/CComAbsMdl_stubs_pp_SR_TxDebug2_Byte3_pp_SR_TxDebug2_Byte3".
                        [Warning] Connector ignored: Could not find outerPort of DelegationSwConnector "/E40_Platform_System_SystemPackage/Compositions/E40_Platform_System/CComAbsMdl_stubs_pp_SR_TxDebug2_Byte4_pp_SR_TxDebug2_Byte4".
                        [Warning] Connector ignored: Could not find outerPort of DelegationSwConnector "/E40_Platform_System_SystemPackage/Compositions/E40_Platform_System/CComAbsMdl_stubs_pp_SR_TxDebug2_Byte5_pp_SR_TxDebug2_Byte5".
                        [Warning] Connector ignored: Could not find outerPort of DelegationSwConnector "/E40_Platform_System_SystemPackage/Compositions/E40_Platform_System/CComAbsMdl_stubs_pp_SR_TxDebug2_Byte6_pp_SR_TxDebug2_Byte6".
                        [Warning] Connector ignored: Could not find outerPort of DelegationSwConnector "/E40_Platform_System_SystemPackage/Compositions/E40_Platform_System/CComAbsMdl_stubs_pp_SR_TxDebug2_Byte7_pp_SR_TxDebug2_Byte7".
                        [Warning] Connector ignored: Could not find outerPort of DelegationSwConnector "/E40_Platform_System_SystemPackage/Compositions/E40_Platform_System/CComAbsMdl_stubs_pp_SR_TxDebug3_Byte0_pp_SR_TxDebug3_Byte0".
                        [Warning] Connector ignored: Could not find outerPort of DelegationSwConnector "/E40_Platform_System_SystemPackage/Compositions/E40_Platform_System/CComAbsMdl_stubs_pp_SR_TxDebug3_Byte1_pp_SR_TxDebug3_Byte1".
                        [Warning] Connector ignored: Could not find outerPort of DelegationSwConnector "/E40_Platform_System_SystemPackage/Compositions/E40_Platform_System/CComAbsMdl_stubs_pp_SR_TxDebug3_Byte2_pp_SR_TxDebug3_Byte2".
                        [Warning] Connector ignored: Could not find outerPort of DelegationSwConnector "/E40_Platform_System_SystemPackage/Compositions/E40_Platform_System/CComAbsMdl_stubs_pp_SR_TxDebug3_Byte3_pp_SR_TxDebug3_Byte3".
                        [Warning] Connector ignored: Could not find outerPort of DelegationSwConnector "/E40_Platform_System_SystemPackage/Compositions/E40_Platform_System/CComAbsMdl_stubs_pp_SR_TxDebug3_Byte4_pp_SR_TxDebug3_Byte4".
                        [Warning] Connector ignored: Could not find outerPort of DelegationSwConnector "/E40_Platform_System_SystemPackage/Compositions/E40_Platform_System/CComAbsMdl_stubs_pp_SR_TxDebug3_Byte5_pp_SR_TxDebug3_Byte5".
                        [Warning] Connector ignored: Could not find outerPort of DelegationSwConnector "/E40_Platform_System_SystemPackage/Compositions/E40_Platform_System/CComAbsMdl_stubs_pp_SR_TxDebug3_Byte6_pp_SR_TxDebug3_Byte6".
                        [Warning] Connector ignored: Could not find outerPort of DelegationSwConnector "/E40_Platform_System_SystemPackage/Compositions/E40_Platform_System/CComAbsMdl_stubs_pp_SR_TxDebug3_Byte7_pp_SR_TxDebug3_Byte7".
                        [Warning] Connector ignored: Could not find outerPort of DelegationSwConnector "/E40_Platform_System_SystemPackage/Compositions/E40_Platform_System/CComAbsMdl_stubs_pp_SR_TxDebug4_Byte0_pp_SR_TxDebug4_Byte0".
                        [Warning] Connector ignored: Could not find outerPort of DelegationSwConnector "/E40_Platform_System_SystemPackage/Compositions/E40_Platform_System/CComAbsMdl_stubs_pp_SR_TxDebug4_Byte1_pp_SR_TxDebug4_Byte1".
                        [Warning] Connector ignored: Could not find outerPort of DelegationSwConnector "/E40_Platform_System_SystemPackage/Compositions/E40_Platform_System/CComAbsMdl_stubs_pp_SR_TxDebug4_Byte2_pp_SR_TxDebug4_Byte2".
                        [Warning] Connector ignored: Could not find outerPort of DelegationSwConnector "/E40_Platform_System_SystemPackage/Compositions/E40_Platform_System/CComAbsMdl_stubs_pp_SR_TxDebug4_Byte3_pp_SR_TxDebug4_Byte3".
                        [Warning] Connector ignored: Could not find outerPort of DelegationSwConnector "/E40_Platform_System_SystemPackage/Compositions/E40_Platform_System/CComAbsMdl_stubs_pp_SR_TxDebug4_Byte4_pp_SR_TxDebug4_Byte4".
                        [Warning] Connector ignored: Could not find outerPort of DelegationSwConnector "/E40_Platform_System_SystemPackage/Compositions/E40_Platform_System/CComAbsMdl_stubs_pp_SR_TxDebug4_Byte5_pp_SR_TxDebug4_Byte5".
                        [Warning] Connector ignored: Could not find outerPort of DelegationSwConnector "/E40_Platform_System_SystemPackage/Compositions/E40_Platform_System/CComAbsMdl_stubs_pp_SR_TxDebug4_Byte6_pp_SR_TxDebug4_Byte6".
                        [Warning] Connector ignored: Could not find outerPort of DelegationSwConnector "/E40_Platform_System_SystemPackage/Compositions/E40_Platform_System/CComAbsMdl_stubs_pp_SR_TxDebug4_Byte7_pp_SR_TxDebug4_Byte7".
                        [Warning] Connector ignored: Could not find outerPort of DelegationSwConnector "/E40_Platform_System_SystemPackage/Compositions/E40_Platform_System/CComAbsMdl_stubs_pp_SR_TxDebug5_Byte0_pp_SR_TxDebug5_Byte0".
                        [Warning] Connector ignored: Could not find outerPort of DelegationSwConnector "/E40_Platform_System_SystemPackage/Compositions/E40_Platform_System/CComAbsMdl_stubs_pp_SR_TxDebug5_Byte1_pp_SR_TxDebug5_Byte1".
                        [Warning] Connector ignored: Could not find outerPort of DelegationSwConnector "/E40_Platform_System_SystemPackage/Compositions/E40_Platform_System/CComAbsMdl_stubs_pp_SR_TxDebug5_Byte2_pp_SR_TxDebug5_Byte2".
                        [Warning] Connector ignored: Could not find outerPort of DelegationSwConnector "/E40_Platform_System_SystemPackage/Compositions/E40_Platform_System/CComAbsMdl_stubs_pp_SR_TxDebug5_Byte3_pp_SR_TxDebug5_Byte3".
                        [Warning] Connector ignored: Could not find outerPort of DelegationSwConnector "/E40_Platform_System_SystemPackage/Compositions/E40_Platform_System/CComAbsMdl_stubs_pp_SR_TxDebug5_Byte4_pp_SR_TxDebug5_Byte4".
                        [Warning] Connector ignored: Could not find outerPort of DelegationSwConnector "/E40_Platform_System_SystemPackage/Compositions/E40_Platform_System/CComAbsMdl_stubs_pp_SR_TxDebug5_Byte5_pp_SR_TxDebug5_Byte5".
                        [Warning] Connector ignored: Could not find outerPort of DelegationSwConnector "/E40_Platform_System_SystemPackage/Compositions/E40_Platform_System/CComAbsMdl_stubs_pp_SR_TxDebug5_Byte6_pp_SR_TxDebug5_Byte6".
                        [Warning] Connector ignored: Could not find outerPort of DelegationSwConnector "/E40_Platform_System_SystemPackage/Compositions/E40_Platform_System/CComAbsMdl_stubs_pp_SR_TxDebug5_Byte7_pp_SR_TxDebug5_Byte7".
                        [Warning] Connector ignored: Could not find outerPort of DelegationSwConnector "/E40_Platform_System_SystemPackage/Compositions/E40_Platform_System/CComAbsMdl_stubs_pp_SR_TxDiag_Buffer_Tx_USDT_pp_SR_TxDiag_Buffer_Tx_USDT".
                        [Warning] Connector ignored: Could not find outerPort of DelegationSwConnector "/E40_Platform_System_SystemPackage/Compositions/E40_Platform_System/CComAbsMdl_stubs_pp_SR_TxDiag_Buffer_Tx_UUDT_pp_SR_TxDiag_Buffer_Tx_UUDT".
                        [Warning] Connector ignored: Could not find outerPort of DelegationSwConnector "/E40_Platform_System_SystemPackage/Compositions/E40_Platform_System/CComAbsMdl_stubs_pp_SR_TxFV_Tx_pp_SR_TxFV_Tx".
                        [Warning] Connector ignored: Could not find outerPort of DelegationSwConnector "/E40_Platform_System_SystemPackage/Compositions/E40_Platform_System/CComAbsMdl_stubs_pp_SR_TxIllumination_PWM_pp_SR_TxIllumination_PWM".
                        [Warning] Connector ignored: Could not find outerPort of DelegationSwConnector "/E40_Platform_System_SystemPackage/Compositions/E40_Platform_System/CComAbsMdl_stubs_pp_SR_TxMAC_Tx_pp_SR_TxMAC_Tx".
                        [Warning] Connector ignored: Could not find outerPort of DelegationSwConnector "/E40_Platform_System_SystemPackage/Compositions/E40_Platform_System/CComAbsMdl_stubs_pp_SR_TxOdometer_pp_SR_TxOdometer".
                        [Warning] Connector ignored: Could not find outerPort of DelegationSwConnector "/E40_Platform_System_SystemPackage/Compositions/E40_Platform_System/CComAbsMdl_stubs_pp_SR_TxPreviousStateIC_pp_SR_TxPreviousStateIC".
                        [Warning] Connector ignored: Could not find outerPort of DelegationSwConnector "/E40_Platform_System_SystemPackage/Compositions/E40_Platform_System/CComAbsMdl_stubs_pp_SR_TxSecureTxByte0_pp_SR_TxSecureTxByte0".
                        [Warning] Connector ignored: Could not find outerPort of DelegationSwConnector "/E40_Platform_System_SystemPackage/Compositions/E40_Platform_System/CComAbsMdl_stubs_pp_SR_TxSecureTxByte1_pp_SR_TxSecureTxByte1".
                        [Warning] Connector ignored: Could not find outerPort of DelegationSwConnector "/E40_Platform_System_SystemPackage/Compositions/E40_Platform_System/CComAbsMdl_stubs_pp_SR_TxSecureTxByte2_pp_SR_TxSecureTxByte2".
                        [Warning] Connector ignored: Could not find outerPort of DelegationSwConnector "/E40_Platform_System_SystemPackage/Compositions/E40_Platform_System/CComAbsMdl_stubs_pp_SR_TxSecureTxByte3_pp_SR_TxSecureTxByte3".
                        [Warning] Connector ignored: Could not find outerPort of DelegationSwConnector "/E40_Platform_System_SystemPackage/Compositions/E40_Platform_System/CComAbsMdl_stubs_pp_SR_TxUserData1_IC_pp_SR_TxUserData1_IC".
                        [Warning] Connector ignored: Could not find outerPort of DelegationSwConnector "/E40_Platform_System_SystemPackage/Compositions/E40_Platform_System/CComAbsMdl_stubs_pp_SR_TxUserData2_IC_pp_SR_TxUserData2_IC".
                        [Warning] Connector ignored: Could not find outerPort of DelegationSwConnector "/E40_Platform_System_SystemPackage/Compositions/E40_Platform_System/CComAbsMdl_stubs_pp_SR_TxUserData3_IC_pp_SR_TxUserData3_IC".
                        [Warning] Connector ignored: Could not find outerPort of DelegationSwConnector "/E40_Platform_System_SystemPackage/Compositions/E40_Platform_System/CComAbsMdl_stubs_pp_SR_TxUserData4_IC_pp_SR_TxUserData4_IC".
                        [Warning] Connector ignored: Could not find outerPort of DelegationSwConnector "/E40_Platform_System_SystemPackage/Compositions/E40_Platform_System/CComAbsMdl_stubs_pp_SR_TxUserData5_IC_pp_SR_TxUserData5_IC".
                        [Warning] Connector ignored: Could not find outerPort of DelegationSwConnector "/E40_Platform_System_SystemPackage/Compositions/E40_Platform_System/CComAbsMdl_stubs_pp_SR_TxVehicleSpeedIC_pp_SR_TxVehicleSpeedIC".
                        [Warning] Connector ignored: Could not find targetRPort of RPortInCompositionInstanceRef below AssemblySwConnector "/E40_Platform_System_SystemPackage/Compositions/E40_Platform_System/MemAbstract_Stub_Safe_BsConst_Temp_Threshold_Hysteresis_Derating_SafeNvM_BsConst_Temp_Threshold_Hysteresis_Derating_4".
                        [Warning] Connector ignored: Could not find targetRPort of RPortInCompositionInstanceRef below AssemblySwConnector "/E40_Platform_System_SystemPackage/Compositions/E40_Platform_System/MemAbstract_Stub_Safe_BsConst_Lookup_Curve_HotSpot_Coef_X_SafeNvM_BsConst_Lookup_Curve_HotSpot_Coef_X_4".
                        [Warning] Connector ignored: Could not find targetRPort of RPortInCompositionInstanceRef below AssemblySwConnector "/E40_Platform_System_SystemPackage/Compositions/E40_Platform_System/MemAbstract_Stub_Safe_BsConst_Compensation_Line_Shift_b_SafeNvM_BsConst_Compensation_Line_Shift_b_4".
                        [Warning] Connector ignored: Could not find targetRPort of RPortInCompositionInstanceRef below AssemblySwConnector "/E40_Platform_System_SystemPackage/Compositions/E40_Platform_System/MemAbstract_Stub_Safe_BsConst_Temperature_Sensor_Conv_SafeNvM_BsConst_Temperature_Sensor_Conv_4".
                        [Warning] Connector ignored: Could not find targetRPort of RPortInCompositionInstanceRef below AssemblySwConnector "/E40_Platform_System_SystemPackage/Compositions/E40_Platform_System/MemAbstract_Stub_Safe_BsConst_BsConst_Illumination_ReservedByte_SafeNvM_BsConst_BsConst_Illumination_ReservedByte_4".
                        [Warning] Connector ignored: Could not find targetRPort of RPortInCompositionInstanceRef below AssemblySwConnector "/E40_Platform_System_SystemPackage/Compositions/E40_Platform_System/MemAbstract_Stub_Safe_BsConst_Display_Illum_Max_Level_Safe_SafeNvM_BsConst_Display_Illum_Max_Level_Safe_4".
                        [Warning] Connector ignored: Could not find targetRPort of RPortInCompositionInstanceRef below AssemblySwConnector "/E40_Platform_System_SystemPackage/Compositions/E40_Platform_System/MemAbstract_Stub_Safe_BsConst_Lookup_Curve_HotSpot_Coef_Y_SafeNvM_BsConst_Lookup_Curve_HotSpot_Coef_Y_4".
                        [Warning] Connector ignored: Could not find targetRPort of RPortInCompositionInstanceRef below AssemblySwConnector "/E40_Platform_System_SystemPackage/Compositions/E40_Platform_System/MemAbstract_Stub_Safe_BsConst_Derating_Backlight_Disable_SafeNvM_BsConst_Derating_Backlight_Disable_4".
                        [Warning] Connector ignored: Could not find targetRPort of RPortInCompositionInstanceRef below AssemblySwConnector "/E40_Platform_System_SystemPackage/Compositions/E40_Platform_System/MemAbstract_Stub_Safe_BsConst_PWM_boost_bypass_duty_SafeNvM_BsConst_PWM_boost_bypass_duty_4".
                        [Warning] Connector ignored: Could not find targetRPort of RPortInCompositionInstanceRef below AssemblySwConnector "/E40_Platform_System_SystemPackage/Compositions/E40_Platform_System/MemAbstract_Stub_Safe_BsConst_PCB_Temperature_Sensor_Conv_SafeNvM_BsConst_PCB_Temperature_Sensor_Conv_4".
                        [Warning] Connector ignored: Could not find targetRPort of RPortInCompositionInstanceRef below AssemblySwConnector "/E40_Platform_System_SystemPackage/Compositions/E40_Platform_System/MemAbstract_Stub_Safe_BsConst_Compensation_Line_Slope_m_SafeNvM_BsConst_Compensation_Line_Slope_m_4".
                        [Warning] Connector ignored: Could not find targetRPort of RPortInCompositionInstanceRef below AssemblySwConnector "/E40_Platform_System_SystemPackage/Compositions/E40_Platform_System/MemAbstract_Stub_Safe_BsConst_Lookup_Curve_HotSpot_Coef_Y_SafeNvM_BsConst_Lookup_Curve_HotSpot_Coef_Y_5".
                        [Warning] Connector ignored: Could not find targetRPort of RPortInCompositionInstanceRef below AssemblySwConnector "/E40_Platform_System_SystemPackage/Compositions/E40_Platform_System/MemAbstract_Stub_Safe_BsConst_Derating_Backlight_Disable_SafeNvM_BsConst_Derating_Backlight_Disable_5".
                        [Warning] Connector ignored: Could not find targetRPort of RPortInCompositionInstanceRef below AssemblySwConnector "/E40_Platform_System_SystemPackage/Compositions/E40_Platform_System/MemAbstract_Stub_Safe_BsConst_BsConst_Illumination_ReservedByte_SafeNvM_BsConst_BsConst_Illumination_ReservedByte_5".
                        [Warning] Connector ignored: Could not find targetRPort of RPortInCompositionInstanceRef below AssemblySwConnector "/E40_Platform_System_SystemPackage/Compositions/E40_Platform_System/MemAbstract_Stub_Safe_BsConst_PWM_boost_bypass_duty_SafeNvM_BsConst_PWM_boost_bypass_duty_5".
                        [Warning] Connector ignored: Could not find targetRPort of RPortInCompositionInstanceRef below AssemblySwConnector "/E40_Platform_System_SystemPackage/Compositions/E40_Platform_System/MemAbstract_Stub_Safe_BsConst_Temperature_Sensor_Conv_SafeNvM_BsConst_Temperature_Sensor_Conv_5".
                        [Warning] Connector ignored: Could not find targetRPort of RPortInCompositionInstanceRef below AssemblySwConnector "/E40_Platform_System_SystemPackage/Compositions/E40_Platform_System/MemAbstract_Stub_Safe_BsConst_Lookup_Curve_HotSpot_Coef_X_SafeNvM_BsConst_Lookup_Curve_HotSpot_Coef_X_5".
                        [Warning] Connector ignored: Could not find targetRPort of RPortInCompositionInstanceRef below AssemblySwConnector "/E40_Platform_System_SystemPackage/Compositions/E40_Platform_System/MemAbstract_Stub_Safe_BsConst_Display_Illum_Max_Level_Safe_SafeNvM_BsConst_Display_Illum_Max_Level_Safe_5".
                        [Warning] Connector ignored: Could not find targetRPort of RPortInCompositionInstanceRef below AssemblySwConnector "/E40_Platform_System_SystemPackage/Compositions/E40_Platform_System/MemAbstract_Stub_Safe_BsConst_Temp_Threshold_Hysteresis_Derating_SafeNvM_BsConst_Temp_Threshold_Hysteresis_Derating_5".
                        [Warning] Connector ignored: Could not find targetRPort of RPortInCompositionInstanceRef below AssemblySwConnector "/E40_Platform_System_SystemPackage/Compositions/E40_Platform_System/MemAbstract_Stub_Safe_BsConst_Compensation_Line_Shift_b_SafeNvM_BsConst_Compensation_Line_Shift_b_5".
                        [Warning] Connector ignored: Could not find targetRPort of RPortInCompositionInstanceRef below AssemblySwConnector "/E40_Platform_System_SystemPackage/Compositions/E40_Platform_System/MemAbstract_Stub_Safe_BsConst_Compensation_Line_Slope_m_SafeNvM_BsConst_Compensation_Line_Slope_m_5".
                        [Warning] Connector ignored: Could not find targetRPort of RPortInCompositionInstanceRef below AssemblySwConnector "/E40_Platform_System_SystemPackage/Compositions/E40_Platform_System/MemAbstract_Stub_Safe_BsConst_PCB_Temperature_Sensor_Conv_SafeNvM_BsConst_PCB_Temperature_Sensor_Conv_5".
                        [Warning] Connector ignored: Could not find outerPort of DelegationSwConnector "/E40_Platform_System_SystemPackage/Compositions/E40_Platform_System/rp_SR_RxAirbag_1_CComAbsMdl_stubs_rp_SR_RxAirbag_1".
                        [Warning] Connector ignored: Could not find outerPort of DelegationSwConnector "/E40_Platform_System_SystemPackage/Compositions/E40_Platform_System/rp_SR_RxAirbag_2_CComAbsMdl_stubs_rp_SR_RxAirbag_1".
                        [Warning] Connector ignored: Could not find outerPort of DelegationSwConnector "/E40_Platform_System_SystemPackage/Compositions/E40_Platform_System/rp_SR_RxAirbag_1_CComAbsMdl_stubs_rp_SR_RxAirbag_2".
                        [Warning] Connector ignored: Could not find targetRPort of RPortInCompositionInstanceRef below AssemblySwConnector "/E40_Platform_System_SystemPackage/Compositions/E40_Platform_System/MemAbstract_Stub_Safe_BsConst_Lookup_Curve_HotSpot_Coef_X_SafeNvM_BsConst_Lookup_Curve_HotSpot_Coef_X_6".
                        [Warning] Connector ignored: Could not find targetRPort of RPortInCompositionInstanceRef below AssemblySwConnector "/E40_Platform_System_SystemPackage/Compositions/E40_Platform_System/MemAbstract_Stub_Safe_BsConst_PCB_Temperature_Sensor_Conv_SafeNvM_BsConst_PCB_Temperature_Sensor_Conv_6".
                        [Warning] Connector ignored: Could not find targetRPort of RPortInCompositionInstanceRef below AssemblySwConnector "/E40_Platform_System_SystemPackage/Compositions/E40_Platform_System/MemAbstract_Stub_Safe_BsConst_BsConst_Illumination_ReservedByte_SafeNvM_BsConst_BsConst_Illumination_ReservedByte_6".
                        [Warning] Connector ignored: Could not find targetRPort of RPortInCompositionInstanceRef below AssemblySwConnector "/E40_Platform_System_SystemPackage/Compositions/E40_Platform_System/MemAbstract_Stub_Safe_BsConst_Display_Illum_Max_Level_Safe_SafeNvM_BsConst_Display_Illum_Max_Level_Safe_6".
                        [Warning] Connector ignored: Could not find targetRPort of RPortInCompositionInstanceRef below AssemblySwConnector "/E40_Platform_System_SystemPackage/Compositions/E40_Platform_System/MemAbstract_Stub_Safe_BsConst_PWM_boost_bypass_duty_SafeNvM_BsConst_PWM_boost_bypass_duty_6".
                        [Warning] Connector ignored: Could not find targetRPort of RPortInCompositionInstanceRef below AssemblySwConnector "/E40_Platform_System_SystemPackage/Compositions/E40_Platform_System/MemAbstract_Stub_Safe_BsConst_Temperature_Sensor_Conv_SafeNvM_BsConst_Temperature_Sensor_Conv_6".
                        [Warning] Connector ignored: Could not find targetRPort of RPortInCompositionInstanceRef below AssemblySwConnector "/E40_Platform_System_SystemPackage/Compositions/E40_Platform_System/MemAbstract_Stub_Safe_BsConst_Lookup_Curve_HotSpot_Coef_Y_SafeNvM_BsConst_Lookup_Curve_HotSpot_Coef_Y_6".
                        [Warning] Connector ignored: Could not find targetRPort of RPortInCompositionInstanceRef below AssemblySwConnector "/E40_Platform_System_SystemPackage/Compositions/E40_Platform_System/MemAbstract_Stub_Safe_BsConst_Compensation_Line_Shift_b_SafeNvM_BsConst_Compensation_Line_Shift_b_6".
                        [Warning] Connector ignored: Could not find targetRPort of RPortInCompositionInstanceRef below AssemblySwConnector "/E40_Platform_System_SystemPackage/Compositions/E40_Platform_System/MemAbstract_Stub_Safe_BsConst_Compensation_Line_Slope_m_SafeNvM_BsConst_Compensation_Line_Slope_m_6".
                        [Warning] Connector ignored: Could not find targetRPort of RPortInCompositionInstanceRef below AssemblySwConnector "/E40_Platform_System_SystemPackage/Compositions/E40_Platform_System/MemAbstract_Stub_Safe_BsConst_Derating_Backlight_Disable_SafeNvM_BsConst_Derating_Backlight_Disable_6".
                        [Warning] Connector ignored: Could not find targetRPort of RPortInCompositionInstanceRef below AssemblySwConnector "/E40_Platform_System_SystemPackage/Compositions/E40_Platform_System/MemAbstract_Stub_Safe_BsConst_Temp_Threshold_Hysteresis_Derating_SafeNvM_BsConst_Temp_Threshold_Hysteresis_Derating_6".
                        [Warning] Connector ignored: Could not find targetRPort of RPortInCompositionInstanceRef below AssemblySwConnector "/E40_Platform_System_SystemPackage/Compositions/E40_Platform_System/MemAbstract_Stub_Safe_BsConst_Lookup_Curve_HotSpot_Coef_Y_SafeNvM_BsConst_Lookup_Curve_HotSpot_Coef_Y_7".
                        [Warning] Connector ignored: Could not find targetRPort of RPortInCompositionInstanceRef below AssemblySwConnector "/E40_Platform_System_SystemPackage/Compositions/E40_Platform_System/MemAbstract_Stub_Safe_BsConst_Lookup_Curve_HotSpot_Coef_X_SafeNvM_BsConst_Lookup_Curve_HotSpot_Coef_X_7".
                        [Warning] Connector ignored: Could not find targetRPort of RPortInCompositionInstanceRef below AssemblySwConnector "/E40_Platform_System_SystemPackage/Compositions/E40_Platform_System/MemAbstract_Stub_Safe_BsConst_BsConst_Illumination_ReservedByte_SafeNvM_BsConst_BsConst_Illumination_ReservedByte_7".
                        [Warning] Connector ignored: Could not find targetRPort of RPortInCompositionInstanceRef below AssemblySwConnector "/E40_Platform_System_SystemPackage/Compositions/E40_Platform_System/MemAbstract_Stub_Safe_BsConst_Temperature_Sensor_Conv_SafeNvM_BsConst_Temperature_Sensor_Conv_7".
                        [Warning] Connector ignored: Could not find targetRPort of RPortInCompositionInstanceRef below AssemblySwConnector "/E40_Platform_System_SystemPackage/Compositions/E40_Platform_System/MemAbstract_Stub_Safe_BsConst_PCB_Temperature_Sensor_Conv_SafeNvM_BsConst_PCB_Temperature_Sensor_Conv_7".
                        [Warning] Connector ignored: Could not find targetRPort of RPortInCompositionInstanceRef below AssemblySwConnector "/E40_Platform_System_SystemPackage/Compositions/E40_Platform_System/MemAbstract_Stub_Safe_BsConst_Derating_Backlight_Disable_SafeNvM_BsConst_Derating_Backlight_Disable_7".
                        [Warning] Connector ignored: Could not find targetRPort of RPortInCompositionInstanceRef below AssemblySwConnector "/E40_Platform_System_SystemPackage/Compositions/E40_Platform_System/MemAbstract_Stub_Safe_BsConst_Display_Illum_Max_Level_Safe_SafeNvM_BsConst_Display_Illum_Max_Level_Safe_7".
                        [Warning] Connector ignored: Could not find targetRPort of RPortInCompositionInstanceRef below AssemblySwConnector "/E40_Platform_System_SystemPackage/Compositions/E40_Platform_System/MemAbstract_Stub_Safe_BsConst_Temp_Threshold_Hysteresis_Derating_SafeNvM_BsConst_Temp_Threshold_Hysteresis_Derating_7".
                        [Warning] Connector ignored: Could not find targetRPort of RPortInCompositionInstanceRef below AssemblySwConnector "/E40_Platform_System_SystemPackage/Compositions/E40_Platform_System/MemAbstract_Stub_Safe_BsConst_PWM_boost_bypass_duty_SafeNvM_BsConst_PWM_boost_bypass_duty_7".
                        [Warning] Connector ignored: Could not find targetRPort of RPortInCompositionInstanceRef below AssemblySwConnector "/E40_Platform_System_SystemPackage/Compositions/E40_Platform_System/MemAbstract_Stub_Safe_BsConst_Compensation_Line_Shift_b_SafeNvM_BsConst_Compensation_Line_Shift_b_7".
                        [Warning] Connector ignored: Could not find targetRPort of RPortInCompositionInstanceRef below AssemblySwConnector "/E40_Platform_System_SystemPackage/Compositions/E40_Platform_System/MemAbstract_Stub_Safe_BsConst_Compensation_Line_Slope_m_SafeNvM_BsConst_Compensation_Line_Slope_m_7".
                        [Warning] Connector ignored: Could not find outerPort of DelegationSwConnector "/E40_Platform_System_SystemPackage/Compositions/E40_Platform_System/TrustecSWC_PP_TX_SG_COM_HSSG_COM_HS_PP_TX_SG_COM_HSSG_COM_HS".
                        [Warning] Connector ignored: Could not find targetPPort of PPortInCompositionInstanceRef below DelegationSwConnector "/E40_Platform_System_SystemPackage/Compositions/E40_Platform_System/TrustecSWC_PP_TX_SG_COM_HSSG_COM_HS_PP_TX_SG_COM_HSSG_COM_HS_1".
                        [Warning] Connector ignored: Could not find targetRPort of RPortInCompositionInstanceRef below DelegationSwConnector "/E40_Platform_System_SystemPackage/Compositions/E40_Platform_System/rp_SR_RxAmbient_Light_level_CComAbsMdl_stubs_rp_SR_RxAmbient_Light_level_1".
                        [Warning] Connector ignored: Could not find targetRPort of RPortInCompositionInstanceRef below DelegationSwConnector "/E40_Platform_System_SystemPackage/Compositions/E40_Platform_System/rp_SR_RxDayNightMode_CComAbsMdl_stubs_rp_SR_RxDayNightMode_1".
                        [Warning] Connector ignored: Could not find targetRPort of RPortInCompositionInstanceRef below DelegationSwConnector "/E40_Platform_System_SystemPackage/Compositions/E40_Platform_System/rp_SR_RxGear_CComAbsMdl_stubs_rp_SR_RxGear_1".
                        [Warning] Connector ignored: Could not find targetRPort of RPortInCompositionInstanceRef below DelegationSwConnector "/E40_Platform_System_SystemPackage/Compositions/E40_Platform_System/rp_SR_RxGearMode_CComAbsMdl_stubs_rp_SR_RxGearMode_1".
                        [Warning] Connector ignored: Could not find targetRPort of RPortInCompositionInstanceRef below DelegationSwConnector "/E40_Platform_System_SystemPackage/Compositions/E40_Platform_System/rp_SR_RxGearRecommendation_CComAbsMdl_stubs_rp_SR_RxGearRecommendation_1".
                        [Warning] Connector ignored: Could not find targetRPort of RPortInCompositionInstanceRef below DelegationSwConnector "/E40_Platform_System_SystemPackage/Compositions/E40_Platform_System/rp_SR_RxGearStatus_CComAbsMdl_stubs_rp_SR_RxGearStatus_1".
                        [Warning] Connector ignored: Could not find targetRPort of RPortInCompositionInstanceRef below DelegationSwConnector "/E40_Platform_System_SystemPackage/Compositions/E40_Platform_System/rp_SR_RxIllumination_level_CComAbsMdl_stubs_rp_SR_RxIllumination_level_1".
                        [Warning] Connector ignored: Could not find targetRPort of RPortInCompositionInstanceRef below DelegationSwConnector "/E40_Platform_System_SystemPackage/Compositions/E40_Platform_System/rp_SR_RxPowerMode_CComAbsMdl_stubs_rp_SR_RxPowerMode_1".
                        [Warning] Connector ignored: Could not find targetRPort of RPortInCompositionInstanceRef below DelegationSwConnector "/E40_Platform_System_SystemPackage/Compositions/E40_Platform_System/rp_SR_RxTransportMode_CComAbsMdl_stubs_rp_SR_RxTransportMode_1".
                        [Warning] Connector ignored: Could not find targetRPort of RPortInCompositionInstanceRef below DelegationSwConnector "/E40_Platform_System_SystemPackage/Compositions/E40_Platform_System/rp_SR_RxWarning_CComAbsMdl_stubs_rp_SR_RxWarning_1".
                        [Warning] Connector ignored: Could not find targetPPort of PPortInCompositionInstanceRef below DelegationSwConnector "/E40_Platform_System_SystemPackage/Compositions/E40_Platform_System/CComAbsMdl_stubs_pp_SR_TxDebug1_Byte0_1_pp_SR_TxDebug1_Byte0".
                        [Warning] Connector ignored: Could not find targetPPort of PPortInCompositionInstanceRef below DelegationSwConnector "/E40_Platform_System_SystemPackage/Compositions/E40_Platform_System/CComAbsMdl_stubs_pp_SR_TxDebug1_Byte1_1_pp_SR_TxDebug1_Byte1".
                        [Warning] Connector ignored: Could not find targetPPort of PPortInCompositionInstanceRef below DelegationSwConnector "/E40_Platform_System_SystemPackage/Compositions/E40_Platform_System/CComAbsMdl_stubs_pp_SR_TxDebug1_Byte2_1_pp_SR_TxDebug1_Byte2".
                        [Warning] Connector ignored: Could not find targetPPort of PPortInCompositionInstanceRef below DelegationSwConnector "/E40_Platform_System_SystemPackage/Compositions/E40_Platform_System/CComAbsMdl_stubs_pp_SR_TxDebug1_Byte3_1_pp_SR_TxDebug1_Byte3".
                        [Warning] Connector ignored: Could not find targetPPort of PPortInCompositionInstanceRef below DelegationSwConnector "/E40_Platform_System_SystemPackage/Compositions/E40_Platform_System/CComAbsMdl_stubs_pp_SR_TxDebug1_Byte4_1_pp_SR_TxDebug1_Byte4".
                        [Warning] Connector ignored: Could not find targetPPort of PPortInCompositionInstanceRef below DelegationSwConnector "/E40_Platform_System_SystemPackage/Compositions/E40_Platform_System/CComAbsMdl_stubs_pp_SR_TxDebug1_Byte5_1_pp_SR_TxDebug1_Byte5".
                        [Warning] Connector ignored: Could not find targetPPort of PPortInCompositionInstanceRef below DelegationSwConnector "/E40_Platform_System_SystemPackage/Compositions/E40_Platform_System/CComAbsMdl_stubs_pp_SR_TxDebug1_Byte6_1_pp_SR_TxDebug1_Byte6".
                        [Warning] Connector ignored: Could not find targetPPort of PPortInCompositionInstanceRef below DelegationSwConnector "/E40_Platform_System_SystemPackage/Compositions/E40_Platform_System/CComAbsMdl_stubs_pp_SR_TxDebug1_Byte7_1_pp_SR_TxDebug1_Byte7".
                        [Warning] Connector ignored: Could not find targetPPort of PPortInCompositionInstanceRef below DelegationSwConnector "/E40_Platform_System_SystemPackage/Compositions/E40_Platform_System/CComAbsMdl_stubs_pp_SR_TxDebug2_Byte0_1_pp_SR_TxDebug2_Byte0".
                        [Warning] Connector ignored: Could not find targetPPort of PPortInCompositionInstanceRef below DelegationSwConnector "/E40_Platform_System_SystemPackage/Compositions/E40_Platform_System/CComAbsMdl_stubs_pp_SR_TxDebug2_Byte1_1_pp_SR_TxDebug2_Byte1".
                        [Warning] Connector ignored: Could not find targetPPort of PPortInCompositionInstanceRef below DelegationSwConnector "/E40_Platform_System_SystemPackage/Compositions/E40_Platform_System/CComAbsMdl_stubs_pp_SR_TxDebug2_Byte2_1_pp_SR_TxDebug2_Byte2".
                        [Warning] Connector ignored: Could not find targetPPort of PPortInCompositionInstanceRef below DelegationSwConnector "/E40_Platform_System_SystemPackage/Compositions/E40_Platform_System/CComAbsMdl_stubs_pp_SR_TxDebug2_Byte3_1_pp_SR_TxDebug2_Byte3".
                        [Warning] Connector ignored: Could not find targetPPort of PPortInCompositionInstanceRef below DelegationSwConnector "/E40_Platform_System_SystemPackage/Compositions/E40_Platform_System/CComAbsMdl_stubs_pp_SR_TxDebug2_Byte4_1_pp_SR_TxDebug2_Byte4".
                        [Warning] Connector ignored: Could not find targetPPort of PPortInCompositionInstanceRef below DelegationSwConnector "/E40_Platform_System_SystemPackage/Compositions/E40_Platform_System/CComAbsMdl_stubs_pp_SR_TxDebug2_Byte5_1_pp_SR_TxDebug2_Byte5".
                        [Warning] Connector ignored: Could not find targetPPort of PPortInCompositionInstanceRef below DelegationSwConnector "/E40_Platform_System_SystemPackage/Compositions/E40_Platform_System/CComAbsMdl_stubs_pp_SR_TxDebug2_Byte6_1_pp_SR_TxDebug2_Byte6".
                        [Warning] Connector ignored: Could not find targetPPort of PPortInCompositionInstanceRef below DelegationSwConnector "/E40_Platform_System_SystemPackage/Compositions/E40_Platform_System/CComAbsMdl_stubs_pp_SR_TxDebug2_Byte7_1_pp_SR_TxDebug2_Byte7".
                        [Warning] Connector ignored: Could not find targetPPort of PPortInCompositionInstanceRef below DelegationSwConnector "/E40_Platform_System_SystemPackage/Compositions/E40_Platform_System/CComAbsMdl_stubs_pp_SR_TxDebug3_Byte0_1_pp_SR_TxDebug3_Byte0".
                        [Warning] Connector ignored: Could not find targetPPort of PPortInCompositionInstanceRef below DelegationSwConnector "/E40_Platform_System_SystemPackage/Compositions/E40_Platform_System/CComAbsMdl_stubs_pp_SR_TxDebug3_Byte1_1_pp_SR_TxDebug3_Byte1".
                        [Warning] Connector ignored: Could not find targetPPort of PPortInCompositionInstanceRef below DelegationSwConnector "/E40_Platform_System_SystemPackage/Compositions/E40_Platform_System/CComAbsMdl_stubs_pp_SR_TxDebug3_Byte2_1_pp_SR_TxDebug3_Byte2".
                        [Warning] Connector ignored: Could not find targetPPort of PPortInCompositionInstanceRef below DelegationSwConnector "/E40_Platform_System_SystemPackage/Compositions/E40_Platform_System/CComAbsMdl_stubs_pp_SR_TxDebug3_Byte3_1_pp_SR_TxDebug3_Byte3".
                        [Warning] Connector ignored: Could not find targetPPort of PPortInCompositionInstanceRef below DelegationSwConnector "/E40_Platform_System_SystemPackage/Compositions/E40_Platform_System/CComAbsMdl_stubs_pp_SR_TxDebug3_Byte4_1_pp_SR_TxDebug3_Byte4".
                        [Warning] Connector ignored: Could not find targetPPort of PPortInCompositionInstanceRef below DelegationSwConnector "/E40_Platform_System_SystemPackage/Compositions/E40_Platform_System/CComAbsMdl_stubs_pp_SR_TxDebug3_Byte5_1_pp_SR_TxDebug3_Byte5".
                        [Warning] Connector ignored: Could not find targetPPort of PPortInCompositionInstanceRef below DelegationSwConnector "/E40_Platform_System_SystemPackage/Compositions/E40_Platform_System/CComAbsMdl_stubs_pp_SR_TxDebug3_Byte6_1_pp_SR_TxDebug3_Byte6".
                        [Warning] Connector ignored: Could not find targetPPort of PPortInCompositionInstanceRef below DelegationSwConnector "/E40_Platform_System_SystemPackage/Compositions/E40_Platform_System/CComAbsMdl_stubs_pp_SR_TxDebug3_Byte7_1_pp_SR_TxDebug3_Byte7".
                        [Warning] Connector ignored: Could not find targetPPort of PPortInCompositionInstanceRef below DelegationSwConnector "/E40_Platform_System_SystemPackage/Compositions/E40_Platform_System/CComAbsMdl_stubs_pp_SR_TxDebug4_Byte0_1_pp_SR_TxDebug4_Byte0".
                        [Warning] Connector ignored: Could not find targetPPort of PPortInCompositionInstanceRef below DelegationSwConnector "/E40_Platform_System_SystemPackage/Compositions/E40_Platform_System/CComAbsMdl_stubs_pp_SR_TxDebug4_Byte1_1_pp_SR_TxDebug4_Byte1".
                        [Warning] Connector ignored: Could not find targetPPort of PPortInCompositionInstanceRef below DelegationSwConnector "/E40_Platform_System_SystemPackage/Compositions/E40_Platform_System/CComAbsMdl_stubs_pp_SR_TxDebug4_Byte2_1_pp_SR_TxDebug4_Byte2".
                        [Warning] Connector ignored: Could not find targetPPort of PPortInCompositionInstanceRef below DelegationSwConnector "/E40_Platform_System_SystemPackage/Compositions/E40_Platform_System/CComAbsMdl_stubs_pp_SR_TxDebug4_Byte3_1_pp_SR_TxDebug4_Byte3".
                        [Warning] Connector ignored: Could not find targetPPort of PPortInCompositionInstanceRef below DelegationSwConnector "/E40_Platform_System_SystemPackage/Compositions/E40_Platform_System/CComAbsMdl_stubs_pp_SR_TxDebug4_Byte4_1_pp_SR_TxDebug4_Byte4".
                        [Warning] Connector ignored: Could not find targetPPort of PPortInCompositionInstanceRef below DelegationSwConnector "/E40_Platform_System_SystemPackage/Compositions/E40_Platform_System/CComAbsMdl_stubs_pp_SR_TxDebug4_Byte5_1_pp_SR_TxDebug4_Byte5".
                        [Warning] Connector ignored: Could not find targetPPort of PPortInCompositionInstanceRef below DelegationSwConnector "/E40_Platform_System_SystemPackage/Compositions/E40_Platform_System/CComAbsMdl_stubs_pp_SR_TxDebug4_Byte6_1_pp_SR_TxDebug4_Byte6".
                        [Warning] Connector ignored: Could not find targetPPort of PPortInCompositionInstanceRef below DelegationSwConnector "/E40_Platform_System_SystemPackage/Compositions/E40_Platform_System/CComAbsMdl_stubs_pp_SR_TxDebug4_Byte7_1_pp_SR_TxDebug4_Byte7".
                        [Warning] Connector ignored: Could not find targetPPort of PPortInCompositionInstanceRef below DelegationSwConnector "/E40_Platform_System_SystemPackage/Compositions/E40_Platform_System/CComAbsMdl_stubs_pp_SR_TxDebug5_Byte0_1_pp_SR_TxDebug5_Byte0".
                        [Warning] Connector ignored: Could not find targetPPort of PPortInCompositionInstanceRef below DelegationSwConnector "/E40_Platform_System_SystemPackage/Compositions/E40_Platform_System/CComAbsMdl_stubs_pp_SR_TxDebug5_Byte1_1_pp_SR_TxDebug5_Byte1".
                        [Warning] Connector ignored: Could not find targetPPort of PPortInCompositionInstanceRef below DelegationSwConnector "/E40_Platform_System_SystemPackage/Compositions/E40_Platform_System/CComAbsMdl_stubs_pp_SR_TxDebug5_Byte2_1_pp_SR_TxDebug5_Byte2".
                        [Warning] Connector ignored: Could not find targetPPort of PPortInCompositionInstanceRef below DelegationSwConnector "/E40_Platform_System_SystemPackage/Compositions/E40_Platform_System/CComAbsMdl_stubs_pp_SR_TxDebug5_Byte3_1_pp_SR_TxDebug5_Byte3".
                        [Warning] Connector ignored: Could not find targetPPort of PPortInCompositionInstanceRef below DelegationSwConnector "/E40_Platform_System_SystemPackage/Compositions/E40_Platform_System/CComAbsMdl_stubs_pp_SR_TxDebug5_Byte4_1_pp_SR_TxDebug5_Byte4".
                        [Warning] Connector ignored: Could not find targetPPort of PPortInCompositionInstanceRef below DelegationSwConnector "/E40_Platform_System_SystemPackage/Compositions/E40_Platform_System/CComAbsMdl_stubs_pp_SR_TxDebug5_Byte5_1_pp_SR_TxDebug5_Byte5".
                        [Warning] Connector ignored: Could not find targetPPort of PPortInCompositionInstanceRef below DelegationSwConnector "/E40_Platform_System_SystemPackage/Compositions/E40_Platform_System/CComAbsMdl_stubs_pp_SR_TxDebug5_Byte6_1_pp_SR_TxDebug5_Byte6".
                        [Warning] Connector ignored: Could not find targetPPort of PPortInCompositionInstanceRef below DelegationSwConnector "/E40_Platform_System_SystemPackage/Compositions/E40_Platform_System/CComAbsMdl_stubs_pp_SR_TxDebug5_Byte7_1_pp_SR_TxDebug5_Byte7".
                        [Warning] Connector ignored: Could not find targetPPort of PPortInCompositionInstanceRef below DelegationSwConnector "/E40_Platform_System_SystemPackage/Compositions/E40_Platform_System/CComAbsMdl_stubs_pp_SR_TxFV_Tx_1_pp_SR_TxFV_Tx".
                        [Warning] Connector ignored: Could not find targetPPort of PPortInCompositionInstanceRef below DelegationSwConnector "/E40_Platform_System_SystemPackage/Compositions/E40_Platform_System/CComAbsMdl_stubs_pp_SR_TxIllumination_PWM_1_pp_SR_TxIllumination_PWM".
                        [Warning] Connector ignored: Could not find targetPPort of PPortInCompositionInstanceRef below DelegationSwConnector "/E40_Platform_System_SystemPackage/Compositions/E40_Platform_System/CComAbsMdl_stubs_pp_SR_TxMAC_Tx_1_pp_SR_TxMAC_Tx".
                        [Warning] Connector ignored: Could not find targetPPort of PPortInCompositionInstanceRef below DelegationSwConnector "/E40_Platform_System_SystemPackage/Compositions/E40_Platform_System/CComAbsMdl_stubs_pp_SR_TxOdometer_1_pp_SR_TxOdometer".
                        [Warning] Connector ignored: Could not find targetPPort of PPortInCompositionInstanceRef below DelegationSwConnector "/E40_Platform_System_SystemPackage/Compositions/E40_Platform_System/CComAbsMdl_stubs_pp_SR_TxSecureTxByte0_1_pp_SR_TxSecureTxByte0".
                        [Warning] Connector ignored: Could not find targetPPort of PPortInCompositionInstanceRef below DelegationSwConnector "/E40_Platform_System_SystemPackage/Compositions/E40_Platform_System/CComAbsMdl_stubs_pp_SR_TxSecureTxByte1_1_pp_SR_TxSecureTxByte1".
                        [Warning] Connector ignored: Could not find targetPPort of PPortInCompositionInstanceRef below DelegationSwConnector "/E40_Platform_System_SystemPackage/Compositions/E40_Platform_System/CComAbsMdl_stubs_pp_SR_TxSecureTxByte2_1_pp_SR_TxSecureTxByte2".
                        [Warning] Connector ignored: Could not find targetPPort of PPortInCompositionInstanceRef below DelegationSwConnector "/E40_Platform_System_SystemPackage/Compositions/E40_Platform_System/CComAbsMdl_stubs_pp_SR_TxSecureTxByte3_1_pp_SR_TxSecureTxByte3".
                        [Warning] Connector ignored: Could not find targetPPort of PPortInCompositionInstanceRef below DelegationSwConnector "/E40_Platform_System_SystemPackage/Compositions/E40_Platform_System/CComAbsMdl_stubs_pp_SR_TxVehicleSpeedIC_1_pp_SR_TxVehicleSpeedIC".
                        [Warning] Connector ignored: Could not find targetRPort of RPortInCompositionInstanceRef below AssemblySwConnector "/E40_Platform_System_SystemPackage/Compositions/E40_Platform_System/MemAbstract_Stub_Safe_BsConst_Lookup_Curve_HotSpot_Coef_Y_SafeNvM_BsConst_Lookup_Curve_HotSpot_Coef_Y_8".
                        [Warning] Connector ignored: Could not find targetRPort of RPortInCompositionInstanceRef below AssemblySwConnector "/E40_Platform_System_SystemPackage/Compositions/E40_Platform_System/MemAbstract_Stub_Safe_BsConst_Compensation_Line_Shift_b_SafeNvM_BsConst_Compensation_Line_Shift_b_8".
                        [Warning] Connector ignored: Could not find targetRPort of RPortInCompositionInstanceRef below AssemblySwConnector "/E40_Platform_System_SystemPackage/Compositions/E40_Platform_System/MemAbstract_Stub_Safe_BsConst_Temp_Threshold_Hysteresis_Derating_SafeNvM_BsConst_Temp_Threshold_Hysteresis_Derating_8".
                        [Warning] Connector ignored: Could not find targetRPort of RPortInCompositionInstanceRef below AssemblySwConnector "/E40_Platform_System_SystemPackage/Compositions/E40_Platform_System/MemAbstract_Stub_Safe_BsConst_BsConst_Illumination_ReservedByte_SafeNvM_BsConst_BsConst_Illumination_ReservedByte_8".
                        [Warning] Connector ignored: Could not find targetRPort of RPortInCompositionInstanceRef below AssemblySwConnector "/E40_Platform_System_SystemPackage/Compositions/E40_Platform_System/MemAbstract_Stub_Safe_BsConst_PCB_Temperature_Sensor_Conv_SafeNvM_BsConst_PCB_Temperature_Sensor_Conv_8".
                        [Warning] Connector ignored: Could not find targetRPort of RPortInCompositionInstanceRef below AssemblySwConnector "/E40_Platform_System_SystemPackage/Compositions/E40_Platform_System/MemAbstract_Stub_Safe_BsConst_Display_Illum_Max_Level_Safe_SafeNvM_BsConst_Display_Illum_Max_Level_Safe_8".
                        [Warning] Connector ignored: Could not find targetRPort of RPortInCompositionInstanceRef below AssemblySwConnector "/E40_Platform_System_SystemPackage/Compositions/E40_Platform_System/MemAbstract_Stub_Safe_BsConst_Derating_Backlight_Disable_SafeNvM_BsConst_Derating_Backlight_Disable_8".
                        [Warning] Connector ignored: Could not find targetRPort of RPortInCompositionInstanceRef below AssemblySwConnector "/E40_Platform_System_SystemPackage/Compositions/E40_Platform_System/MemAbstract_Stub_Safe_BsConst_Compensation_Line_Slope_m_SafeNvM_BsConst_Compensation_Line_Slope_m_8".
                        [Warning] Connector ignored: Could not find targetRPort of RPortInCompositionInstanceRef below AssemblySwConnector "/E40_Platform_System_SystemPackage/Compositions/E40_Platform_System/MemAbstract_Stub_Safe_BsConst_PWM_boost_bypass_duty_SafeNvM_BsConst_PWM_boost_bypass_duty_8".
                        [Warning] Connector ignored: Could not find targetRPort of RPortInCompositionInstanceRef below AssemblySwConnector "/E40_Platform_System_SystemPackage/Compositions/E40_Platform_System/MemAbstract_Stub_Safe_BsConst_Temperature_Sensor_Conv_SafeNvM_BsConst_Temperature_Sensor_Conv_8".
                        [Warning] Connector ignored: Could not find targetRPort of RPortInCompositionInstanceRef below AssemblySwConnector "/E40_Platform_System_SystemPackage/Compositions/E40_Platform_System/MemAbstract_Stub_Safe_BsConst_Lookup_Curve_HotSpot_Coef_X_SafeNvM_BsConst_Lookup_Curve_HotSpot_Coef_X_8".
                        [Warning] Connector ignored: Could not find targetRPort of RPortInCompositionInstanceRef below AssemblySwConnector "/E40_Platform_System_SystemPackage/Compositions/E40_Platform_System/MemAbstract_Stub_Safe_BsConst_PWM_boost_bypass_duty_SafeNvM_BsConst_PWM_boost_bypass_duty_9".
                        [Warning] Connector ignored: Could not find targetRPort of RPortInCompositionInstanceRef below AssemblySwConnector "/E40_Platform_System_SystemPackage/Compositions/E40_Platform_System/MemAbstract_Stub_Safe_BsConst_Derating_Backlight_Disable_SafeNvM_BsConst_Derating_Backlight_Disable_9".
                        [Warning] Connector ignored: Could not find targetRPort of RPortInCompositionInstanceRef below AssemblySwConnector "/E40_Platform_System_SystemPackage/Compositions/E40_Platform_System/MemAbstract_Stub_Safe_BsConst_Compensation_Line_Shift_b_SafeNvM_BsConst_Compensation_Line_Shift_b_9".
                        [Warning] Connector ignored: Could not find targetRPort of RPortInCompositionInstanceRef below AssemblySwConnector "/E40_Platform_System_SystemPackage/Compositions/E40_Platform_System/MemAbstract_Stub_Safe_BsConst_Lookup_Curve_HotSpot_Coef_Y_SafeNvM_BsConst_Lookup_Curve_HotSpot_Coef_Y_9".
                        [Warning] Connector ignored: Could not find targetRPort of RPortInCompositionInstanceRef below AssemblySwConnector "/E40_Platform_System_SystemPackage/Compositions/E40_Platform_System/MemAbstract_Stub_Safe_BsConst_PCB_Temperature_Sensor_Conv_SafeNvM_BsConst_PCB_Temperature_Sensor_Conv_9".
                        [Warning] Connector ignored: Could not find targetRPort of RPortInCompositionInstanceRef below AssemblySwConnector "/E40_Platform_System_SystemPackage/Compositions/E40_Platform_System/MemAbstract_Stub_Safe_BsConst_BsConst_Illumination_ReservedByte_SafeNvM_BsConst_BsConst_Illumination_ReservedByte_9".
                        [Warning] Connector ignored: Could not find targetRPort of RPortInCompositionInstanceRef below AssemblySwConnector "/E40_Platform_System_SystemPackage/Compositions/E40_Platform_System/MemAbstract_Stub_Safe_BsConst_Lookup_Curve_HotSpot_Coef_X_SafeNvM_BsConst_Lookup_Curve_HotSpot_Coef_X_9".
                        [Warning] Connector ignored: Could not find targetRPort of RPortInCompositionInstanceRef below AssemblySwConnector "/E40_Platform_System_SystemPackage/Compositions/E40_Platform_System/MemAbstract_Stub_Safe_BsConst_Display_Illum_Max_Level_Safe_SafeNvM_BsConst_Display_Illum_Max_Level_Safe_9".
                        [Warning] Connector ignored: Could not find targetRPort of RPortInCompositionInstanceRef below AssemblySwConnector "/E40_Platform_System_SystemPackage/Compositions/E40_Platform_System/MemAbstract_Stub_Safe_BsConst_Temperature_Sensor_Conv_SafeNvM_BsConst_Temperature_Sensor_Conv_9".
                        [Warning] Connector ignored: Could not find targetRPort of RPortInCompositionInstanceRef below AssemblySwConnector "/E40_Platform_System_SystemPackage/Compositions/E40_Platform_System/MemAbstract_Stub_Safe_BsConst_Compensation_Line_Slope_m_SafeNvM_BsConst_Compensation_Line_Slope_m_9".
                        [Warning] Connector ignored: Could not find targetRPort of RPortInCompositionInstanceRef below AssemblySwConnector "/E40_Platform_System_SystemPackage/Compositions/E40_Platform_System/MemAbstract_Stub_Safe_BsConst_Temp_Threshold_Hysteresis_Derating_SafeNvM_BsConst_Temp_Threshold_Hysteresis_Derating_9".
                        [Warning] Connector ignored: Could not find targetRPort of RPortInCompositionInstanceRef below AssemblySwConnector "/E40_Platform_System_SystemPackage/Compositions/E40_Platform_System/MemAbstract_Stub_Safe_BsConst_Lookup_Curve_HotSpot_Coef_Y_SafeNvM_BsConst_Lookup_Curve_HotSpot_Coef_Y_10".
                        [Warning] Connector ignored: Could not find targetRPort of RPortInCompositionInstanceRef below AssemblySwConnector "/E40_Platform_System_SystemPackage/Compositions/E40_Platform_System/MemAbstract_Stub_Safe_BsConst_BsConst_Illumination_ReservedByte_SafeNvM_BsConst_BsConst_Illumination_ReservedByte_10".
                        [Warning] Connector ignored: Could not find targetRPort of RPortInCompositionInstanceRef below AssemblySwConnector "/E40_Platform_System_SystemPackage/Compositions/E40_Platform_System/MemAbstract_Stub_Safe_BsConst_PCB_Temperature_Sensor_Conv_SafeNvM_BsConst_PCB_Temperature_Sensor_Conv_10".
                        [Warning] Connector ignored: Could not find targetRPort of RPortInCompositionInstanceRef below AssemblySwConnector "/E40_Platform_System_SystemPackage/Compositions/E40_Platform_System/MemAbstract_Stub_Safe_BsConst_Temperature_Sensor_Conv_SafeNvM_BsConst_Temperature_Sensor_Conv_10".
                        [Warning] Connector ignored: Could not find targetRPort of RPortInCompositionInstanceRef below AssemblySwConnector "/E40_Platform_System_SystemPackage/Compositions/E40_Platform_System/MemAbstract_Stub_Safe_BsConst_Lookup_Curve_HotSpot_Coef_X_SafeNvM_BsConst_Lookup_Curve_HotSpot_Coef_X_10".
                        [Warning] Connector ignored: Could not find targetRPort of RPortInCompositionInstanceRef below AssemblySwConnector "/E40_Platform_System_SystemPackage/Compositions/E40_Platform_System/MemAbstract_Stub_Safe_BsConst_Derating_Backlight_Disable_SafeNvM_BsConst_Derating_Backlight_Disable_10".
                        [Warning] Connector ignored: Could not find targetRPort of RPortInCompositionInstanceRef below AssemblySwConnector "/E40_Platform_System_SystemPackage/Compositions/E40_Platform_System/MemAbstract_Stub_Safe_BsConst_PWM_boost_bypass_duty_SafeNvM_BsConst_PWM_boost_bypass_duty_10".
                        [Warning] Connector ignored: Could not find targetRPort of RPortInCompositionInstanceRef below AssemblySwConnector "/E40_Platform_System_SystemPackage/Compositions/E40_Platform_System/MemAbstract_Stub_Safe_BsConst_Compensation_Line_Slope_m_SafeNvM_BsConst_Compensation_Line_Slope_m_10".
                        [Warning] Connector ignored: Could not find targetRPort of RPortInCompositionInstanceRef below AssemblySwConnector "/E40_Platform_System_SystemPackage/Compositions/E40_Platform_System/MemAbstract_Stub_Safe_BsConst_Compensation_Line_Shift_b_SafeNvM_BsConst_Compensation_Line_Shift_b_10".
                        [Warning] Connector ignored: Could not find targetRPort of RPortInCompositionInstanceRef below AssemblySwConnector "/E40_Platform_System_SystemPackage/Compositions/E40_Platform_System/MemAbstract_Stub_Safe_BsConst_Temp_Threshold_Hysteresis_Derating_SafeNvM_BsConst_Temp_Threshold_Hysteresis_Derating_10".
                        [Warning] Connector ignored: Could not find targetRPort of RPortInCompositionInstanceRef below AssemblySwConnector "/E40_Platform_System_SystemPackage/Compositions/E40_Platform_System/MemAbstract_Stub_Safe_BsConst_Display_Illum_Max_Level_Safe_SafeNvM_BsConst_Display_Illum_Max_Level_Safe_10".
                        [Warning] Connector ignored: Could not find targetRPort of RPortInCompositionInstanceRef below AssemblySwConnector "/E40_Platform_System_SystemPackage/Compositions/E40_Platform_System/MemAbstract_Stub_Safe_BsConst_Lookup_Curve_HotSpot_Coef_Y_SafeNvM_BsConst_Lookup_Curve_HotSpot_Coef_Y_11".
                        [Warning] Connector ignored: Could not find targetRPort of RPortInCompositionInstanceRef below AssemblySwConnector "/E40_Platform_System_SystemPackage/Compositions/E40_Platform_System/MemAbstract_Stub_Safe_BsConst_BsConst_Illumination_ReservedByte_SafeNvM_BsConst_BsConst_Illumination_ReservedByte_11".
                        [Warning] Connector ignored: Could not find targetRPort of RPortInCompositionInstanceRef below AssemblySwConnector "/E40_Platform_System_SystemPackage/Compositions/E40_Platform_System/MemAbstract_Stub_Safe_BsConst_PCB_Temperature_Sensor_Conv_SafeNvM_BsConst_PCB_Temperature_Sensor_Conv_11".
                        [Warning] Connector ignored: Could not find targetRPort of RPortInCompositionInstanceRef below AssemblySwConnector "/E40_Platform_System_SystemPackage/Compositions/E40_Platform_System/MemAbstract_Stub_Safe_BsConst_Temperature_Sensor_Conv_SafeNvM_BsConst_Temperature_Sensor_Conv_11".
                        [Warning] Connector ignored: Could not find targetRPort of RPortInCompositionInstanceRef below AssemblySwConnector "/E40_Platform_System_SystemPackage/Compositions/E40_Platform_System/MemAbstract_Stub_Safe_BsConst_Lookup_Curve_HotSpot_Coef_X_SafeNvM_BsConst_Lookup_Curve_HotSpot_Coef_X_11".
                        [Warning] Connector ignored: Could not find targetRPort of RPortInCompositionInstanceRef below AssemblySwConnector "/E40_Platform_System_SystemPackage/Compositions/E40_Platform_System/MemAbstract_Stub_Safe_BsConst_Derating_Backlight_Disable_SafeNvM_BsConst_Derating_Backlight_Disable_11".
                        [Warning] Connector ignored: Could not find targetRPort of RPortInCompositionInstanceRef below AssemblySwConnector "/E40_Platform_System_SystemPackage/Compositions/E40_Platform_System/MemAbstract_Stub_Safe_BsConst_PWM_boost_bypass_duty_SafeNvM_BsConst_PWM_boost_bypass_duty_11".
                        [Warning] Connector ignored: Could not find targetRPort of RPortInCompositionInstanceRef below AssemblySwConnector "/E40_Platform_System_SystemPackage/Compositions/E40_Platform_System/MemAbstract_Stub_Safe_BsConst_Compensation_Line_Slope_m_SafeNvM_BsConst_Compensation_Line_Slope_m_11".
                        [Warning] Connector ignored: Could not find targetRPort of RPortInCompositionInstanceRef below AssemblySwConnector "/E40_Platform_System_SystemPackage/Compositions/E40_Platform_System/MemAbstract_Stub_Safe_BsConst_Compensation_Line_Shift_b_SafeNvM_BsConst_Compensation_Line_Shift_b_11".
                        [Warning] Connector ignored: Could not find targetRPort of RPortInCompositionInstanceRef below AssemblySwConnector "/E40_Platform_System_SystemPackage/Compositions/E40_Platform_System/MemAbstract_Stub_Safe_BsConst_Temp_Threshold_Hysteresis_Derating_SafeNvM_BsConst_Temp_Threshold_Hysteresis_Derating_11".
                        [Warning] Connector ignored: Could not find targetRPort of RPortInCompositionInstanceRef below AssemblySwConnector "/E40_Platform_System_SystemPackage/Compositions/E40_Platform_System/MemAbstract_Stub_Safe_BsConst_Display_Illum_Max_Level_Safe_SafeNvM_BsConst_Display_Illum_Max_Level_Safe_11".
                        [Warning] Connector ignored: Could not find targetRPort of RPortInCompositionInstanceRef below AssemblySwConnector "/E40_Platform_System_SystemPackage/Compositions/E40_Platform_System/MemAbstract_Stub_Safe_BsConst_Lookup_Curve_HotSpot_Coef_X_SafeNvM_BsConst_Lookup_Curve_HotSpot_Coef_X_12".
                        [Warning] Connector ignored: Could not find targetRPort of RPortInCompositionInstanceRef below AssemblySwConnector "/E40_Platform_System_SystemPackage/Compositions/E40_Platform_System/MemAbstract_Stub_Safe_BsConst_Display_Illum_Max_Level_Safe_SafeNvM_BsConst_Display_Illum_Max_Level_Safe_12".
                        [Warning] Connector ignored: Could not find targetRPort of RPortInCompositionInstanceRef below AssemblySwConnector "/E40_Platform_System_SystemPackage/Compositions/E40_Platform_System/MemAbstract_Stub_Safe_BsConst_PCB_Temperature_Sensor_Conv_SafeNvM_BsConst_PCB_Temperature_Sensor_Conv_12".
                        [Warning] Connector ignored: Could not find targetRPort of RPortInCompositionInstanceRef below AssemblySwConnector "/E40_Platform_System_SystemPackage/Compositions/E40_Platform_System/MemAbstract_Stub_Safe_BsConst_BsConst_Illumination_ReservedByte_SafeNvM_BsConst_BsConst_Illumination_ReservedByte_12".
                        [Warning] Connector ignored: Could not find targetRPort of RPortInCompositionInstanceRef below AssemblySwConnector "/E40_Platform_System_SystemPackage/Compositions/E40_Platform_System/MemAbstract_Stub_Safe_BsConst_Compensation_Line_Slope_m_SafeNvM_BsConst_Compensation_Line_Slope_m_12".
                        [Warning] Connector ignored: Could not find targetRPort of RPortInCompositionInstanceRef below AssemblySwConnector "/E40_Platform_System_SystemPackage/Compositions/E40_Platform_System/MemAbstract_Stub_Safe_BsConst_Lookup_Curve_HotSpot_Coef_Y_SafeNvM_BsConst_Lookup_Curve_HotSpot_Coef_Y_12".
                        [Warning] Connector ignored: Could not find targetRPort of RPortInCompositionInstanceRef below AssemblySwConnector "/E40_Platform_System_SystemPackage/Compositions/E40_Platform_System/MemAbstract_Stub_Safe_BsConst_PWM_boost_bypass_duty_SafeNvM_BsConst_PWM_boost_bypass_duty_12".
                        [Warning] Connector ignored: Could not find targetRPort of RPortInCompositionInstanceRef below AssemblySwConnector "/E40_Platform_System_SystemPackage/Compositions/E40_Platform_System/MemAbstract_Stub_Safe_BsConst_Temperature_Sensor_Conv_SafeNvM_BsConst_Temperature_Sensor_Conv_12".
                        [Warning] Connector ignored: Could not find targetRPort of RPortInCompositionInstanceRef below AssemblySwConnector "/E40_Platform_System_SystemPackage/Compositions/E40_Platform_System/MemAbstract_Stub_Safe_BsConst_Compensation_Line_Shift_b_SafeNvM_BsConst_Compensation_Line_Shift_b_12".
                        [Warning] Connector ignored: Could not find targetRPort of RPortInCompositionInstanceRef below AssemblySwConnector "/E40_Platform_System_SystemPackage/Compositions/E40_Platform_System/MemAbstract_Stub_Safe_BsConst_Derating_Backlight_Disable_SafeNvM_BsConst_Derating_Backlight_Disable_12".
                        [Warning] Connector ignored: Could not find targetRPort of RPortInCompositionInstanceRef below AssemblySwConnector "/E40_Platform_System_SystemPackage/Compositions/E40_Platform_System/MemAbstract_Stub_Safe_BsConst_Temp_Threshold_Hysteresis_Derating_SafeNvM_BsConst_Temp_Threshold_Hysteresis_Derating_12".
                        [Warning] DataMapping ignored: ContextPort is missing: SenderReceiverToSignalMapping [communicationDirection:null, dataElement:VariableDataPrototypeInSystemInstanceRef [contextComponent:[], contextComposition:null, contextPort:null, targetDataPrototype:/PortInterfaces/Ambient_Light_level/Ambient_Light_level], derived-state:false, eventGroup:[], eventHandler:[], serviceInstance:[], systemSignal:/Signal/Ambient_Light_level, variationPoint:null].
                        [Warning] DataMapping ignored: ContextPort is missing: SenderReceiverToSignalMapping [communicationDirection:null, dataElement:VariableDataPrototypeInSystemInstanceRef [contextComponent:[], contextComposition:null, contextPort:null, targetDataPrototype:/PortInterfaces/DayNightMode/DayNightMode], derived-state:false, eventGroup:[], eventHandler:[], serviceInstance:[], systemSignal:/Signal/DayNightMode, variationPoint:null].
                        [Warning] DataMapping ignored: ContextPort is missing: SenderReceiverToSignalMapping [communicationDirection:null, dataElement:VariableDataPrototypeInSystemInstanceRef [contextComponent:[], contextComposition:null, contextPort:null, targetDataPrototype:/PortInterfaces/Gear/Gear], derived-state:false, eventGroup:[], eventHandler:[], serviceInstance:[], systemSignal:/Signal/Gear, variationPoint:null].
                        [Warning] DataMapping ignored: ContextPort is missing: SenderReceiverToSignalMapping [communicationDirection:null, dataElement:VariableDataPrototypeInSystemInstanceRef [contextComponent:[], contextComposition:null, contextPort:null, targetDataPrototype:/PortInterfaces/GearMode/GearMode], derived-state:false, eventGroup:[], eventHandler:[], serviceInstance:[], systemSignal:/Signal/GearMode, variationPoint:null].
                        [Warning] DataMapping ignored: ContextPort is missing: SenderReceiverToSignalMapping [communicationDirection:null, dataElement:VariableDataPrototypeInSystemInstanceRef [contextComponent:[], contextComposition:null, contextPort:null, targetDataPrototype:/PortInterfaces/GearRecommendation/GearRecommendation], derived-state:false, eventGroup:[], eventHandler:[], serviceInstance:[], systemSignal:/Signal/GearRecommendation, variationPoint:null].
                        [Warning] DataMapping ignored: ContextPort is missing: SenderReceiverToSignalMapping [communicationDirection:null, dataElement:VariableDataPrototypeInSystemInstanceRef [contextComponent:[], contextComposition:null, contextPort:null, targetDataPrototype:/PortInterfaces/GearStatus/GearStatus], derived-state:false, eventGroup:[], eventHandler:[], serviceInstance:[], systemSignal:/Signal/GearStatus, variationPoint:null].
                        [Warning] DataMapping ignored: ContextPort is missing: SenderReceiverToSignalMapping [communicationDirection:null, dataElement:VariableDataPrototypeInSystemInstanceRef [contextComponent:[], contextComposition:null, contextPort:null, targetDataPrototype:/PortInterfaces/Illumination_level/Illumination_level], derived-state:false, eventGroup:[], eventHandler:[], serviceInstance:[], systemSignal:/Signal/Illumination_level, variationPoint:null].
                        [Warning] DataMapping ignored: ContextPort is missing: SenderReceiverToSignalMapping [communicationDirection:null, dataElement:VariableDataPrototypeInSystemInstanceRef [contextComponent:[], contextComposition:null, contextPort:null, targetDataPrototype:/PortInterfaces/PowerMode/PowerMode], derived-state:false, eventGroup:[], eventHandler:[], serviceInstance:[], systemSignal:/Signal/PowerMode, variationPoint:null].
                        [Warning] DataMapping ignored: ContextPort is missing: SenderReceiverToSignalMapping [communicationDirection:null, dataElement:VariableDataPrototypeInSystemInstanceRef [contextComponent:[], contextComposition:null, contextPort:null, targetDataPrototype:/PortInterfaces/TransportMode/TransportMode], derived-state:false, eventGroup:[], eventHandler:[], serviceInstance:[], systemSignal:/Signal/TransportMode, variationPoint:null].
                        [Warning] DataMapping ignored: ContextPort is missing: SenderReceiverToSignalMapping [communicationDirection:null, dataElement:VariableDataPrototypeInSystemInstanceRef [contextComponent:[], contextComposition:null, contextPort:null, targetDataPrototype:/PortInterfaces/Warning/Warning], derived-state:false, eventGroup:[], eventHandler:[], serviceInstance:[], systemSignal:/Signal/Warning, variationPoint:null].
                        [Warning] DataMapping ignored: ContextPort is missing: SenderReceiverToSignalMapping [communicationDirection:null, dataElement:VariableDataPrototypeInSystemInstanceRef [contextComponent:[], contextComposition:null, contextPort:null, targetDataPrototype:/PortInterfaces/Battery_Voltage/Battery_Voltage], derived-state:false, eventGroup:[], eventHandler:[], serviceInstance:[], systemSignal:/Signal/Battery_Voltage, variationPoint:null].
                        [Warning] DataMapping ignored: ContextPort is missing: SenderReceiverToSignalMapping [communicationDirection:null, dataElement:VariableDataPrototypeInSystemInstanceRef [contextComponent:[], contextComposition:null, contextPort:null, targetDataPrototype:/PortInterfaces/Debug1_Byte0/Debug1_Byte0], derived-state:false, eventGroup:[], eventHandler:[], serviceInstance:[], systemSignal:/Signal/Debug1_Byte0, variationPoint:null].
                        [Warning] DataMapping ignored: ContextPort is missing: SenderReceiverToSignalMapping [communicationDirection:null, dataElement:VariableDataPrototypeInSystemInstanceRef [contextComponent:[], contextComposition:null, contextPort:null, targetDataPrototype:/PortInterfaces/Debug1_Byte1/Debug1_Byte1], derived-state:false, eventGroup:[], eventHandler:[], serviceInstance:[], systemSignal:/Signal/Debug1_Byte1, variationPoint:null].
                        [Warning] DataMapping ignored: ContextPort is missing: SenderReceiverToSignalMapping [communicationDirection:null, dataElement:VariableDataPrototypeInSystemInstanceRef [contextComponent:[], contextComposition:null, contextPort:null, targetDataPrototype:/PortInterfaces/Debug1_Byte2/Debug1_Byte2], derived-state:false, eventGroup:[], eventHandler:[], serviceInstance:[], systemSignal:/Signal/Debug1_Byte2, variationPoint:null].
                        [Warning] DataMapping ignored: ContextPort is missing: SenderReceiverToSignalMapping [communicationDirection:null, dataElement:VariableDataPrototypeInSystemInstanceRef [contextComponent:[], contextComposition:null, contextPort:null, targetDataPrototype:/PortInterfaces/Debug1_Byte3/Debug1_Byte3], derived-state:false, eventGroup:[], eventHandler:[], serviceInstance:[], systemSignal:/Signal/Debug1_Byte3, variationPoint:null].
                        [Warning] DataMapping ignored: ContextPort is missing: SenderReceiverToSignalMapping [communicationDirection:null, dataElement:VariableDataPrototypeInSystemInstanceRef [contextComponent:[], contextComposition:null, contextPort:null, targetDataPrototype:/PortInterfaces/Debug1_Byte4/Debug1_Byte4], derived-state:false, eventGroup:[], eventHandler:[], serviceInstance:[], systemSignal:/Signal/Debug1_Byte4, variationPoint:null].
                        [Warning] DataMapping ignored: ContextPort is missing: SenderReceiverToSignalMapping [communicationDirection:null, dataElement:VariableDataPrototypeInSystemInstanceRef [contextComponent:[], contextComposition:null, contextPort:null, targetDataPrototype:/PortInterfaces/Debug1_Byte5/Debug1_Byte5], derived-state:false, eventGroup:[], eventHandler:[], serviceInstance:[], systemSignal:/Signal/Debug1_Byte5, variationPoint:null].
                        [Warning] DataMapping ignored: ContextPort is missing: SenderReceiverToSignalMapping [communicationDirection:null, dataElement:VariableDataPrototypeInSystemInstanceRef [contextComponent:[], contextComposition:null, contextPort:null, targetDataPrototype:/PortInterfaces/Debug1_Byte6/Debug1_Byte6], derived-state:false, eventGroup:[], eventHandler:[], serviceInstance:[], systemSignal:/Signal/Debug1_Byte6, variationPoint:null].
                        [Warning] DataMapping ignored: ContextPort is missing: SenderReceiverToSignalMapping [communicationDirection:null, dataElement:VariableDataPrototypeInSystemInstanceRef [contextComponent:[], contextComposition:null, contextPort:null, targetDataPrototype:/PortInterfaces/Debug1_Byte7/Debug1_Byte7], derived-state:false, eventGroup:[], eventHandler:[], serviceInstance:[], systemSignal:/Signal/Debug1_Byte7, variationPoint:null].
                        [Warning] DataMapping ignored: ContextPort is missing: SenderReceiverToSignalMapping [communicationDirection:null, dataElement:VariableDataPrototypeInSystemInstanceRef [contextComponent:[], contextComposition:null, contextPort:null, targetDataPrototype:/PortInterfaces/Debug2_Byte0/Debug2_Byte0], derived-state:false, eventGroup:[], eventHandler:[], serviceInstance:[], systemSignal:/Signal/Debug2_Byte0, variationPoint:null].
                        [Warning] DataMapping ignored: ContextPort is missing: SenderReceiverToSignalMapping [communicationDirection:null, dataElement:VariableDataPrototypeInSystemInstanceRef [contextComponent:[], contextComposition:null, contextPort:null, targetDataPrototype:/PortInterfaces/Debug2_Byte1/Debug2_Byte1], derived-state:false, eventGroup:[], eventHandler:[], serviceInstance:[], systemSignal:/Signal/Debug2_Byte1, variationPoint:null].
                        [Warning] DataMapping ignored: ContextPort is missing: SenderReceiverToSignalMapping [communicationDirection:null, dataElement:VariableDataPrototypeInSystemInstanceRef [contextComponent:[], contextComposition:null, contextPort:null, targetDataPrototype:/PortInterfaces/Debug2_Byte2/Debug2_Byte2], derived-state:false, eventGroup:[], eventHandler:[], serviceInstance:[], systemSignal:/Signal/Debug2_Byte2, variationPoint:null].
                        [Warning] DataMapping ignored: ContextPort is missing: SenderReceiverToSignalMapping [communicationDirection:null, dataElement:VariableDataPrototypeInSystemInstanceRef [contextComponent:[], contextComposition:null, contextPort:null, targetDataPrototype:/PortInterfaces/Debug2_Byte3/Debug2_Byte3], derived-state:false, eventGroup:[], eventHandler:[], serviceInstance:[], systemSignal:/Signal/Debug2_Byte3, variationPoint:null].
                        [Warning] DataMapping ignored: ContextPort is missing: SenderReceiverToSignalMapping [communicationDirection:null, dataElement:VariableDataPrototypeInSystemInstanceRef [contextComponent:[], contextComposition:null, contextPort:null, targetDataPrototype:/PortInterfaces/Debug2_Byte4/Debug2_Byte4], derived-state:false, eventGroup:[], eventHandler:[], serviceInstance:[], systemSignal:/Signal/Debug2_Byte4, variationPoint:null].
                        [Warning] DataMapping ignored: ContextPort is missing: SenderReceiverToSignalMapping [communicationDirection:null, dataElement:VariableDataPrototypeInSystemInstanceRef [contextComponent:[], contextComposition:null, contextPort:null, targetDataPrototype:/PortInterfaces/Debug2_Byte5/Debug2_Byte5], derived-state:false, eventGroup:[], eventHandler:[], serviceInstance:[], systemSignal:/Signal/Debug2_Byte5, variationPoint:null].
                        [Warning] DataMapping ignored: ContextPort is missing: SenderReceiverToSignalMapping [communicationDirection:null, dataElement:VariableDataPrototypeInSystemInstanceRef [contextComponent:[], contextComposition:null, contextPort:null, targetDataPrototype:/PortInterfaces/Debug2_Byte6/Debug2_Byte6], derived-state:false, eventGroup:[], eventHandler:[], serviceInstance:[], systemSignal:/Signal/Debug2_Byte6, variationPoint:null].
                        [Warning] DataMapping ignored: ContextPort is missing: SenderReceiverToSignalMapping [communicationDirection:null, dataElement:VariableDataPrototypeInSystemInstanceRef [contextComponent:[], contextComposition:null, contextPort:null, targetDataPrototype:/PortInterfaces/Debug2_Byte7/Debug2_Byte7], derived-state:false, eventGroup:[], eventHandler:[], serviceInstance:[], systemSignal:/Signal/Debug2_Byte7, variationPoint:null].
                        [Warning] DataMapping ignored: ContextPort is missing: SenderReceiverToSignalMapping [communicationDirection:null, dataElement:VariableDataPrototypeInSystemInstanceRef [contextComponent:[], contextComposition:null, contextPort:null, targetDataPrototype:/PortInterfaces/Debug3_Byte0/Debug3_Byte0], derived-state:false, eventGroup:[], eventHandler:[], serviceInstance:[], systemSignal:/Signal/Debug3_Byte0, variationPoint:null].
                        [Warning] DataMapping ignored: ContextPort is missing: SenderReceiverToSignalMapping [communicationDirection:null, dataElement:VariableDataPrototypeInSystemInstanceRef [contextComponent:[], contextComposition:null, contextPort:null, targetDataPrototype:/PortInterfaces/Debug3_Byte1/Debug3_Byte1], derived-state:false, eventGroup:[], eventHandler:[], serviceInstance:[], systemSignal:/Signal/Debug3_Byte1, variationPoint:null].
                        [Warning] DataMapping ignored: ContextPort is missing: SenderReceiverToSignalMapping [communicationDirection:null, dataElement:VariableDataPrototypeInSystemInstanceRef [contextComponent:[], contextComposition:null, contextPort:null, targetDataPrototype:/PortInterfaces/Debug3_Byte2/Debug3_Byte2], derived-state:false, eventGroup:[], eventHandler:[], serviceInstance:[], systemSignal:/Signal/Debug3_Byte2, variationPoint:null].
                        [Warning] DataMapping ignored: ContextPort is missing: SenderReceiverToSignalMapping [communicationDirection:null, dataElement:VariableDataPrototypeInSystemInstanceRef [contextComponent:[], contextComposition:null, contextPort:null, targetDataPrototype:/PortInterfaces/Debug3_Byte3/Debug3_Byte3], derived-state:false, eventGroup:[], eventHandler:[], serviceInstance:[], systemSignal:/Signal/Debug3_Byte3, variationPoint:null].
                        [Warning] DataMapping ignored: ContextPort is missing: SenderReceiverToSignalMapping [communicationDirection:null, dataElement:VariableDataPrototypeInSystemInstanceRef [contextComponent:[], contextComposition:null, contextPort:null, targetDataPrototype:/PortInterfaces/Debug3_Byte4/Debug3_Byte4], derived-state:false, eventGroup:[], eventHandler:[], serviceInstance:[], systemSignal:/Signal/Debug3_Byte4, variationPoint:null].
                        [Warning] DataMapping ignored: ContextPort is missing: SenderReceiverToSignalMapping [communicationDirection:null, dataElement:VariableDataPrototypeInSystemInstanceRef [contextComponent:[], contextComposition:null, contextPort:null, targetDataPrototype:/PortInterfaces/Debug3_Byte5/Debug3_Byte5], derived-state:false, eventGroup:[], eventHandler:[], serviceInstance:[], systemSignal:/Signal/Debug3_Byte5, variationPoint:null].
                        [Warning] DataMapping ignored: ContextPort is missing: SenderReceiverToSignalMapping [communicationDirection:null, dataElement:VariableDataPrototypeInSystemInstanceRef [contextComponent:[], contextComposition:null, contextPort:null, targetDataPrototype:/PortInterfaces/Debug3_Byte6/Debug3_Byte6], derived-state:false, eventGroup:[], eventHandler:[], serviceInstance:[], systemSignal:/Signal/Debug3_Byte6, variationPoint:null].
                        [Warning] DataMapping ignored: ContextPort is missing: SenderReceiverToSignalMapping [communicationDirection:null, dataElement:VariableDataPrototypeInSystemInstanceRef [contextComponent:[], contextComposition:null, contextPort:null, targetDataPrototype:/PortInterfaces/Debug3_Byte7/Debug3_Byte7], derived-state:false, eventGroup:[], eventHandler:[], serviceInstance:[], systemSignal:/Signal/Debug3_Byte7, variationPoint:null].
                        [Warning] DataMapping ignored: ContextPort is missing: SenderReceiverToSignalMapping [communicationDirection:null, dataElement:VariableDataPrototypeInSystemInstanceRef [contextComponent:[], contextComposition:null, contextPort:null, targetDataPrototype:/PortInterfaces/Debug4_Byte0/Debug4_Byte0], derived-state:false, eventGroup:[], eventHandler:[], serviceInstance:[], systemSignal:/Signal/Debug4_Byte0, variationPoint:null].
                        [Warning] DataMapping ignored: ContextPort is missing: SenderReceiverToSignalMapping [communicationDirection:null, dataElement:VariableDataPrototypeInSystemInstanceRef [contextComponent:[], contextComposition:null, contextPort:null, targetDataPrototype:/PortInterfaces/Debug4_Byte1/Debug4_Byte1], derived-state:false, eventGroup:[], eventHandler:[], serviceInstance:[], systemSignal:/Signal/Debug4_Byte1, variationPoint:null].
                        [Warning] DataMapping ignored: ContextPort is missing: SenderReceiverToSignalMapping [communicationDirection:null, dataElement:VariableDataPrototypeInSystemInstanceRef [contextComponent:[], contextComposition:null, contextPort:null, targetDataPrototype:/PortInterfaces/Debug4_Byte2/Debug4_Byte2], derived-state:false, eventGroup:[], eventHandler:[], serviceInstance:[], systemSignal:/Signal/Debug4_Byte2, variationPoint:null].
                        [Warning] DataMapping ignored: ContextPort is missing: SenderReceiverToSignalMapping [communicationDirection:null, dataElement:VariableDataPrototypeInSystemInstanceRef [contextComponent:[], contextComposition:null, contextPort:null, targetDataPrototype:/PortInterfaces/Debug4_Byte3/Debug4_Byte3], derived-state:false, eventGroup:[], eventHandler:[], serviceInstance:[], systemSignal:/Signal/Debug4_Byte3, variationPoint:null].
                        [Warning] DataMapping ignored: ContextPort is missing: SenderReceiverToSignalMapping [communicationDirection:null, dataElement:VariableDataPrototypeInSystemInstanceRef [contextComponent:[], contextComposition:null, contextPort:null, targetDataPrototype:/PortInterfaces/Debug4_Byte4/Debug4_Byte4], derived-state:false, eventGroup:[], eventHandler:[], serviceInstance:[], systemSignal:/Signal/Debug4_Byte4, variationPoint:null].
                        [Warning] DataMapping ignored: ContextPort is missing: SenderReceiverToSignalMapping [communicationDirection:null, dataElement:VariableDataPrototypeInSystemInstanceRef [contextComponent:[], contextComposition:null, contextPort:null, targetDataPrototype:/PortInterfaces/Debug4_Byte5/Debug4_Byte5], derived-state:false, eventGroup:[], eventHandler:[], serviceInstance:[], systemSignal:/Signal/Debug4_Byte5, variationPoint:null].
                        [Warning] DataMapping ignored: ContextPort is missing: SenderReceiverToSignalMapping [communicationDirection:null, dataElement:VariableDataPrototypeInSystemInstanceRef [contextComponent:[], contextComposition:null, contextPort:null, targetDataPrototype:/PortInterfaces/Debug4_Byte6/Debug4_Byte6], derived-state:false, eventGroup:[], eventHandler:[], serviceInstance:[], systemSignal:/Signal/Debug4_Byte6, variationPoint:null].
                        [Warning] DataMapping ignored: ContextPort is missing: SenderReceiverToSignalMapping [communicationDirection:null, dataElement:VariableDataPrototypeInSystemInstanceRef [contextComponent:[], contextComposition:null, contextPort:null, targetDataPrototype:/PortInterfaces/Debug4_Byte7/Debug4_Byte7], derived-state:false, eventGroup:[], eventHandler:[], serviceInstance:[], systemSignal:/Signal/Debug4_Byte7, variationPoint:null].
                        [Warning] DataMapping ignored: ContextPort is missing: SenderReceiverToSignalMapping [communicationDirection:null, dataElement:VariableDataPrototypeInSystemInstanceRef [contextComponent:[], contextComposition:null, contextPort:null, targetDataPrototype:/PortInterfaces/Debug5_Byte0/Debug5_Byte0], derived-state:false, eventGroup:[], eventHandler:[], serviceInstance:[], systemSignal:/Signal/Debug5_Byte0, variationPoint:null].
                        [Warning] DataMapping ignored: ContextPort is missing: SenderReceiverToSignalMapping [communicationDirection:null, dataElement:VariableDataPrototypeInSystemInstanceRef [contextComponent:[], contextComposition:null, contextPort:null, targetDataPrototype:/PortInterfaces/Debug5_Byte1/Debug5_Byte1], derived-state:false, eventGroup:[], eventHandler:[], serviceInstance:[], systemSignal:/Signal/Debug5_Byte1, variationPoint:null].
                        [Warning] DataMapping ignored: ContextPort is missing: SenderReceiverToSignalMapping [communicationDirection:null, dataElement:VariableDataPrototypeInSystemInstanceRef [contextComponent:[], contextComposition:null, contextPort:null, targetDataPrototype:/PortInterfaces/Debug5_Byte2/Debug5_Byte2], derived-state:false, eventGroup:[], eventHandler:[], serviceInstance:[], systemSignal:/Signal/Debug5_Byte2, variationPoint:null].
                        [Warning] DataMapping ignored: ContextPort is missing: SenderReceiverToSignalMapping [communicationDirection:null, dataElement:VariableDataPrototypeInSystemInstanceRef [contextComponent:[], contextComposition:null, contextPort:null, targetDataPrototype:/PortInterfaces/Debug5_Byte3/Debug5_Byte3], derived-state:false, eventGroup:[], eventHandler:[], serviceInstance:[], systemSignal:/Signal/Debug5_Byte3, variationPoint:null].
                        [Warning] DataMapping ignored: ContextPort is missing: SenderReceiverToSignalMapping [communicationDirection:null, dataElement:VariableDataPrototypeInSystemInstanceRef [contextComponent:[], contextComposition:null, contextPort:null, targetDataPrototype:/PortInterfaces/Debug5_Byte4/Debug5_Byte4], derived-state:false, eventGroup:[], eventHandler:[], serviceInstance:[], systemSignal:/Signal/Debug5_Byte4, variationPoint:null].
                        [Warning] DataMapping ignored: ContextPort is missing: SenderReceiverToSignalMapping [communicationDirection:null, dataElement:VariableDataPrototypeInSystemInstanceRef [contextComponent:[], contextComposition:null, contextPort:null, targetDataPrototype:/PortInterfaces/Debug5_Byte5/Debug5_Byte5], derived-state:false, eventGroup:[], eventHandler:[], serviceInstance:[], systemSignal:/Signal/Debug5_Byte5, variationPoint:null].
                        [Warning] DataMapping ignored: ContextPort is missing: SenderReceiverToSignalMapping [communicationDirection:null, dataElement:VariableDataPrototypeInSystemInstanceRef [contextComponent:[], contextComposition:null, contextPort:null, targetDataPrototype:/PortInterfaces/Debug5_Byte6/Debug5_Byte6], derived-state:false, eventGroup:[], eventHandler:[], serviceInstance:[], systemSignal:/Signal/Debug5_Byte6, variationPoint:null].
                        [Warning] DataMapping ignored: ContextPort is missing: SenderReceiverToSignalMapping [communicationDirection:null, dataElement:VariableDataPrototypeInSystemInstanceRef [contextComponent:[], contextComposition:null, contextPort:null, targetDataPrototype:/PortInterfaces/Debug5_Byte7/Debug5_Byte7], derived-state:false, eventGroup:[], eventHandler:[], serviceInstance:[], systemSignal:/Signal/Debug5_Byte7, variationPoint:null].
                        [Warning] DataMapping ignored: ContextPort is missing: SenderReceiverToSignalMapping [communicationDirection:null, dataElement:VariableDataPrototypeInSystemInstanceRef [contextComponent:[], contextComposition:null, contextPort:null, targetDataPrototype:/PortInterfaces/FV_Tx/FV_Tx], derived-state:false, eventGroup:[], eventHandler:[], serviceInstance:[], systemSignal:/Signal/FV_Tx, variationPoint:null].
                        [Warning] DataMapping ignored: ContextPort is missing: SenderReceiverToSignalMapping [communicationDirection:null, dataElement:VariableDataPrototypeInSystemInstanceRef [contextComponent:[], contextComposition:null, contextPort:null, targetDataPrototype:/PortInterfaces/Illumination_PWM/Illumination_PWM], derived-state:false, eventGroup:[], eventHandler:[], serviceInstance:[], systemSignal:/Signal/Illumination_PWM, variationPoint:null].
                        [Warning] DataMapping ignored: ContextPort is missing: SenderReceiverToSignalMapping [communicationDirection:null, dataElement:VariableDataPrototypeInSystemInstanceRef [contextComponent:[], contextComposition:null, contextPort:null, targetDataPrototype:/PortInterfaces/MAC_Tx/MAC_Tx], derived-state:false, eventGroup:[], eventHandler:[], serviceInstance:[], systemSignal:/Signal/MAC_Tx, variationPoint:null].
                        [Warning] DataMapping ignored: ContextPort is missing: SenderReceiverToSignalMapping [communicationDirection:null, dataElement:VariableDataPrototypeInSystemInstanceRef [contextComponent:[], contextComposition:null, contextPort:null, targetDataPrototype:/PortInterfaces/Odometer/Odometer], derived-state:false, eventGroup:[], eventHandler:[], serviceInstance:[], systemSignal:/Signal/Odometer, variationPoint:null].
                        [Warning] DataMapping ignored: ContextPort is missing: SenderReceiverToSignalMapping [communicationDirection:null, dataElement:VariableDataPrototypeInSystemInstanceRef [contextComponent:[], contextComposition:null, contextPort:null, targetDataPrototype:/PortInterfaces/SecureTxByte0/SecureTxByte0], derived-state:false, eventGroup:[], eventHandler:[], serviceInstance:[], systemSignal:/Signal/SecureTxByte0, variationPoint:null].
                        [Warning] DataMapping ignored: ContextPort is missing: SenderReceiverToSignalMapping [communicationDirection:null, dataElement:VariableDataPrototypeInSystemInstanceRef [contextComponent:[], contextComposition:null, contextPort:null, targetDataPrototype:/PortInterfaces/SecureTxByte1/SecureTxByte1], derived-state:false, eventGroup:[], eventHandler:[], serviceInstance:[], systemSignal:/Signal/SecureTxByte1, variationPoint:null].
                        [Warning] DataMapping ignored: ContextPort is missing: SenderReceiverToSignalMapping [communicationDirection:null, dataElement:VariableDataPrototypeInSystemInstanceRef [contextComponent:[], contextComposition:null, contextPort:null, targetDataPrototype:/PortInterfaces/SecureTxByte2/SecureTxByte2], derived-state:false, eventGroup:[], eventHandler:[], serviceInstance:[], systemSignal:/Signal/SecureTxByte2, variationPoint:null].
                        [Warning] DataMapping ignored: ContextPort is missing: SenderReceiverToSignalMapping [communicationDirection:null, dataElement:VariableDataPrototypeInSystemInstanceRef [contextComponent:[], contextComposition:null, contextPort:null, targetDataPrototype:/PortInterfaces/SecureTxByte3/SecureTxByte3], derived-state:false, eventGroup:[], eventHandler:[], serviceInstance:[], systemSignal:/Signal/SecureTxByte3, variationPoint:null].
                        [Warning] DataMapping ignored: ContextPort is missing: SenderReceiverToSignalMapping [communicationDirection:null, dataElement:VariableDataPrototypeInSystemInstanceRef [contextComponent:[], contextComposition:null, contextPort:null, targetDataPrototype:/PortInterfaces/VehicleSpeedIC/VehicleSpeedIC], derived-state:false, eventGroup:[], eventHandler:[], serviceInstance:[], systemSignal:/Signal/VehicleSpeedIC, variationPoint:null].
                        [Warning] DataMapping ignored: ContextPort is missing: SenderReceiverToSignalGroupMapping [communicationDirection:null, dataElement:VariableDataPrototypeInSystemInstanceRef [contextComponent:[], contextComposition:null, contextPort:null, targetDataPrototype:/PortInterfaces/SG_COM_HS/SG_COM_HS], derived-state:false, eventGroup:[], eventHandler:[], serviceInstance:[], signalGroup:/Signal/SG_COM_HS, typeMapping:SenderRecRecordTypeMapping [recordElementMapping:[SenderRecRecordElementMapping [applicationRecordElement:null, complexTypeMapping:null, implementationRecordElement:/DataTypes/SG_COM_HS/Alive_200, systemSignal:/Signal/Alive_200], SenderRecRecordElementMapping [applicationRecordElement:null, complexTypeMapping:null, implementationRecordElement:/DataTypes/SG_COM_HS/Battery_Voltage, systemSignal:/Signal/Battery_Voltage], SenderRecRecordElementMapping [applicationRecordElement:null, complexTypeMapping:null, implementationRecordElement:/DataTypes/SG_COM_HS/CRC_200, systemSignal:/Signal/CRC_200]]], variationPoint:null].
                        [Warning] Connector ignored: Could not find targetRPort of RPortInCompositionInstanceRef below AssemblySwConnector "/E40_Platform_System_SystemPackage/Compositions/E40_Platform_System/E40_Platform_System_SR_DmnMgrrpSR_SleepStatus_CSleepManagerppSR_SleepStatus_If_SR_SleepStatus".
                        [Warning] Connector ignored: Could not find targetRPort of RPortInCompositionInstanceRef below AssemblySwConnector "/E40_Platform_System_SystemPackage/Compositions/E40_Platform_System/E40_Platform_System_CS_EcuAppMrp_CmpLibCmd_rp_CmpLibCmd_CSleepManager_CSleepManagerpp_CmpLibCmd_if_CS_ModeOnCommand".
                        [Warning] Connector ignored: Could not find targetRPort of RPortInCompositionInstanceRef below AssemblySwConnector "/E40_Platform_System_SystemPackage/Compositions/E40_Platform_System/E40_Platform_System_SR_EcuAppMrpSR_SleepStatus_CSleepManagerppSR_SleepStatus_If_SR_SleepStatus".
                        [Warning] Connector ignored: Could not find targetRPort of RPortInCompositionInstanceRef below AssemblySwConnector "/E40_Platform_System_SystemPackage/Compositions/E40_Platform_System/NvBlockSwComponentType_BsShare_VisMeet_Element_MemAbstractStub_BsShare_VisMeet_Element_4".
                        [Warning] Connector ignored: Could not find targetRPort of RPortInCompositionInstanceRef below AssemblySwConnector "/E40_Platform_System_SystemPackage/Compositions/E40_Platform_System/NvBlockSwComponentType_BsDiag_Dtc_Element_MemAbstractStub_BsDiag_Dtc_Element_4".
                        [Warning] Connector ignored: Could not find targetRPort of RPortInCompositionInstanceRef below AssemblySwConnector "/E40_Platform_System_SystemPackage/Compositions/E40_Platform_System/NvBlockSwComponentType_BsRt_OilGauge_Element_MemAbstractStub_BsRt_OilGauge_Element_4".
                        [Warning] Connector ignored: Could not find targetRPort of RPortInCompositionInstanceRef below AssemblySwConnector "/E40_Platform_System_SystemPackage/Compositions/E40_Platform_System/NvBlockSwComponentType_BsConst_ServiceReminder_Element_MemAbstractStub_BsConst_ServiceReminder_Element_4".
                        [Warning] Connector ignored: Could not find targetRPort of RPortInCompositionInstanceRef below AssemblySwConnector "/E40_Platform_System_SystemPackage/Compositions/E40_Platform_System/NvBlockSwComponentType_BsRt_TachoGauge_Element_MemAbstractStub_BsRt_TachoGauge_Element_4".
                        [Warning] Connector ignored: Could not find targetRPort of RPortInCompositionInstanceRef below AssemblySwConnector "/E40_Platform_System_SystemPackage/Compositions/E40_Platform_System/NvBlockSwComponentType_BsConst_EngOffTimer_Element_MemAbstractStub_BsConst_EngOffTimer_Element_4".
                        [Warning] Connector ignored: Could not find targetRPort of RPortInCompositionInstanceRef below AssemblySwConnector "/E40_Platform_System_SystemPackage/Compositions/E40_Platform_System/NvBlockSwComponentType_BsShare_ProductSerialNumber_MemAbstractStub_BsShare_ProductSerialNumber_1".
                        [Warning] Connector ignored: Could not find targetRPort of RPortInCompositionInstanceRef below AssemblySwConnector "/E40_Platform_System_SystemPackage/Compositions/E40_Platform_System/NvBlockSwComponentType_BsConst_OilGauge_Element_MemAbstractStub_BsConst_OilGauge_Element_4".
                        [Warning] Connector ignored: Could not find targetRPort of RPortInCompositionInstanceRef below AssemblySwConnector "/E40_Platform_System_SystemPackage/Compositions/E40_Platform_System/NvBlockSwComponentType_BsRt_Odometer_Element_MemAbstractStub_BsRt_Odometer_Element_4".
                        [Warning] Connector ignored: Could not find targetPPort of PPortInCompositionInstanceRef below AssemblySwConnector "/E40_Platform_System_SystemPackage/Compositions/E40_Platform_System/NvBlockSwComponentType_BsConst_Illumination_Element_MemAbstractStub_BsConst_Illumination_Element_4".
                        [Warning] Connector ignored: Could not find targetPPort of PPortInCompositionInstanceRef below AssemblySwConnector "/E40_Platform_System_SystemPackage/Compositions/E40_Platform_System/NvBlockSwComponentType_BsFuSa_FeatureData_Display_Element_MemAbstractStub_BsFuSa_FeatureData_Display_Element".
                        [Warning] Connector ignored: Could not find targetRPort of RPortInCompositionInstanceRef below AssemblySwConnector "/E40_Platform_System_SystemPackage/Compositions/E40_Platform_System/NvBlockSwComponentType_BsReten_Audio_Element_MemAbstractStub_BsReten_Audio_Element_4".
                        [Warning] Connector ignored: Could not find targetRPort of RPortInCompositionInstanceRef below AssemblySwConnector "/E40_Platform_System_SystemPackage/Compositions/E40_Platform_System/NvBlockSwComponentType_BsRt_TripComputer_Element_MemAbstractStub_BsRt_TripComputer_Element_4".
                        [Warning] Connector ignored: Could not find targetRPort of RPortInCompositionInstanceRef below AssemblySwConnector "/E40_Platform_System_SystemPackage/Compositions/E40_Platform_System/NvBlockSwComponentType_BsReten_Power_Element_MemAbstractStub_BsReten_Power_Element_4".
                        [Warning] Connector ignored: Could not find targetPPort of PPortInCompositionInstanceRef below AssemblySwConnector "/E40_Platform_System_SystemPackage/Compositions/E40_Platform_System/NvBlockSwComponentType_BsFuSa_FeatureData_Audio_Element_MemAbstractStub_BsFuSa_FeatureData_Audio_Element".
                        [Warning] Connector ignored: Could not find targetRPort of RPortInCompositionInstanceRef below AssemblySwConnector "/E40_Platform_System_SystemPackage/Compositions/E40_Platform_System/NvBlockSwComponentType_BsShare_SwUpdFotadecrypt_Element_MemAbstractStub_BsShare_SwUpdFotadecrypt_Element_4".
                        [Warning] Connector ignored: Could not find targetRPort of RPortInCompositionInstanceRef below AssemblySwConnector "/E40_Platform_System_SystemPackage/Compositions/E40_Platform_System/NvBlockSwComponentType_BsConst_Communication_Element_MemAbstractStub_BsConst_Communication_Element_4".
                        [Warning] Connector ignored: Could not find targetRPort of RPortInCompositionInstanceRef below AssemblySwConnector "/E40_Platform_System_SystemPackage/Compositions/E40_Platform_System/NvBlockSwComponentType_BsRt_TempGauge_Element_MemAbstractStub_BsRt_TempGauge_Element_4".
                        [Warning] Connector ignored: Could not find targetRPort of RPortInCompositionInstanceRef below AssemblySwConnector "/E40_Platform_System_SystemPackage/Compositions/E40_Platform_System/NvBlockSwComponentType_BsRt_SpeedoGauge_Element_MemAbstractStub_BsRt_SpeedoGauge_Element_4".
                        [Warning] Connector ignored: Could not find targetRPort of RPortInCompositionInstanceRef below AssemblySwConnector "/E40_Platform_System_SystemPackage/Compositions/E40_Platform_System/NvBlockSwComponentType_BsShare_SwUpdReflash_Element_MemAbstractStub_BsShare_SwUpdReflash_Element_4".
                        [Warning] Connector ignored: Could not find targetPPort of PPortInCompositionInstanceRef below AssemblySwConnector "/E40_Platform_System_SystemPackage/Compositions/E40_Platform_System/NvBlockSwComponentType_BsFuSa_FeatureData_Fota_Element_MemAbstractStub_BsFuSa_FeatureData_Fota_Element".
                        [Warning] Connector ignored: Could not find targetRPort of RPortInCompositionInstanceRef below AssemblySwConnector "/E40_Platform_System_SystemPackage/Compositions/E40_Platform_System/NvBlockSwComponentType_BsShare_SwUpdFotaStatus_Element_MemAbstractStub_BsShare_SwUpdFotaStatus_Element_4".
                        [Warning] Connector ignored: Could not find targetPPort of PPortInCompositionInstanceRef below AssemblySwConnector "/E40_Platform_System_SystemPackage/Compositions/E40_Platform_System/NvBlockSwComponentType_BsFuSa_FeatureData_Communication_Element_MemAbstractStub_BsFuSa_FeatureData_Communication_Element".
                        [Warning] Connector ignored: Could not find targetRPort of RPortInCompositionInstanceRef below AssemblySwConnector "/E40_Platform_System_SystemPackage/Compositions/E40_Platform_System/NvBlockSwComponentType_BsShare_EcuPartNumber_Element_MemAbstractStub_BsShare_EcuPartNumber_Element_4".
                        [Warning] Connector ignored: Could not find targetRPort of RPortInCompositionInstanceRef below AssemblySwConnector "/E40_Platform_System_SystemPackage/Compositions/E40_Platform_System/NvBlockSwComponentType_BsConst_PowerGauge_Element_MemAbstractStub_BsConst_PowerGauge_Element_4".
                        [Warning] Connector ignored: Could not find targetRPort of RPortInCompositionInstanceRef below AssemblySwConnector "/E40_Platform_System_SystemPackage/Compositions/E40_Platform_System/NvBlockSwComponentType_BsConst_RealTimeClock_Element_MemAbstractStub_BsConst_RealTimeClock_Element_4".
                        [Warning] Connector ignored: Could not find targetRPort of RPortInCompositionInstanceRef below AssemblySwConnector "/E40_Platform_System_SystemPackage/Compositions/E40_Platform_System/NvBlockSwComponentType_BsReten_Communication_Element_MemAbstractStub_BsReten_Communication_Element_4".
                        [Warning] Connector ignored: Could not find targetPPort of PPortInCompositionInstanceRef below AssemblySwConnector "/E40_Platform_System_SystemPackage/Compositions/E40_Platform_System/NvBlockSwComponentType_BsFuSa_FeatureData_Power_Element_MemAbstractStub_BsFuSa_FeatureData_Power_Element".
                        [Warning] Connector ignored: Could not find targetRPort of RPortInCompositionInstanceRef below AssemblySwConnector "/E40_Platform_System_SystemPackage/Compositions/E40_Platform_System/NvBlockSwComponentType_BsShare_PCBSerialNumber_MemAbstractStub_BsShare_PCBSerialNumber_1".
                        [Warning] Connector ignored: Could not find targetRPort of RPortInCompositionInstanceRef below AssemblySwConnector "/E40_Platform_System_SystemPackage/Compositions/E40_Platform_System/NvBlockSwComponentType_RefCys_Certicificate_Element_MemAbstractStub_RefCys_Certicificate_Element_4".
                        [Warning] Connector ignored: Could not find targetRPort of RPortInCompositionInstanceRef below AssemblySwConnector "/E40_Platform_System_SystemPackage/Compositions/E40_Platform_System/NvBlockSwComponentType_BsReten_Illumination_Element_MemAbstractStub_BsReten_Illumination_Element_4".
                        [Warning] Connector ignored: Could not find targetRPort of RPortInCompositionInstanceRef below AssemblySwConnector "/E40_Platform_System_SystemPackage/Compositions/E40_Platform_System/NvBlockSwComponentType_BsReten_Tripcomputer_Element_MemAbstractStub_BsReten_Tripcomputer_Element_4".
                        [Warning] Connector ignored: Could not find targetRPort of RPortInCompositionInstanceRef below AssemblySwConnector "/E40_Platform_System_SystemPackage/Compositions/E40_Platform_System/NvBlockSwComponentType_BsConst_FuelGauge_Element_MemAbstractStub_BsConst_FuelGauge_Element_4".
                        [Warning] Connector ignored: Could not find targetRPort of RPortInCompositionInstanceRef below AssemblySwConnector "/E40_Platform_System_SystemPackage/Compositions/E40_Platform_System/NvBlockSwComponentType_BsRt_PowerGauge_Element_MemAbstractStub_BsRt_PowerGauge_Element_4".
                        [Warning] Connector ignored: Could not find targetRPort of RPortInCompositionInstanceRef below AssemblySwConnector "/E40_Platform_System_SystemPackage/Compositions/E40_Platform_System/NvBlockSwComponentType_BsShare_HWModification_MemAbstractStub_BsShare_HWModification_1".
                        [Warning] Connector ignored: Could not find targetRPort of RPortInCompositionInstanceRef below AssemblySwConnector "/E40_Platform_System_SystemPackage/Compositions/E40_Platform_System/NvBlockSwComponentType_BsShare_AssemblyManufacturingDate_MemAbstractStub_BsShare_AssemblyManufacturingDate_1".
                        [Warning] Connector ignored: Could not find targetPPort of PPortInCompositionInstanceRef below AssemblySwConnector "/E40_Platform_System_SystemPackage/Compositions/E40_Platform_System/NvBlockSwComponentType_BsReten_VisDlt_Element_MemAbstractStub_BsReten_VisDlt_Element_4".
                        [Warning] Connector ignored: Could not find targetRPort of RPortInCompositionInstanceRef below AssemblySwConnector "/E40_Platform_System_SystemPackage/Compositions/E40_Platform_System/NvBlockSwComponentType_RefCys_Certicificate1_Element_MemAbstractStub_RefCys_Certicificate1_Element_4".
                        [Warning] Connector ignored: Could not find targetRPort of RPortInCompositionInstanceRef below AssemblySwConnector "/E40_Platform_System_SystemPackage/Compositions/E40_Platform_System/NvBlockSwComponentType_BsRt_FuelGauge_Element_MemAbstractStub_BsRt_FuelGauge_Element_4".
                        [Warning] Connector ignored: Could not find targetRPort of RPortInCompositionInstanceRef below AssemblySwConnector "/E40_Platform_System_SystemPackage/Compositions/E40_Platform_System/NvBlockSwComponentType_BsReten_Odometer_Element_MemAbstractStub_BsReten_Odometer_Element_4".
                        [Warning] Connector ignored: Could not find targetRPort of RPortInCompositionInstanceRef below AssemblySwConnector "/E40_Platform_System_SystemPackage/Compositions/E40_Platform_System/NvBlockSwComponentType_BsShare_SMTPlantNumber_MemAbstractStub_BsShare_SMTPlantNumber_1".
                        [Warning] Connector ignored: Could not find targetRPort of RPortInCompositionInstanceRef below AssemblySwConnector "/E40_Platform_System_SystemPackage/Compositions/E40_Platform_System/NvBlockSwComponentType_BsConst_SpeedoGauge_Element_MemAbstractStub_BsConst_SpeedoGauge_Element_4".
                        [Warning] Connector ignored: Could not find targetRPort of RPortInCompositionInstanceRef below AssemblySwConnector "/E40_Platform_System_SystemPackage/Compositions/E40_Platform_System/NvBlockSwComponentType_BsConst_TripComputer_Element_MemAbstractStub_BsConst_TripComputer_Element_4".
                        [Warning] Connector ignored: Could not find targetRPort of RPortInCompositionInstanceRef below AssemblySwConnector "/E40_Platform_System_SystemPackage/Compositions/E40_Platform_System/NvBlockSwComponentType_BsShare_VisMeet_EOLEntry_Element_MemAbstractStub_BsShare_VisMeet_EOLEntry_Element_2".
                        [Warning] Connector ignored: Could not find targetRPort of RPortInCompositionInstanceRef below AssemblySwConnector "/E40_Platform_System_SystemPackage/Compositions/E40_Platform_System/NvBlockSwComponentType_BsReten_Display_Element_MemAbstractStub_BsReten_Display_Element_4".
                        [Warning] Connector ignored: Could not find targetRPort of RPortInCompositionInstanceRef below AssemblySwConnector "/E40_Platform_System_SystemPackage/Compositions/E40_Platform_System/NvBlockSwComponentType_BsRt_CusDlt_Element_MemAbstractStub_BsRt_CusDlt_Element_4".
                        [Warning] Connector ignored: Could not find targetRPort of RPortInCompositionInstanceRef below AssemblySwConnector "/E40_Platform_System_SystemPackage/Compositions/E40_Platform_System/NvBlockSwComponentType_BsRt_Personalization_Element_MemAbstractStub_BsRt_Personalization_Element_4".
                        [Warning] Connector ignored: Could not find targetRPort of RPortInCompositionInstanceRef below AssemblySwConnector "/E40_Platform_System_SystemPackage/Compositions/E40_Platform_System/NvBlockSwComponentType_BsRt_Warning_Element_MemAbstractStub_BsRt_Warning_Element_4".
                        [Warning] Connector ignored: Could not find targetRPort of RPortInCompositionInstanceRef below AssemblySwConnector "/E40_Platform_System_SystemPackage/Compositions/E40_Platform_System/NvBlockSwComponentType_BsConst_TachoGauge_Element_MemAbstractStub_BsConst_TachoGauge_Element_4".
                        [Warning] Connector ignored: Could not find targetRPort of RPortInCompositionInstanceRef below AssemblySwConnector "/E40_Platform_System_SystemPackage/Compositions/E40_Platform_System/NvBlockSwComponentType_BsShare_VisteonPCBPartNumber_MemAbstractStub_BsShare_VisteonPCBPartNumber_1".
                        [Warning] Connector ignored: Could not find targetRPort of RPortInCompositionInstanceRef below AssemblySwConnector "/E40_Platform_System_SystemPackage/Compositions/E40_Platform_System/NvBlockSwComponentType_BsShare_AssemblyPlantNumber_MemAbstractStub_BsShare_AssemblyPlantNumber_1".
                        [Warning] Connector ignored: Could not find targetRPort of RPortInCompositionInstanceRef below AssemblySwConnector "/E40_Platform_System_SystemPackage/Compositions/E40_Platform_System/NvBlockSwComponentType_BsDiag_ErrorRecord_Element_MemAbstractStub_BsDiag_ErrorRecord_Element_4".
                        [Warning] Connector ignored: Could not find targetRPort of RPortInCompositionInstanceRef below AssemblySwConnector "/E40_Platform_System_SystemPackage/Compositions/E40_Platform_System/NvBlockSwComponentType_BsCys_Certicificate_Element_MemAbstractStub_BsCys_Certicificate_Element_4".
                        [Warning] Connector ignored: Could not find targetRPort of RPortInCompositionInstanceRef below AssemblySwConnector "/E40_Platform_System_SystemPackage/Compositions/E40_Platform_System/NvBlockSwComponentType_BsReten_Warning_Element_MemAbstractStub_BsReten_Warning_Element_4".
                        [Warning] Connector ignored: Could not find targetRPort of RPortInCompositionInstanceRef below AssemblySwConnector "/E40_Platform_System_SystemPackage/Compositions/E40_Platform_System/NvBlockSwComponentType_BsRt_Illumination_Element_MemAbstractStub_BsRt_Illumination_Element_4".
                        [Warning] Connector ignored: Could not find targetPPort of PPortInCompositionInstanceRef below AssemblySwConnector "/E40_Platform_System_SystemPackage/Compositions/E40_Platform_System/NvBlockSwComponentType_BsFuSa_FeatureData_Warning_Element_MemAbstractStub_BsFuSa_FeatureData_Warning_Element".
                        [Warning] Connector ignored: Could not find targetRPort of RPortInCompositionInstanceRef below AssemblySwConnector "/E40_Platform_System_SystemPackage/Compositions/E40_Platform_System/NvBlockSwComponentType_BsShare_SwUpdFotaFinPrint_Element_MemAbstractStub_BsShare_SwUpdFotaFinPrint_Element_4".
                        [Warning] Connector ignored: Could not find targetRPort of RPortInCompositionInstanceRef below AssemblySwConnector "/E40_Platform_System_SystemPackage/Compositions/E40_Platform_System/NvBlockSwComponentType_BsShare_VehicleConfig_Element_MemAbstractStub_BsShare_VehicleConfig_Element_4".
                        [Warning] Connector ignored: Could not find targetRPort of RPortInCompositionInstanceRef below AssemblySwConnector "/E40_Platform_System_SystemPackage/Compositions/E40_Platform_System/NvBlockSwComponentType_BsReten_RealTimeClock_Element_MemAbstractStub_BsReten_RealTimeClock_Element_4".
                        [Warning] Connector ignored: Could not find targetRPort of RPortInCompositionInstanceRef below AssemblySwConnector "/E40_Platform_System_SystemPackage/Compositions/E40_Platform_System/NvBlockSwComponentType_BsRt_RealTimeClock_Element_MemAbstractStub_BsRt_RealTimeClock_Element_4".
                        [Warning] Connector ignored: Could not find targetRPort of RPortInCompositionInstanceRef below AssemblySwConnector "/E40_Platform_System_SystemPackage/Compositions/E40_Platform_System/NvBlockSwComponentType_BsReten_Gauges_Element_MemAbstractStub_BsReten_Gauges_Element_4".
                        [Warning] Connector ignored: Could not find targetRPort of RPortInCompositionInstanceRef below AssemblySwConnector "/E40_Platform_System_SystemPackage/Compositions/E40_Platform_System/NvBlockSwComponentType_BsConst_TempGauge_Element_MemAbstractStub_BsConst_TempGauge_Element_4".
                        [Warning] Connector ignored: Could not find targetRPort of RPortInCompositionInstanceRef below AssemblySwConnector "/E40_Platform_System_SystemPackage/Compositions/E40_Platform_System/NvBlockSwComponentType_BsConst_Warning_Element_MemAbstractStub_BsConst_Warning_Element_4".
                        [Warning] Connector ignored: Could not find targetRPort of RPortInCompositionInstanceRef below AssemblySwConnector "/E40_Platform_System_SystemPackage/Compositions/E40_Platform_System/NvBlockSwComponentType_BsConst_Audio_Element_MemAbstractStub_BsConst_Audio_Element_4".
                        [Warning] Connector ignored: Could not find targetRPort of RPortInCompositionInstanceRef below AssemblySwConnector "/E40_Platform_System_SystemPackage/Compositions/E40_Platform_System/NvBlockSwComponentType_BsConst_Power_Element_MemAbstractStub_BsConst_Power_Element_4".
                        [Warning] Connector ignored: Could not find targetRPort of RPortInCompositionInstanceRef below AssemblySwConnector "/E40_Platform_System_SystemPackage/Compositions/E40_Platform_System/NvBlockSwComponentType_BsShare_VisteonPartNumber_MemAbstractStub_BsShare_VisteonPartNumber_1".
                        [Warning] Connector ignored: Could not find targetRPort of RPortInCompositionInstanceRef below AssemblySwConnector "/E40_Platform_System_SystemPackage/Compositions/E40_Platform_System/NvBlockSwComponentType_BsShare_SMTManufacturingDate_MemAbstractStub_BsShare_SMTManufacturingDate_1".
                        [Warning] Connector ignored: Could not find targetRPort of RPortInCompositionInstanceRef below AssemblySwConnector "/E40_Platform_System_SystemPackage/Compositions/E40_Platform_System/NvBlockSwComponentType_BsShare_SwUpdFotaMode_Element_MemAbstractStub_BsShare_SwUpdFotaMode_Element_4".
                        [Warning] Connector ignored: Could not find targetRPort of RPortInCompositionInstanceRef below AssemblySwConnector "/E40_Platform_System_SystemPackage/Compositions/E40_Platform_System/NvBlockSwComponentType_BsReten_Personalization_Element_MemAbstractStub_BsReten_Personalization_Element_4".
                        [Warning] Connector ignored: Could not find targetRPort of RPortInCompositionInstanceRef below AssemblySwConnector "/E40_Platform_System_SystemPackage/Compositions/E40_Platform_System/NvBlockSwComponentType_BsRt_TachoGauge_Element_MemAbstractStub_BsRt_TachoGauge_Element_5".
                        [Warning] Connector ignored: Could not find targetRPort of RPortInCompositionInstanceRef below AssemblySwConnector "/E40_Platform_System_SystemPackage/Compositions/E40_Platform_System/NvBlockSwComponentType_BsRt_PowerGauge_Element_MemAbstractStub_BsRt_PowerGauge_Element_5".
                        [Warning] Connector ignored: Could not find targetRPort of RPortInCompositionInstanceRef below AssemblySwConnector "/E40_Platform_System_SystemPackage/Compositions/E40_Platform_System/NvBlockSwComponentType_BsReten_Audio_Element_MemAbstractStub_BsReten_Audio_Element_5".
                        [Warning] Connector ignored: Could not find targetRPort of RPortInCompositionInstanceRef below AssemblySwConnector "/E40_Platform_System_SystemPackage/Compositions/E40_Platform_System/NvBlockSwComponentType_BsConst_TachoGauge_Element_MemAbstractStub_BsConst_TachoGauge_Element_5".
                        [Warning] Connector ignored: Could not find targetRPort of RPortInCompositionInstanceRef below AssemblySwConnector "/E40_Platform_System_SystemPackage/Compositions/E40_Platform_System/NvBlockSwComponentType_RefCys_Certicificate1_Element_MemAbstractStub_RefCys_Certicificate1_Element_5".
                        [Warning] Connector ignored: Could not find targetRPort of RPortInCompositionInstanceRef below AssemblySwConnector "/E40_Platform_System_SystemPackage/Compositions/E40_Platform_System/NvBlockSwComponentType_BsConst_PowerGauge_Element_MemAbstractStub_BsConst_PowerGauge_Element_5".
                        [Warning] Connector ignored: Could not find targetRPort of RPortInCompositionInstanceRef below AssemblySwConnector "/E40_Platform_System_SystemPackage/Compositions/E40_Platform_System/NvBlockSwComponentType_BsRt_Odometer_Element_MemAbstractStub_BsRt_Odometer_Element_5".
                        [Warning] Connector ignored: Could not find targetRPort of RPortInCompositionInstanceRef below AssemblySwConnector "/E40_Platform_System_SystemPackage/Compositions/E40_Platform_System/NvBlockSwComponentType_BsConst_TempGauge_Element_MemAbstractStub_BsConst_TempGauge_Element_5".
                        [Warning] Connector ignored: Could not find targetRPort of RPortInCompositionInstanceRef below AssemblySwConnector "/E40_Platform_System_SystemPackage/Compositions/E40_Platform_System/NvBlockSwComponentType_BsConst_Audio_Element_MemAbstractStub_BsConst_Audio_Element_5".
                        [Warning] Connector ignored: Could not find targetRPort of RPortInCompositionInstanceRef below AssemblySwConnector "/E40_Platform_System_SystemPackage/Compositions/E40_Platform_System/NvBlockSwComponentType_BsConst_Communication_Element_MemAbstractStub_BsConst_Communication_Element_5".
                        [Warning] Connector ignored: Could not find targetRPort of RPortInCompositionInstanceRef below AssemblySwConnector "/E40_Platform_System_SystemPackage/Compositions/E40_Platform_System/NvBlockSwComponentType_BsShare_VehicleConfig_Element_MemAbstractStub_BsShare_VehicleConfig_Element_5".
                        [Warning] Connector ignored: Could not find targetRPort of RPortInCompositionInstanceRef below AssemblySwConnector "/E40_Platform_System_SystemPackage/Compositions/E40_Platform_System/NvBlockSwComponentType_BsConst_EngOffTimer_Element_MemAbstractStub_BsConst_EngOffTimer_Element_5".
                        [Warning] Connector ignored: Could not find targetRPort of RPortInCompositionInstanceRef below AssemblySwConnector "/E40_Platform_System_SystemPackage/Compositions/E40_Platform_System/NvBlockSwComponentType_BsConst_FuelGauge_Element_MemAbstractStub_BsConst_FuelGauge_Element_5".
                        [Warning] Connector ignored: Could not find targetRPort of RPortInCompositionInstanceRef below AssemblySwConnector "/E40_Platform_System_SystemPackage/Compositions/E40_Platform_System/NvBlockSwComponentType_BsCys_Certicificate_Element_MemAbstractStub_BsCys_Certicificate_Element_5".
                        [Warning] Connector ignored: Could not find targetRPort of RPortInCompositionInstanceRef below AssemblySwConnector "/E40_Platform_System_SystemPackage/Compositions/E40_Platform_System/NvBlockSwComponentType_BsReten_RealTimeClock_Element_MemAbstractStub_BsReten_RealTimeClock_Element_5".
                        [Warning] Connector ignored: Could not find targetRPort of RPortInCompositionInstanceRef below AssemblySwConnector "/E40_Platform_System_SystemPackage/Compositions/E40_Platform_System/NvBlockSwComponentType_BsShare_PCBSerialNumber_MemAbstractStub_BsShare_PCBSerialNumber_2".
                        [Warning] Connector ignored: Could not find targetRPort of RPortInCompositionInstanceRef below AssemblySwConnector "/E40_Platform_System_SystemPackage/Compositions/E40_Platform_System/NvBlockSwComponentType_BsRt_Illumination_Element_MemAbstractStub_BsRt_Illumination_Element_5".
                        [Warning] Connector ignored: Could not find targetRPort of RPortInCompositionInstanceRef below AssemblySwConnector "/E40_Platform_System_SystemPackage/Compositions/E40_Platform_System/NvBlockSwComponentType_BsReten_Illumination_Element_MemAbstractStub_BsReten_Illumination_Element_5".
                        [Warning] Connector ignored: Could not find targetRPort of RPortInCompositionInstanceRef below AssemblySwConnector "/E40_Platform_System_SystemPackage/Compositions/E40_Platform_System/NvBlockSwComponentType_BsReten_Display_Element_MemAbstractStub_BsReten_Display_Element_5".
                        [Warning] Connector ignored: Could not find targetRPort of RPortInCompositionInstanceRef below AssemblySwConnector "/E40_Platform_System_SystemPackage/Compositions/E40_Platform_System/NvBlockSwComponentType_BsShare_AssemblyPlantNumber_MemAbstractStub_BsShare_AssemblyPlantNumber_2".
                        [Warning] Connector ignored: Could not find targetRPort of RPortInCompositionInstanceRef below AssemblySwConnector "/E40_Platform_System_SystemPackage/Compositions/E40_Platform_System/NvBlockSwComponentType_BsConst_SpeedoGauge_Element_MemAbstractStub_BsConst_SpeedoGauge_Element_5".
                        [Warning] Connector ignored: Could not find targetRPort of RPortInCompositionInstanceRef below AssemblySwConnector "/E40_Platform_System_SystemPackage/Compositions/E40_Platform_System/NvBlockSwComponentType_BsReten_Gauges_Element_MemAbstractStub_BsReten_Gauges_Element_5".
                        [Warning] Connector ignored: Could not find targetRPort of RPortInCompositionInstanceRef below AssemblySwConnector "/E40_Platform_System_SystemPackage/Compositions/E40_Platform_System/NvBlockSwComponentType_BsConst_OilGauge_Element_MemAbstractStub_BsConst_OilGauge_Element_5".
                        [Warning] Connector ignored: Could not find targetRPort of RPortInCompositionInstanceRef below AssemblySwConnector "/E40_Platform_System_SystemPackage/Compositions/E40_Platform_System/NvBlockSwComponentType_BsConst_ServiceReminder_Element_MemAbstractStub_BsConst_ServiceReminder_Element_5".
                        [Warning] Connector ignored: Could not find targetRPort of RPortInCompositionInstanceRef below AssemblySwConnector "/E40_Platform_System_SystemPackage/Compositions/E40_Platform_System/NvBlockSwComponentType_BsRt_SpeedoGauge_Element_MemAbstractStub_BsRt_SpeedoGauge_Element_5".
                        [Warning] Connector ignored: Could not find targetRPort of RPortInCompositionInstanceRef below AssemblySwConnector "/E40_Platform_System_SystemPackage/Compositions/E40_Platform_System/NvBlockSwComponentType_BsReten_Warning_Element_MemAbstractStub_BsReten_Warning_Element_5".
                        [Warning] Connector ignored: Could not find targetRPort of RPortInCompositionInstanceRef below AssemblySwConnector "/E40_Platform_System_SystemPackage/Compositions/E40_Platform_System/NvBlockSwComponentType_BsConst_Power_Element_MemAbstractStub_BsConst_Power_Element_5".
                        [Warning] Connector ignored: Could not find targetRPort of RPortInCompositionInstanceRef below AssemblySwConnector "/E40_Platform_System_SystemPackage/Compositions/E40_Platform_System/NvBlockSwComponentType_BsShare_SwUpdFotaStatus_Element_MemAbstractStub_BsShare_SwUpdFotaStatus_Element_5".
                        [Warning] Connector ignored: Could not find targetRPort of RPortInCompositionInstanceRef below AssemblySwConnector "/E40_Platform_System_SystemPackage/Compositions/E40_Platform_System/NvBlockSwComponentType_BsShare_SwUpdFotaMode_Element_MemAbstractStub_BsShare_SwUpdFotaMode_Element_5".
                        [Warning] Connector ignored: Could not find targetRPort of RPortInCompositionInstanceRef below AssemblySwConnector "/E40_Platform_System_SystemPackage/Compositions/E40_Platform_System/NvBlockSwComponentType_BsDiag_Dtc_Element_MemAbstractStub_BsDiag_Dtc_Element_5".
                        [Warning] Connector ignored: Could not find targetRPort of RPortInCompositionInstanceRef below AssemblySwConnector "/E40_Platform_System_SystemPackage/Compositions/E40_Platform_System/NvBlockSwComponentType_BsShare_VisMeet_Element_MemAbstractStub_BsShare_VisMeet_Element_5".
                        [Warning] Connector ignored: Could not find targetRPort of RPortInCompositionInstanceRef below AssemblySwConnector "/E40_Platform_System_SystemPackage/Compositions/E40_Platform_System/NvBlockSwComponentType_RefCys_Certicificate_Element_MemAbstractStub_RefCys_Certicificate_Element_5".
                        [Warning] Connector ignored: Could not find targetRPort of RPortInCompositionInstanceRef below AssemblySwConnector "/E40_Platform_System_SystemPackage/Compositions/E40_Platform_System/NvBlockSwComponentType_BsShare_SwUpdFotadecrypt_Element_MemAbstractStub_BsShare_SwUpdFotadecrypt_Element_5".
                        [Warning] Connector ignored: Could not find targetRPort of RPortInCompositionInstanceRef below AssemblySwConnector "/E40_Platform_System_SystemPackage/Compositions/E40_Platform_System/NvBlockSwComponentType_BsConst_RealTimeClock_Element_MemAbstractStub_BsConst_RealTimeClock_Element_5".
                        [Warning] Connector ignored: Could not find targetRPort of RPortInCompositionInstanceRef below AssemblySwConnector "/E40_Platform_System_SystemPackage/Compositions/E40_Platform_System/NvBlockSwComponentType_BsRt_FuelGauge_Element_MemAbstractStub_BsRt_FuelGauge_Element_5".
                        [Warning] Connector ignored: Could not find targetRPort of RPortInCompositionInstanceRef below AssemblySwConnector "/E40_Platform_System_SystemPackage/Compositions/E40_Platform_System/NvBlockSwComponentType_BsConst_TripComputer_Element_MemAbstractStub_BsConst_TripComputer_Element_5".
                        [Warning] Connector ignored: Could not find targetRPort of RPortInCompositionInstanceRef below AssemblySwConnector "/E40_Platform_System_SystemPackage/Compositions/E40_Platform_System/NvBlockSwComponentType_BsShare_AssemblyManufacturingDate_MemAbstractStub_BsShare_AssemblyManufacturingDate_2".
                        [Warning] Connector ignored: Could not find targetRPort of RPortInCompositionInstanceRef below AssemblySwConnector "/E40_Platform_System_SystemPackage/Compositions/E40_Platform_System/NvBlockSwComponentType_BsShare_SwUpdReflash_Element_MemAbstractStub_BsShare_SwUpdReflash_Element_5".
                        [Warning] Connector ignored: Could not find targetRPort of RPortInCompositionInstanceRef below AssemblySwConnector "/E40_Platform_System_SystemPackage/Compositions/E40_Platform_System/NvBlockSwComponentType_BsShare_HWModification_MemAbstractStub_BsShare_HWModification_2".
                        [Warning] Connector ignored: Could not find targetPPort of PPortInCompositionInstanceRef below AssemblySwConnector "/E40_Platform_System_SystemPackage/Compositions/E40_Platform_System/NvBlockSwComponentType_BsReten_VisDlt_Element_MemAbstractStub_BsReten_VisDlt_Element_5".
                        [Warning] Connector ignored: Could not find targetRPort of RPortInCompositionInstanceRef below AssemblySwConnector "/E40_Platform_System_SystemPackage/Compositions/E40_Platform_System/NvBlockSwComponentType_BsRt_RealTimeClock_Element_MemAbstractStub_BsRt_RealTimeClock_Element_5".
                        [Warning] Connector ignored: Could not find targetRPort of RPortInCompositionInstanceRef below AssemblySwConnector "/E40_Platform_System_SystemPackage/Compositions/E40_Platform_System/NvBlockSwComponentType_BsDiag_ErrorRecord_Element_MemAbstractStub_BsDiag_ErrorRecord_Element_5".
                        [Warning] Connector ignored: Could not find targetRPort of RPortInCompositionInstanceRef below AssemblySwConnector "/E40_Platform_System_SystemPackage/Compositions/E40_Platform_System/NvBlockSwComponentType_BsShare_SMTPlantNumber_MemAbstractStub_BsShare_SMTPlantNumber_2".
                        [Warning] Connector ignored: Could not find targetRPort of RPortInCompositionInstanceRef below AssemblySwConnector "/E40_Platform_System_SystemPackage/Compositions/E40_Platform_System/NvBlockSwComponentType_BsReten_Communication_Element_MemAbstractStub_BsReten_Communication_Element_5".
                        [Warning] Connector ignored: Could not find targetRPort of RPortInCompositionInstanceRef below AssemblySwConnector "/E40_Platform_System_SystemPackage/Compositions/E40_Platform_System/NvBlockSwComponentType_BsShare_ProductSerialNumber_MemAbstractStub_BsShare_ProductSerialNumber_2".
                        [Warning] Connector ignored: Could not find targetRPort of RPortInCompositionInstanceRef below AssemblySwConnector "/E40_Platform_System_SystemPackage/Compositions/E40_Platform_System/NvBlockSwComponentType_BsShare_EcuPartNumber_Element_MemAbstractStub_BsShare_EcuPartNumber_Element_5".
                        [Warning] Connector ignored: Could not find targetRPort of RPortInCompositionInstanceRef below AssemblySwConnector "/E40_Platform_System_SystemPackage/Compositions/E40_Platform_System/NvBlockSwComponentType_BsShare_SMTManufacturingDate_MemAbstractStub_BsShare_SMTManufacturingDate_2".
                        [Warning] Connector ignored: Could not find targetRPort of RPortInCompositionInstanceRef below AssemblySwConnector "/E40_Platform_System_SystemPackage/Compositions/E40_Platform_System/NvBlockSwComponentType_BsReten_Power_Element_MemAbstractStub_BsReten_Power_Element_5".
                        [Warning] Connector ignored: Could not find targetRPort of RPortInCompositionInstanceRef below AssemblySwConnector "/E40_Platform_System_SystemPackage/Compositions/E40_Platform_System/NvBlockSwComponentType_BsReten_Personalization_Element_MemAbstractStub_BsReten_Personalization_Element_5".
                        [Warning] Connector ignored: Could not find targetRPort of RPortInCompositionInstanceRef below AssemblySwConnector "/E40_Platform_System_SystemPackage/Compositions/E40_Platform_System/NvBlockSwComponentType_BsShare_VisteonPCBPartNumber_MemAbstractStub_BsShare_VisteonPCBPartNumber_2".
                        [Warning] Connector ignored: Could not find targetRPort of RPortInCompositionInstanceRef below AssemblySwConnector "/E40_Platform_System_SystemPackage/Compositions/E40_Platform_System/NvBlockSwComponentType_BsShare_VisMeet_EOLEntry_Element_MemAbstractStub_BsShare_VisMeet_EOLEntry_Element_3".
                        [Warning] Connector ignored: Could not find targetRPort of RPortInCompositionInstanceRef below AssemblySwConnector "/E40_Platform_System_SystemPackage/Compositions/E40_Platform_System/NvBlockSwComponentType_BsReten_Tripcomputer_Element_MemAbstractStub_BsReten_Tripcomputer_Element_5".
                        [Warning] Connector ignored: Could not find targetRPort of RPortInCompositionInstanceRef below AssemblySwConnector "/E40_Platform_System_SystemPackage/Compositions/E40_Platform_System/NvBlockSwComponentType_BsRt_OilGauge_Element_MemAbstractStub_BsRt_OilGauge_Element_5".
                        [Warning] Connector ignored: Could not find targetRPort of RPortInCompositionInstanceRef below AssemblySwConnector "/E40_Platform_System_SystemPackage/Compositions/E40_Platform_System/NvBlockSwComponentType_BsShare_VisteonPartNumber_MemAbstractStub_BsShare_VisteonPartNumber_2".
                        [Warning] Connector ignored: Could not find targetRPort of RPortInCompositionInstanceRef below AssemblySwConnector "/E40_Platform_System_SystemPackage/Compositions/E40_Platform_System/NvBlockSwComponentType_BsRt_TempGauge_Element_MemAbstractStub_BsRt_TempGauge_Element_5".
                        [Warning] Connector ignored: Could not find targetRPort of RPortInCompositionInstanceRef below AssemblySwConnector "/E40_Platform_System_SystemPackage/Compositions/E40_Platform_System/NvBlockSwComponentType_BsReten_Odometer_Element_MemAbstractStub_BsReten_Odometer_Element_5".
                        [Warning] Connector ignored: Could not find targetRPort of RPortInCompositionInstanceRef below AssemblySwConnector "/E40_Platform_System_SystemPackage/Compositions/E40_Platform_System/NvBlockSwComponentType_BsRt_Personalization_Element_MemAbstractStub_BsRt_Personalization_Element_5".
                        [Warning] Connector ignored: Could not find targetRPort of RPortInCompositionInstanceRef below AssemblySwConnector "/E40_Platform_System_SystemPackage/Compositions/E40_Platform_System/NvBlockSwComponentType_BsRt_TripComputer_Element_MemAbstractStub_BsRt_TripComputer_Element_5".
                        [Warning] Connector ignored: Could not find targetRPort of RPortInCompositionInstanceRef below AssemblySwConnector "/E40_Platform_System_SystemPackage/Compositions/E40_Platform_System/NvBlockSwComponentType_BsRt_Warning_Element_MemAbstractStub_BsRt_Warning_Element_5".
                        [Warning] Connector ignored: Could not find targetRPort of RPortInCompositionInstanceRef below AssemblySwConnector "/E40_Platform_System_SystemPackage/Compositions/E40_Platform_System/NvBlockSwComponentType_BsConst_Warning_Element_MemAbstractStub_BsConst_Warning_Element_5".
                        [Warning] Connector ignored: Could not find targetRPort of RPortInCompositionInstanceRef below AssemblySwConnector "/E40_Platform_System_SystemPackage/Compositions/E40_Platform_System/NvBlockSwComponentType_BsRt_CusDlt_Element_MemAbstractStub_BsRt_CusDlt_Element_5".
                        [Warning] Connector ignored: Could not find targetRPort of RPortInCompositionInstanceRef below AssemblySwConnector "/E40_Platform_System_SystemPackage/Compositions/E40_Platform_System/NvBlockSwComponentType_BsShare_SwUpdFotaFinPrint_Element_MemAbstractStub_BsShare_SwUpdFotaFinPrint_Element_5".
                        [Warning] Connector ignored: Could not find targetRPort of RPortInCompositionInstanceRef below AssemblySwConnector "/E40_Platform_System_SystemPackage/Compositions/E40_Platform_System/NvBlockSwComponentType_BsReten_Tripcomputer_Element_MemAbstractStub_BsReten_Tripcomputer_Element_6".
                        [Warning] Connector ignored: Could not find targetRPort of RPortInCompositionInstanceRef below AssemblySwConnector "/E40_Platform_System_SystemPackage/Compositions/E40_Platform_System/NvBlockSwComponentType_BsConst_Derating_Backlight_Disable_SafeCopy1_MemAbstractStub_BsConst_Derating_Backlight_Disable_SafeCopy1".
                        [Warning] Connector ignored: Could not find targetRPort of RPortInCompositionInstanceRef below AssemblySwConnector "/E40_Platform_System_SystemPackage/Compositions/E40_Platform_System/NvBlockSwComponentType_BsConst_TripComputer_Element_MemAbstractStub_BsConst_TripComputer_Element_6".
                        [Warning] Connector ignored: Could not find targetRPort of RPortInCompositionInstanceRef below AssemblySwConnector "/E40_Platform_System_SystemPackage/Compositions/E40_Platform_System/NvBlockSwComponentType_BsReten_Audio_Element_MemAbstractStub_BsReten_Audio_Element_6".
                        [Warning] Connector ignored: Could not find targetRPort of RPortInCompositionInstanceRef below AssemblySwConnector "/E40_Platform_System_SystemPackage/Compositions/E40_Platform_System/NvBlockSwComponentType_BsConst_PWM_boost_bypass_duty_SafeCopy1_MemAbstractStub_BsConst_PWM_boost_bypass_duty_SafeCopy1".
                        [Warning] Connector ignored: Could not find targetRPort of RPortInCompositionInstanceRef below AssemblySwConnector "/E40_Platform_System_SystemPackage/Compositions/E40_Platform_System/NvBlockSwComponentType_BsShare_VisMeet_Element_MemAbstractStub_BsShare_VisMeet_Element_6".
                        [Warning] Connector ignored: Could not find targetRPort of RPortInCompositionInstanceRef below AssemblySwConnector "/E40_Platform_System_SystemPackage/Compositions/E40_Platform_System/NvBlockSwComponentType_BsShare_VisteonPartNumber_MemAbstractStub_BsShare_VisteonPartNumber_3".
                        [Warning] Connector ignored: Could not find targetRPort of RPortInCompositionInstanceRef below AssemblySwConnector "/E40_Platform_System_SystemPackage/Compositions/E40_Platform_System/NvBlockSwComponentType_BsShare_SwUpdFotadecrypt_Element_MemAbstractStub_BsShare_SwUpdFotadecrypt_Element_6".
                        [Warning] Connector ignored: Could not find targetRPort of RPortInCompositionInstanceRef below AssemblySwConnector "/E40_Platform_System_SystemPackage/Compositions/E40_Platform_System/NvBlockSwComponentType_BsRt_Warning_Element_MemAbstractStub_BsRt_Warning_Element_6".
                        [Warning] Connector ignored: Could not find targetPPort of PPortInCompositionInstanceRef below AssemblySwConnector "/E40_Platform_System_SystemPackage/Compositions/E40_Platform_System/NvBlockSwComponentType_BsReten_VisDlt_Element_MemAbstractStub_BsReten_VisDlt_Element_6".
                        [Warning] Connector ignored: Could not find targetRPort of RPortInCompositionInstanceRef below AssemblySwConnector "/E40_Platform_System_SystemPackage/Compositions/E40_Platform_System/NvBlockSwComponentType_BsShare_AssemblyPlantNumber_MemAbstractStub_BsShare_AssemblyPlantNumber_3".
                        [Warning] Connector ignored: Could not find targetRPort of RPortInCompositionInstanceRef below AssemblySwConnector "/E40_Platform_System_SystemPackage/Compositions/E40_Platform_System/NvBlockSwComponentType_BsConst_PCB_Temperature_Sensor_Conv_MemAbstractStub_BsConst_PCB_Temperature_Sensor_Conv".
                        [Warning] Connector ignored: Could not find targetRPort of RPortInCompositionInstanceRef below AssemblySwConnector "/E40_Platform_System_SystemPackage/Compositions/E40_Platform_System/NvBlockSwComponentType_BsConst_PWM_boost_bypass_duty_SafeCopy2_MemAbstractStub_BsConst_PWM_boost_bypass_duty_SafeCopy2".
                        [Warning] Connector ignored: Could not find targetRPort of RPortInCompositionInstanceRef below AssemblySwConnector "/E40_Platform_System_SystemPackage/Compositions/E40_Platform_System/NvBlockSwComponentType_BsShare_SwUpdFotaStatus_Element_MemAbstractStub_BsShare_SwUpdFotaStatus_Element_6".
                        [Warning] Connector ignored: Could not find targetRPort of RPortInCompositionInstanceRef below AssemblySwConnector "/E40_Platform_System_SystemPackage/Compositions/E40_Platform_System/NvBlockSwComponentType_BsConst_Temp_Threshold_Hysteresis_Derating_SafeCopy2_MemAbstractStub_BsConst_Temp_Threshold_Hyste20D0FAA7".
                        [Warning] Connector ignored: Could not find targetRPort of RPortInCompositionInstanceRef below AssemblySwConnector "/E40_Platform_System_SystemPackage/Compositions/E40_Platform_System/NvBlockSwComponentType_BsReten_Illumination_Element_MemAbstractStub_BsReten_Illumination_Element_6".
                        [Warning] Connector ignored: Could not find targetRPort of RPortInCompositionInstanceRef below AssemblySwConnector "/E40_Platform_System_SystemPackage/Compositions/E40_Platform_System/NvBlockSwComponentType_BsShare_AssemblyManufacturingDate_MemAbstractStub_BsShare_AssemblyManufacturingDate_3".
                        [Warning] Connector ignored: Could not find targetRPort of RPortInCompositionInstanceRef below AssemblySwConnector "/E40_Platform_System_SystemPackage/Compositions/E40_Platform_System/NvBlockSwComponentType_BsRt_RealTimeClock_Element_MemAbstractStub_BsRt_RealTimeClock_Element_6".
                        [Warning] Connector ignored: Could not find targetRPort of RPortInCompositionInstanceRef below AssemblySwConnector "/E40_Platform_System_SystemPackage/Compositions/E40_Platform_System/NvBlockSwComponentType_BsConst_Temp_Threshold_Hysteresis_Derating_SafeCopy1_MemAbstractStub_BsConst_Temp_Threshold_Hyste5273E3A0".
                        [Warning] Connector ignored: Could not find targetRPort of RPortInCompositionInstanceRef below AssemblySwConnector "/E40_Platform_System_SystemPackage/Compositions/E40_Platform_System/NvBlockSwComponentType_BsConst_PWM_boost_bypass_duty_MemAbstractStub_BsConst_PWM_boost_bypass_duty".
                        [Warning] Connector ignored: Could not find targetRPort of RPortInCompositionInstanceRef below AssemblySwConnector "/E40_Platform_System_SystemPackage/Compositions/E40_Platform_System/NvBlockSwComponentType_BsConst_Lookup_Curve_HotSpot_Coef_Y_SafeCopy2_MemAbstractStub_BsConst_Lookup_Curve_HotSpot_Coef_YBE580FAC".
                        [Warning] Connector ignored: Could not find targetRPort of RPortInCompositionInstanceRef below AssemblySwConnector "/E40_Platform_System_SystemPackage/Compositions/E40_Platform_System/NvBlockSwComponentType_BsShare_SMTManufacturingDate_MemAbstractStub_BsShare_SMTManufacturingDate_3".
                        [Warning] Connector ignored: Could not find targetRPort of RPortInCompositionInstanceRef below AssemblySwConnector "/E40_Platform_System_SystemPackage/Compositions/E40_Platform_System/NvBlockSwComponentType_BsConst_Compensation_Line_Slope_m_MemAbstractStub_BsConst_Compensation_Line_Slope_m".
                        [Warning] Connector ignored: Could not find targetRPort of RPortInCompositionInstanceRef below AssemblySwConnector "/E40_Platform_System_SystemPackage/Compositions/E40_Platform_System/NvBlockSwComponentType_BsConst_Temperature_Sensor_Conv_SafeCopy2_MemAbstractStub_BsConst_Temperature_Sensor_Conv_SafeCopy2".
                        [Warning] Connector ignored: Could not find targetRPort of RPortInCompositionInstanceRef below AssemblySwConnector "/E40_Platform_System_SystemPackage/Compositions/E40_Platform_System/NvBlockSwComponentType_BsConst_Compensation_Line_Slope_m_SafeCopy1_MemAbstractStub_BsConst_Compensation_Line_Slope_m_SafeCopy1".
                        [Warning] Connector ignored: Could not find targetRPort of RPortInCompositionInstanceRef below AssemblySwConnector "/E40_Platform_System_SystemPackage/Compositions/E40_Platform_System/NvBlockSwComponentType_BsConst_Compensation_Line_Shift_b_SafeCopy1_MemAbstractStub_BsConst_Compensation_Line_Shift_b_SafeCopy1".
                        [Warning] Connector ignored: Could not find targetPPort of PPortInCompositionInstanceRef below AssemblySwConnector "/E40_Platform_System_SystemPackage/Compositions/E40_Platform_System/NvBlockSwComponentType_BsConst_Derating_Backlight_Disable_SafeCopy1_1_MemAbstractStub_BsConst_Derating_Backlight_DisableA2ED49FF".
                        [Warning] Connector ignored: Could not find targetRPort of RPortInCompositionInstanceRef below AssemblySwConnector "/E40_Platform_System_SystemPackage/Compositions/E40_Platform_System/NvBlockSwComponentType_BsRt_OilGauge_Element_MemAbstractStub_BsRt_OilGauge_Element_6".
                        [Warning] Connector ignored: Could not find targetRPort of RPortInCompositionInstanceRef below AssemblySwConnector "/E40_Platform_System_SystemPackage/Compositions/E40_Platform_System/NvBlockSwComponentType_BsShare_SwUpdReflash_Element_MemAbstractStub_BsShare_SwUpdReflash_Element_6".
                        [Warning] Connector ignored: Could not find targetRPort of RPortInCompositionInstanceRef below AssemblySwConnector "/E40_Platform_System_SystemPackage/Compositions/E40_Platform_System/NvBlockSwComponentType_BsConst_Temp_Threshold_Hysteresis_Derating_MemAbstractStub_BsConst_Temp_Threshold_Hysteresis_Derating".
                        [Warning] Connector ignored: Could not find targetRPort of RPortInCompositionInstanceRef below AssemblySwConnector "/E40_Platform_System_SystemPackage/Compositions/E40_Platform_System/NvBlockSwComponentType_BsReten_Power_Element_MemAbstractStub_BsReten_Power_Element_6".
                        [Warning] Connector ignored: Could not find targetRPort of RPortInCompositionInstanceRef below AssemblySwConnector "/E40_Platform_System_SystemPackage/Compositions/E40_Platform_System/NvBlockSwComponentType_BsConst_Audio_Element_MemAbstractStub_BsConst_Audio_Element_6".
                        [Warning] Connector ignored: Could not find targetRPort of RPortInCompositionInstanceRef below AssemblySwConnector "/E40_Platform_System_SystemPackage/Compositions/E40_Platform_System/NvBlockSwComponentType_BsShare_VisteonPCBPartNumber_MemAbstractStub_BsShare_VisteonPCBPartNumber_3".
                        [Warning] Connector ignored: Could not find targetRPort of RPortInCompositionInstanceRef below AssemblySwConnector "/E40_Platform_System_SystemPackage/Compositions/E40_Platform_System/NvBlockSwComponentType_BsReten_Communication_Element_MemAbstractStub_BsReten_Communication_Element_6".
                        [Warning] Connector ignored: Could not find targetRPort of RPortInCompositionInstanceRef below AssemblySwConnector "/E40_Platform_System_SystemPackage/Compositions/E40_Platform_System/NvBlockSwComponentType_BsConst_Display_Illum_Max_Level_SafeCopy1_MemAbstractStub_BsConst_Display_Illum_Max_Level_SafeCopy1".
                        [Warning] Connector ignored: Could not find targetRPort of RPortInCompositionInstanceRef below AssemblySwConnector "/E40_Platform_System_SystemPackage/Compositions/E40_Platform_System/NvBlockSwComponentType_BsConst_RealTimeClock_Element_MemAbstractStub_BsConst_RealTimeClock_Element_6".
                        [Warning] Connector ignored: Could not find targetRPort of RPortInCompositionInstanceRef below AssemblySwConnector "/E40_Platform_System_SystemPackage/Compositions/E40_Platform_System/NvBlockSwComponentType_BsReten_Warning_Element_MemAbstractStub_BsReten_Warning_Element_6".
                        [Warning] Connector ignored: Could not find targetRPort of RPortInCompositionInstanceRef below AssemblySwConnector "/E40_Platform_System_SystemPackage/Compositions/E40_Platform_System/NvBlockSwComponentType_BsRt_SpeedoGauge_Element_MemAbstractStub_BsRt_SpeedoGauge_Element_6".
                        [Warning] Connector ignored: Could not find targetRPort of RPortInCompositionInstanceRef below AssemblySwConnector "/E40_Platform_System_SystemPackage/Compositions/E40_Platform_System/NvBlockSwComponentType_BsDiag_Dtc_Element_MemAbstractStub_BsDiag_Dtc_Element_6".
                        [Warning] Connector ignored: Could not find targetRPort of RPortInCompositionInstanceRef below AssemblySwConnector "/E40_Platform_System_SystemPackage/Compositions/E40_Platform_System/NvBlockSwComponentType_BsReten_Gauges_Element_MemAbstractStub_BsReten_Gauges_Element_6".
                        [Warning] Connector ignored: Could not find targetRPort of RPortInCompositionInstanceRef below AssemblySwConnector "/E40_Platform_System_SystemPackage/Compositions/E40_Platform_System/NvBlockSwComponentType_BsConst_Display_Illum_Max_Level_MemAbstractStub_BsConst_Display_Illum_Max_Level".
                        [Warning] Connector ignored: Could not find targetRPort of RPortInCompositionInstanceRef below AssemblySwConnector "/E40_Platform_System_SystemPackage/Compositions/E40_Platform_System/NvBlockSwComponentType_BsRt_Odometer_Element_MemAbstractStub_BsRt_Odometer_Element_6".
                        [Warning] Connector ignored: Could not find targetRPort of RPortInCompositionInstanceRef below AssemblySwConnector "/E40_Platform_System_SystemPackage/Compositions/E40_Platform_System/NvBlockSwComponentType_BsRt_FuelGauge_Element_MemAbstractStub_BsRt_FuelGauge_Element_6".
                        [Warning] Connector ignored: Could not find targetRPort of RPortInCompositionInstanceRef below AssemblySwConnector "/E40_Platform_System_SystemPackage/Compositions/E40_Platform_System/NvBlockSwComponentType_BsRt_Illumination_Element_MemAbstractStub_BsRt_Illumination_Element_6".
                        [Warning] Connector ignored: Could not find targetPPort of PPortInCompositionInstanceRef below AssemblySwConnector "/E40_Platform_System_SystemPackage/Compositions/E40_Platform_System/NvBlockSwComponentType_BsConst_Derating_Backlight_Disable_1_MemAbstractStub_BsConst_Derating_Backlight_Disable_1".
                        [Warning] Connector ignored: Could not find targetRPort of RPortInCompositionInstanceRef below AssemblySwConnector "/E40_Platform_System_SystemPackage/Compositions/E40_Platform_System/NvBlockSwComponentType_RefCys_Certicificate1_Element_MemAbstractStub_RefCys_Certicificate1_Element_6".
                        [Warning] Connector ignored: Could not find targetRPort of RPortInCompositionInstanceRef below AssemblySwConnector "/E40_Platform_System_SystemPackage/Compositions/E40_Platform_System/NvBlockSwComponentType_BsConst_PCB_Temperature_Sensor_Conv_SafeCopy2_MemAbstractStub_BsConst_PCB_Temperature_Sensor_ConvE60F9D75".
                        [Warning] Connector ignored: Could not find targetRPort of RPortInCompositionInstanceRef below AssemblySwConnector "/E40_Platform_System_SystemPackage/Compositions/E40_Platform_System/NvBlockSwComponentType_BsConst_Temperature_Sensor_Conv_SafeCopy1_MemAbstractStub_BsConst_Temperature_Sensor_Conv_SafeCopy1".
                        [Warning] Connector ignored: Could not find targetRPort of RPortInCompositionInstanceRef below AssemblySwConnector "/E40_Platform_System_SystemPackage/Compositions/E40_Platform_System/NvBlockSwComponentType_BsConst_Lookup_Curve_HotSpot_Coef_X_MemAbstractStub_BsConst_Lookup_Curve_HotSpot_Coef_X".
                        [Warning] Connector ignored: Could not find targetRPort of RPortInCompositionInstanceRef below AssemblySwConnector "/E40_Platform_System_SystemPackage/Compositions/E40_Platform_System/NvBlockSwComponentType_BsConst_Lookup_Curve_HotSpot_Coef_Y_MemAbstractStub_BsConst_Lookup_Curve_HotSpot_Coef_Y".
                        [Warning] Connector ignored: Could not find targetRPort of RPortInCompositionInstanceRef below AssemblySwConnector "/E40_Platform_System_SystemPackage/Compositions/E40_Platform_System/NvBlockSwComponentType_BsShare_HWModification_MemAbstractStub_BsShare_HWModification_3".
                        [Warning] Connector ignored: Could not find targetRPort of RPortInCompositionInstanceRef below AssemblySwConnector "/E40_Platform_System_SystemPackage/Compositions/E40_Platform_System/NvBlockSwComponentType_BsConst_Compensation_Line_Slope_m_SafeCopy2_MemAbstractStub_BsConst_Compensation_Line_Slope_m_SafeCopy2".
                        [Warning] Connector ignored: Could not find targetRPort of RPortInCompositionInstanceRef below AssemblySwConnector "/E40_Platform_System_SystemPackage/Compositions/E40_Platform_System/NvBlockSwComponentType_BsConst_Communication_Element_MemAbstractStub_BsConst_Communication_Element_6".
                        [Warning] Connector ignored: Could not find targetRPort of RPortInCompositionInstanceRef below AssemblySwConnector "/E40_Platform_System_SystemPackage/Compositions/E40_Platform_System/NvBlockSwComponentType_BsRt_TempGauge_Element_MemAbstractStub_BsRt_TempGauge_Element_6".
                        [Warning] Connector ignored: Could not find targetRPort of RPortInCompositionInstanceRef below AssemblySwConnector "/E40_Platform_System_SystemPackage/Compositions/E40_Platform_System/NvBlockSwComponentType_BsRt_CusDlt_Element_MemAbstractStub_BsRt_CusDlt_Element_6".
                        [Warning] Connector ignored: Could not find targetRPort of RPortInCompositionInstanceRef below AssemblySwConnector "/E40_Platform_System_SystemPackage/Compositions/E40_Platform_System/NvBlockSwComponentType_BsConst_BsConst_Illumination_ReservedByte_SafeCopy1_MemAbstractStub_BsConst_BsConst_Illumination_45E585E4".
                        [Warning] Connector ignored: Could not find targetRPort of RPortInCompositionInstanceRef below AssemblySwConnector "/E40_Platform_System_SystemPackage/Compositions/E40_Platform_System/NvBlockSwComponentType_BsConst_BsConst_Illumination_ReservedByte_MemAbstractStub_BsConst_BsConst_Illumination_ReservedByte".
                        [Warning] Connector ignored: Could not find targetRPort of RPortInCompositionInstanceRef below AssemblySwConnector "/E40_Platform_System_SystemPackage/Compositions/E40_Platform_System/NvBlockSwComponentType_BsConst_EngOffTimer_Element_MemAbstractStub_BsConst_EngOffTimer_Element_6".
                        [Warning] Connector ignored: Could not find targetRPort of RPortInCompositionInstanceRef below AssemblySwConnector "/E40_Platform_System_SystemPackage/Compositions/E40_Platform_System/NvBlockSwComponentType_BsConst_PCB_Temperature_Sensor_Conv_SafeCopy1_MemAbstractStub_BsConst_PCB_Temperature_Sensor_Conv8ED373AB".
                        [Warning] Connector ignored: Could not find targetRPort of RPortInCompositionInstanceRef below AssemblySwConnector "/E40_Platform_System_SystemPackage/Compositions/E40_Platform_System/NvBlockSwComponentType_BsRt_PowerGauge_Element_MemAbstractStub_BsRt_PowerGauge_Element_6".
                        [Warning] Connector ignored: Could not find targetRPort of RPortInCompositionInstanceRef below AssemblySwConnector "/E40_Platform_System_SystemPackage/Compositions/E40_Platform_System/NvBlockSwComponentType_BsConst_Warning_Element_MemAbstractStub_BsConst_Warning_Element_6".
                        [Warning] Connector ignored: Could not find targetRPort of RPortInCompositionInstanceRef below AssemblySwConnector "/E40_Platform_System_SystemPackage/Compositions/E40_Platform_System/NvBlockSwComponentType_BsConst_TachoGauge_Element_MemAbstractStub_BsConst_TachoGauge_Element_6".
                        [Warning] Connector ignored: Could not find targetRPort of RPortInCompositionInstanceRef below AssemblySwConnector "/E40_Platform_System_SystemPackage/Compositions/E40_Platform_System/NvBlockSwComponentType_BsConst_ServiceReminder_Element_MemAbstractStub_BsConst_ServiceReminder_Element_6".
                        [Warning] Connector ignored: Could not find targetRPort of RPortInCompositionInstanceRef below AssemblySwConnector "/E40_Platform_System_SystemPackage/Compositions/E40_Platform_System/NvBlockSwComponentType_BsConst_Lookup_Curve_HotSpot_Coef_X_SafeCopy1_MemAbstractStub_BsConst_Lookup_Curve_HotSpot_Coef_XE0C662BC".
                        [Warning] Connector ignored: Could not find targetRPort of RPortInCompositionInstanceRef below AssemblySwConnector "/E40_Platform_System_SystemPackage/Compositions/E40_Platform_System/NvBlockSwComponentType_BsDiag_ErrorRecord_Element_MemAbstractStub_BsDiag_ErrorRecord_Element_6".
                        [Warning] Connector ignored: Could not find targetRPort of RPortInCompositionInstanceRef below AssemblySwConnector "/E40_Platform_System_SystemPackage/Compositions/E40_Platform_System/NvBlockSwComponentType_BsConst_Compensation_Line_Shift_b_MemAbstractStub_BsConst_Compensation_Line_Shift_b".
                        [Warning] Connector ignored: Could not find targetRPort of RPortInCompositionInstanceRef below AssemblySwConnector "/E40_Platform_System_SystemPackage/Compositions/E40_Platform_System/NvBlockSwComponentType_BsConst_SpeedoGauge_Element_MemAbstractStub_BsConst_SpeedoGauge_Element_6".
                        [Warning] Connector ignored: Could not find targetRPort of RPortInCompositionInstanceRef below AssemblySwConnector "/E40_Platform_System_SystemPackage/Compositions/E40_Platform_System/NvBlockSwComponentType_BsShare_EcuPartNumber_Element_MemAbstractStub_BsShare_EcuPartNumber_Element_6".
                        [Warning] Connector ignored: Could not find targetRPort of RPortInCompositionInstanceRef below AssemblySwConnector "/E40_Platform_System_SystemPackage/Compositions/E40_Platform_System/NvBlockSwComponentType_BsShare_SwUpdFotaMode_Element_MemAbstractStub_BsShare_SwUpdFotaMode_Element_6".
                        [Warning] Connector ignored: Could not find targetRPort of RPortInCompositionInstanceRef below AssemblySwConnector "/E40_Platform_System_SystemPackage/Compositions/E40_Platform_System/NvBlockSwComponentType_BsReten_Display_Element_MemAbstractStub_BsReten_Display_Element_6".
                        [Warning] Connector ignored: Could not find targetRPort of RPortInCompositionInstanceRef below AssemblySwConnector "/E40_Platform_System_SystemPackage/Compositions/E40_Platform_System/NvBlockSwComponentType_BsConst_OilGauge_Element_MemAbstractStub_BsConst_OilGauge_Element_6".
                        [Warning] Connector ignored: Could not find targetRPort of RPortInCompositionInstanceRef below AssemblySwConnector "/E40_Platform_System_SystemPackage/Compositions/E40_Platform_System/NvBlockSwComponentType_BsConst_Power_Element_MemAbstractStub_BsConst_Power_Element_6".
                        [Warning] Connector ignored: Could not find targetRPort of RPortInCompositionInstanceRef below AssemblySwConnector "/E40_Platform_System_SystemPackage/Compositions/E40_Platform_System/NvBlockSwComponentType_BsShare_ProductSerialNumber_MemAbstractStub_BsShare_ProductSerialNumber_3".
                        [Warning] Connector ignored: Could not find targetRPort of RPortInCompositionInstanceRef below AssemblySwConnector "/E40_Platform_System_SystemPackage/Compositions/E40_Platform_System/NvBlockSwComponentType_BsShare_PCBSerialNumber_MemAbstractStub_BsShare_PCBSerialNumber_3".
                        [Warning] Connector ignored: Could not find targetRPort of RPortInCompositionInstanceRef below AssemblySwConnector "/E40_Platform_System_SystemPackage/Compositions/E40_Platform_System/NvBlockSwComponentType_BsRt_TripComputer_Element_MemAbstractStub_BsRt_TripComputer_Element_6".
                        [Warning] Connector ignored: Could not find targetRPort of RPortInCompositionInstanceRef below AssemblySwConnector "/E40_Platform_System_SystemPackage/Compositions/E40_Platform_System/NvBlockSwComponentType_BsReten_Odometer_Element_MemAbstractStub_BsReten_Odometer_Element_6".
                        [Warning] Connector ignored: Could not find targetRPort of RPortInCompositionInstanceRef below AssemblySwConnector "/E40_Platform_System_SystemPackage/Compositions/E40_Platform_System/NvBlockSwComponentType_BsConst_Display_Illum_Max_Level_SafeCopy2_MemAbstractStub_BsConst_Display_Illum_Max_Level_SafeCopy2".
                        [Warning] Connector ignored: Could not find targetRPort of RPortInCompositionInstanceRef below AssemblySwConnector "/E40_Platform_System_SystemPackage/Compositions/E40_Platform_System/NvBlockSwComponentType_BsRt_Personalization_Element_MemAbstractStub_BsRt_Personalization_Element_6".
                        [Warning] Connector ignored: Could not find targetRPort of RPortInCompositionInstanceRef below AssemblySwConnector "/E40_Platform_System_SystemPackage/Compositions/E40_Platform_System/NvBlockSwComponentType_BsReten_RealTimeClock_Element_MemAbstractStub_BsReten_RealTimeClock_Element_6".
                        [Warning] Connector ignored: Could not find targetRPort of RPortInCompositionInstanceRef below AssemblySwConnector "/E40_Platform_System_SystemPackage/Compositions/E40_Platform_System/NvBlockSwComponentType_BsConst_FuelGauge_Element_MemAbstractStub_BsConst_FuelGauge_Element_6".
                        [Warning] Connector ignored: Could not find targetRPort of RPortInCompositionInstanceRef below AssemblySwConnector "/E40_Platform_System_SystemPackage/Compositions/E40_Platform_System/NvBlockSwComponentType_RefCys_Certicificate_Element_MemAbstractStub_RefCys_Certicificate_Element_6".
                        [Warning] Connector ignored: Could not find targetRPort of RPortInCompositionInstanceRef below AssemblySwConnector "/E40_Platform_System_SystemPackage/Compositions/E40_Platform_System/NvBlockSwComponentType_BsConst_PowerGauge_Element_MemAbstractStub_BsConst_PowerGauge_Element_6".
                        [Warning] Connector ignored: Could not find targetRPort of RPortInCompositionInstanceRef below AssemblySwConnector "/E40_Platform_System_SystemPackage/Compositions/E40_Platform_System/NvBlockSwComponentType_BsShare_SwUpdFotaFinPrint_Element_MemAbstractStub_BsShare_SwUpdFotaFinPrint_Element_6".
                        [Warning] Connector ignored: Could not find targetRPort of RPortInCompositionInstanceRef below AssemblySwConnector "/E40_Platform_System_SystemPackage/Compositions/E40_Platform_System/NvBlockSwComponentType_BsCys_Certicificate_Element_MemAbstractStub_BsCys_Certicificate_Element_6".
                        [Warning] Connector ignored: Could not find targetRPort of RPortInCompositionInstanceRef below AssemblySwConnector "/E40_Platform_System_SystemPackage/Compositions/E40_Platform_System/NvBlockSwComponentType_BsConst_Lookup_Curve_HotSpot_Coef_X_SafeCopy2_MemAbstractStub_BsConst_Lookup_Curve_HotSpot_Coef_X881A8C62".
                        [Warning] Connector ignored: Could not find targetRPort of RPortInCompositionInstanceRef below AssemblySwConnector "/E40_Platform_System_SystemPackage/Compositions/E40_Platform_System/NvBlockSwComponentType_BsShare_SMTPlantNumber_MemAbstractStub_BsShare_SMTPlantNumber_3".
                        [Warning] Connector ignored: Could not find targetPPort of PPortInCompositionInstanceRef below AssemblySwConnector "/E40_Platform_System_SystemPackage/Compositions/E40_Platform_System/NvBlockSwComponentType_BsConst_Derating_Backlight_Disable_SafeCopy2_1_MemAbstractStub_BsConst_Derating_Backlight_Disable7A910087".
                        [Warning] Connector ignored: Could not find targetRPort of RPortInCompositionInstanceRef below AssemblySwConnector "/E40_Platform_System_SystemPackage/Compositions/E40_Platform_System/NvBlockSwComponentType_BsRt_TachoGauge_Element_MemAbstractStub_BsRt_TachoGauge_Element_6".
                        [Warning] Connector ignored: Could not find targetRPort of RPortInCompositionInstanceRef below AssemblySwConnector "/E40_Platform_System_SystemPackage/Compositions/E40_Platform_System/NvBlockSwComponentType_BsConst_Lookup_Curve_HotSpot_Coef_Y_SafeCopy1_MemAbstractStub_BsConst_Lookup_Curve_HotSpot_Coef_YD684E172".
                        [Warning] Connector ignored: Could not find targetRPort of RPortInCompositionInstanceRef below AssemblySwConnector "/E40_Platform_System_SystemPackage/Compositions/E40_Platform_System/NvBlockSwComponentType_BsReten_Personalization_Element_MemAbstractStub_BsReten_Personalization_Element_6".
                        [Warning] Connector ignored: Could not find targetRPort of RPortInCompositionInstanceRef below AssemblySwConnector "/E40_Platform_System_SystemPackage/Compositions/E40_Platform_System/NvBlockSwComponentType_BsConst_TempGauge_Element_MemAbstractStub_BsConst_TempGauge_Element_6".
                        [Warning] Connector ignored: Could not find targetRPort of RPortInCompositionInstanceRef below AssemblySwConnector "/E40_Platform_System_SystemPackage/Compositions/E40_Platform_System/NvBlockSwComponentType_BsConst_Compensation_Line_Shift_b_SafeCopy2_MemAbstractStub_BsConst_Compensation_Line_Shift_b_SafeCopy2".
                        [Warning] Connector ignored: Could not find targetRPort of RPortInCompositionInstanceRef below AssemblySwConnector "/E40_Platform_System_SystemPackage/Compositions/E40_Platform_System/NvBlockSwComponentType_BsShare_VisMeet_EOLEntry_Element_MemAbstractStub_BsShare_VisMeet_EOLEntry_Element_4".
                        [Warning] Connector ignored: Could not find targetRPort of RPortInCompositionInstanceRef below AssemblySwConnector "/E40_Platform_System_SystemPackage/Compositions/E40_Platform_System/NvBlockSwComponentType_BsConst_Derating_Backlight_Disable_SafeCopy2_MemAbstractStub_BsConst_Derating_Backlight_Disable_SafeCopy2".
                        [Warning] Connector ignored: Could not find targetRPort of RPortInCompositionInstanceRef below AssemblySwConnector "/E40_Platform_System_SystemPackage/Compositions/E40_Platform_System/NvBlockSwComponentType_BsConst_Temperature_Sensor_Conv_MemAbstractStub_BsConst_Temperature_Sensor_Conv".
                        [Warning] Connector ignored: Could not find targetRPort of RPortInCompositionInstanceRef below AssemblySwConnector "/E40_Platform_System_SystemPackage/Compositions/E40_Platform_System/NvBlockSwComponentType_BsConst_Derating_Backlight_Disable_MemAbstractStub_BsConst_Derating_Backlight_Disable".
                        [Warning] Connector ignored: Could not find targetRPort of RPortInCompositionInstanceRef below AssemblySwConnector "/E40_Platform_System_SystemPackage/Compositions/E40_Platform_System/NvBlockSwComponentType_BsShare_VehicleConfig_Element_MemAbstractStub_BsShare_VehicleConfig_Element_6".
                        [Warning] Connector ignored: Could not find targetRPort of RPortInCompositionInstanceRef below AssemblySwConnector "/E40_Platform_System_SystemPackage/Compositions/E40_Platform_System/NvBlockSwComponentType_BsConst_BsConst_Illumination_ReservedByte_SafeCopy2_MemAbstractStub_BsConst_BsConst_Illumination_7892569B".
                        [Warning] Connector ignored: Could not find targetRPort of RPortInCompositionInstanceRef below AssemblySwConnector "/E40_Platform_System_SystemPackage/Compositions/E40_Platform_System/MemAbstract_Stub_Safe_BsConst_Lookup_Curve_HotSpot_Coef_Y_SafeNvM_BsConst_Lookup_Curve_HotSpot_Coef_Y".
                        [Warning] Connector ignored: Could not find targetRPort of RPortInCompositionInstanceRef below AssemblySwConnector "/E40_Platform_System_SystemPackage/Compositions/E40_Platform_System/MemAbstract_Stub_Safe_BsConst_Derating_Backlight_Disable_SafeNvM_BsConst_Derating_Backlight_Disable".
                        [Warning] Connector ignored: Could not find targetRPort of RPortInCompositionInstanceRef below AssemblySwConnector "/E40_Platform_System_SystemPackage/Compositions/E40_Platform_System/MemAbstract_Stub_Safe_BsConst_Compensation_Line_Slope_m_SafeNvM_BsConst_Compensation_Line_Slope_m".
                        [Warning] Connector ignored: Could not find targetRPort of RPortInCompositionInstanceRef below AssemblySwConnector "/E40_Platform_System_SystemPackage/Compositions/E40_Platform_System/MemAbstract_Stub_Safe_BsConst_BsConst_Illumination_ReservedByte_SafeNvM_BsConst_BsConst_Illumination_ReservedByte".
                        [Warning] Connector ignored: Could not find targetRPort of RPortInCompositionInstanceRef below AssemblySwConnector "/E40_Platform_System_SystemPackage/Compositions/E40_Platform_System/MemAbstract_Stub_Safe_BsConst_PWM_boost_bypass_duty_SafeNvM_BsConst_PWM_boost_bypass_duty".
                        [Warning] Connector ignored: Could not find targetRPort of RPortInCompositionInstanceRef below AssemblySwConnector "/E40_Platform_System_SystemPackage/Compositions/E40_Platform_System/MemAbstract_Stub_Safe_BsConst_Temperature_Sensor_Conv_SafeNvM_BsConst_Temperature_Sensor_Conv".
                        [Warning] Connector ignored: Could not find targetRPort of RPortInCompositionInstanceRef below AssemblySwConnector "/E40_Platform_System_SystemPackage/Compositions/E40_Platform_System/MemAbstract_Stub_Safe_BsConst_Lookup_Curve_HotSpot_Coef_X_SafeNvM_BsConst_Lookup_Curve_HotSpot_Coef_X".
                        [Warning] Connector ignored: Could not find targetRPort of RPortInCompositionInstanceRef below AssemblySwConnector "/E40_Platform_System_SystemPackage/Compositions/E40_Platform_System/MemAbstract_Stub_Safe_BsConst_PCB_Temperature_Sensor_Conv_SafeNvM_BsConst_PCB_Temperature_Sensor_Conv".
                        [Warning] Connector ignored: Could not find targetRPort of RPortInCompositionInstanceRef below AssemblySwConnector "/E40_Platform_System_SystemPackage/Compositions/E40_Platform_System/MemAbstract_Stub_Safe_BsConst_Temp_Threshold_Hysteresis_Derating_SafeNvM_BsConst_Temp_Threshold_Hysteresis_Derating".
                        [Warning] Connector ignored: Could not find targetRPort of RPortInCompositionInstanceRef below AssemblySwConnector "/E40_Platform_System_SystemPackage/Compositions/E40_Platform_System/MemAbstract_Stub_Safe_BsConst_Compensation_Line_Shift_b_SafeNvM_BsConst_Compensation_Line_Shift_b".
                        [Warning] Connector ignored: Could not find targetRPort of RPortInCompositionInstanceRef below AssemblySwConnector "/E40_Platform_System_SystemPackage/Compositions/E40_Platform_System/MemAbstract_Stub_Safe_BsConst_Display_Illum_Max_Level_Safe_SafeNvM_BsConst_Display_Illum_Max_Level_Safe".
                        [Warning] Connector ignored: Could not find targetRPort of RPortInCompositionInstanceRef below AssemblySwConnector "/E40_Platform_System_SystemPackage/Compositions/E40_Platform_System/MemAbstract_Stub_Safe_BsConst_PWM_boost_bypass_duty_SafeNvM_BsConst_PWM_boost_bypass_duty_1".
                        [Warning] Connector ignored: Could not find targetRPort of RPortInCompositionInstanceRef below AssemblySwConnector "/E40_Platform_System_SystemPackage/Compositions/E40_Platform_System/MemAbstract_Stub_Safe_BsConst_Compensation_Line_Slope_m_SafeNvM_BsConst_Compensation_Line_Slope_m_1".
                        [Warning] Connector ignored: Could not find targetRPort of RPortInCompositionInstanceRef below AssemblySwConnector "/E40_Platform_System_SystemPackage/Compositions/E40_Platform_System/MemAbstract_Stub_Safe_BsConst_Lookup_Curve_HotSpot_Coef_X_SafeNvM_BsConst_Lookup_Curve_HotSpot_Coef_X_1".
                        [Warning] Connector ignored: Could not find targetRPort of RPortInCompositionInstanceRef below AssemblySwConnector "/E40_Platform_System_SystemPackage/Compositions/E40_Platform_System/MemAbstract_Stub_Safe_BsConst_PCB_Temperature_Sensor_Conv_SafeNvM_BsConst_PCB_Temperature_Sensor_Conv_1".
                        [Warning] Connector ignored: Could not find targetRPort of RPortInCompositionInstanceRef below AssemblySwConnector "/E40_Platform_System_SystemPackage/Compositions/E40_Platform_System/MemAbstract_Stub_Safe_BsConst_Display_Illum_Max_Level_Safe_SafeNvM_BsConst_Display_Illum_Max_Level_Safe_1".
                        [Warning] Connector ignored: Could not find targetRPort of RPortInCompositionInstanceRef below AssemblySwConnector "/E40_Platform_System_SystemPackage/Compositions/E40_Platform_System/MemAbstract_Stub_Safe_BsConst_Derating_Backlight_Disable_SafeNvM_BsConst_Derating_Backlight_Disable_1".
                        [Warning] Connector ignored: Could not find targetRPort of RPortInCompositionInstanceRef below AssemblySwConnector "/E40_Platform_System_SystemPackage/Compositions/E40_Platform_System/MemAbstract_Stub_Safe_BsConst_Temperature_Sensor_Conv_SafeNvM_BsConst_Temperature_Sensor_Conv_1".
                        [Warning] Connector ignored: Could not find targetRPort of RPortInCompositionInstanceRef below AssemblySwConnector "/E40_Platform_System_SystemPackage/Compositions/E40_Platform_System/MemAbstract_Stub_Safe_BsConst_BsConst_Illumination_ReservedByte_SafeNvM_BsConst_BsConst_Illumination_ReservedByte_1".
                        [Warning] Connector ignored: Could not find targetRPort of RPortInCompositionInstanceRef below AssemblySwConnector "/E40_Platform_System_SystemPackage/Compositions/E40_Platform_System/MemAbstract_Stub_Safe_BsConst_Temp_Threshold_Hysteresis_Derating_SafeNvM_BsConst_Temp_Threshold_Hysteresis_Derating_1".
                        [Warning] Connector ignored: Could not find targetRPort of RPortInCompositionInstanceRef below AssemblySwConnector "/E40_Platform_System_SystemPackage/Compositions/E40_Platform_System/MemAbstract_Stub_Safe_BsConst_Compensation_Line_Shift_b_SafeNvM_BsConst_Compensation_Line_Shift_b_1".
                        [Warning] Connector ignored: Could not find targetRPort of RPortInCompositionInstanceRef below AssemblySwConnector "/E40_Platform_System_SystemPackage/Compositions/E40_Platform_System/MemAbstract_Stub_Safe_BsConst_Lookup_Curve_HotSpot_Coef_Y_SafeNvM_BsConst_Lookup_Curve_HotSpot_Coef_Y_1".
                        [Warning] Connector ignored: Could not find targetRPort of RPortInCompositionInstanceRef below AssemblySwConnector "/E40_Platform_System_SystemPackage/Compositions/E40_Platform_System/MemAbstract_Stub_Safe_BsConst_Compensation_Line_Slope_m_SafeNvM_BsConst_Compensation_Line_Slope_m_2".
                        [Warning] Connector ignored: Could not find targetRPort of RPortInCompositionInstanceRef below AssemblySwConnector "/E40_Platform_System_SystemPackage/Compositions/E40_Platform_System/MemAbstract_Stub_Safe_BsConst_Derating_Backlight_Disable_SafeNvM_BsConst_Derating_Backlight_Disable_2".
                        [Warning] Connector ignored: Could not find targetRPort of RPortInCompositionInstanceRef below AssemblySwConnector "/E40_Platform_System_SystemPackage/Compositions/E40_Platform_System/MemAbstract_Stub_Safe_BsConst_Temperature_Sensor_Conv_SafeNvM_BsConst_Temperature_Sensor_Conv_2".
                        [Warning] Connector ignored: Could not find targetRPort of RPortInCompositionInstanceRef below AssemblySwConnector "/E40_Platform_System_SystemPackage/Compositions/E40_Platform_System/MemAbstract_Stub_Safe_BsConst_BsConst_Illumination_ReservedByte_SafeNvM_BsConst_BsConst_Illumination_ReservedByte_2".
                        [Warning] Connector ignored: Could not find targetRPort of RPortInCompositionInstanceRef below AssemblySwConnector "/E40_Platform_System_SystemPackage/Compositions/E40_Platform_System/MemAbstract_Stub_Safe_BsConst_Temp_Threshold_Hysteresis_Derating_SafeNvM_BsConst_Temp_Threshold_Hysteresis_Derating_2".
                        [Warning] Connector ignored: Could not find targetRPort of RPortInCompositionInstanceRef below AssemblySwConnector "/E40_Platform_System_SystemPackage/Compositions/E40_Platform_System/MemAbstract_Stub_Safe_BsConst_Lookup_Curve_HotSpot_Coef_Y_SafeNvM_BsConst_Lookup_Curve_HotSpot_Coef_Y_2".
                        [Warning] Connector ignored: Could not find targetRPort of RPortInCompositionInstanceRef below AssemblySwConnector "/E40_Platform_System_SystemPackage/Compositions/E40_Platform_System/MemAbstract_Stub_Safe_BsConst_PWM_boost_bypass_duty_SafeNvM_BsConst_PWM_boost_bypass_duty_2".
                        [Warning] Connector ignored: Could not find targetRPort of RPortInCompositionInstanceRef below AssemblySwConnector "/E40_Platform_System_SystemPackage/Compositions/E40_Platform_System/MemAbstract_Stub_Safe_BsConst_Lookup_Curve_HotSpot_Coef_X_SafeNvM_BsConst_Lookup_Curve_HotSpot_Coef_X_2".
                        [Warning] Connector ignored: Could not find targetRPort of RPortInCompositionInstanceRef below AssemblySwConnector "/E40_Platform_System_SystemPackage/Compositions/E40_Platform_System/MemAbstract_Stub_Safe_BsConst_Compensation_Line_Shift_b_SafeNvM_BsConst_Compensation_Line_Shift_b_2".
                        [Warning] Connector ignored: Could not find targetRPort of RPortInCompositionInstanceRef below AssemblySwConnector "/E40_Platform_System_SystemPackage/Compositions/E40_Platform_System/MemAbstract_Stub_Safe_BsConst_PCB_Temperature_Sensor_Conv_SafeNvM_BsConst_PCB_Temperature_Sensor_Conv_2".
                        [Warning] Connector ignored: Could not find targetRPort of RPortInCompositionInstanceRef below AssemblySwConnector "/E40_Platform_System_SystemPackage/Compositions/E40_Platform_System/MemAbstract_Stub_Safe_BsConst_Display_Illum_Max_Level_Safe_SafeNvM_BsConst_Display_Illum_Max_Level_Safe_2".
                        [Warning] Connector ignored: Could not find targetRPort of RPortInCompositionInstanceRef below AssemblySwConnector "/E40_Platform_System_SystemPackage/Compositions/E40_Platform_System/MemAbstract_Stub_Safe_BsConst_Derating_Backlight_Disable_SafeNvM_BsConst_Derating_Backlight_Disable_3".
                        [Warning] Connector ignored: Could not find targetRPort of RPortInCompositionInstanceRef below AssemblySwConnector "/E40_Platform_System_SystemPackage/Compositions/E40_Platform_System/MemAbstract_Stub_Safe_BsConst_Compensation_Line_Slope_m_SafeNvM_BsConst_Compensation_Line_Slope_m_3".
                        [Warning] Connector ignored: Could not find targetRPort of RPortInCompositionInstanceRef below AssemblySwConnector "/E40_Platform_System_SystemPackage/Compositions/E40_Platform_System/MemAbstract_Stub_Safe_BsConst_Lookup_Curve_HotSpot_Coef_Y_SafeNvM_BsConst_Lookup_Curve_HotSpot_Coef_Y_3".
                        [Warning] Connector ignored: Could not find targetRPort of RPortInCompositionInstanceRef below AssemblySwConnector "/E40_Platform_System_SystemPackage/Compositions/E40_Platform_System/MemAbstract_Stub_Safe_BsConst_Temperature_Sensor_Conv_SafeNvM_BsConst_Temperature_Sensor_Conv_3".
                        [Warning] Connector ignored: Could not find targetRPort of RPortInCompositionInstanceRef below AssemblySwConnector "/E40_Platform_System_SystemPackage/Compositions/E40_Platform_System/MemAbstract_Stub_Safe_BsConst_Compensation_Line_Shift_b_SafeNvM_BsConst_Compensation_Line_Shift_b_3".
                        [Warning] Connector ignored: Could not find targetRPort of RPortInCompositionInstanceRef below AssemblySwConnector "/E40_Platform_System_SystemPackage/Compositions/E40_Platform_System/MemAbstract_Stub_Safe_BsConst_Temp_Threshold_Hysteresis_Derating_SafeNvM_BsConst_Temp_Threshold_Hysteresis_Derating_3".
                        [Warning] Connector ignored: Could not find targetRPort of RPortInCompositionInstanceRef below AssemblySwConnector "/E40_Platform_System_SystemPackage/Compositions/E40_Platform_System/MemAbstract_Stub_Safe_BsConst_BsConst_Illumination_ReservedByte_SafeNvM_BsConst_BsConst_Illumination_ReservedByte_3".
                        [Warning] Connector ignored: Could not find targetRPort of RPortInCompositionInstanceRef below AssemblySwConnector "/E40_Platform_System_SystemPackage/Compositions/E40_Platform_System/MemAbstract_Stub_Safe_BsConst_Display_Illum_Max_Level_Safe_SafeNvM_BsConst_Display_Illum_Max_Level_Safe_3".
                        [Warning] Connector ignored: Could not find targetRPort of RPortInCompositionInstanceRef below AssemblySwConnector "/E40_Platform_System_SystemPackage/Compositions/E40_Platform_System/MemAbstract_Stub_Safe_BsConst_Lookup_Curve_HotSpot_Coef_X_SafeNvM_BsConst_Lookup_Curve_HotSpot_Coef_X_3".
                        [Warning] Connector ignored: Could not find targetRPort of RPortInCompositionInstanceRef below AssemblySwConnector "/E40_Platform_System_SystemPackage/Compositions/E40_Platform_System/MemAbstract_Stub_Safe_BsConst_PWM_boost_bypass_duty_SafeNvM_BsConst_PWM_boost_bypass_duty_3".
                        [Warning] Connector ignored: Could not find targetRPort of RPortInCompositionInstanceRef below AssemblySwConnector "/E40_Platform_System_SystemPackage/Compositions/E40_Platform_System/MemAbstract_Stub_Safe_BsConst_PCB_Temperature_Sensor_Conv_SafeNvM_BsConst_PCB_Temperature_Sensor_Conv_3".
                        [Warning] Connector ignored: Could not find outerPort of DelegationSwConnector "/E40_Platform_System_SystemPackage/Compositions/E40_Platform_System/CComAbsMdl_stubs_pp_SR_TxBattery_Voltage_pp_SR_TxBattery_Voltage".
                        [Warning] Connector ignored: Could not find outerPort of DelegationSwConnector "/E40_Platform_System_SystemPackage/Compositions/E40_Platform_System/CComAbsMdl_stubs_pp_SR_TxCurrentStateIC_pp_SR_TxCurrentStateIC".
                        [Warning] Connector ignored: Could not find outerPort of DelegationSwConnector "/E40_Platform_System_SystemPackage/Compositions/E40_Platform_System/CComAbsMdl_stubs_pp_SR_TxDebug1_Byte0_pp_SR_TxDebug1_Byte0".
                        [Warning] Connector ignored: Could not find outerPort of DelegationSwConnector "/E40_Platform_System_SystemPackage/Compositions/E40_Platform_System/CComAbsMdl_stubs_pp_SR_TxDebug1_Byte1_pp_SR_TxDebug1_Byte1".
                        [Warning] Connector ignored: Could not find outerPort of DelegationSwConnector "/E40_Platform_System_SystemPackage/Compositions/E40_Platform_System/CComAbsMdl_stubs_pp_SR_TxDebug1_Byte2_pp_SR_TxDebug1_Byte2".
                        [Warning] Connector ignored: Could not find outerPort of DelegationSwConnector "/E40_Platform_System_SystemPackage/Compositions/E40_Platform_System/CComAbsMdl_stubs_pp_SR_TxDebug1_Byte3_pp_SR_TxDebug1_Byte3".
                        [Warning] Connector ignored: Could not find outerPort of DelegationSwConnector "/E40_Platform_System_SystemPackage/Compositions/E40_Platform_System/CComAbsMdl_stubs_pp_SR_TxDebug1_Byte4_pp_SR_TxDebug1_Byte4".
                        [Warning] Connector ignored: Could not find outerPort of DelegationSwConnector "/E40_Platform_System_SystemPackage/Compositions/E40_Platform_System/CComAbsMdl_stubs_pp_SR_TxDebug1_Byte5_pp_SR_TxDebug1_Byte5".
                        [Warning] Connector ignored: Could not find outerPort of DelegationSwConnector "/E40_Platform_System_SystemPackage/Compositions/E40_Platform_System/CComAbsMdl_stubs_pp_SR_TxDebug1_Byte6_pp_SR_TxDebug1_Byte6".
                        [Warning] Connector ignored: Could not find outerPort of DelegationSwConnector "/E40_Platform_System_SystemPackage/Compositions/E40_Platform_System/CComAbsMdl_stubs_pp_SR_TxDebug1_Byte7_pp_SR_TxDebug1_Byte7".
                        [Warning] Connector ignored: Could not find outerPort of DelegationSwConnector "/E40_Platform_System_SystemPackage/Compositions/E40_Platform_System/CComAbsMdl_stubs_pp_SR_TxDebug2_Byte0_pp_SR_TxDebug2_Byte0".
                        [Warning] Connector ignored: Could not find outerPort of DelegationSwConnector "/E40_Platform_System_SystemPackage/Compositions/E40_Platform_System/CComAbsMdl_stubs_pp_SR_TxDebug2_Byte1_pp_SR_TxDebug2_Byte1".
                        [Warning] Connector ignored: Could not find outerPort of DelegationSwConnector "/E40_Platform_System_SystemPackage/Compositions/E40_Platform_System/CComAbsMdl_stubs_pp_SR_TxDebug2_Byte2_pp_SR_TxDebug2_Byte2".
                        [Warning] Connector ignored: Could not find outerPort of DelegationSwConnector "/E40_Platform_System_SystemPackage/Compositions/E40_Platform_System/CComAbsMdl_stubs_pp_SR_TxDebug2_Byte3_pp_SR_TxDebug2_Byte3".
                        [Warning] Connector ignored: Could not find outerPort of DelegationSwConnector "/E40_Platform_System_SystemPackage/Compositions/E40_Platform_System/CComAbsMdl_stubs_pp_SR_TxDebug2_Byte4_pp_SR_TxDebug2_Byte4".
                        [Warning] Connector ignored: Could not find outerPort of DelegationSwConnector "/E40_Platform_System_SystemPackage/Compositions/E40_Platform_System/CComAbsMdl_stubs_pp_SR_TxDebug2_Byte5_pp_SR_TxDebug2_Byte5".
                        [Warning] Connector ignored: Could not find outerPort of DelegationSwConnector "/E40_Platform_System_SystemPackage/Compositions/E40_Platform_System/CComAbsMdl_stubs_pp_SR_TxDebug2_Byte6_pp_SR_TxDebug2_Byte6".
                        [Warning] Connector ignored: Could not find outerPort of DelegationSwConnector "/E40_Platform_System_SystemPackage/Compositions/E40_Platform_System/CComAbsMdl_stubs_pp_SR_TxDebug2_Byte7_pp_SR_TxDebug2_Byte7".
                        [Warning] Connector ignored: Could not find outerPort of DelegationSwConnector "/E40_Platform_System_SystemPackage/Compositions/E40_Platform_System/CComAbsMdl_stubs_pp_SR_TxDebug3_Byte0_pp_SR_TxDebug3_Byte0".
                        [Warning] Connector ignored: Could not find outerPort of DelegationSwConnector "/E40_Platform_System_SystemPackage/Compositions/E40_Platform_System/CComAbsMdl_stubs_pp_SR_TxDebug3_Byte1_pp_SR_TxDebug3_Byte1".
                        [Warning] Connector ignored: Could not find outerPort of DelegationSwConnector "/E40_Platform_System_SystemPackage/Compositions/E40_Platform_System/CComAbsMdl_stubs_pp_SR_TxDebug3_Byte2_pp_SR_TxDebug3_Byte2".
                        [Warning] Connector ignored: Could not find outerPort of DelegationSwConnector "/E40_Platform_System_SystemPackage/Compositions/E40_Platform_System/CComAbsMdl_stubs_pp_SR_TxDebug3_Byte3_pp_SR_TxDebug3_Byte3".
                        [Warning] Connector ignored: Could not find outerPort of DelegationSwConnector "/E40_Platform_System_SystemPackage/Compositions/E40_Platform_System/CComAbsMdl_stubs_pp_SR_TxDebug3_Byte4_pp_SR_TxDebug3_Byte4".
                        [Warning] Connector ignored: Could not find outerPort of DelegationSwConnector "/E40_Platform_System_SystemPackage/Compositions/E40_Platform_System/CComAbsMdl_stubs_pp_SR_TxDebug3_Byte5_pp_SR_TxDebug3_Byte5".
                        [Warning] Connector ignored: Could not find outerPort of DelegationSwConnector "/E40_Platform_System_SystemPackage/Compositions/E40_Platform_System/CComAbsMdl_stubs_pp_SR_TxDebug3_Byte6_pp_SR_TxDebug3_Byte6".
                        [Warning] Connector ignored: Could not find outerPort of DelegationSwConnector "/E40_Platform_System_SystemPackage/Compositions/E40_Platform_System/CComAbsMdl_stubs_pp_SR_TxDebug3_Byte7_pp_SR_TxDebug3_Byte7".
                        [Warning] Connector ignored: Could not find outerPort of DelegationSwConnector "/E40_Platform_System_SystemPackage/Compositions/E40_Platform_System/CComAbsMdl_stubs_pp_SR_TxDebug4_Byte0_pp_SR_TxDebug4_Byte0".
                        [Warning] Connector ignored: Could not find outerPort of DelegationSwConnector "/E40_Platform_System_SystemPackage/Compositions/E40_Platform_System/CComAbsMdl_stubs_pp_SR_TxDebug4_Byte1_pp_SR_TxDebug4_Byte1".
                        [Warning] Connector ignored: Could not find outerPort of DelegationSwConnector "/E40_Platform_System_SystemPackage/Compositions/E40_Platform_System/CComAbsMdl_stubs_pp_SR_TxDebug4_Byte2_pp_SR_TxDebug4_Byte2".
                        [Warning] Connector ignored: Could not find outerPort of DelegationSwConnector "/E40_Platform_System_SystemPackage/Compositions/E40_Platform_System/CComAbsMdl_stubs_pp_SR_TxDebug4_Byte3_pp_SR_TxDebug4_Byte3".
                        [Warning] Connector ignored: Could not find outerPort of DelegationSwConnector "/E40_Platform_System_SystemPackage/Compositions/E40_Platform_System/CComAbsMdl_stubs_pp_SR_TxDebug4_Byte4_pp_SR_TxDebug4_Byte4".
                        [Warning] Connector ignored: Could not find outerPort of DelegationSwConnector "/E40_Platform_System_SystemPackage/Compositions/E40_Platform_System/CComAbsMdl_stubs_pp_SR_TxDebug4_Byte5_pp_SR_TxDebug4_Byte5".
                        [Warning] Connector ignored: Could not find outerPort of DelegationSwConnector "/E40_Platform_System_SystemPackage/Compositions/E40_Platform_System/CComAbsMdl_stubs_pp_SR_TxDebug4_Byte6_pp_SR_TxDebug4_Byte6".
                        [Warning] Connector ignored: Could not find outerPort of DelegationSwConnector "/E40_Platform_System_SystemPackage/Compositions/E40_Platform_System/CComAbsMdl_stubs_pp_SR_TxDebug4_Byte7_pp_SR_TxDebug4_Byte7".
                        [Warning] Connector ignored: Could not find outerPort of DelegationSwConnector "/E40_Platform_System_SystemPackage/Compositions/E40_Platform_System/CComAbsMdl_stubs_pp_SR_TxDebug5_Byte0_pp_SR_TxDebug5_Byte0".
                        [Warning] Connector ignored: Could not find outerPort of DelegationSwConnector "/E40_Platform_System_SystemPackage/Compositions/E40_Platform_System/CComAbsMdl_stubs_pp_SR_TxDebug5_Byte1_pp_SR_TxDebug5_Byte1".
                        [Warning] Connector ignored: Could not find outerPort of DelegationSwConnector "/E40_Platform_System_SystemPackage/Compositions/E40_Platform_System/CComAbsMdl_stubs_pp_SR_TxDebug5_Byte2_pp_SR_TxDebug5_Byte2".
                        [Warning] Connector ignored: Could not find outerPort of DelegationSwConnector "/E40_Platform_System_SystemPackage/Compositions/E40_Platform_System/CComAbsMdl_stubs_pp_SR_TxDebug5_Byte3_pp_SR_TxDebug5_Byte3".
                        [Warning] Connector ignored: Could not find outerPort of DelegationSwConnector "/E40_Platform_System_SystemPackage/Compositions/E40_Platform_System/CComAbsMdl_stubs_pp_SR_TxDebug5_Byte4_pp_SR_TxDebug5_Byte4".
                        [Warning] Connector ignored: Could not find outerPort of DelegationSwConnector "/E40_Platform_System_SystemPackage/Compositions/E40_Platform_System/CComAbsMdl_stubs_pp_SR_TxDebug5_Byte5_pp_SR_TxDebug5_Byte5".
                        [Warning] Connector ignored: Could not find outerPort of DelegationSwConnector "/E40_Platform_System_SystemPackage/Compositions/E40_Platform_System/CComAbsMdl_stubs_pp_SR_TxDebug5_Byte6_pp_SR_TxDebug5_Byte6".
                        [Warning] Connector ignored: Could not find outerPort of DelegationSwConnector "/E40_Platform_System_SystemPackage/Compositions/E40_Platform_System/CComAbsMdl_stubs_pp_SR_TxDebug5_Byte7_pp_SR_TxDebug5_Byte7".
                        [Warning] Connector ignored: Could not find outerPort of DelegationSwConnector "/E40_Platform_System_SystemPackage/Compositions/E40_Platform_System/CComAbsMdl_stubs_pp_SR_TxDiag_Buffer_Tx_USDT_pp_SR_TxDiag_Buffer_Tx_USDT".
                        [Warning] Connector ignored: Could not find outerPort of DelegationSwConnector "/E40_Platform_System_SystemPackage/Compositions/E40_Platform_System/CComAbsMdl_stubs_pp_SR_TxDiag_Buffer_Tx_UUDT_pp_SR_TxDiag_Buffer_Tx_UUDT".
                        [Warning] Connector ignored: Could not find outerPort of DelegationSwConnector "/E40_Platform_System_SystemPackage/Compositions/E40_Platform_System/CComAbsMdl_stubs_pp_SR_TxFV_Tx_pp_SR_TxFV_Tx".
                        [Warning] Connector ignored: Could not find outerPort of DelegationSwConnector "/E40_Platform_System_SystemPackage/Compositions/E40_Platform_System/CComAbsMdl_stubs_pp_SR_TxIllumination_PWM_pp_SR_TxIllumination_PWM".
                        [Warning] Connector ignored: Could not find outerPort of DelegationSwConnector "/E40_Platform_System_SystemPackage/Compositions/E40_Platform_System/CComAbsMdl_stubs_pp_SR_TxMAC_Tx_pp_SR_TxMAC_Tx".
                        [Warning] Connector ignored: Could not find outerPort of DelegationSwConnector "/E40_Platform_System_SystemPackage/Compositions/E40_Platform_System/CComAbsMdl_stubs_pp_SR_TxOdometer_pp_SR_TxOdometer".
                        [Warning] Connector ignored: Could not find outerPort of DelegationSwConnector "/E40_Platform_System_SystemPackage/Compositions/E40_Platform_System/CComAbsMdl_stubs_pp_SR_TxPreviousStateIC_pp_SR_TxPreviousStateIC".
                        [Warning] Connector ignored: Could not find outerPort of DelegationSwConnector "/E40_Platform_System_SystemPackage/Compositions/E40_Platform_System/CComAbsMdl_stubs_pp_SR_TxSecureTxByte0_pp_SR_TxSecureTxByte0".
                        [Warning] Connector ignored: Could not find outerPort of DelegationSwConnector "/E40_Platform_System_SystemPackage/Compositions/E40_Platform_System/CComAbsMdl_stubs_pp_SR_TxSecureTxByte1_pp_SR_TxSecureTxByte1".
                        [Warning] Connector ignored: Could not find outerPort of DelegationSwConnector "/E40_Platform_System_SystemPackage/Compositions/E40_Platform_System/CComAbsMdl_stubs_pp_SR_TxSecureTxByte2_pp_SR_TxSecureTxByte2".
                        [Warning] Connector ignored: Could not find outerPort of DelegationSwConnector "/E40_Platform_System_SystemPackage/Compositions/E40_Platform_System/CComAbsMdl_stubs_pp_SR_TxSecureTxByte3_pp_SR_TxSecureTxByte3".
                        [Warning] Connector ignored: Could not find outerPort of DelegationSwConnector "/E40_Platform_System_SystemPackage/Compositions/E40_Platform_System/CComAbsMdl_stubs_pp_SR_TxUserData1_IC_pp_SR_TxUserData1_IC".
                        [Warning] Connector ignored: Could not find outerPort of DelegationSwConnector "/E40_Platform_System_SystemPackage/Compositions/E40_Platform_System/CComAbsMdl_stubs_pp_SR_TxUserData2_IC_pp_SR_TxUserData2_IC".
                        [Warning] Connector ignored: Could not find outerPort of DelegationSwConnector "/E40_Platform_System_SystemPackage/Compositions/E40_Platform_System/CComAbsMdl_stubs_pp_SR_TxUserData3_IC_pp_SR_TxUserData3_IC".
                        [Warning] Connector ignored: Could not find outerPort of DelegationSwConnector "/E40_Platform_System_SystemPackage/Compositions/E40_Platform_System/CComAbsMdl_stubs_pp_SR_TxUserData4_IC_pp_SR_TxUserData4_IC".
                        [Warning] Connector ignored: Could not find outerPort of DelegationSwConnector "/E40_Platform_System_SystemPackage/Compositions/E40_Platform_System/CComAbsMdl_stubs_pp_SR_TxUserData5_IC_pp_SR_TxUserData5_IC".
                        [Warning] Connector ignored: Could not find outerPort of DelegationSwConnector "/E40_Platform_System_SystemPackage/Compositions/E40_Platform_System/CComAbsMdl_stubs_pp_SR_TxVehicleSpeedIC_pp_SR_TxVehicleSpeedIC".
                        [Warning] Connector ignored: Could not find targetRPort of RPortInCompositionInstanceRef below AssemblySwConnector "/E40_Platform_System_SystemPackage/Compositions/E40_Platform_System/MemAbstract_Stub_Safe_BsConst_Temp_Threshold_Hysteresis_Derating_SafeNvM_BsConst_Temp_Threshold_Hysteresis_Derating_4".
                        [Warning] Connector ignored: Could not find targetRPort of RPortInCompositionInstanceRef below AssemblySwConnector "/E40_Platform_System_SystemPackage/Compositions/E40_Platform_System/MemAbstract_Stub_Safe_BsConst_Lookup_Curve_HotSpot_Coef_X_SafeNvM_BsConst_Lookup_Curve_HotSpot_Coef_X_4".
                        [Warning] Connector ignored: Could not find targetRPort of RPortInCompositionInstanceRef below AssemblySwConnector "/E40_Platform_System_SystemPackage/Compositions/E40_Platform_System/MemAbstract_Stub_Safe_BsConst_Compensation_Line_Shift_b_SafeNvM_BsConst_Compensation_Line_Shift_b_4".
                        [Warning] Connector ignored: Could not find targetRPort of RPortInCompositionInstanceRef below AssemblySwConnector "/E40_Platform_System_SystemPackage/Compositions/E40_Platform_System/MemAbstract_Stub_Safe_BsConst_Temperature_Sensor_Conv_SafeNvM_BsConst_Temperature_Sensor_Conv_4".
                        [Warning] Connector ignored: Could not find targetRPort of RPortInCompositionInstanceRef below AssemblySwConnector "/E40_Platform_System_SystemPackage/Compositions/E40_Platform_System/MemAbstract_Stub_Safe_BsConst_BsConst_Illumination_ReservedByte_SafeNvM_BsConst_BsConst_Illumination_ReservedByte_4".
                        [Warning] Connector ignored: Could not find targetRPort of RPortInCompositionInstanceRef below AssemblySwConnector "/E40_Platform_System_SystemPackage/Compositions/E40_Platform_System/MemAbstract_Stub_Safe_BsConst_Display_Illum_Max_Level_Safe_SafeNvM_BsConst_Display_Illum_Max_Level_Safe_4".
                        [Warning] Connector ignored: Could not find targetRPort of RPortInCompositionInstanceRef below AssemblySwConnector "/E40_Platform_System_SystemPackage/Compositions/E40_Platform_System/MemAbstract_Stub_Safe_BsConst_Lookup_Curve_HotSpot_Coef_Y_SafeNvM_BsConst_Lookup_Curve_HotSpot_Coef_Y_4".
                        [Warning] Connector ignored: Could not find targetRPort of RPortInCompositionInstanceRef below AssemblySwConnector "/E40_Platform_System_SystemPackage/Compositions/E40_Platform_System/MemAbstract_Stub_Safe_BsConst_Derating_Backlight_Disable_SafeNvM_BsConst_Derating_Backlight_Disable_4".
                        [Warning] Connector ignored: Could not find targetRPort of RPortInCompositionInstanceRef below AssemblySwConnector "/E40_Platform_System_SystemPackage/Compositions/E40_Platform_System/MemAbstract_Stub_Safe_BsConst_PWM_boost_bypass_duty_SafeNvM_BsConst_PWM_boost_bypass_duty_4".
                        [Warning] Connector ignored: Could not find targetRPort of RPortInCompositionInstanceRef below AssemblySwConnector "/E40_Platform_System_SystemPackage/Compositions/E40_Platform_System/MemAbstract_Stub_Safe_BsConst_PCB_Temperature_Sensor_Conv_SafeNvM_BsConst_PCB_Temperature_Sensor_Conv_4".
                        [Warning] Connector ignored: Could not find targetRPort of RPortInCompositionInstanceRef below AssemblySwConnector "/E40_Platform_System_SystemPackage/Compositions/E40_Platform_System/MemAbstract_Stub_Safe_BsConst_Compensation_Line_Slope_m_SafeNvM_BsConst_Compensation_Line_Slope_m_4".
                        [Warning] Connector ignored: Could not find targetRPort of RPortInCompositionInstanceRef below AssemblySwConnector "/E40_Platform_System_SystemPackage/Compositions/E40_Platform_System/MemAbstract_Stub_Safe_BsConst_Lookup_Curve_HotSpot_Coef_Y_SafeNvM_BsConst_Lookup_Curve_HotSpot_Coef_Y_5".
                        [Warning] Connector ignored: Could not find targetRPort of RPortInCompositionInstanceRef below AssemblySwConnector "/E40_Platform_System_SystemPackage/Compositions/E40_Platform_System/MemAbstract_Stub_Safe_BsConst_Derating_Backlight_Disable_SafeNvM_BsConst_Derating_Backlight_Disable_5".
                        [Warning] Connector ignored: Could not find targetRPort of RPortInCompositionInstanceRef below AssemblySwConnector "/E40_Platform_System_SystemPackage/Compositions/E40_Platform_System/MemAbstract_Stub_Safe_BsConst_BsConst_Illumination_ReservedByte_SafeNvM_BsConst_BsConst_Illumination_ReservedByte_5".
                        [Warning] Connector ignored: Could not find targetRPort of RPortInCompositionInstanceRef below AssemblySwConnector "/E40_Platform_System_SystemPackage/Compositions/E40_Platform_System/MemAbstract_Stub_Safe_BsConst_PWM_boost_bypass_duty_SafeNvM_BsConst_PWM_boost_bypass_duty_5".
                        [Warning] Connector ignored: Could not find targetRPort of RPortInCompositionInstanceRef below AssemblySwConnector "/E40_Platform_System_SystemPackage/Compositions/E40_Platform_System/MemAbstract_Stub_Safe_BsConst_Temperature_Sensor_Conv_SafeNvM_BsConst_Temperature_Sensor_Conv_5".
                        [Warning] Connector ignored: Could not find targetRPort of RPortInCompositionInstanceRef below AssemblySwConnector "/E40_Platform_System_SystemPackage/Compositions/E40_Platform_System/MemAbstract_Stub_Safe_BsConst_Lookup_Curve_HotSpot_Coef_X_SafeNvM_BsConst_Lookup_Curve_HotSpot_Coef_X_5".
                        [Warning] Connector ignored: Could not find targetRPort of RPortInCompositionInstanceRef below AssemblySwConnector "/E40_Platform_System_SystemPackage/Compositions/E40_Platform_System/MemAbstract_Stub_Safe_BsConst_Display_Illum_Max_Level_Safe_SafeNvM_BsConst_Display_Illum_Max_Level_Safe_5".
                        [Warning] Connector ignored: Could not find targetRPort of RPortInCompositionInstanceRef below AssemblySwConnector "/E40_Platform_System_SystemPackage/Compositions/E40_Platform_System/MemAbstract_Stub_Safe_BsConst_Temp_Threshold_Hysteresis_Derating_SafeNvM_BsConst_Temp_Threshold_Hysteresis_Derating_5".
                        [Warning] Connector ignored: Could not find targetRPort of RPortInCompositionInstanceRef below AssemblySwConnector "/E40_Platform_System_SystemPackage/Compositions/E40_Platform_System/MemAbstract_Stub_Safe_BsConst_Compensation_Line_Shift_b_SafeNvM_BsConst_Compensation_Line_Shift_b_5".
                        [Warning] Connector ignored: Could not find targetRPort of RPortInCompositionInstanceRef below AssemblySwConnector "/E40_Platform_System_SystemPackage/Compositions/E40_Platform_System/MemAbstract_Stub_Safe_BsConst_Compensation_Line_Slope_m_SafeNvM_BsConst_Compensation_Line_Slope_m_5".
                        [Warning] Connector ignored: Could not find targetRPort of RPortInCompositionInstanceRef below AssemblySwConnector "/E40_Platform_System_SystemPackage/Compositions/E40_Platform_System/MemAbstract_Stub_Safe_BsConst_PCB_Temperature_Sensor_Conv_SafeNvM_BsConst_PCB_Temperature_Sensor_Conv_5".
                        [Warning] Connector ignored: Could not find outerPort of DelegationSwConnector "/E40_Platform_System_SystemPackage/Compositions/E40_Platform_System/rp_SR_RxAirbag_1_CComAbsMdl_stubs_rp_SR_RxAirbag_1".
                        [Warning] Connector ignored: Could not find outerPort of DelegationSwConnector "/E40_Platform_System_SystemPackage/Compositions/E40_Platform_System/rp_SR_RxAirbag_2_CComAbsMdl_stubs_rp_SR_RxAirbag_1".
                        [Warning] Connector ignored: Could not find outerPort of DelegationSwConnector "/E40_Platform_System_SystemPackage/Compositions/E40_Platform_System/rp_SR_RxAirbag_1_CComAbsMdl_stubs_rp_SR_RxAirbag_2".
                        [Warning] Connector ignored: Could not find targetRPort of RPortInCompositionInstanceRef below AssemblySwConnector "/E40_Platform_System_SystemPackage/Compositions/E40_Platform_System/MemAbstract_Stub_Safe_BsConst_Lookup_Curve_HotSpot_Coef_X_SafeNvM_BsConst_Lookup_Curve_HotSpot_Coef_X_6".
                        [Warning] Connector ignored: Could not find targetRPort of RPortInCompositionInstanceRef below AssemblySwConnector "/E40_Platform_System_SystemPackage/Compositions/E40_Platform_System/MemAbstract_Stub_Safe_BsConst_PCB_Temperature_Sensor_Conv_SafeNvM_BsConst_PCB_Temperature_Sensor_Conv_6".
                        [Warning] Connector ignored: Could not find targetRPort of RPortInCompositionInstanceRef below AssemblySwConnector "/E40_Platform_System_SystemPackage/Compositions/E40_Platform_System/MemAbstract_Stub_Safe_BsConst_BsConst_Illumination_ReservedByte_SafeNvM_BsConst_BsConst_Illumination_ReservedByte_6".
                        [Warning] Connector ignored: Could not find targetRPort of RPortInCompositionInstanceRef below AssemblySwConnector "/E40_Platform_System_SystemPackage/Compositions/E40_Platform_System/MemAbstract_Stub_Safe_BsConst_Display_Illum_Max_Level_Safe_SafeNvM_BsConst_Display_Illum_Max_Level_Safe_6".
                        [Warning] Connector ignored: Could not find targetRPort of RPortInCompositionInstanceRef below AssemblySwConnector "/E40_Platform_System_SystemPackage/Compositions/E40_Platform_System/MemAbstract_Stub_Safe_BsConst_PWM_boost_bypass_duty_SafeNvM_BsConst_PWM_boost_bypass_duty_6".
                        [Warning] Connector ignored: Could not find targetRPort of RPortInCompositionInstanceRef below AssemblySwConnector "/E40_Platform_System_SystemPackage/Compositions/E40_Platform_System/MemAbstract_Stub_Safe_BsConst_Temperature_Sensor_Conv_SafeNvM_BsConst_Temperature_Sensor_Conv_6".
                        [Warning] Connector ignored: Could not find targetRPort of RPortInCompositionInstanceRef below AssemblySwConnector "/E40_Platform_System_SystemPackage/Compositions/E40_Platform_System/MemAbstract_Stub_Safe_BsConst_Lookup_Curve_HotSpot_Coef_Y_SafeNvM_BsConst_Lookup_Curve_HotSpot_Coef_Y_6".
                        [Warning] Connector ignored: Could not find targetRPort of RPortInCompositionInstanceRef below AssemblySwConnector "/E40_Platform_System_SystemPackage/Compositions/E40_Platform_System/MemAbstract_Stub_Safe_BsConst_Compensation_Line_Shift_b_SafeNvM_BsConst_Compensation_Line_Shift_b_6".
                        [Warning] Connector ignored: Could not find targetRPort of RPortInCompositionInstanceRef below AssemblySwConnector "/E40_Platform_System_SystemPackage/Compositions/E40_Platform_System/MemAbstract_Stub_Safe_BsConst_Compensation_Line_Slope_m_SafeNvM_BsConst_Compensation_Line_Slope_m_6".
                        [Warning] Connector ignored: Could not find targetRPort of RPortInCompositionInstanceRef below AssemblySwConnector "/E40_Platform_System_SystemPackage/Compositions/E40_Platform_System/MemAbstract_Stub_Safe_BsConst_Derating_Backlight_Disable_SafeNvM_BsConst_Derating_Backlight_Disable_6".
                        [Warning] Connector ignored: Could not find targetRPort of RPortInCompositionInstanceRef below AssemblySwConnector "/E40_Platform_System_SystemPackage/Compositions/E40_Platform_System/MemAbstract_Stub_Safe_BsConst_Temp_Threshold_Hysteresis_Derating_SafeNvM_BsConst_Temp_Threshold_Hysteresis_Derating_6".
                        [Warning] Connector ignored: Could not find targetRPort of RPortInCompositionInstanceRef below AssemblySwConnector "/E40_Platform_System_SystemPackage/Compositions/E40_Platform_System/MemAbstract_Stub_Safe_BsConst_Lookup_Curve_HotSpot_Coef_Y_SafeNvM_BsConst_Lookup_Curve_HotSpot_Coef_Y_7".
                        [Warning] Connector ignored: Could not find targetRPort of RPortInCompositionInstanceRef below AssemblySwConnector "/E40_Platform_System_SystemPackage/Compositions/E40_Platform_System/MemAbstract_Stub_Safe_BsConst_Lookup_Curve_HotSpot_Coef_X_SafeNvM_BsConst_Lookup_Curve_HotSpot_Coef_X_7".
                        [Warning] Connector ignored: Could not find targetRPort of RPortInCompositionInstanceRef below AssemblySwConnector "/E40_Platform_System_SystemPackage/Compositions/E40_Platform_System/MemAbstract_Stub_Safe_BsConst_BsConst_Illumination_ReservedByte_SafeNvM_BsConst_BsConst_Illumination_ReservedByte_7".
                        [Warning] Connector ignored: Could not find targetRPort of RPortInCompositionInstanceRef below AssemblySwConnector "/E40_Platform_System_SystemPackage/Compositions/E40_Platform_System/MemAbstract_Stub_Safe_BsConst_Temperature_Sensor_Conv_SafeNvM_BsConst_Temperature_Sensor_Conv_7".
                        [Warning] Connector ignored: Could not find targetRPort of RPortInCompositionInstanceRef below AssemblySwConnector "/E40_Platform_System_SystemPackage/Compositions/E40_Platform_System/MemAbstract_Stub_Safe_BsConst_PCB_Temperature_Sensor_Conv_SafeNvM_BsConst_PCB_Temperature_Sensor_Conv_7".
                        [Warning] Connector ignored: Could not find targetRPort of RPortInCompositionInstanceRef below AssemblySwConnector "/E40_Platform_System_SystemPackage/Compositions/E40_Platform_System/MemAbstract_Stub_Safe_BsConst_Derating_Backlight_Disable_SafeNvM_BsConst_Derating_Backlight_Disable_7".
                        [Warning] Connector ignored: Could not find targetRPort of RPortInCompositionInstanceRef below AssemblySwConnector "/E40_Platform_System_SystemPackage/Compositions/E40_Platform_System/MemAbstract_Stub_Safe_BsConst_Display_Illum_Max_Level_Safe_SafeNvM_BsConst_Display_Illum_Max_Level_Safe_7".
                        [Warning] Connector ignored: Could not find targetRPort of RPortInCompositionInstanceRef below AssemblySwConnector "/E40_Platform_System_SystemPackage/Compositions/E40_Platform_System/MemAbstract_Stub_Safe_BsConst_Temp_Threshold_Hysteresis_Derating_SafeNvM_BsConst_Temp_Threshold_Hysteresis_Derating_7".
                        [Warning] Connector ignored: Could not find targetRPort of RPortInCompositionInstanceRef below AssemblySwConnector "/E40_Platform_System_SystemPackage/Compositions/E40_Platform_System/MemAbstract_Stub_Safe_BsConst_PWM_boost_bypass_duty_SafeNvM_BsConst_PWM_boost_bypass_duty_7".
                        [Warning] Connector ignored: Could not find targetRPort of RPortInCompositionInstanceRef below AssemblySwConnector "/E40_Platform_System_SystemPackage/Compositions/E40_Platform_System/MemAbstract_Stub_Safe_BsConst_Compensation_Line_Shift_b_SafeNvM_BsConst_Compensation_Line_Shift_b_7".
                        [Warning] Connector ignored: Could not find targetRPort of RPortInCompositionInstanceRef below AssemblySwConnector "/E40_Platform_System_SystemPackage/Compositions/E40_Platform_System/MemAbstract_Stub_Safe_BsConst_Compensation_Line_Slope_m_SafeNvM_BsConst_Compensation_Line_Slope_m_7".
                        [Warning] Connector ignored: Could not find outerPort of DelegationSwConnector "/E40_Platform_System_SystemPackage/Compositions/E40_Platform_System/TrustecSWC_PP_TX_SG_COM_HSSG_COM_HS_PP_TX_SG_COM_HSSG_COM_HS".
                        [Warning] Connector ignored: Could not find targetPPort of PPortInCompositionInstanceRef below DelegationSwConnector "/E40_Platform_System_SystemPackage/Compositions/E40_Platform_System/TrustecSWC_PP_TX_SG_COM_HSSG_COM_HS_PP_TX_SG_COM_HSSG_COM_HS_1".
                        [Warning] Connector ignored: Could not find targetRPort of RPortInCompositionInstanceRef below DelegationSwConnector "/E40_Platform_System_SystemPackage/Compositions/E40_Platform_System/rp_SR_RxAmbient_Light_level_CComAbsMdl_stubs_rp_SR_RxAmbient_Light_level_1".
                        [Warning] Connector ignored: Could not find targetRPort of RPortInCompositionInstanceRef below DelegationSwConnector "/E40_Platform_System_SystemPackage/Compositions/E40_Platform_System/rp_SR_RxDayNightMode_CComAbsMdl_stubs_rp_SR_RxDayNightMode_1".
                        [Warning] Connector ignored: Could not find targetRPort of RPortInCompositionInstanceRef below DelegationSwConnector "/E40_Platform_System_SystemPackage/Compositions/E40_Platform_System/rp_SR_RxGear_CComAbsMdl_stubs_rp_SR_RxGear_1".
                        [Warning] Connector ignored: Could not find targetRPort of RPortInCompositionInstanceRef below DelegationSwConnector "/E40_Platform_System_SystemPackage/Compositions/E40_Platform_System/rp_SR_RxGearMode_CComAbsMdl_stubs_rp_SR_RxGearMode_1".
                        [Warning] Connector ignored: Could not find targetRPort of RPortInCompositionInstanceRef below DelegationSwConnector "/E40_Platform_System_SystemPackage/Compositions/E40_Platform_System/rp_SR_RxGearRecommendation_CComAbsMdl_stubs_rp_SR_RxGearRecommendation_1".
                        [Warning] Connector ignored: Could not find targetRPort of RPortInCompositionInstanceRef below DelegationSwConnector "/E40_Platform_System_SystemPackage/Compositions/E40_Platform_System/rp_SR_RxGearStatus_CComAbsMdl_stubs_rp_SR_RxGearStatus_1".
                        [Warning] Connector ignored: Could not find targetRPort of RPortInCompositionInstanceRef below DelegationSwConnector "/E40_Platform_System_SystemPackage/Compositions/E40_Platform_System/rp_SR_RxIllumination_level_CComAbsMdl_stubs_rp_SR_RxIllumination_level_1".
                        [Warning] Connector ignored: Could not find targetRPort of RPortInCompositionInstanceRef below DelegationSwConnector "/E40_Platform_System_SystemPackage/Compositions/E40_Platform_System/rp_SR_RxPowerMode_CComAbsMdl_stubs_rp_SR_RxPowerMode_1".
                        [Warning] Connector ignored: Could not find targetRPort of RPortInCompositionInstanceRef below DelegationSwConnector "/E40_Platform_System_SystemPackage/Compositions/E40_Platform_System/rp_SR_RxTransportMode_CComAbsMdl_stubs_rp_SR_RxTransportMode_1".
                        [Warning] Connector ignored: Could not find targetRPort of RPortInCompositionInstanceRef below DelegationSwConnector "/E40_Platform_System_SystemPackage/Compositions/E40_Platform_System/rp_SR_RxWarning_CComAbsMdl_stubs_rp_SR_RxWarning_1".
                        [Warning] Connector ignored: Could not find targetPPort of PPortInCompositionInstanceRef below DelegationSwConnector "/E40_Platform_System_SystemPackage/Compositions/E40_Platform_System/CComAbsMdl_stubs_pp_SR_TxDebug1_Byte0_1_pp_SR_TxDebug1_Byte0".
                        [Warning] Connector ignored: Could not find targetPPort of PPortInCompositionInstanceRef below DelegationSwConnector "/E40_Platform_System_SystemPackage/Compositions/E40_Platform_System/CComAbsMdl_stubs_pp_SR_TxDebug1_Byte1_1_pp_SR_TxDebug1_Byte1".
                        [Warning] Connector ignored: Could not find targetPPort of PPortInCompositionInstanceRef below DelegationSwConnector "/E40_Platform_System_SystemPackage/Compositions/E40_Platform_System/CComAbsMdl_stubs_pp_SR_TxDebug1_Byte2_1_pp_SR_TxDebug1_Byte2".
                        [Warning] Connector ignored: Could not find targetPPort of PPortInCompositionInstanceRef below DelegationSwConnector "/E40_Platform_System_SystemPackage/Compositions/E40_Platform_System/CComAbsMdl_stubs_pp_SR_TxDebug1_Byte3_1_pp_SR_TxDebug1_Byte3".
                        [Warning] Connector ignored: Could not find targetPPort of PPortInCompositionInstanceRef below DelegationSwConnector "/E40_Platform_System_SystemPackage/Compositions/E40_Platform_System/CComAbsMdl_stubs_pp_SR_TxDebug1_Byte4_1_pp_SR_TxDebug1_Byte4".
                        [Warning] Connector ignored: Could not find targetPPort of PPortInCompositionInstanceRef below DelegationSwConnector "/E40_Platform_System_SystemPackage/Compositions/E40_Platform_System/CComAbsMdl_stubs_pp_SR_TxDebug1_Byte5_1_pp_SR_TxDebug1_Byte5".
                        [Warning] Connector ignored: Could not find targetPPort of PPortInCompositionInstanceRef below DelegationSwConnector "/E40_Platform_System_SystemPackage/Compositions/E40_Platform_System/CComAbsMdl_stubs_pp_SR_TxDebug1_Byte6_1_pp_SR_TxDebug1_Byte6".
                        [Warning] Connector ignored: Could not find targetPPort of PPortInCompositionInstanceRef below DelegationSwConnector "/E40_Platform_System_SystemPackage/Compositions/E40_Platform_System/CComAbsMdl_stubs_pp_SR_TxDebug1_Byte7_1_pp_SR_TxDebug1_Byte7".
                        [Warning] Connector ignored: Could not find targetPPort of PPortInCompositionInstanceRef below DelegationSwConnector "/E40_Platform_System_SystemPackage/Compositions/E40_Platform_System/CComAbsMdl_stubs_pp_SR_TxDebug2_Byte0_1_pp_SR_TxDebug2_Byte0".
                        [Warning] Connector ignored: Could not find targetPPort of PPortInCompositionInstanceRef below DelegationSwConnector "/E40_Platform_System_SystemPackage/Compositions/E40_Platform_System/CComAbsMdl_stubs_pp_SR_TxDebug2_Byte1_1_pp_SR_TxDebug2_Byte1".
                        [Warning] Connector ignored: Could not find targetPPort of PPortInCompositionInstanceRef below DelegationSwConnector "/E40_Platform_System_SystemPackage/Compositions/E40_Platform_System/CComAbsMdl_stubs_pp_SR_TxDebug2_Byte2_1_pp_SR_TxDebug2_Byte2".
                        [Warning] Connector ignored: Could not find targetPPort of PPortInCompositionInstanceRef below DelegationSwConnector "/E40_Platform_System_SystemPackage/Compositions/E40_Platform_System/CComAbsMdl_stubs_pp_SR_TxDebug2_Byte3_1_pp_SR_TxDebug2_Byte3".
                        [Warning] Connector ignored: Could not find targetPPort of PPortInCompositionInstanceRef below DelegationSwConnector "/E40_Platform_System_SystemPackage/Compositions/E40_Platform_System/CComAbsMdl_stubs_pp_SR_TxDebug2_Byte4_1_pp_SR_TxDebug2_Byte4".
                        [Warning] Connector ignored: Could not find targetPPort of PPortInCompositionInstanceRef below DelegationSwConnector "/E40_Platform_System_SystemPackage/Compositions/E40_Platform_System/CComAbsMdl_stubs_pp_SR_TxDebug2_Byte5_1_pp_SR_TxDebug2_Byte5".
                        [Warning] Connector ignored: Could not find targetPPort of PPortInCompositionInstanceRef below DelegationSwConnector "/E40_Platform_System_SystemPackage/Compositions/E40_Platform_System/CComAbsMdl_stubs_pp_SR_TxDebug2_Byte6_1_pp_SR_TxDebug2_Byte6".
                        [Warning] Connector ignored: Could not find targetPPort of PPortInCompositionInstanceRef below DelegationSwConnector "/E40_Platform_System_SystemPackage/Compositions/E40_Platform_System/CComAbsMdl_stubs_pp_SR_TxDebug2_Byte7_1_pp_SR_TxDebug2_Byte7".
                        [Warning] Connector ignored: Could not find targetPPort of PPortInCompositionInstanceRef below DelegationSwConnector "/E40_Platform_System_SystemPackage/Compositions/E40_Platform_System/CComAbsMdl_stubs_pp_SR_TxDebug3_Byte0_1_pp_SR_TxDebug3_Byte0".
                        [Warning] Connector ignored: Could not find targetPPort of PPortInCompositionInstanceRef below DelegationSwConnector "/E40_Platform_System_SystemPackage/Compositions/E40_Platform_System/CComAbsMdl_stubs_pp_SR_TxDebug3_Byte1_1_pp_SR_TxDebug3_Byte1".
                        [Warning] Connector ignored: Could not find targetPPort of PPortInCompositionInstanceRef below DelegationSwConnector "/E40_Platform_System_SystemPackage/Compositions/E40_Platform_System/CComAbsMdl_stubs_pp_SR_TxDebug3_Byte2_1_pp_SR_TxDebug3_Byte2".
                        [Warning] Connector ignored: Could not find targetPPort of PPortInCompositionInstanceRef below DelegationSwConnector "/E40_Platform_System_SystemPackage/Compositions/E40_Platform_System/CComAbsMdl_stubs_pp_SR_TxDebug3_Byte3_1_pp_SR_TxDebug3_Byte3".
                        [Warning] Connector ignored: Could not find targetPPort of PPortInCompositionInstanceRef below DelegationSwConnector "/E40_Platform_System_SystemPackage/Compositions/E40_Platform_System/CComAbsMdl_stubs_pp_SR_TxDebug3_Byte4_1_pp_SR_TxDebug3_Byte4".
                        [Warning] Connector ignored: Could not find targetPPort of PPortInCompositionInstanceRef below DelegationSwConnector "/E40_Platform_System_SystemPackage/Compositions/E40_Platform_System/CComAbsMdl_stubs_pp_SR_TxDebug3_Byte5_1_pp_SR_TxDebug3_Byte5".
                        [Warning] Connector ignored: Could not find targetPPort of PPortInCompositionInstanceRef below DelegationSwConnector "/E40_Platform_System_SystemPackage/Compositions/E40_Platform_System/CComAbsMdl_stubs_pp_SR_TxDebug3_Byte6_1_pp_SR_TxDebug3_Byte6".
                        [Warning] Connector ignored: Could not find targetPPort of PPortInCompositionInstanceRef below DelegationSwConnector "/E40_Platform_System_SystemPackage/Compositions/E40_Platform_System/CComAbsMdl_stubs_pp_SR_TxDebug3_Byte7_1_pp_SR_TxDebug3_Byte7".
                        [Warning] Connector ignored: Could not find targetPPort of PPortInCompositionInstanceRef below DelegationSwConnector "/E40_Platform_System_SystemPackage/Compositions/E40_Platform_System/CComAbsMdl_stubs_pp_SR_TxDebug4_Byte0_1_pp_SR_TxDebug4_Byte0".
                        [Warning] Connector ignored: Could not find targetPPort of PPortInCompositionInstanceRef below DelegationSwConnector "/E40_Platform_System_SystemPackage/Compositions/E40_Platform_System/CComAbsMdl_stubs_pp_SR_TxDebug4_Byte1_1_pp_SR_TxDebug4_Byte1".
                        [Warning] Connector ignored: Could not find targetPPort of PPortInCompositionInstanceRef below DelegationSwConnector "/E40_Platform_System_SystemPackage/Compositions/E40_Platform_System/CComAbsMdl_stubs_pp_SR_TxDebug4_Byte2_1_pp_SR_TxDebug4_Byte2".
                        [Warning] Connector ignored: Could not find targetPPort of PPortInCompositionInstanceRef below DelegationSwConnector "/E40_Platform_System_SystemPackage/Compositions/E40_Platform_System/CComAbsMdl_stubs_pp_SR_TxDebug4_Byte3_1_pp_SR_TxDebug4_Byte3".
                        [Warning] Connector ignored: Could not find targetPPort of PPortInCompositionInstanceRef below DelegationSwConnector "/E40_Platform_System_SystemPackage/Compositions/E40_Platform_System/CComAbsMdl_stubs_pp_SR_TxDebug4_Byte4_1_pp_SR_TxDebug4_Byte4".
                        [Warning] Connector ignored: Could not find targetPPort of PPortInCompositionInstanceRef below DelegationSwConnector "/E40_Platform_System_SystemPackage/Compositions/E40_Platform_System/CComAbsMdl_stubs_pp_SR_TxDebug4_Byte5_1_pp_SR_TxDebug4_Byte5".
                        [Warning] Connector ignored: Could not find targetPPort of PPortInCompositionInstanceRef below DelegationSwConnector "/E40_Platform_System_SystemPackage/Compositions/E40_Platform_System/CComAbsMdl_stubs_pp_SR_TxDebug4_Byte6_1_pp_SR_TxDebug4_Byte6".
                        [Warning] Connector ignored: Could not find targetPPort of PPortInCompositionInstanceRef below DelegationSwConnector "/E40_Platform_System_SystemPackage/Compositions/E40_Platform_System/CComAbsMdl_stubs_pp_SR_TxDebug4_Byte7_1_pp_SR_TxDebug4_Byte7".
                        [Warning] Connector ignored: Could not find targetPPort of PPortInCompositionInstanceRef below DelegationSwConnector "/E40_Platform_System_SystemPackage/Compositions/E40_Platform_System/CComAbsMdl_stubs_pp_SR_TxDebug5_Byte0_1_pp_SR_TxDebug5_Byte0".
                        [Warning] Connector ignored: Could not find targetPPort of PPortInCompositionInstanceRef below DelegationSwConnector "/E40_Platform_System_SystemPackage/Compositions/E40_Platform_System/CComAbsMdl_stubs_pp_SR_TxDebug5_Byte1_1_pp_SR_TxDebug5_Byte1".
                        [Warning] Connector ignored: Could not find targetPPort of PPortInCompositionInstanceRef below DelegationSwConnector "/E40_Platform_System_SystemPackage/Compositions/E40_Platform_System/CComAbsMdl_stubs_pp_SR_TxDebug5_Byte2_1_pp_SR_TxDebug5_Byte2".
                        [Warning] Connector ignored: Could not find targetPPort of PPortInCompositionInstanceRef below DelegationSwConnector "/E40_Platform_System_SystemPackage/Compositions/E40_Platform_System/CComAbsMdl_stubs_pp_SR_TxDebug5_Byte3_1_pp_SR_TxDebug5_Byte3".
                        [Warning] Connector ignored: Could not find targetPPort of PPortInCompositionInstanceRef below DelegationSwConnector "/E40_Platform_System_SystemPackage/Compositions/E40_Platform_System/CComAbsMdl_stubs_pp_SR_TxDebug5_Byte4_1_pp_SR_TxDebug5_Byte4".
                        [Warning] Connector ignored: Could not find targetPPort of PPortInCompositionInstanceRef below DelegationSwConnector "/E40_Platform_System_SystemPackage/Compositions/E40_Platform_System/CComAbsMdl_stubs_pp_SR_TxDebug5_Byte5_1_pp_SR_TxDebug5_Byte5".
                        [Warning] Connector ignored: Could not find targetPPort of PPortInCompositionInstanceRef below DelegationSwConnector "/E40_Platform_System_SystemPackage/Compositions/E40_Platform_System/CComAbsMdl_stubs_pp_SR_TxDebug5_Byte6_1_pp_SR_TxDebug5_Byte6".
                        [Warning] Connector ignored: Could not find targetPPort of PPortInCompositionInstanceRef below DelegationSwConnector "/E40_Platform_System_SystemPackage/Compositions/E40_Platform_System/CComAbsMdl_stubs_pp_SR_TxDebug5_Byte7_1_pp_SR_TxDebug5_Byte7".
                        [Warning] Connector ignored: Could not find targetPPort of PPortInCompositionInstanceRef below DelegationSwConnector "/E40_Platform_System_SystemPackage/Compositions/E40_Platform_System/CComAbsMdl_stubs_pp_SR_TxFV_Tx_1_pp_SR_TxFV_Tx".
                        [Warning] Connector ignored: Could not find targetPPort of PPortInCompositionInstanceRef below DelegationSwConnector "/E40_Platform_System_SystemPackage/Compositions/E40_Platform_System/CComAbsMdl_stubs_pp_SR_TxIllumination_PWM_1_pp_SR_TxIllumination_PWM".
                        [Warning] Connector ignored: Could not find targetPPort of PPortInCompositionInstanceRef below DelegationSwConnector "/E40_Platform_System_SystemPackage/Compositions/E40_Platform_System/CComAbsMdl_stubs_pp_SR_TxMAC_Tx_1_pp_SR_TxMAC_Tx".
                        [Warning] Connector ignored: Could not find targetPPort of PPortInCompositionInstanceRef below DelegationSwConnector "/E40_Platform_System_SystemPackage/Compositions/E40_Platform_System/CComAbsMdl_stubs_pp_SR_TxOdometer_1_pp_SR_TxOdometer".
                        [Warning] Connector ignored: Could not find targetPPort of PPortInCompositionInstanceRef below DelegationSwConnector "/E40_Platform_System_SystemPackage/Compositions/E40_Platform_System/CComAbsMdl_stubs_pp_SR_TxSecureTxByte0_1_pp_SR_TxSecureTxByte0".
                        [Warning] Connector ignored: Could not find targetPPort of PPortInCompositionInstanceRef below DelegationSwConnector "/E40_Platform_System_SystemPackage/Compositions/E40_Platform_System/CComAbsMdl_stubs_pp_SR_TxSecureTxByte1_1_pp_SR_TxSecureTxByte1".
                        [Warning] Connector ignored: Could not find targetPPort of PPortInCompositionInstanceRef below DelegationSwConnector "/E40_Platform_System_SystemPackage/Compositions/E40_Platform_System/CComAbsMdl_stubs_pp_SR_TxSecureTxByte2_1_pp_SR_TxSecureTxByte2".
                        [Warning] Connector ignored: Could not find targetPPort of PPortInCompositionInstanceRef below DelegationSwConnector "/E40_Platform_System_SystemPackage/Compositions/E40_Platform_System/CComAbsMdl_stubs_pp_SR_TxSecureTxByte3_1_pp_SR_TxSecureTxByte3".
                        [Warning] Connector ignored: Could not find targetPPort of PPortInCompositionInstanceRef below DelegationSwConnector "/E40_Platform_System_SystemPackage/Compositions/E40_Platform_System/CComAbsMdl_stubs_pp_SR_TxVehicleSpeedIC_1_pp_SR_TxVehicleSpeedIC".
                        [Warning] Connector ignored: Could not find targetRPort of RPortInCompositionInstanceRef below AssemblySwConnector "/E40_Platform_System_SystemPackage/Compositions/E40_Platform_System/MemAbstract_Stub_Safe_BsConst_Lookup_Curve_HotSpot_Coef_Y_SafeNvM_BsConst_Lookup_Curve_HotSpot_Coef_Y_8".
                        [Warning] Connector ignored: Could not find targetRPort of RPortInCompositionInstanceRef below AssemblySwConnector "/E40_Platform_System_SystemPackage/Compositions/E40_Platform_System/MemAbstract_Stub_Safe_BsConst_Compensation_Line_Shift_b_SafeNvM_BsConst_Compensation_Line_Shift_b_8".
                        [Warning] Connector ignored: Could not find targetRPort of RPortInCompositionInstanceRef below AssemblySwConnector "/E40_Platform_System_SystemPackage/Compositions/E40_Platform_System/MemAbstract_Stub_Safe_BsConst_Temp_Threshold_Hysteresis_Derating_SafeNvM_BsConst_Temp_Threshold_Hysteresis_Derating_8".
                        [Warning] Connector ignored: Could not find targetRPort of RPortInCompositionInstanceRef below AssemblySwConnector "/E40_Platform_System_SystemPackage/Compositions/E40_Platform_System/MemAbstract_Stub_Safe_BsConst_BsConst_Illumination_ReservedByte_SafeNvM_BsConst_BsConst_Illumination_ReservedByte_8".
                        [Warning] Connector ignored: Could not find targetRPort of RPortInCompositionInstanceRef below AssemblySwConnector "/E40_Platform_System_SystemPackage/Compositions/E40_Platform_System/MemAbstract_Stub_Safe_BsConst_PCB_Temperature_Sensor_Conv_SafeNvM_BsConst_PCB_Temperature_Sensor_Conv_8".
                        [Warning] Connector ignored: Could not find targetRPort of RPortInCompositionInstanceRef below AssemblySwConnector "/E40_Platform_System_SystemPackage/Compositions/E40_Platform_System/MemAbstract_Stub_Safe_BsConst_Display_Illum_Max_Level_Safe_SafeNvM_BsConst_Display_Illum_Max_Level_Safe_8".
                        [Warning] Connector ignored: Could not find targetRPort of RPortInCompositionInstanceRef below AssemblySwConnector "/E40_Platform_System_SystemPackage/Compositions/E40_Platform_System/MemAbstract_Stub_Safe_BsConst_Derating_Backlight_Disable_SafeNvM_BsConst_Derating_Backlight_Disable_8".
                        [Warning] Connector ignored: Could not find targetRPort of RPortInCompositionInstanceRef below AssemblySwConnector "/E40_Platform_System_SystemPackage/Compositions/E40_Platform_System/MemAbstract_Stub_Safe_BsConst_Compensation_Line_Slope_m_SafeNvM_BsConst_Compensation_Line_Slope_m_8".
                        [Warning] Connector ignored: Could not find targetRPort of RPortInCompositionInstanceRef below AssemblySwConnector "/E40_Platform_System_SystemPackage/Compositions/E40_Platform_System/MemAbstract_Stub_Safe_BsConst_PWM_boost_bypass_duty_SafeNvM_BsConst_PWM_boost_bypass_duty_8".
                        [Warning] Connector ignored: Could not find targetRPort of RPortInCompositionInstanceRef below AssemblySwConnector "/E40_Platform_System_SystemPackage/Compositions/E40_Platform_System/MemAbstract_Stub_Safe_BsConst_Temperature_Sensor_Conv_SafeNvM_BsConst_Temperature_Sensor_Conv_8".
                        [Warning] Connector ignored: Could not find targetRPort of RPortInCompositionInstanceRef below AssemblySwConnector "/E40_Platform_System_SystemPackage/Compositions/E40_Platform_System/MemAbstract_Stub_Safe_BsConst_Lookup_Curve_HotSpot_Coef_X_SafeNvM_BsConst_Lookup_Curve_HotSpot_Coef_X_8".
                        [Warning] Connector ignored: Could not find targetRPort of RPortInCompositionInstanceRef below AssemblySwConnector "/E40_Platform_System_SystemPackage/Compositions/E40_Platform_System/MemAbstract_Stub_Safe_BsConst_PWM_boost_bypass_duty_SafeNvM_BsConst_PWM_boost_bypass_duty_9".
                        [Warning] Connector ignored: Could not find targetRPort of RPortInCompositionInstanceRef below AssemblySwConnector "/E40_Platform_System_SystemPackage/Compositions/E40_Platform_System/MemAbstract_Stub_Safe_BsConst_Derating_Backlight_Disable_SafeNvM_BsConst_Derating_Backlight_Disable_9".
                        [Warning] Connector ignored: Could not find targetRPort of RPortInCompositionInstanceRef below AssemblySwConnector "/E40_Platform_System_SystemPackage/Compositions/E40_Platform_System/MemAbstract_Stub_Safe_BsConst_Compensation_Line_Shift_b_SafeNvM_BsConst_Compensation_Line_Shift_b_9".
                        [Warning] Connector ignored: Could not find targetRPort of RPortInCompositionInstanceRef below AssemblySwConnector "/E40_Platform_System_SystemPackage/Compositions/E40_Platform_System/MemAbstract_Stub_Safe_BsConst_Lookup_Curve_HotSpot_Coef_Y_SafeNvM_BsConst_Lookup_Curve_HotSpot_Coef_Y_9".
                        [Warning] Connector ignored: Could not find targetRPort of RPortInCompositionInstanceRef below AssemblySwConnector "/E40_Platform_System_SystemPackage/Compositions/E40_Platform_System/MemAbstract_Stub_Safe_BsConst_PCB_Temperature_Sensor_Conv_SafeNvM_BsConst_PCB_Temperature_Sensor_Conv_9".
                        [Warning] Connector ignored: Could not find targetRPort of RPortInCompositionInstanceRef below AssemblySwConnector "/E40_Platform_System_SystemPackage/Compositions/E40_Platform_System/MemAbstract_Stub_Safe_BsConst_BsConst_Illumination_ReservedByte_SafeNvM_BsConst_BsConst_Illumination_ReservedByte_9".
                        [Warning] Connector ignored: Could not find targetRPort of RPortInCompositionInstanceRef below AssemblySwConnector "/E40_Platform_System_SystemPackage/Compositions/E40_Platform_System/MemAbstract_Stub_Safe_BsConst_Lookup_Curve_HotSpot_Coef_X_SafeNvM_BsConst_Lookup_Curve_HotSpot_Coef_X_9".
                        [Warning] Connector ignored: Could not find targetRPort of RPortInCompositionInstanceRef below AssemblySwConnector "/E40_Platform_System_SystemPackage/Compositions/E40_Platform_System/MemAbstract_Stub_Safe_BsConst_Display_Illum_Max_Level_Safe_SafeNvM_BsConst_Display_Illum_Max_Level_Safe_9".
                        [Warning] Connector ignored: Could not find targetRPort of RPortInCompositionInstanceRef below AssemblySwConnector "/E40_Platform_System_SystemPackage/Compositions/E40_Platform_System/MemAbstract_Stub_Safe_BsConst_Temperature_Sensor_Conv_SafeNvM_BsConst_Temperature_Sensor_Conv_9".
                        [Warning] Connector ignored: Could not find targetRPort of RPortInCompositionInstanceRef below AssemblySwConnector "/E40_Platform_System_SystemPackage/Compositions/E40_Platform_System/MemAbstract_Stub_Safe_BsConst_Compensation_Line_Slope_m_SafeNvM_BsConst_Compensation_Line_Slope_m_9".
                        [Warning] Connector ignored: Could not find targetRPort of RPortInCompositionInstanceRef below AssemblySwConnector "/E40_Platform_System_SystemPackage/Compositions/E40_Platform_System/MemAbstract_Stub_Safe_BsConst_Temp_Threshold_Hysteresis_Derating_SafeNvM_BsConst_Temp_Threshold_Hysteresis_Derating_9".
                        [Warning] Connector ignored: Could not find targetRPort of RPortInCompositionInstanceRef below AssemblySwConnector "/E40_Platform_System_SystemPackage/Compositions/E40_Platform_System/MemAbstract_Stub_Safe_BsConst_Lookup_Curve_HotSpot_Coef_Y_SafeNvM_BsConst_Lookup_Curve_HotSpot_Coef_Y_10".
                        [Warning] Connector ignored: Could not find targetRPort of RPortInCompositionInstanceRef below AssemblySwConnector "/E40_Platform_System_SystemPackage/Compositions/E40_Platform_System/MemAbstract_Stub_Safe_BsConst_BsConst_Illumination_ReservedByte_SafeNvM_BsConst_BsConst_Illumination_ReservedByte_10".
                        [Warning] Connector ignored: Could not find targetRPort of RPortInCompositionInstanceRef below AssemblySwConnector "/E40_Platform_System_SystemPackage/Compositions/E40_Platform_System/MemAbstract_Stub_Safe_BsConst_PCB_Temperature_Sensor_Conv_SafeNvM_BsConst_PCB_Temperature_Sensor_Conv_10".
                        [Warning] Connector ignored: Could not find targetRPort of RPortInCompositionInstanceRef below AssemblySwConnector "/E40_Platform_System_SystemPackage/Compositions/E40_Platform_System/MemAbstract_Stub_Safe_BsConst_Temperature_Sensor_Conv_SafeNvM_BsConst_Temperature_Sensor_Conv_10".
                        [Warning] Connector ignored: Could not find targetRPort of RPortInCompositionInstanceRef below AssemblySwConnector "/E40_Platform_System_SystemPackage/Compositions/E40_Platform_System/MemAbstract_Stub_Safe_BsConst_Lookup_Curve_HotSpot_Coef_X_SafeNvM_BsConst_Lookup_Curve_HotSpot_Coef_X_10".
                        [Warning] Connector ignored: Could not find targetRPort of RPortInCompositionInstanceRef below AssemblySwConnector "/E40_Platform_System_SystemPackage/Compositions/E40_Platform_System/MemAbstract_Stub_Safe_BsConst_Derating_Backlight_Disable_SafeNvM_BsConst_Derating_Backlight_Disable_10".
                        [Warning] Connector ignored: Could not find targetRPort of RPortInCompositionInstanceRef below AssemblySwConnector "/E40_Platform_System_SystemPackage/Compositions/E40_Platform_System/MemAbstract_Stub_Safe_BsConst_PWM_boost_bypass_duty_SafeNvM_BsConst_PWM_boost_bypass_duty_10".
                        [Warning] Connector ignored: Could not find targetRPort of RPortInCompositionInstanceRef below AssemblySwConnector "/E40_Platform_System_SystemPackage/Compositions/E40_Platform_System/MemAbstract_Stub_Safe_BsConst_Compensation_Line_Slope_m_SafeNvM_BsConst_Compensation_Line_Slope_m_10".
                        [Warning] Connector ignored: Could not find targetRPort of RPortInCompositionInstanceRef below AssemblySwConnector "/E40_Platform_System_SystemPackage/Compositions/E40_Platform_System/MemAbstract_Stub_Safe_BsConst_Compensation_Line_Shift_b_SafeNvM_BsConst_Compensation_Line_Shift_b_10".
                        [Warning] Connector ignored: Could not find targetRPort of RPortInCompositionInstanceRef below AssemblySwConnector "/E40_Platform_System_SystemPackage/Compositions/E40_Platform_System/MemAbstract_Stub_Safe_BsConst_Temp_Threshold_Hysteresis_Derating_SafeNvM_BsConst_Temp_Threshold_Hysteresis_Derating_10".
                        [Warning] Connector ignored: Could not find targetRPort of RPortInCompositionInstanceRef below AssemblySwConnector "/E40_Platform_System_SystemPackage/Compositions/E40_Platform_System/MemAbstract_Stub_Safe_BsConst_Display_Illum_Max_Level_Safe_SafeNvM_BsConst_Display_Illum_Max_Level_Safe_10".
                        [Warning] Connector ignored: Could not find targetRPort of RPortInCompositionInstanceRef below AssemblySwConnector "/E40_Platform_System_SystemPackage/Compositions/E40_Platform_System/MemAbstract_Stub_Safe_BsConst_Lookup_Curve_HotSpot_Coef_Y_SafeNvM_BsConst_Lookup_Curve_HotSpot_Coef_Y_11".
                        [Warning] Connector ignored: Could not find targetRPort of RPortInCompositionInstanceRef below AssemblySwConnector "/E40_Platform_System_SystemPackage/Compositions/E40_Platform_System/MemAbstract_Stub_Safe_BsConst_BsConst_Illumination_ReservedByte_SafeNvM_BsConst_BsConst_Illumination_ReservedByte_11".
                        [Warning] Connector ignored: Could not find targetRPort of RPortInCompositionInstanceRef below AssemblySwConnector "/E40_Platform_System_SystemPackage/Compositions/E40_Platform_System/MemAbstract_Stub_Safe_BsConst_PCB_Temperature_Sensor_Conv_SafeNvM_BsConst_PCB_Temperature_Sensor_Conv_11".
                        [Warning] Connector ignored: Could not find targetRPort of RPortInCompositionInstanceRef below AssemblySwConnector "/E40_Platform_System_SystemPackage/Compositions/E40_Platform_System/MemAbstract_Stub_Safe_BsConst_Temperature_Sensor_Conv_SafeNvM_BsConst_Temperature_Sensor_Conv_11".
                        [Warning] Connector ignored: Could not find targetRPort of RPortInCompositionInstanceRef below AssemblySwConnector "/E40_Platform_System_SystemPackage/Compositions/E40_Platform_System/MemAbstract_Stub_Safe_BsConst_Lookup_Curve_HotSpot_Coef_X_SafeNvM_BsConst_Lookup_Curve_HotSpot_Coef_X_11".
                        [Warning] Connector ignored: Could not find targetRPort of RPortInCompositionInstanceRef below AssemblySwConnector "/E40_Platform_System_SystemPackage/Compositions/E40_Platform_System/MemAbstract_Stub_Safe_BsConst_Derating_Backlight_Disable_SafeNvM_BsConst_Derating_Backlight_Disable_11".
                        [Warning] Connector ignored: Could not find targetRPort of RPortInCompositionInstanceRef below AssemblySwConnector "/E40_Platform_System_SystemPackage/Compositions/E40_Platform_System/MemAbstract_Stub_Safe_BsConst_PWM_boost_bypass_duty_SafeNvM_BsConst_PWM_boost_bypass_duty_11".
                        [Warning] Connector ignored: Could not find targetRPort of RPortInCompositionInstanceRef below AssemblySwConnector "/E40_Platform_System_SystemPackage/Compositions/E40_Platform_System/MemAbstract_Stub_Safe_BsConst_Compensation_Line_Slope_m_SafeNvM_BsConst_Compensation_Line_Slope_m_11".
                        [Warning] Connector ignored: Could not find targetRPort of RPortInCompositionInstanceRef below AssemblySwConnector "/E40_Platform_System_SystemPackage/Compositions/E40_Platform_System/MemAbstract_Stub_Safe_BsConst_Compensation_Line_Shift_b_SafeNvM_BsConst_Compensation_Line_Shift_b_11".
                        [Warning] Connector ignored: Could not find targetRPort of RPortInCompositionInstanceRef below AssemblySwConnector "/E40_Platform_System_SystemPackage/Compositions/E40_Platform_System/MemAbstract_Stub_Safe_BsConst_Temp_Threshold_Hysteresis_Derating_SafeNvM_BsConst_Temp_Threshold_Hysteresis_Derating_11".
                        [Warning] Connector ignored: Could not find targetRPort of RPortInCompositionInstanceRef below AssemblySwConnector "/E40_Platform_System_SystemPackage/Compositions/E40_Platform_System/MemAbstract_Stub_Safe_BsConst_Display_Illum_Max_Level_Safe_SafeNvM_BsConst_Display_Illum_Max_Level_Safe_11".
                        [Warning] Connector ignored: Could not find targetRPort of RPortInCompositionInstanceRef below AssemblySwConnector "/E40_Platform_System_SystemPackage/Compositions/E40_Platform_System/MemAbstract_Stub_Safe_BsConst_Lookup_Curve_HotSpot_Coef_X_SafeNvM_BsConst_Lookup_Curve_HotSpot_Coef_X_12".
                        [Warning] Connector ignored: Could not find targetRPort of RPortInCompositionInstanceRef below AssemblySwConnector "/E40_Platform_System_SystemPackage/Compositions/E40_Platform_System/MemAbstract_Stub_Safe_BsConst_Display_Illum_Max_Level_Safe_SafeNvM_BsConst_Display_Illum_Max_Level_Safe_12".
                        [Warning] Connector ignored: Could not find targetRPort of RPortInCompositionInstanceRef below AssemblySwConnector "/E40_Platform_System_SystemPackage/Compositions/E40_Platform_System/MemAbstract_Stub_Safe_BsConst_PCB_Temperature_Sensor_Conv_SafeNvM_BsConst_PCB_Temperature_Sensor_Conv_12".
                        [Warning] Connector ignored: Could not find targetRPort of RPortInCompositionInstanceRef below AssemblySwConnector "/E40_Platform_System_SystemPackage/Compositions/E40_Platform_System/MemAbstract_Stub_Safe_BsConst_BsConst_Illumination_ReservedByte_SafeNvM_BsConst_BsConst_Illumination_ReservedByte_12".
                        [Warning] Connector ignored: Could not find targetRPort of RPortInCompositionInstanceRef below AssemblySwConnector "/E40_Platform_System_SystemPackage/Compositions/E40_Platform_System/MemAbstract_Stub_Safe_BsConst_Compensation_Line_Slope_m_SafeNvM_BsConst_Compensation_Line_Slope_m_12".
                        [Warning] Connector ignored: Could not find targetRPort of RPortInCompositionInstanceRef below AssemblySwConnector "/E40_Platform_System_SystemPackage/Compositions/E40_Platform_System/MemAbstract_Stub_Safe_BsConst_Lookup_Curve_HotSpot_Coef_Y_SafeNvM_BsConst_Lookup_Curve_HotSpot_Coef_Y_12".
                        [Warning] Connector ignored: Could not find targetRPort of RPortInCompositionInstanceRef below AssemblySwConnector "/E40_Platform_System_SystemPackage/Compositions/E40_Platform_System/MemAbstract_Stub_Safe_BsConst_PWM_boost_bypass_duty_SafeNvM_BsConst_PWM_boost_bypass_duty_12".
                        [Warning] Connector ignored: Could not find targetRPort of RPortInCompositionInstanceRef below AssemblySwConnector "/E40_Platform_System_SystemPackage/Compositions/E40_Platform_System/MemAbstract_Stub_Safe_BsConst_Temperature_Sensor_Conv_SafeNvM_BsConst_Temperature_Sensor_Conv_12".
                        [Warning] Connector ignored: Could not find targetRPort of RPortInCompositionInstanceRef below AssemblySwConnector "/E40_Platform_System_SystemPackage/Compositions/E40_Platform_System/MemAbstract_Stub_Safe_BsConst_Compensation_Line_Shift_b_SafeNvM_BsConst_Compensation_Line_Shift_b_12".
                        [Warning] Connector ignored: Could not find targetRPort of RPortInCompositionInstanceRef below AssemblySwConnector "/E40_Platform_System_SystemPackage/Compositions/E40_Platform_System/MemAbstract_Stub_Safe_BsConst_Derating_Backlight_Disable_SafeNvM_BsConst_Derating_Backlight_Disable_12".
                        [Warning] Connector ignored: Could not find targetRPort of RPortInCompositionInstanceRef below AssemblySwConnector "/E40_Platform_System_SystemPackage/Compositions/E40_Platform_System/MemAbstract_Stub_Safe_BsConst_Temp_Threshold_Hysteresis_Derating_SafeNvM_BsConst_Temp_Threshold_Hysteresis_Derating_12".
 09:58:00 - Action 'Update RTE configuration' successfully finished with warnings.
                 [Warning] DataMapping ignored: ContextPort is missing: SenderReceiverToSignalMapping [communicationDirection:null, dataElement:VariableDataPrototypeInSystemInstanceRef [contextComponent:[], contextComposition:null, contextPort:null, targetDataPrototype:/PortInterfaces/Ambient_Light_level/Ambient_Light_level], derived-state:false, eventGroup:[], eventHandler:[], serviceInstance:[], systemSignal:/Signal/Ambient_Light_level, variationPoint:null].
                   [Warning] DataMapping ignored: ContextPort is missing: SenderReceiverToSignalMapping [communicationDirection:null, dataElement:VariableDataPrototypeInSystemInstanceRef [contextComponent:[], contextComposition:null, contextPort:null, targetDataPrototype:/PortInterfaces/DayNightMode/DayNightMode], derived-state:false, eventGroup:[], eventHandler:[], serviceInstance:[], systemSignal:/Signal/DayNightMode, variationPoint:null].
                   [Warning] DataMapping ignored: ContextPort is missing: SenderReceiverToSignalMapping [communicationDirection:null, dataElement:VariableDataPrototypeInSystemInstanceRef [contextComponent:[], contextComposition:null, contextPort:null, targetDataPrototype:/PortInterfaces/Gear/Gear], derived-state:false, eventGroup:[], eventHandler:[], serviceInstance:[], systemSignal:/Signal/Gear, variationPoint:null].
                   [Warning] DataMapping ignored: ContextPort is missing: SenderReceiverToSignalMapping [communicationDirection:null, dataElement:VariableDataPrototypeInSystemInstanceRef [contextComponent:[], contextComposition:null, contextPort:null, targetDataPrototype:/PortInterfaces/GearMode/GearMode], derived-state:false, eventGroup:[], eventHandler:[], serviceInstance:[], systemSignal:/Signal/GearMode, variationPoint:null].
                   [Warning] DataMapping ignored: ContextPort is missing: SenderReceiverToSignalMapping [communicationDirection:null, dataElement:VariableDataPrototypeInSystemInstanceRef [contextComponent:[], contextComposition:null, contextPort:null, targetDataPrototype:/PortInterfaces/GearRecommendation/GearRecommendation], derived-state:false, eventGroup:[], eventHandler:[], serviceInstance:[], systemSignal:/Signal/GearRecommendation, variationPoint:null].
                   [Warning] DataMapping ignored: ContextPort is missing: SenderReceiverToSignalMapping [communicationDirection:null, dataElement:VariableDataPrototypeInSystemInstanceRef [contextComponent:[], contextComposition:null, contextPort:null, targetDataPrototype:/PortInterfaces/GearStatus/GearStatus], derived-state:false, eventGroup:[], eventHandler:[], serviceInstance:[], systemSignal:/Signal/GearStatus, variationPoint:null].
                   [Warning] DataMapping ignored: ContextPort is missing: SenderReceiverToSignalMapping [communicationDirection:null, dataElement:VariableDataPrototypeInSystemInstanceRef [contextComponent:[], contextComposition:null, contextPort:null, targetDataPrototype:/PortInterfaces/Illumination_level/Illumination_level], derived-state:false, eventGroup:[], eventHandler:[], serviceInstance:[], systemSignal:/Signal/Illumination_level, variationPoint:null].
                   [Warning] DataMapping ignored: ContextPort is missing: SenderReceiverToSignalMapping [communicationDirection:null, dataElement:VariableDataPrototypeInSystemInstanceRef [contextComponent:[], contextComposition:null, contextPort:null, targetDataPrototype:/PortInterfaces/PowerMode/PowerMode], derived-state:false, eventGroup:[], eventHandler:[], serviceInstance:[], systemSignal:/Signal/PowerMode, variationPoint:null].
                   [Warning] DataMapping ignored: ContextPort is missing: SenderReceiverToSignalMapping [communicationDirection:null, dataElement:VariableDataPrototypeInSystemInstanceRef [contextComponent:[], contextComposition:null, contextPort:null, targetDataPrototype:/PortInterfaces/TransportMode/TransportMode], derived-state:false, eventGroup:[], eventHandler:[], serviceInstance:[], systemSignal:/Signal/TransportMode, variationPoint:null].
                   [Warning] DataMapping ignored: ContextPort is missing: SenderReceiverToSignalMapping [communicationDirection:null, dataElement:VariableDataPrototypeInSystemInstanceRef [contextComponent:[], contextComposition:null, contextPort:null, targetDataPrototype:/PortInterfaces/Warning/Warning], derived-state:false, eventGroup:[], eventHandler:[], serviceInstance:[], systemSignal:/Signal/Warning, variationPoint:null].
                   [Warning] DataMapping ignored: ContextPort is missing: SenderReceiverToSignalMapping [communicationDirection:null, dataElement:VariableDataPrototypeInSystemInstanceRef [contextComponent:[], contextComposition:null, contextPort:null, targetDataPrototype:/PortInterfaces/Battery_Voltage/Battery_Voltage], derived-state:false, eventGroup:[], eventHandler:[], serviceInstance:[], systemSignal:/Signal/Battery_Voltage, variationPoint:null].
                   [Warning] DataMapping ignored: ContextPort is missing: SenderReceiverToSignalMapping [communicationDirection:null, dataElement:VariableDataPrototypeInSystemInstanceRef [contextComponent:[], contextComposition:null, contextPort:null, targetDataPrototype:/PortInterfaces/Debug1_Byte0/Debug1_Byte0], derived-state:false, eventGroup:[], eventHandler:[], serviceInstance:[], systemSignal:/Signal/Debug1_Byte0, variationPoint:null].
                   [Warning] DataMapping ignored: ContextPort is missing: SenderReceiverToSignalMapping [communicationDirection:null, dataElement:VariableDataPrototypeInSystemInstanceRef [contextComponent:[], contextComposition:null, contextPort:null, targetDataPrototype:/PortInterfaces/Debug1_Byte1/Debug1_Byte1], derived-state:false, eventGroup:[], eventHandler:[], serviceInstance:[], systemSignal:/Signal/Debug1_Byte1, variationPoint:null].
                   [Warning] DataMapping ignored: ContextPort is missing: SenderReceiverToSignalMapping [communicationDirection:null, dataElement:VariableDataPrototypeInSystemInstanceRef [contextComponent:[], contextComposition:null, contextPort:null, targetDataPrototype:/PortInterfaces/Debug1_Byte2/Debug1_Byte2], derived-state:false, eventGroup:[], eventHandler:[], serviceInstance:[], systemSignal:/Signal/Debug1_Byte2, variationPoint:null].
                   [Warning] DataMapping ignored: ContextPort is missing: SenderReceiverToSignalMapping [communicationDirection:null, dataElement:VariableDataPrototypeInSystemInstanceRef [contextComponent:[], contextComposition:null, contextPort:null, targetDataPrototype:/PortInterfaces/Debug1_Byte3/Debug1_Byte3], derived-state:false, eventGroup:[], eventHandler:[], serviceInstance:[], systemSignal:/Signal/Debug1_Byte3, variationPoint:null].
                   [Warning] DataMapping ignored: ContextPort is missing: SenderReceiverToSignalMapping [communicationDirection:null, dataElement:VariableDataPrototypeInSystemInstanceRef [contextComponent:[], contextComposition:null, contextPort:null, targetDataPrototype:/PortInterfaces/Debug1_Byte4/Debug1_Byte4], derived-state:false, eventGroup:[], eventHandler:[], serviceInstance:[], systemSignal:/Signal/Debug1_Byte4, variationPoint:null].
                   [Warning] DataMapping ignored: ContextPort is missing: SenderReceiverToSignalMapping [communicationDirection:null, dataElement:VariableDataPrototypeInSystemInstanceRef [contextComponent:[], contextComposition:null, contextPort:null, targetDataPrototype:/PortInterfaces/Debug1_Byte5/Debug1_Byte5], derived-state:false, eventGroup:[], eventHandler:[], serviceInstance:[], systemSignal:/Signal/Debug1_Byte5, variationPoint:null].
                   [Warning] DataMapping ignored: ContextPort is missing: SenderReceiverToSignalMapping [communicationDirection:null, dataElement:VariableDataPrototypeInSystemInstanceRef [contextComponent:[], contextComposition:null, contextPort:null, targetDataPrototype:/PortInterfaces/Debug1_Byte6/Debug1_Byte6], derived-state:false, eventGroup:[], eventHandler:[], serviceInstance:[], systemSignal:/Signal/Debug1_Byte6, variationPoint:null].
                   [Warning] DataMapping ignored: ContextPort is missing: SenderReceiverToSignalMapping [communicationDirection:null, dataElement:VariableDataPrototypeInSystemInstanceRef [contextComponent:[], contextComposition:null, contextPort:null, targetDataPrototype:/PortInterfaces/Debug1_Byte7/Debug1_Byte7], derived-state:false, eventGroup:[], eventHandler:[], serviceInstance:[], systemSignal:/Signal/Debug1_Byte7, variationPoint:null].
                   [Warning] DataMapping ignored: ContextPort is missing: SenderReceiverToSignalMapping [communicationDirection:null, dataElement:VariableDataPrototypeInSystemInstanceRef [contextComponent:[], contextComposition:null, contextPort:null, targetDataPrototype:/PortInterfaces/Debug2_Byte0/Debug2_Byte0], derived-state:false, eventGroup:[], eventHandler:[], serviceInstance:[], systemSignal:/Signal/Debug2_Byte0, variationPoint:null].
                   [Warning] DataMapping ignored: ContextPort is missing: SenderReceiverToSignalMapping [communicationDirection:null, dataElement:VariableDataPrototypeInSystemInstanceRef [contextComponent:[], contextComposition:null, contextPort:null, targetDataPrototype:/PortInterfaces/Debug2_Byte1/Debug2_Byte1], derived-state:false, eventGroup:[], eventHandler:[], serviceInstance:[], systemSignal:/Signal/Debug2_Byte1, variationPoint:null].
                   [Warning] DataMapping ignored: ContextPort is missing: SenderReceiverToSignalMapping [communicationDirection:null, dataElement:VariableDataPrototypeInSystemInstanceRef [contextComponent:[], contextComposition:null, contextPort:null, targetDataPrototype:/PortInterfaces/Debug2_Byte2/Debug2_Byte2], derived-state:false, eventGroup:[], eventHandler:[], serviceInstance:[], systemSignal:/Signal/Debug2_Byte2, variationPoint:null].
                   [Warning] DataMapping ignored: ContextPort is missing: SenderReceiverToSignalMapping [communicationDirection:null, dataElement:VariableDataPrototypeInSystemInstanceRef [contextComponent:[], contextComposition:null, contextPort:null, targetDataPrototype:/PortInterfaces/Debug2_Byte3/Debug2_Byte3], derived-state:false, eventGroup:[], eventHandler:[], serviceInstance:[], systemSignal:/Signal/Debug2_Byte3, variationPoint:null].
                   [Warning] DataMapping ignored: ContextPort is missing: SenderReceiverToSignalMapping [communicationDirection:null, dataElement:VariableDataPrototypeInSystemInstanceRef [contextComponent:[], contextComposition:null, contextPort:null, targetDataPrototype:/PortInterfaces/Debug2_Byte4/Debug2_Byte4], derived-state:false, eventGroup:[], eventHandler:[], serviceInstance:[], systemSignal:/Signal/Debug2_Byte4, variationPoint:null].
                   [Warning] DataMapping ignored: ContextPort is missing: SenderReceiverToSignalMapping [communicationDirection:null, dataElement:VariableDataPrototypeInSystemInstanceRef [contextComponent:[], contextComposition:null, contextPort:null, targetDataPrototype:/PortInterfaces/Debug2_Byte5/Debug2_Byte5], derived-state:false, eventGroup:[], eventHandler:[], serviceInstance:[], systemSignal:/Signal/Debug2_Byte5, variationPoint:null].
                   [Warning] DataMapping ignored: ContextPort is missing: SenderReceiverToSignalMapping [communicationDirection:null, dataElement:VariableDataPrototypeInSystemInstanceRef [contextComponent:[], contextComposition:null, contextPort:null, targetDataPrototype:/PortInterfaces/Debug2_Byte6/Debug2_Byte6], derived-state:false, eventGroup:[], eventHandler:[], serviceInstance:[], systemSignal:/Signal/Debug2_Byte6, variationPoint:null].
                   [Warning] DataMapping ignored: ContextPort is missing: SenderReceiverToSignalMapping [communicationDirection:null, dataElement:VariableDataPrototypeInSystemInstanceRef [contextComponent:[], contextComposition:null, contextPort:null, targetDataPrototype:/PortInterfaces/Debug2_Byte7/Debug2_Byte7], derived-state:false, eventGroup:[], eventHandler:[], serviceInstance:[], systemSignal:/Signal/Debug2_Byte7, variationPoint:null].
                   [Warning] DataMapping ignored: ContextPort is missing: SenderReceiverToSignalMapping [communicationDirection:null, dataElement:VariableDataPrototypeInSystemInstanceRef [contextComponent:[], contextComposition:null, contextPort:null, targetDataPrototype:/PortInterfaces/Debug3_Byte0/Debug3_Byte0], derived-state:false, eventGroup:[], eventHandler:[], serviceInstance:[], systemSignal:/Signal/Debug3_Byte0, variationPoint:null].
                   [Warning] DataMapping ignored: ContextPort is missing: SenderReceiverToSignalMapping [communicationDirection:null, dataElement:VariableDataPrototypeInSystemInstanceRef [contextComponent:[], contextComposition:null, contextPort:null, targetDataPrototype:/PortInterfaces/Debug3_Byte1/Debug3_Byte1], derived-state:false, eventGroup:[], eventHandler:[], serviceInstance:[], systemSignal:/Signal/Debug3_Byte1, variationPoint:null].
                   [Warning] DataMapping ignored: ContextPort is missing: SenderReceiverToSignalMapping [communicationDirection:null, dataElement:VariableDataPrototypeInSystemInstanceRef [contextComponent:[], contextComposition:null, contextPort:null, targetDataPrototype:/PortInterfaces/Debug3_Byte2/Debug3_Byte2], derived-state:false, eventGroup:[], eventHandler:[], serviceInstance:[], systemSignal:/Signal/Debug3_Byte2, variationPoint:null].
                   [Warning] DataMapping ignored: ContextPort is missing: SenderReceiverToSignalMapping [communicationDirection:null, dataElement:VariableDataPrototypeInSystemInstanceRef [contextComponent:[], contextComposition:null, contextPort:null, targetDataPrototype:/PortInterfaces/Debug3_Byte3/Debug3_Byte3], derived-state:false, eventGroup:[], eventHandler:[], serviceInstance:[], systemSignal:/Signal/Debug3_Byte3, variationPoint:null].
                   [Warning] DataMapping ignored: ContextPort is missing: SenderReceiverToSignalMapping [communicationDirection:null, dataElement:VariableDataPrototypeInSystemInstanceRef [contextComponent:[], contextComposition:null, contextPort:null, targetDataPrototype:/PortInterfaces/Debug3_Byte4/Debug3_Byte4], derived-state:false, eventGroup:[], eventHandler:[], serviceInstance:[], systemSignal:/Signal/Debug3_Byte4, variationPoint:null].
                   [Warning] DataMapping ignored: ContextPort is missing: SenderReceiverToSignalMapping [communicationDirection:null, dataElement:VariableDataPrototypeInSystemInstanceRef [contextComponent:[], contextComposition:null, contextPort:null, targetDataPrototype:/PortInterfaces/Debug3_Byte5/Debug3_Byte5], derived-state:false, eventGroup:[], eventHandler:[], serviceInstance:[], systemSignal:/Signal/Debug3_Byte5, variationPoint:null].
                   [Warning] DataMapping ignored: ContextPort is missing: SenderReceiverToSignalMapping [communicationDirection:null, dataElement:VariableDataPrototypeInSystemInstanceRef [contextComponent:[], contextComposition:null, contextPort:null, targetDataPrototype:/PortInterfaces/Debug3_Byte6/Debug3_Byte6], derived-state:false, eventGroup:[], eventHandler:[], serviceInstance:[], systemSignal:/Signal/Debug3_Byte6, variationPoint:null].
                   [Warning] DataMapping ignored: ContextPort is missing: SenderReceiverToSignalMapping [communicationDirection:null, dataElement:VariableDataPrototypeInSystemInstanceRef [contextComponent:[], contextComposition:null, contextPort:null, targetDataPrototype:/PortInterfaces/Debug3_Byte7/Debug3_Byte7], derived-state:false, eventGroup:[], eventHandler:[], serviceInstance:[], systemSignal:/Signal/Debug3_Byte7, variationPoint:null].
                   [Warning] DataMapping ignored: ContextPort is missing: SenderReceiverToSignalMapping [communicationDirection:null, dataElement:VariableDataPrototypeInSystemInstanceRef [contextComponent:[], contextComposition:null, contextPort:null, targetDataPrototype:/PortInterfaces/Debug4_Byte0/Debug4_Byte0], derived-state:false, eventGroup:[], eventHandler:[], serviceInstance:[], systemSignal:/Signal/Debug4_Byte0, variationPoint:null].
                   [Warning] DataMapping ignored: ContextPort is missing: SenderReceiverToSignalMapping [communicationDirection:null, dataElement:VariableDataPrototypeInSystemInstanceRef [contextComponent:[], contextComposition:null, contextPort:null, targetDataPrototype:/PortInterfaces/Debug4_Byte1/Debug4_Byte1], derived-state:false, eventGroup:[], eventHandler:[], serviceInstance:[], systemSignal:/Signal/Debug4_Byte1, variationPoint:null].
                   [Warning] DataMapping ignored: ContextPort is missing: SenderReceiverToSignalMapping [communicationDirection:null, dataElement:VariableDataPrototypeInSystemInstanceRef [contextComponent:[], contextComposition:null, contextPort:null, targetDataPrototype:/PortInterfaces/Debug4_Byte2/Debug4_Byte2], derived-state:false, eventGroup:[], eventHandler:[], serviceInstance:[], systemSignal:/Signal/Debug4_Byte2, variationPoint:null].
                   [Warning] DataMapping ignored: ContextPort is missing: SenderReceiverToSignalMapping [communicationDirection:null, dataElement:VariableDataPrototypeInSystemInstanceRef [contextComponent:[], contextComposition:null, contextPort:null, targetDataPrototype:/PortInterfaces/Debug4_Byte3/Debug4_Byte3], derived-state:false, eventGroup:[], eventHandler:[], serviceInstance:[], systemSignal:/Signal/Debug4_Byte3, variationPoint:null].
                   [Warning] DataMapping ignored: ContextPort is missing: SenderReceiverToSignalMapping [communicationDirection:null, dataElement:VariableDataPrototypeInSystemInstanceRef [contextComponent:[], contextComposition:null, contextPort:null, targetDataPrototype:/PortInterfaces/Debug4_Byte4/Debug4_Byte4], derived-state:false, eventGroup:[], eventHandler:[], serviceInstance:[], systemSignal:/Signal/Debug4_Byte4, variationPoint:null].
                   [Warning] DataMapping ignored: ContextPort is missing: SenderReceiverToSignalMapping [communicationDirection:null, dataElement:VariableDataPrototypeInSystemInstanceRef [contextComponent:[], contextComposition:null, contextPort:null, targetDataPrototype:/PortInterfaces/Debug4_Byte5/Debug4_Byte5], derived-state:false, eventGroup:[], eventHandler:[], serviceInstance:[], systemSignal:/Signal/Debug4_Byte5, variationPoint:null].
                   [Warning] DataMapping ignored: ContextPort is missing: SenderReceiverToSignalMapping [communicationDirection:null, dataElement:VariableDataPrototypeInSystemInstanceRef [contextComponent:[], contextComposition:null, contextPort:null, targetDataPrototype:/PortInterfaces/Debug4_Byte6/Debug4_Byte6], derived-state:false, eventGroup:[], eventHandler:[], serviceInstance:[], systemSignal:/Signal/Debug4_Byte6, variationPoint:null].
                   [Warning] DataMapping ignored: ContextPort is missing: SenderReceiverToSignalMapping [communicationDirection:null, dataElement:VariableDataPrototypeInSystemInstanceRef [contextComponent:[], contextComposition:null, contextPort:null, targetDataPrototype:/PortInterfaces/Debug4_Byte7/Debug4_Byte7], derived-state:false, eventGroup:[], eventHandler:[], serviceInstance:[], systemSignal:/Signal/Debug4_Byte7, variationPoint:null].
                   [Warning] DataMapping ignored: ContextPort is missing: SenderReceiverToSignalMapping [communicationDirection:null, dataElement:VariableDataPrototypeInSystemInstanceRef [contextComponent:[], contextComposition:null, contextPort:null, targetDataPrototype:/PortInterfaces/Debug5_Byte0/Debug5_Byte0], derived-state:false, eventGroup:[], eventHandler:[], serviceInstance:[], systemSignal:/Signal/Debug5_Byte0, variationPoint:null].
                   [Warning] DataMapping ignored: ContextPort is missing: SenderReceiverToSignalMapping [communicationDirection:null, dataElement:VariableDataPrototypeInSystemInstanceRef [contextComponent:[], contextComposition:null, contextPort:null, targetDataPrototype:/PortInterfaces/Debug5_Byte1/Debug5_Byte1], derived-state:false, eventGroup:[], eventHandler:[], serviceInstance:[], systemSignal:/Signal/Debug5_Byte1, variationPoint:null].
                   [Warning] DataMapping ignored: ContextPort is missing: SenderReceiverToSignalMapping [communicationDirection:null, dataElement:VariableDataPrototypeInSystemInstanceRef [contextComponent:[], contextComposition:null, contextPort:null, targetDataPrototype:/PortInterfaces/Debug5_Byte2/Debug5_Byte2], derived-state:false, eventGroup:[], eventHandler:[], serviceInstance:[], systemSignal:/Signal/Debug5_Byte2, variationPoint:null].
                   [Warning] DataMapping ignored: ContextPort is missing: SenderReceiverToSignalMapping [communicationDirection:null, dataElement:VariableDataPrototypeInSystemInstanceRef [contextComponent:[], contextComposition:null, contextPort:null, targetDataPrototype:/PortInterfaces/Debug5_Byte3/Debug5_Byte3], derived-state:false, eventGroup:[], eventHandler:[], serviceInstance:[], systemSignal:/Signal/Debug5_Byte3, variationPoint:null].
                   [Warning] DataMapping ignored: ContextPort is missing: SenderReceiverToSignalMapping [communicationDirection:null, dataElement:VariableDataPrototypeInSystemInstanceRef [contextComponent:[], contextComposition:null, contextPort:null, targetDataPrototype:/PortInterfaces/Debug5_Byte4/Debug5_Byte4], derived-state:false, eventGroup:[], eventHandler:[], serviceInstance:[], systemSignal:/Signal/Debug5_Byte4, variationPoint:null].
                   [Warning] DataMapping ignored: ContextPort is missing: SenderReceiverToSignalMapping [communicationDirection:null, dataElement:VariableDataPrototypeInSystemInstanceRef [contextComponent:[], contextComposition:null, contextPort:null, targetDataPrototype:/PortInterfaces/Debug5_Byte5/Debug5_Byte5], derived-state:false, eventGroup:[], eventHandler:[], serviceInstance:[], systemSignal:/Signal/Debug5_Byte5, variationPoint:null].
                   [Warning] DataMapping ignored: ContextPort is missing: SenderReceiverToSignalMapping [communicationDirection:null, dataElement:VariableDataPrototypeInSystemInstanceRef [contextComponent:[], contextComposition:null, contextPort:null, targetDataPrototype:/PortInterfaces/Debug5_Byte6/Debug5_Byte6], derived-state:false, eventGroup:[], eventHandler:[], serviceInstance:[], systemSignal:/Signal/Debug5_Byte6, variationPoint:null].
                   [Warning] DataMapping ignored: ContextPort is missing: SenderReceiverToSignalMapping [communicationDirection:null, dataElement:VariableDataPrototypeInSystemInstanceRef [contextComponent:[], contextComposition:null, contextPort:null, targetDataPrototype:/PortInterfaces/Debug5_Byte7/Debug5_Byte7], derived-state:false, eventGroup:[], eventHandler:[], serviceInstance:[], systemSignal:/Signal/Debug5_Byte7, variationPoint:null].
                   [Warning] DataMapping ignored: ContextPort is missing: SenderReceiverToSignalMapping [communicationDirection:null, dataElement:VariableDataPrototypeInSystemInstanceRef [contextComponent:[], contextComposition:null, contextPort:null, targetDataPrototype:/PortInterfaces/FV_Tx/FV_Tx], derived-state:false, eventGroup:[], eventHandler:[], serviceInstance:[], systemSignal:/Signal/FV_Tx, variationPoint:null].
                   [Warning] DataMapping ignored: ContextPort is missing: SenderReceiverToSignalMapping [communicationDirection:null, dataElement:VariableDataPrototypeInSystemInstanceRef [contextComponent:[], contextComposition:null, contextPort:null, targetDataPrototype:/PortInterfaces/Illumination_PWM/Illumination_PWM], derived-state:false, eventGroup:[], eventHandler:[], serviceInstance:[], systemSignal:/Signal/Illumination_PWM, variationPoint:null].
                   [Warning] DataMapping ignored: ContextPort is missing: SenderReceiverToSignalMapping [communicationDirection:null, dataElement:VariableDataPrototypeInSystemInstanceRef [contextComponent:[], contextComposition:null, contextPort:null, targetDataPrototype:/PortInterfaces/MAC_Tx/MAC_Tx], derived-state:false, eventGroup:[], eventHandler:[], serviceInstance:[], systemSignal:/Signal/MAC_Tx, variationPoint:null].
                   [Warning] DataMapping ignored: ContextPort is missing: SenderReceiverToSignalMapping [communicationDirection:null, dataElement:VariableDataPrototypeInSystemInstanceRef [contextComponent:[], contextComposition:null, contextPort:null, targetDataPrototype:/PortInterfaces/Odometer/Odometer], derived-state:false, eventGroup:[], eventHandler:[], serviceInstance:[], systemSignal:/Signal/Odometer, variationPoint:null].
                   [Warning] DataMapping ignored: ContextPort is missing: SenderReceiverToSignalMapping [communicationDirection:null, dataElement:VariableDataPrototypeInSystemInstanceRef [contextComponent:[], contextComposition:null, contextPort:null, targetDataPrototype:/PortInterfaces/SecureTxByte0/SecureTxByte0], derived-state:false, eventGroup:[], eventHandler:[], serviceInstance:[], systemSignal:/Signal/SecureTxByte0, variationPoint:null].
                   [Warning] DataMapping ignored: ContextPort is missing: SenderReceiverToSignalMapping [communicationDirection:null, dataElement:VariableDataPrototypeInSystemInstanceRef [contextComponent:[], contextComposition:null, contextPort:null, targetDataPrototype:/PortInterfaces/SecureTxByte1/SecureTxByte1], derived-state:false, eventGroup:[], eventHandler:[], serviceInstance:[], systemSignal:/Signal/SecureTxByte1, variationPoint:null].
                   [Warning] DataMapping ignored: ContextPort is missing: SenderReceiverToSignalMapping [communicationDirection:null, dataElement:VariableDataPrototypeInSystemInstanceRef [contextComponent:[], contextComposition:null, contextPort:null, targetDataPrototype:/PortInterfaces/SecureTxByte2/SecureTxByte2], derived-state:false, eventGroup:[], eventHandler:[], serviceInstance:[], systemSignal:/Signal/SecureTxByte2, variationPoint:null].
                   [Warning] DataMapping ignored: ContextPort is missing: SenderReceiverToSignalMapping [communicationDirection:null, dataElement:VariableDataPrototypeInSystemInstanceRef [contextComponent:[], contextComposition:null, contextPort:null, targetDataPrototype:/PortInterfaces/SecureTxByte3/SecureTxByte3], derived-state:false, eventGroup:[], eventHandler:[], serviceInstance:[], systemSignal:/Signal/SecureTxByte3, variationPoint:null].
                   [Warning] DataMapping ignored: ContextPort is missing: SenderReceiverToSignalMapping [communicationDirection:null, dataElement:VariableDataPrototypeInSystemInstanceRef [contextComponent:[], contextComposition:null, contextPort:null, targetDataPrototype:/PortInterfaces/VehicleSpeedIC/VehicleSpeedIC], derived-state:false, eventGroup:[], eventHandler:[], serviceInstance:[], systemSignal:/Signal/VehicleSpeedIC, variationPoint:null].
                   [Warning] DataMapping ignored: ContextPort is missing: SenderReceiverToSignalGroupMapping [communicationDirection:null, dataElement:VariableDataPrototypeInSystemInstanceRef [contextComponent:[], contextComposition:null, contextPort:null, targetDataPrototype:/PortInterfaces/SG_COM_HS/SG_COM_HS], derived-state:false, eventGroup:[], eventHandler:[], serviceInstance:[], signalGroup:/Signal/SG_COM_HS, typeMapping:SenderRecRecordTypeMapping [recordElementMapping:[SenderRecRecordElementMapping [applicationRecordElement:null, complexTypeMapping:null, implementationRecordElement:/DataTypes/SG_COM_HS/Alive_200, systemSignal:/Signal/Alive_200], SenderRecRecordElementMapping [applicationRecordElement:null, complexTypeMapping:null, implementationRecordElement:/DataTypes/SG_COM_HS/Battery_Voltage, systemSignal:/Signal/Battery_Voltage], SenderRecRecordElementMapping [applicationRecordElement:null, complexTypeMapping:null, implementationRecordElement:/DataTypes/SG_COM_HS/CRC_200, systemSignal:/Signal/CRC_200]]], variationPoint:null].
                   [Warning] Connector ignored: Could not find targetRPort of RPortInCompositionInstanceRef below AssemblySwConnector "/E40_Platform_System_SystemPackage/Compositions/E40_Platform_System/E40_Platform_System_SR_DmnMgrrpSR_SleepStatus_CSleepManagerppSR_SleepStatus_If_SR_SleepStatus".
                   [Warning] Connector ignored: Could not find targetRPort of RPortInCompositionInstanceRef below AssemblySwConnector "/E40_Platform_System_SystemPackage/Compositions/E40_Platform_System/E40_Platform_System_CS_EcuAppMrp_CmpLibCmd_rp_CmpLibCmd_CSleepManager_CSleepManagerpp_CmpLibCmd_if_CS_ModeOnCommand".
                   [Warning] Connector ignored: Could not find targetRPort of RPortInCompositionInstanceRef below AssemblySwConnector "/E40_Platform_System_SystemPackage/Compositions/E40_Platform_System/E40_Platform_System_SR_EcuAppMrpSR_SleepStatus_CSleepManagerppSR_SleepStatus_If_SR_SleepStatus".
                   [Warning] Connector ignored: Could not find targetRPort of RPortInCompositionInstanceRef below AssemblySwConnector "/E40_Platform_System_SystemPackage/Compositions/E40_Platform_System/NvBlockSwComponentType_BsShare_VisMeet_Element_MemAbstractStub_BsShare_VisMeet_Element_4".
                   [Warning] Connector ignored: Could not find targetRPort of RPortInCompositionInstanceRef below AssemblySwConnector "/E40_Platform_System_SystemPackage/Compositions/E40_Platform_System/NvBlockSwComponentType_BsDiag_Dtc_Element_MemAbstractStub_BsDiag_Dtc_Element_4".
                   [Warning] Connector ignored: Could not find targetRPort of RPortInCompositionInstanceRef below AssemblySwConnector "/E40_Platform_System_SystemPackage/Compositions/E40_Platform_System/NvBlockSwComponentType_BsRt_OilGauge_Element_MemAbstractStub_BsRt_OilGauge_Element_4".
                   [Warning] Connector ignored: Could not find targetRPort of RPortInCompositionInstanceRef below AssemblySwConnector "/E40_Platform_System_SystemPackage/Compositions/E40_Platform_System/NvBlockSwComponentType_BsConst_ServiceReminder_Element_MemAbstractStub_BsConst_ServiceReminder_Element_4".
                   [Warning] Connector ignored: Could not find targetRPort of RPortInCompositionInstanceRef below AssemblySwConnector "/E40_Platform_System_SystemPackage/Compositions/E40_Platform_System/NvBlockSwComponentType_BsRt_TachoGauge_Element_MemAbstractStub_BsRt_TachoGauge_Element_4".
                   [Warning] Connector ignored: Could not find targetRPort of RPortInCompositionInstanceRef below AssemblySwConnector "/E40_Platform_System_SystemPackage/Compositions/E40_Platform_System/NvBlockSwComponentType_BsConst_EngOffTimer_Element_MemAbstractStub_BsConst_EngOffTimer_Element_4".
                   [Warning] Connector ignored: Could not find targetRPort of RPortInCompositionInstanceRef below AssemblySwConnector "/E40_Platform_System_SystemPackage/Compositions/E40_Platform_System/NvBlockSwComponentType_BsShare_ProductSerialNumber_MemAbstractStub_BsShare_ProductSerialNumber_1".
                   [Warning] Connector ignored: Could not find targetRPort of RPortInCompositionInstanceRef below AssemblySwConnector "/E40_Platform_System_SystemPackage/Compositions/E40_Platform_System/NvBlockSwComponentType_BsConst_OilGauge_Element_MemAbstractStub_BsConst_OilGauge_Element_4".
                   [Warning] Connector ignored: Could not find targetRPort of RPortInCompositionInstanceRef below AssemblySwConnector "/E40_Platform_System_SystemPackage/Compositions/E40_Platform_System/NvBlockSwComponentType_BsRt_Odometer_Element_MemAbstractStub_BsRt_Odometer_Element_4".
                   [Warning] Connector ignored: Could not find targetPPort of PPortInCompositionInstanceRef below AssemblySwConnector "/E40_Platform_System_SystemPackage/Compositions/E40_Platform_System/NvBlockSwComponentType_BsConst_Illumination_Element_MemAbstractStub_BsConst_Illumination_Element_4".
                   [Warning] Connector ignored: Could not find targetPPort of PPortInCompositionInstanceRef below AssemblySwConnector "/E40_Platform_System_SystemPackage/Compositions/E40_Platform_System/NvBlockSwComponentType_BsFuSa_FeatureData_Display_Element_MemAbstractStub_BsFuSa_FeatureData_Display_Element".
                   [Warning] Connector ignored: Could not find targetRPort of RPortInCompositionInstanceRef below AssemblySwConnector "/E40_Platform_System_SystemPackage/Compositions/E40_Platform_System/NvBlockSwComponentType_BsReten_Audio_Element_MemAbstractStub_BsReten_Audio_Element_4".
                   [Warning] Connector ignored: Could not find targetRPort of RPortInCompositionInstanceRef below AssemblySwConnector "/E40_Platform_System_SystemPackage/Compositions/E40_Platform_System/NvBlockSwComponentType_BsRt_TripComputer_Element_MemAbstractStub_BsRt_TripComputer_Element_4".
                   [Warning] Connector ignored: Could not find targetRPort of RPortInCompositionInstanceRef below AssemblySwConnector "/E40_Platform_System_SystemPackage/Compositions/E40_Platform_System/NvBlockSwComponentType_BsReten_Power_Element_MemAbstractStub_BsReten_Power_Element_4".
                   [Warning] Connector ignored: Could not find targetPPort of PPortInCompositionInstanceRef below AssemblySwConnector "/E40_Platform_System_SystemPackage/Compositions/E40_Platform_System/NvBlockSwComponentType_BsFuSa_FeatureData_Audio_Element_MemAbstractStub_BsFuSa_FeatureData_Audio_Element".
                   [Warning] Connector ignored: Could not find targetRPort of RPortInCompositionInstanceRef below AssemblySwConnector "/E40_Platform_System_SystemPackage/Compositions/E40_Platform_System/NvBlockSwComponentType_BsShare_SwUpdFotadecrypt_Element_MemAbstractStub_BsShare_SwUpdFotadecrypt_Element_4".
                   [Warning] Connector ignored: Could not find targetRPort of RPortInCompositionInstanceRef below AssemblySwConnector "/E40_Platform_System_SystemPackage/Compositions/E40_Platform_System/NvBlockSwComponentType_BsConst_Communication_Element_MemAbstractStub_BsConst_Communication_Element_4".
                   [Warning] Connector ignored: Could not find targetRPort of RPortInCompositionInstanceRef below AssemblySwConnector "/E40_Platform_System_SystemPackage/Compositions/E40_Platform_System/NvBlockSwComponentType_BsRt_TempGauge_Element_MemAbstractStub_BsRt_TempGauge_Element_4".
                   [Warning] Connector ignored: Could not find targetRPort of RPortInCompositionInstanceRef below AssemblySwConnector "/E40_Platform_System_SystemPackage/Compositions/E40_Platform_System/NvBlockSwComponentType_BsRt_SpeedoGauge_Element_MemAbstractStub_BsRt_SpeedoGauge_Element_4".
                   [Warning] Connector ignored: Could not find targetRPort of RPortInCompositionInstanceRef below AssemblySwConnector "/E40_Platform_System_SystemPackage/Compositions/E40_Platform_System/NvBlockSwComponentType_BsShare_SwUpdReflash_Element_MemAbstractStub_BsShare_SwUpdReflash_Element_4".
                   [Warning] Connector ignored: Could not find targetPPort of PPortInCompositionInstanceRef below AssemblySwConnector "/E40_Platform_System_SystemPackage/Compositions/E40_Platform_System/NvBlockSwComponentType_BsFuSa_FeatureData_Fota_Element_MemAbstractStub_BsFuSa_FeatureData_Fota_Element".
                   [Warning] Connector ignored: Could not find targetRPort of RPortInCompositionInstanceRef below AssemblySwConnector "/E40_Platform_System_SystemPackage/Compositions/E40_Platform_System/NvBlockSwComponentType_BsShare_SwUpdFotaStatus_Element_MemAbstractStub_BsShare_SwUpdFotaStatus_Element_4".
                   [Warning] Connector ignored: Could not find targetPPort of PPortInCompositionInstanceRef below AssemblySwConnector "/E40_Platform_System_SystemPackage/Compositions/E40_Platform_System/NvBlockSwComponentType_BsFuSa_FeatureData_Communication_Element_MemAbstractStub_BsFuSa_FeatureData_Communication_Element".
                   [Warning] Connector ignored: Could not find targetRPort of RPortInCompositionInstanceRef below AssemblySwConnector "/E40_Platform_System_SystemPackage/Compositions/E40_Platform_System/NvBlockSwComponentType_BsShare_EcuPartNumber_Element_MemAbstractStub_BsShare_EcuPartNumber_Element_4".
                   [Warning] Connector ignored: Could not find targetRPort of RPortInCompositionInstanceRef below AssemblySwConnector "/E40_Platform_System_SystemPackage/Compositions/E40_Platform_System/NvBlockSwComponentType_BsConst_PowerGauge_Element_MemAbstractStub_BsConst_PowerGauge_Element_4".
                   [Warning] Connector ignored: Could not find targetRPort of RPortInCompositionInstanceRef below AssemblySwConnector "/E40_Platform_System_SystemPackage/Compositions/E40_Platform_System/NvBlockSwComponentType_BsConst_RealTimeClock_Element_MemAbstractStub_BsConst_RealTimeClock_Element_4".
                   [Warning] Connector ignored: Could not find targetRPort of RPortInCompositionInstanceRef below AssemblySwConnector "/E40_Platform_System_SystemPackage/Compositions/E40_Platform_System/NvBlockSwComponentType_BsReten_Communication_Element_MemAbstractStub_BsReten_Communication_Element_4".
                   [Warning] Connector ignored: Could not find targetPPort of PPortInCompositionInstanceRef below AssemblySwConnector "/E40_Platform_System_SystemPackage/Compositions/E40_Platform_System/NvBlockSwComponentType_BsFuSa_FeatureData_Power_Element_MemAbstractStub_BsFuSa_FeatureData_Power_Element".
                   [Warning] Connector ignored: Could not find targetRPort of RPortInCompositionInstanceRef below AssemblySwConnector "/E40_Platform_System_SystemPackage/Compositions/E40_Platform_System/NvBlockSwComponentType_BsShare_PCBSerialNumber_MemAbstractStub_BsShare_PCBSerialNumber_1".
                   [Warning] Connector ignored: Could not find targetRPort of RPortInCompositionInstanceRef below AssemblySwConnector "/E40_Platform_System_SystemPackage/Compositions/E40_Platform_System/NvBlockSwComponentType_RefCys_Certicificate_Element_MemAbstractStub_RefCys_Certicificate_Element_4".
                   [Warning] Connector ignored: Could not find targetRPort of RPortInCompositionInstanceRef below AssemblySwConnector "/E40_Platform_System_SystemPackage/Compositions/E40_Platform_System/NvBlockSwComponentType_BsReten_Illumination_Element_MemAbstractStub_BsReten_Illumination_Element_4".
                   [Warning] Connector ignored: Could not find targetRPort of RPortInCompositionInstanceRef below AssemblySwConnector "/E40_Platform_System_SystemPackage/Compositions/E40_Platform_System/NvBlockSwComponentType_BsReten_Tripcomputer_Element_MemAbstractStub_BsReten_Tripcomputer_Element_4".
                   [Warning] Connector ignored: Could not find targetRPort of RPortInCompositionInstanceRef below AssemblySwConnector "/E40_Platform_System_SystemPackage/Compositions/E40_Platform_System/NvBlockSwComponentType_BsConst_FuelGauge_Element_MemAbstractStub_BsConst_FuelGauge_Element_4".
                   [Warning] Connector ignored: Could not find targetRPort of RPortInCompositionInstanceRef below AssemblySwConnector "/E40_Platform_System_SystemPackage/Compositions/E40_Platform_System/NvBlockSwComponentType_BsRt_PowerGauge_Element_MemAbstractStub_BsRt_PowerGauge_Element_4".
                   [Warning] Connector ignored: Could not find targetRPort of RPortInCompositionInstanceRef below AssemblySwConnector "/E40_Platform_System_SystemPackage/Compositions/E40_Platform_System/NvBlockSwComponentType_BsShare_HWModification_MemAbstractStub_BsShare_HWModification_1".
                   [Warning] Connector ignored: Could not find targetRPort of RPortInCompositionInstanceRef below AssemblySwConnector "/E40_Platform_System_SystemPackage/Compositions/E40_Platform_System/NvBlockSwComponentType_BsShare_AssemblyManufacturingDate_MemAbstractStub_BsShare_AssemblyManufacturingDate_1".
                   [Warning] Connector ignored: Could not find targetPPort of PPortInCompositionInstanceRef below AssemblySwConnector "/E40_Platform_System_SystemPackage/Compositions/E40_Platform_System/NvBlockSwComponentType_BsReten_VisDlt_Element_MemAbstractStub_BsReten_VisDlt_Element_4".
                   [Warning] Connector ignored: Could not find targetRPort of RPortInCompositionInstanceRef below AssemblySwConnector "/E40_Platform_System_SystemPackage/Compositions/E40_Platform_System/NvBlockSwComponentType_RefCys_Certicificate1_Element_MemAbstractStub_RefCys_Certicificate1_Element_4".
                   [Warning] Connector ignored: Could not find targetRPort of RPortInCompositionInstanceRef below AssemblySwConnector "/E40_Platform_System_SystemPackage/Compositions/E40_Platform_System/NvBlockSwComponentType_BsRt_FuelGauge_Element_MemAbstractStub_BsRt_FuelGauge_Element_4".
                   [Warning] Connector ignored: Could not find targetRPort of RPortInCompositionInstanceRef below AssemblySwConnector "/E40_Platform_System_SystemPackage/Compositions/E40_Platform_System/NvBlockSwComponentType_BsReten_Odometer_Element_MemAbstractStub_BsReten_Odometer_Element_4".
                   [Warning] Connector ignored: Could not find targetRPort of RPortInCompositionInstanceRef below AssemblySwConnector "/E40_Platform_System_SystemPackage/Compositions/E40_Platform_System/NvBlockSwComponentType_BsShare_SMTPlantNumber_MemAbstractStub_BsShare_SMTPlantNumber_1".
                   [Warning] Connector ignored: Could not find targetRPort of RPortInCompositionInstanceRef below AssemblySwConnector "/E40_Platform_System_SystemPackage/Compositions/E40_Platform_System/NvBlockSwComponentType_BsConst_SpeedoGauge_Element_MemAbstractStub_BsConst_SpeedoGauge_Element_4".
                   [Warning] Connector ignored: Could not find targetRPort of RPortInCompositionInstanceRef below AssemblySwConnector "/E40_Platform_System_SystemPackage/Compositions/E40_Platform_System/NvBlockSwComponentType_BsConst_TripComputer_Element_MemAbstractStub_BsConst_TripComputer_Element_4".
                   [Warning] Connector ignored: Could not find targetRPort of RPortInCompositionInstanceRef below AssemblySwConnector "/E40_Platform_System_SystemPackage/Compositions/E40_Platform_System/NvBlockSwComponentType_BsShare_VisMeet_EOLEntry_Element_MemAbstractStub_BsShare_VisMeet_EOLEntry_Element_2".
                   [Warning] Connector ignored: Could not find targetRPort of RPortInCompositionInstanceRef below AssemblySwConnector "/E40_Platform_System_SystemPackage/Compositions/E40_Platform_System/NvBlockSwComponentType_BsReten_Display_Element_MemAbstractStub_BsReten_Display_Element_4".
                   [Warning] Connector ignored: Could not find targetRPort of RPortInCompositionInstanceRef below AssemblySwConnector "/E40_Platform_System_SystemPackage/Compositions/E40_Platform_System/NvBlockSwComponentType_BsRt_CusDlt_Element_MemAbstractStub_BsRt_CusDlt_Element_4".
                   [Warning] Connector ignored: Could not find targetRPort of RPortInCompositionInstanceRef below AssemblySwConnector "/E40_Platform_System_SystemPackage/Compositions/E40_Platform_System/NvBlockSwComponentType_BsRt_Personalization_Element_MemAbstractStub_BsRt_Personalization_Element_4".
                   [Warning] Connector ignored: Could not find targetRPort of RPortInCompositionInstanceRef below AssemblySwConnector "/E40_Platform_System_SystemPackage/Compositions/E40_Platform_System/NvBlockSwComponentType_BsRt_Warning_Element_MemAbstractStub_BsRt_Warning_Element_4".
                   [Warning] Connector ignored: Could not find targetRPort of RPortInCompositionInstanceRef below AssemblySwConnector "/E40_Platform_System_SystemPackage/Compositions/E40_Platform_System/NvBlockSwComponentType_BsConst_TachoGauge_Element_MemAbstractStub_BsConst_TachoGauge_Element_4".
                   [Warning] Connector ignored: Could not find targetRPort of RPortInCompositionInstanceRef below AssemblySwConnector "/E40_Platform_System_SystemPackage/Compositions/E40_Platform_System/NvBlockSwComponentType_BsShare_VisteonPCBPartNumber_MemAbstractStub_BsShare_VisteonPCBPartNumber_1".
                   [Warning] Connector ignored: Could not find targetRPort of RPortInCompositionInstanceRef below AssemblySwConnector "/E40_Platform_System_SystemPackage/Compositions/E40_Platform_System/NvBlockSwComponentType_BsShare_AssemblyPlantNumber_MemAbstractStub_BsShare_AssemblyPlantNumber_1".
                   [Warning] Connector ignored: Could not find targetRPort of RPortInCompositionInstanceRef below AssemblySwConnector "/E40_Platform_System_SystemPackage/Compositions/E40_Platform_System/NvBlockSwComponentType_BsDiag_ErrorRecord_Element_MemAbstractStub_BsDiag_ErrorRecord_Element_4".
                   [Warning] Connector ignored: Could not find targetRPort of RPortInCompositionInstanceRef below AssemblySwConnector "/E40_Platform_System_SystemPackage/Compositions/E40_Platform_System/NvBlockSwComponentType_BsCys_Certicificate_Element_MemAbstractStub_BsCys_Certicificate_Element_4".
                   [Warning] Connector ignored: Could not find targetRPort of RPortInCompositionInstanceRef below AssemblySwConnector "/E40_Platform_System_SystemPackage/Compositions/E40_Platform_System/NvBlockSwComponentType_BsReten_Warning_Element_MemAbstractStub_BsReten_Warning_Element_4".
                   [Warning] Connector ignored: Could not find targetRPort of RPortInCompositionInstanceRef below AssemblySwConnector "/E40_Platform_System_SystemPackage/Compositions/E40_Platform_System/NvBlockSwComponentType_BsRt_Illumination_Element_MemAbstractStub_BsRt_Illumination_Element_4".
                   [Warning] Connector ignored: Could not find targetPPort of PPortInCompositionInstanceRef below AssemblySwConnector "/E40_Platform_System_SystemPackage/Compositions/E40_Platform_System/NvBlockSwComponentType_BsFuSa_FeatureData_Warning_Element_MemAbstractStub_BsFuSa_FeatureData_Warning_Element".
                   [Warning] Connector ignored: Could not find targetRPort of RPortInCompositionInstanceRef below AssemblySwConnector "/E40_Platform_System_SystemPackage/Compositions/E40_Platform_System/NvBlockSwComponentType_BsShare_SwUpdFotaFinPrint_Element_MemAbstractStub_BsShare_SwUpdFotaFinPrint_Element_4".
                   [Warning] Connector ignored: Could not find targetRPort of RPortInCompositionInstanceRef below AssemblySwConnector "/E40_Platform_System_SystemPackage/Compositions/E40_Platform_System/NvBlockSwComponentType_BsShare_VehicleConfig_Element_MemAbstractStub_BsShare_VehicleConfig_Element_4".
                   [Warning] Connector ignored: Could not find targetRPort of RPortInCompositionInstanceRef below AssemblySwConnector "/E40_Platform_System_SystemPackage/Compositions/E40_Platform_System/NvBlockSwComponentType_BsReten_RealTimeClock_Element_MemAbstractStub_BsReten_RealTimeClock_Element_4".
                   [Warning] Connector ignored: Could not find targetRPort of RPortInCompositionInstanceRef below AssemblySwConnector "/E40_Platform_System_SystemPackage/Compositions/E40_Platform_System/NvBlockSwComponentType_BsRt_RealTimeClock_Element_MemAbstractStub_BsRt_RealTimeClock_Element_4".
                   [Warning] Connector ignored: Could not find targetRPort of RPortInCompositionInstanceRef below AssemblySwConnector "/E40_Platform_System_SystemPackage/Compositions/E40_Platform_System/NvBlockSwComponentType_BsReten_Gauges_Element_MemAbstractStub_BsReten_Gauges_Element_4".
                   [Warning] Connector ignored: Could not find targetRPort of RPortInCompositionInstanceRef below AssemblySwConnector "/E40_Platform_System_SystemPackage/Compositions/E40_Platform_System/NvBlockSwComponentType_BsConst_TempGauge_Element_MemAbstractStub_BsConst_TempGauge_Element_4".
                   [Warning] Connector ignored: Could not find targetRPort of RPortInCompositionInstanceRef below AssemblySwConnector "/E40_Platform_System_SystemPackage/Compositions/E40_Platform_System/NvBlockSwComponentType_BsConst_Warning_Element_MemAbstractStub_BsConst_Warning_Element_4".
                   [Warning] Connector ignored: Could not find targetRPort of RPortInCompositionInstanceRef below AssemblySwConnector "/E40_Platform_System_SystemPackage/Compositions/E40_Platform_System/NvBlockSwComponentType_BsConst_Audio_Element_MemAbstractStub_BsConst_Audio_Element_4".
                   [Warning] Connector ignored: Could not find targetRPort of RPortInCompositionInstanceRef below AssemblySwConnector "/E40_Platform_System_SystemPackage/Compositions/E40_Platform_System/NvBlockSwComponentType_BsConst_Power_Element_MemAbstractStub_BsConst_Power_Element_4".
                   [Warning] Connector ignored: Could not find targetRPort of RPortInCompositionInstanceRef below AssemblySwConnector "/E40_Platform_System_SystemPackage/Compositions/E40_Platform_System/NvBlockSwComponentType_BsShare_VisteonPartNumber_MemAbstractStub_BsShare_VisteonPartNumber_1".
                   [Warning] Connector ignored: Could not find targetRPort of RPortInCompositionInstanceRef below AssemblySwConnector "/E40_Platform_System_SystemPackage/Compositions/E40_Platform_System/NvBlockSwComponentType_BsShare_SMTManufacturingDate_MemAbstractStub_BsShare_SMTManufacturingDate_1".
                   [Warning] Connector ignored: Could not find targetRPort of RPortInCompositionInstanceRef below AssemblySwConnector "/E40_Platform_System_SystemPackage/Compositions/E40_Platform_System/NvBlockSwComponentType_BsShare_SwUpdFotaMode_Element_MemAbstractStub_BsShare_SwUpdFotaMode_Element_4".
                   [Warning] Connector ignored: Could not find targetRPort of RPortInCompositionInstanceRef below AssemblySwConnector "/E40_Platform_System_SystemPackage/Compositions/E40_Platform_System/NvBlockSwComponentType_BsReten_Personalization_Element_MemAbstractStub_BsReten_Personalization_Element_4".
                   [Warning] Connector ignored: Could not find targetRPort of RPortInCompositionInstanceRef below AssemblySwConnector "/E40_Platform_System_SystemPackage/Compositions/E40_Platform_System/NvBlockSwComponentType_BsRt_TachoGauge_Element_MemAbstractStub_BsRt_TachoGauge_Element_5".
                   [Warning] Connector ignored: Could not find targetRPort of RPortInCompositionInstanceRef below AssemblySwConnector "/E40_Platform_System_SystemPackage/Compositions/E40_Platform_System/NvBlockSwComponentType_BsRt_PowerGauge_Element_MemAbstractStub_BsRt_PowerGauge_Element_5".
                   [Warning] Connector ignored: Could not find targetRPort of RPortInCompositionInstanceRef below AssemblySwConnector "/E40_Platform_System_SystemPackage/Compositions/E40_Platform_System/NvBlockSwComponentType_BsReten_Audio_Element_MemAbstractStub_BsReten_Audio_Element_5".
                   [Warning] Connector ignored: Could not find targetRPort of RPortInCompositionInstanceRef below AssemblySwConnector "/E40_Platform_System_SystemPackage/Compositions/E40_Platform_System/NvBlockSwComponentType_BsConst_TachoGauge_Element_MemAbstractStub_BsConst_TachoGauge_Element_5".
                   [Warning] Connector ignored: Could not find targetRPort of RPortInCompositionInstanceRef below AssemblySwConnector "/E40_Platform_System_SystemPackage/Compositions/E40_Platform_System/NvBlockSwComponentType_RefCys_Certicificate1_Element_MemAbstractStub_RefCys_Certicificate1_Element_5".
                   [Warning] Connector ignored: Could not find targetRPort of RPortInCompositionInstanceRef below AssemblySwConnector "/E40_Platform_System_SystemPackage/Compositions/E40_Platform_System/NvBlockSwComponentType_BsConst_PowerGauge_Element_MemAbstractStub_BsConst_PowerGauge_Element_5".
                   [Warning] Connector ignored: Could not find targetRPort of RPortInCompositionInstanceRef below AssemblySwConnector "/E40_Platform_System_SystemPackage/Compositions/E40_Platform_System/NvBlockSwComponentType_BsRt_Odometer_Element_MemAbstractStub_BsRt_Odometer_Element_5".
                   [Warning] Connector ignored: Could not find targetRPort of RPortInCompositionInstanceRef below AssemblySwConnector "/E40_Platform_System_SystemPackage/Compositions/E40_Platform_System/NvBlockSwComponentType_BsConst_TempGauge_Element_MemAbstractStub_BsConst_TempGauge_Element_5".
                   [Warning] Connector ignored: Could not find targetRPort of RPortInCompositionInstanceRef below AssemblySwConnector "/E40_Platform_System_SystemPackage/Compositions/E40_Platform_System/NvBlockSwComponentType_BsConst_Audio_Element_MemAbstractStub_BsConst_Audio_Element_5".
                   [Warning] Connector ignored: Could not find targetRPort of RPortInCompositionInstanceRef below AssemblySwConnector "/E40_Platform_System_SystemPackage/Compositions/E40_Platform_System/NvBlockSwComponentType_BsConst_Communication_Element_MemAbstractStub_BsConst_Communication_Element_5".
                   [Warning] Connector ignored: Could not find targetRPort of RPortInCompositionInstanceRef below AssemblySwConnector "/E40_Platform_System_SystemPackage/Compositions/E40_Platform_System/NvBlockSwComponentType_BsShare_VehicleConfig_Element_MemAbstractStub_BsShare_VehicleConfig_Element_5".
                   [Warning] Connector ignored: Could not find targetRPort of RPortInCompositionInstanceRef below AssemblySwConnector "/E40_Platform_System_SystemPackage/Compositions/E40_Platform_System/NvBlockSwComponentType_BsConst_EngOffTimer_Element_MemAbstractStub_BsConst_EngOffTimer_Element_5".
                   [Warning] Connector ignored: Could not find targetRPort of RPortInCompositionInstanceRef below AssemblySwConnector "/E40_Platform_System_SystemPackage/Compositions/E40_Platform_System/NvBlockSwComponentType_BsConst_FuelGauge_Element_MemAbstractStub_BsConst_FuelGauge_Element_5".
                   [Warning] Connector ignored: Could not find targetRPort of RPortInCompositionInstanceRef below AssemblySwConnector "/E40_Platform_System_SystemPackage/Compositions/E40_Platform_System/NvBlockSwComponentType_BsCys_Certicificate_Element_MemAbstractStub_BsCys_Certicificate_Element_5".
                   [Warning] Connector ignored: Could not find targetRPort of RPortInCompositionInstanceRef below AssemblySwConnector "/E40_Platform_System_SystemPackage/Compositions/E40_Platform_System/NvBlockSwComponentType_BsReten_RealTimeClock_Element_MemAbstractStub_BsReten_RealTimeClock_Element_5".
                   [Warning] Connector ignored: Could not find targetRPort of RPortInCompositionInstanceRef below AssemblySwConnector "/E40_Platform_System_SystemPackage/Compositions/E40_Platform_System/NvBlockSwComponentType_BsShare_PCBSerialNumber_MemAbstractStub_BsShare_PCBSerialNumber_2".
                   [Warning] Connector ignored: Could not find targetRPort of RPortInCompositionInstanceRef below AssemblySwConnector "/E40_Platform_System_SystemPackage/Compositions/E40_Platform_System/NvBlockSwComponentType_BsRt_Illumination_Element_MemAbstractStub_BsRt_Illumination_Element_5".
                   [Warning] Connector ignored: Could not find targetRPort of RPortInCompositionInstanceRef below AssemblySwConnector "/E40_Platform_System_SystemPackage/Compositions/E40_Platform_System/NvBlockSwComponentType_BsReten_Illumination_Element_MemAbstractStub_BsReten_Illumination_Element_5".
                   [Warning] Connector ignored: Could not find targetRPort of RPortInCompositionInstanceRef below AssemblySwConnector "/E40_Platform_System_SystemPackage/Compositions/E40_Platform_System/NvBlockSwComponentType_BsReten_Display_Element_MemAbstractStub_BsReten_Display_Element_5".
                   [Warning] Connector ignored: Could not find targetRPort of RPortInCompositionInstanceRef below AssemblySwConnector "/E40_Platform_System_SystemPackage/Compositions/E40_Platform_System/NvBlockSwComponentType_BsShare_AssemblyPlantNumber_MemAbstractStub_BsShare_AssemblyPlantNumber_2".
                   [Warning] Connector ignored: Could not find targetRPort of RPortInCompositionInstanceRef below AssemblySwConnector "/E40_Platform_System_SystemPackage/Compositions/E40_Platform_System/NvBlockSwComponentType_BsConst_SpeedoGauge_Element_MemAbstractStub_BsConst_SpeedoGauge_Element_5".
                   [Warning] Connector ignored: Could not find targetRPort of RPortInCompositionInstanceRef below AssemblySwConnector "/E40_Platform_System_SystemPackage/Compositions/E40_Platform_System/NvBlockSwComponentType_BsReten_Gauges_Element_MemAbstractStub_BsReten_Gauges_Element_5".
                   [Warning] Connector ignored: Could not find targetRPort of RPortInCompositionInstanceRef below AssemblySwConnector "/E40_Platform_System_SystemPackage/Compositions/E40_Platform_System/NvBlockSwComponentType_BsConst_OilGauge_Element_MemAbstractStub_BsConst_OilGauge_Element_5".
                   [Warning] Connector ignored: Could not find targetRPort of RPortInCompositionInstanceRef below AssemblySwConnector "/E40_Platform_System_SystemPackage/Compositions/E40_Platform_System/NvBlockSwComponentType_BsConst_ServiceReminder_Element_MemAbstractStub_BsConst_ServiceReminder_Element_5".
                   [Warning] Connector ignored: Could not find targetRPort of RPortInCompositionInstanceRef below AssemblySwConnector "/E40_Platform_System_SystemPackage/Compositions/E40_Platform_System/NvBlockSwComponentType_BsRt_SpeedoGauge_Element_MemAbstractStub_BsRt_SpeedoGauge_Element_5".
                   [Warning] Connector ignored: Could not find targetRPort of RPortInCompositionInstanceRef below AssemblySwConnector "/E40_Platform_System_SystemPackage/Compositions/E40_Platform_System/NvBlockSwComponentType_BsReten_Warning_Element_MemAbstractStub_BsReten_Warning_Element_5".
                   [Warning] Connector ignored: Could not find targetRPort of RPortInCompositionInstanceRef below AssemblySwConnector "/E40_Platform_System_SystemPackage/Compositions/E40_Platform_System/NvBlockSwComponentType_BsConst_Power_Element_MemAbstractStub_BsConst_Power_Element_5".
                   [Warning] Connector ignored: Could not find targetRPort of RPortInCompositionInstanceRef below AssemblySwConnector "/E40_Platform_System_SystemPackage/Compositions/E40_Platform_System/NvBlockSwComponentType_BsShare_SwUpdFotaStatus_Element_MemAbstractStub_BsShare_SwUpdFotaStatus_Element_5".
                   [Warning] Connector ignored: Could not find targetRPort of RPortInCompositionInstanceRef below AssemblySwConnector "/E40_Platform_System_SystemPackage/Compositions/E40_Platform_System/NvBlockSwComponentType_BsShare_SwUpdFotaMode_Element_MemAbstractStub_BsShare_SwUpdFotaMode_Element_5".
                   [Warning] Connector ignored: Could not find targetRPort of RPortInCompositionInstanceRef below AssemblySwConnector "/E40_Platform_System_SystemPackage/Compositions/E40_Platform_System/NvBlockSwComponentType_BsDiag_Dtc_Element_MemAbstractStub_BsDiag_Dtc_Element_5".
                   [Warning] Connector ignored: Could not find targetRPort of RPortInCompositionInstanceRef below AssemblySwConnector "/E40_Platform_System_SystemPackage/Compositions/E40_Platform_System/NvBlockSwComponentType_BsShare_VisMeet_Element_MemAbstractStub_BsShare_VisMeet_Element_5".
                   [Warning] Connector ignored: Could not find targetRPort of RPortInCompositionInstanceRef below AssemblySwConnector "/E40_Platform_System_SystemPackage/Compositions/E40_Platform_System/NvBlockSwComponentType_RefCys_Certicificate_Element_MemAbstractStub_RefCys_Certicificate_Element_5".
                   [Warning] Connector ignored: Could not find targetRPort of RPortInCompositionInstanceRef below AssemblySwConnector "/E40_Platform_System_SystemPackage/Compositions/E40_Platform_System/NvBlockSwComponentType_BsShare_SwUpdFotadecrypt_Element_MemAbstractStub_BsShare_SwUpdFotadecrypt_Element_5".
                   [Warning] Connector ignored: Could not find targetRPort of RPortInCompositionInstanceRef below AssemblySwConnector "/E40_Platform_System_SystemPackage/Compositions/E40_Platform_System/NvBlockSwComponentType_BsConst_RealTimeClock_Element_MemAbstractStub_BsConst_RealTimeClock_Element_5".
                   [Warning] Connector ignored: Could not find targetRPort of RPortInCompositionInstanceRef below AssemblySwConnector "/E40_Platform_System_SystemPackage/Compositions/E40_Platform_System/NvBlockSwComponentType_BsRt_FuelGauge_Element_MemAbstractStub_BsRt_FuelGauge_Element_5".
                   [Warning] Connector ignored: Could not find targetRPort of RPortInCompositionInstanceRef below AssemblySwConnector "/E40_Platform_System_SystemPackage/Compositions/E40_Platform_System/NvBlockSwComponentType_BsConst_TripComputer_Element_MemAbstractStub_BsConst_TripComputer_Element_5".
                   [Warning] Connector ignored: Could not find targetRPort of RPortInCompositionInstanceRef below AssemblySwConnector "/E40_Platform_System_SystemPackage/Compositions/E40_Platform_System/NvBlockSwComponentType_BsShare_AssemblyManufacturingDate_MemAbstractStub_BsShare_AssemblyManufacturingDate_2".
                   [Warning] Connector ignored: Could not find targetRPort of RPortInCompositionInstanceRef below AssemblySwConnector "/E40_Platform_System_SystemPackage/Compositions/E40_Platform_System/NvBlockSwComponentType_BsShare_SwUpdReflash_Element_MemAbstractStub_BsShare_SwUpdReflash_Element_5".
                   [Warning] Connector ignored: Could not find targetRPort of RPortInCompositionInstanceRef below AssemblySwConnector "/E40_Platform_System_SystemPackage/Compositions/E40_Platform_System/NvBlockSwComponentType_BsShare_HWModification_MemAbstractStub_BsShare_HWModification_2".
                   [Warning] Connector ignored: Could not find targetPPort of PPortInCompositionInstanceRef below AssemblySwConnector "/E40_Platform_System_SystemPackage/Compositions/E40_Platform_System/NvBlockSwComponentType_BsReten_VisDlt_Element_MemAbstractStub_BsReten_VisDlt_Element_5".
                   [Warning] Connector ignored: Could not find targetRPort of RPortInCompositionInstanceRef below AssemblySwConnector "/E40_Platform_System_SystemPackage/Compositions/E40_Platform_System/NvBlockSwComponentType_BsRt_RealTimeClock_Element_MemAbstractStub_BsRt_RealTimeClock_Element_5".
                   [Warning] Connector ignored: Could not find targetRPort of RPortInCompositionInstanceRef below AssemblySwConnector "/E40_Platform_System_SystemPackage/Compositions/E40_Platform_System/NvBlockSwComponentType_BsDiag_ErrorRecord_Element_MemAbstractStub_BsDiag_ErrorRecord_Element_5".
                   [Warning] Connector ignored: Could not find targetRPort of RPortInCompositionInstanceRef below AssemblySwConnector "/E40_Platform_System_SystemPackage/Compositions/E40_Platform_System/NvBlockSwComponentType_BsShare_SMTPlantNumber_MemAbstractStub_BsShare_SMTPlantNumber_2".
                   [Warning] Connector ignored: Could not find targetRPort of RPortInCompositionInstanceRef below AssemblySwConnector "/E40_Platform_System_SystemPackage/Compositions/E40_Platform_System/NvBlockSwComponentType_BsReten_Communication_Element_MemAbstractStub_BsReten_Communication_Element_5".
                   [Warning] Connector ignored: Could not find targetRPort of RPortInCompositionInstanceRef below AssemblySwConnector "/E40_Platform_System_SystemPackage/Compositions/E40_Platform_System/NvBlockSwComponentType_BsShare_ProductSerialNumber_MemAbstractStub_BsShare_ProductSerialNumber_2".
                   [Warning] Connector ignored: Could not find targetRPort of RPortInCompositionInstanceRef below AssemblySwConnector "/E40_Platform_System_SystemPackage/Compositions/E40_Platform_System/NvBlockSwComponentType_BsShare_EcuPartNumber_Element_MemAbstractStub_BsShare_EcuPartNumber_Element_5".
                   [Warning] Connector ignored: Could not find targetRPort of RPortInCompositionInstanceRef below AssemblySwConnector "/E40_Platform_System_SystemPackage/Compositions/E40_Platform_System/NvBlockSwComponentType_BsShare_SMTManufacturingDate_MemAbstractStub_BsShare_SMTManufacturingDate_2".
                   [Warning] Connector ignored: Could not find targetRPort of RPortInCompositionInstanceRef below AssemblySwConnector "/E40_Platform_System_SystemPackage/Compositions/E40_Platform_System/NvBlockSwComponentType_BsReten_Power_Element_MemAbstractStub_BsReten_Power_Element_5".
                   [Warning] Connector ignored: Could not find targetRPort of RPortInCompositionInstanceRef below AssemblySwConnector "/E40_Platform_System_SystemPackage/Compositions/E40_Platform_System/NvBlockSwComponentType_BsReten_Personalization_Element_MemAbstractStub_BsReten_Personalization_Element_5".
                   [Warning] Connector ignored: Could not find targetRPort of RPortInCompositionInstanceRef below AssemblySwConnector "/E40_Platform_System_SystemPackage/Compositions/E40_Platform_System/NvBlockSwComponentType_BsShare_VisteonPCBPartNumber_MemAbstractStub_BsShare_VisteonPCBPartNumber_2".
                   [Warning] Connector ignored: Could not find targetRPort of RPortInCompositionInstanceRef below AssemblySwConnector "/E40_Platform_System_SystemPackage/Compositions/E40_Platform_System/NvBlockSwComponentType_BsShare_VisMeet_EOLEntry_Element_MemAbstractStub_BsShare_VisMeet_EOLEntry_Element_3".
                   [Warning] Connector ignored: Could not find targetRPort of RPortInCompositionInstanceRef below AssemblySwConnector "/E40_Platform_System_SystemPackage/Compositions/E40_Platform_System/NvBlockSwComponentType_BsReten_Tripcomputer_Element_MemAbstractStub_BsReten_Tripcomputer_Element_5".
                   [Warning] Connector ignored: Could not find targetRPort of RPortInCompositionInstanceRef below AssemblySwConnector "/E40_Platform_System_SystemPackage/Compositions/E40_Platform_System/NvBlockSwComponentType_BsRt_OilGauge_Element_MemAbstractStub_BsRt_OilGauge_Element_5".
                   [Warning] Connector ignored: Could not find targetRPort of RPortInCompositionInstanceRef below AssemblySwConnector "/E40_Platform_System_SystemPackage/Compositions/E40_Platform_System/NvBlockSwComponentType_BsShare_VisteonPartNumber_MemAbstractStub_BsShare_VisteonPartNumber_2".
                   [Warning] Connector ignored: Could not find targetRPort of RPortInCompositionInstanceRef below AssemblySwConnector "/E40_Platform_System_SystemPackage/Compositions/E40_Platform_System/NvBlockSwComponentType_BsRt_TempGauge_Element_MemAbstractStub_BsRt_TempGauge_Element_5".
                   [Warning] Connector ignored: Could not find targetRPort of RPortInCompositionInstanceRef below AssemblySwConnector "/E40_Platform_System_SystemPackage/Compositions/E40_Platform_System/NvBlockSwComponentType_BsReten_Odometer_Element_MemAbstractStub_BsReten_Odometer_Element_5".
                   [Warning] Connector ignored: Could not find targetRPort of RPortInCompositionInstanceRef below AssemblySwConnector "/E40_Platform_System_SystemPackage/Compositions/E40_Platform_System/NvBlockSwComponentType_BsRt_Personalization_Element_MemAbstractStub_BsRt_Personalization_Element_5".
                   [Warning] Connector ignored: Could not find targetRPort of RPortInCompositionInstanceRef below AssemblySwConnector "/E40_Platform_System_SystemPackage/Compositions/E40_Platform_System/NvBlockSwComponentType_BsRt_TripComputer_Element_MemAbstractStub_BsRt_TripComputer_Element_5".
                   [Warning] Connector ignored: Could not find targetRPort of RPortInCompositionInstanceRef below AssemblySwConnector "/E40_Platform_System_SystemPackage/Compositions/E40_Platform_System/NvBlockSwComponentType_BsRt_Warning_Element_MemAbstractStub_BsRt_Warning_Element_5".
                   [Warning] Connector ignored: Could not find targetRPort of RPortInCompositionInstanceRef below AssemblySwConnector "/E40_Platform_System_SystemPackage/Compositions/E40_Platform_System/NvBlockSwComponentType_BsConst_Warning_Element_MemAbstractStub_BsConst_Warning_Element_5".
                   [Warning] Connector ignored: Could not find targetRPort of RPortInCompositionInstanceRef below AssemblySwConnector "/E40_Platform_System_SystemPackage/Compositions/E40_Platform_System/NvBlockSwComponentType_BsRt_CusDlt_Element_MemAbstractStub_BsRt_CusDlt_Element_5".
                   [Warning] Connector ignored: Could not find targetRPort of RPortInCompositionInstanceRef below AssemblySwConnector "/E40_Platform_System_SystemPackage/Compositions/E40_Platform_System/NvBlockSwComponentType_BsShare_SwUpdFotaFinPrint_Element_MemAbstractStub_BsShare_SwUpdFotaFinPrint_Element_5".
                   [Warning] Connector ignored: Could not find targetRPort of RPortInCompositionInstanceRef below AssemblySwConnector "/E40_Platform_System_SystemPackage/Compositions/E40_Platform_System/NvBlockSwComponentType_BsReten_Tripcomputer_Element_MemAbstractStub_BsReten_Tripcomputer_Element_6".
                   [Warning] Connector ignored: Could not find targetRPort of RPortInCompositionInstanceRef below AssemblySwConnector "/E40_Platform_System_SystemPackage/Compositions/E40_Platform_System/NvBlockSwComponentType_BsConst_Derating_Backlight_Disable_SafeCopy1_MemAbstractStub_BsConst_Derating_Backlight_Disable_SafeCopy1".
                   [Warning] Connector ignored: Could not find targetRPort of RPortInCompositionInstanceRef below AssemblySwConnector "/E40_Platform_System_SystemPackage/Compositions/E40_Platform_System/NvBlockSwComponentType_BsConst_TripComputer_Element_MemAbstractStub_BsConst_TripComputer_Element_6".
                   [Warning] Connector ignored: Could not find targetRPort of RPortInCompositionInstanceRef below AssemblySwConnector "/E40_Platform_System_SystemPackage/Compositions/E40_Platform_System/NvBlockSwComponentType_BsReten_Audio_Element_MemAbstractStub_BsReten_Audio_Element_6".
                   [Warning] Connector ignored: Could not find targetRPort of RPortInCompositionInstanceRef below AssemblySwConnector "/E40_Platform_System_SystemPackage/Compositions/E40_Platform_System/NvBlockSwComponentType_BsConst_PWM_boost_bypass_duty_SafeCopy1_MemAbstractStub_BsConst_PWM_boost_bypass_duty_SafeCopy1".
                   [Warning] Connector ignored: Could not find targetRPort of RPortInCompositionInstanceRef below AssemblySwConnector "/E40_Platform_System_SystemPackage/Compositions/E40_Platform_System/NvBlockSwComponentType_BsShare_VisMeet_Element_MemAbstractStub_BsShare_VisMeet_Element_6".
                   [Warning] Connector ignored: Could not find targetRPort of RPortInCompositionInstanceRef below AssemblySwConnector "/E40_Platform_System_SystemPackage/Compositions/E40_Platform_System/NvBlockSwComponentType_BsShare_VisteonPartNumber_MemAbstractStub_BsShare_VisteonPartNumber_3".
                   [Warning] Connector ignored: Could not find targetRPort of RPortInCompositionInstanceRef below AssemblySwConnector "/E40_Platform_System_SystemPackage/Compositions/E40_Platform_System/NvBlockSwComponentType_BsShare_SwUpdFotadecrypt_Element_MemAbstractStub_BsShare_SwUpdFotadecrypt_Element_6".
                   [Warning] Connector ignored: Could not find targetRPort of RPortInCompositionInstanceRef below AssemblySwConnector "/E40_Platform_System_SystemPackage/Compositions/E40_Platform_System/NvBlockSwComponentType_BsRt_Warning_Element_MemAbstractStub_BsRt_Warning_Element_6".
                   [Warning] Connector ignored: Could not find targetPPort of PPortInCompositionInstanceRef below AssemblySwConnector "/E40_Platform_System_SystemPackage/Compositions/E40_Platform_System/NvBlockSwComponentType_BsReten_VisDlt_Element_MemAbstractStub_BsReten_VisDlt_Element_6".
                   [Warning] Connector ignored: Could not find targetRPort of RPortInCompositionInstanceRef below AssemblySwConnector "/E40_Platform_System_SystemPackage/Compositions/E40_Platform_System/NvBlockSwComponentType_BsShare_AssemblyPlantNumber_MemAbstractStub_BsShare_AssemblyPlantNumber_3".
                   [Warning] Connector ignored: Could not find targetRPort of RPortInCompositionInstanceRef below AssemblySwConnector "/E40_Platform_System_SystemPackage/Compositions/E40_Platform_System/NvBlockSwComponentType_BsConst_PCB_Temperature_Sensor_Conv_MemAbstractStub_BsConst_PCB_Temperature_Sensor_Conv".
                   [Warning] Connector ignored: Could not find targetRPort of RPortInCompositionInstanceRef below AssemblySwConnector "/E40_Platform_System_SystemPackage/Compositions/E40_Platform_System/NvBlockSwComponentType_BsConst_PWM_boost_bypass_duty_SafeCopy2_MemAbstractStub_BsConst_PWM_boost_bypass_duty_SafeCopy2".
                   [Warning] Connector ignored: Could not find targetRPort of RPortInCompositionInstanceRef below AssemblySwConnector "/E40_Platform_System_SystemPackage/Compositions/E40_Platform_System/NvBlockSwComponentType_BsShare_SwUpdFotaStatus_Element_MemAbstractStub_BsShare_SwUpdFotaStatus_Element_6".
                   [Warning] Connector ignored: Could not find targetRPort of RPortInCompositionInstanceRef below AssemblySwConnector "/E40_Platform_System_SystemPackage/Compositions/E40_Platform_System/NvBlockSwComponentType_BsConst_Temp_Threshold_Hysteresis_Derating_SafeCopy2_MemAbstractStub_BsConst_Temp_Threshold_Hyste20D0FAA7".
                   [Warning] Connector ignored: Could not find targetRPort of RPortInCompositionInstanceRef below AssemblySwConnector "/E40_Platform_System_SystemPackage/Compositions/E40_Platform_System/NvBlockSwComponentType_BsReten_Illumination_Element_MemAbstractStub_BsReten_Illumination_Element_6".
                   [Warning] Connector ignored: Could not find targetRPort of RPortInCompositionInstanceRef below AssemblySwConnector "/E40_Platform_System_SystemPackage/Compositions/E40_Platform_System/NvBlockSwComponentType_BsShare_AssemblyManufacturingDate_MemAbstractStub_BsShare_AssemblyManufacturingDate_3".
                   [Warning] Connector ignored: Could not find targetRPort of RPortInCompositionInstanceRef below AssemblySwConnector "/E40_Platform_System_SystemPackage/Compositions/E40_Platform_System/NvBlockSwComponentType_BsRt_RealTimeClock_Element_MemAbstractStub_BsRt_RealTimeClock_Element_6".
                   [Warning] Connector ignored: Could not find targetRPort of RPortInCompositionInstanceRef below AssemblySwConnector "/E40_Platform_System_SystemPackage/Compositions/E40_Platform_System/NvBlockSwComponentType_BsConst_Temp_Threshold_Hysteresis_Derating_SafeCopy1_MemAbstractStub_BsConst_Temp_Threshold_Hyste5273E3A0".
                   [Warning] Connector ignored: Could not find targetRPort of RPortInCompositionInstanceRef below AssemblySwConnector "/E40_Platform_System_SystemPackage/Compositions/E40_Platform_System/NvBlockSwComponentType_BsConst_PWM_boost_bypass_duty_MemAbstractStub_BsConst_PWM_boost_bypass_duty".
                   [Warning] Connector ignored: Could not find targetRPort of RPortInCompositionInstanceRef below AssemblySwConnector "/E40_Platform_System_SystemPackage/Compositions/E40_Platform_System/NvBlockSwComponentType_BsConst_Lookup_Curve_HotSpot_Coef_Y_SafeCopy2_MemAbstractStub_BsConst_Lookup_Curve_HotSpot_Coef_YBE580FAC".
                   [Warning] Connector ignored: Could not find targetRPort of RPortInCompositionInstanceRef below AssemblySwConnector "/E40_Platform_System_SystemPackage/Compositions/E40_Platform_System/NvBlockSwComponentType_BsShare_SMTManufacturingDate_MemAbstractStub_BsShare_SMTManufacturingDate_3".
                   [Warning] Connector ignored: Could not find targetRPort of RPortInCompositionInstanceRef below AssemblySwConnector "/E40_Platform_System_SystemPackage/Compositions/E40_Platform_System/NvBlockSwComponentType_BsConst_Compensation_Line_Slope_m_MemAbstractStub_BsConst_Compensation_Line_Slope_m".
                   [Warning] Connector ignored: Could not find targetRPort of RPortInCompositionInstanceRef below AssemblySwConnector "/E40_Platform_System_SystemPackage/Compositions/E40_Platform_System/NvBlockSwComponentType_BsConst_Temperature_Sensor_Conv_SafeCopy2_MemAbstractStub_BsConst_Temperature_Sensor_Conv_SafeCopy2".
                   [Warning] Connector ignored: Could not find targetRPort of RPortInCompositionInstanceRef below AssemblySwConnector "/E40_Platform_System_SystemPackage/Compositions/E40_Platform_System/NvBlockSwComponentType_BsConst_Compensation_Line_Slope_m_SafeCopy1_MemAbstractStub_BsConst_Compensation_Line_Slope_m_SafeCopy1".
                   [Warning] Connector ignored: Could not find targetRPort of RPortInCompositionInstanceRef below AssemblySwConnector "/E40_Platform_System_SystemPackage/Compositions/E40_Platform_System/NvBlockSwComponentType_BsConst_Compensation_Line_Shift_b_SafeCopy1_MemAbstractStub_BsConst_Compensation_Line_Shift_b_SafeCopy1".
                   [Warning] Connector ignored: Could not find targetPPort of PPortInCompositionInstanceRef below AssemblySwConnector "/E40_Platform_System_SystemPackage/Compositions/E40_Platform_System/NvBlockSwComponentType_BsConst_Derating_Backlight_Disable_SafeCopy1_1_MemAbstractStub_BsConst_Derating_Backlight_DisableA2ED49FF".
                   [Warning] Connector ignored: Could not find targetRPort of RPortInCompositionInstanceRef below AssemblySwConnector "/E40_Platform_System_SystemPackage/Compositions/E40_Platform_System/NvBlockSwComponentType_BsRt_OilGauge_Element_MemAbstractStub_BsRt_OilGauge_Element_6".
                   [Warning] Connector ignored: Could not find targetRPort of RPortInCompositionInstanceRef below AssemblySwConnector "/E40_Platform_System_SystemPackage/Compositions/E40_Platform_System/NvBlockSwComponentType_BsShare_SwUpdReflash_Element_MemAbstractStub_BsShare_SwUpdReflash_Element_6".
                   [Warning] Connector ignored: Could not find targetRPort of RPortInCompositionInstanceRef below AssemblySwConnector "/E40_Platform_System_SystemPackage/Compositions/E40_Platform_System/NvBlockSwComponentType_BsConst_Temp_Threshold_Hysteresis_Derating_MemAbstractStub_BsConst_Temp_Threshold_Hysteresis_Derating".
                   [Warning] Connector ignored: Could not find targetRPort of RPortInCompositionInstanceRef below AssemblySwConnector "/E40_Platform_System_SystemPackage/Compositions/E40_Platform_System/NvBlockSwComponentType_BsReten_Power_Element_MemAbstractStub_BsReten_Power_Element_6".
                   [Warning] Connector ignored: Could not find targetRPort of RPortInCompositionInstanceRef below AssemblySwConnector "/E40_Platform_System_SystemPackage/Compositions/E40_Platform_System/NvBlockSwComponentType_BsConst_Audio_Element_MemAbstractStub_BsConst_Audio_Element_6".
                   [Warning] Connector ignored: Could not find targetRPort of RPortInCompositionInstanceRef below AssemblySwConnector "/E40_Platform_System_SystemPackage/Compositions/E40_Platform_System/NvBlockSwComponentType_BsShare_VisteonPCBPartNumber_MemAbstractStub_BsShare_VisteonPCBPartNumber_3".
                   [Warning] Connector ignored: Could not find targetRPort of RPortInCompositionInstanceRef below AssemblySwConnector "/E40_Platform_System_SystemPackage/Compositions/E40_Platform_System/NvBlockSwComponentType_BsReten_Communication_Element_MemAbstractStub_BsReten_Communication_Element_6".
                   [Warning] Connector ignored: Could not find targetRPort of RPortInCompositionInstanceRef below AssemblySwConnector "/E40_Platform_System_SystemPackage/Compositions/E40_Platform_System/NvBlockSwComponentType_BsConst_Display_Illum_Max_Level_SafeCopy1_MemAbstractStub_BsConst_Display_Illum_Max_Level_SafeCopy1".
                   [Warning] Connector ignored: Could not find targetRPort of RPortInCompositionInstanceRef below AssemblySwConnector "/E40_Platform_System_SystemPackage/Compositions/E40_Platform_System/NvBlockSwComponentType_BsConst_RealTimeClock_Element_MemAbstractStub_BsConst_RealTimeClock_Element_6".
                   [Warning] Connector ignored: Could not find targetRPort of RPortInCompositionInstanceRef below AssemblySwConnector "/E40_Platform_System_SystemPackage/Compositions/E40_Platform_System/NvBlockSwComponentType_BsReten_Warning_Element_MemAbstractStub_BsReten_Warning_Element_6".
                   [Warning] Connector ignored: Could not find targetRPort of RPortInCompositionInstanceRef below AssemblySwConnector "/E40_Platform_System_SystemPackage/Compositions/E40_Platform_System/NvBlockSwComponentType_BsRt_SpeedoGauge_Element_MemAbstractStub_BsRt_SpeedoGauge_Element_6".
                   [Warning] Connector ignored: Could not find targetRPort of RPortInCompositionInstanceRef below AssemblySwConnector "/E40_Platform_System_SystemPackage/Compositions/E40_Platform_System/NvBlockSwComponentType_BsDiag_Dtc_Element_MemAbstractStub_BsDiag_Dtc_Element_6".
                   [Warning] Connector ignored: Could not find targetRPort of RPortInCompositionInstanceRef below AssemblySwConnector "/E40_Platform_System_SystemPackage/Compositions/E40_Platform_System/NvBlockSwComponentType_BsReten_Gauges_Element_MemAbstractStub_BsReten_Gauges_Element_6".
                   [Warning] Connector ignored: Could not find targetRPort of RPortInCompositionInstanceRef below AssemblySwConnector "/E40_Platform_System_SystemPackage/Compositions/E40_Platform_System/NvBlockSwComponentType_BsConst_Display_Illum_Max_Level_MemAbstractStub_BsConst_Display_Illum_Max_Level".
                   [Warning] Connector ignored: Could not find targetRPort of RPortInCompositionInstanceRef below AssemblySwConnector "/E40_Platform_System_SystemPackage/Compositions/E40_Platform_System/NvBlockSwComponentType_BsRt_Odometer_Element_MemAbstractStub_BsRt_Odometer_Element_6".
                   [Warning] Connector ignored: Could not find targetRPort of RPortInCompositionInstanceRef below AssemblySwConnector "/E40_Platform_System_SystemPackage/Compositions/E40_Platform_System/NvBlockSwComponentType_BsRt_FuelGauge_Element_MemAbstractStub_BsRt_FuelGauge_Element_6".
                   [Warning] Connector ignored: Could not find targetRPort of RPortInCompositionInstanceRef below AssemblySwConnector "/E40_Platform_System_SystemPackage/Compositions/E40_Platform_System/NvBlockSwComponentType_BsRt_Illumination_Element_MemAbstractStub_BsRt_Illumination_Element_6".
                   [Warning] Connector ignored: Could not find targetPPort of PPortInCompositionInstanceRef below AssemblySwConnector "/E40_Platform_System_SystemPackage/Compositions/E40_Platform_System/NvBlockSwComponentType_BsConst_Derating_Backlight_Disable_1_MemAbstractStub_BsConst_Derating_Backlight_Disable_1".
                   [Warning] Connector ignored: Could not find targetRPort of RPortInCompositionInstanceRef below AssemblySwConnector "/E40_Platform_System_SystemPackage/Compositions/E40_Platform_System/NvBlockSwComponentType_RefCys_Certicificate1_Element_MemAbstractStub_RefCys_Certicificate1_Element_6".
                   [Warning] Connector ignored: Could not find targetRPort of RPortInCompositionInstanceRef below AssemblySwConnector "/E40_Platform_System_SystemPackage/Compositions/E40_Platform_System/NvBlockSwComponentType_BsConst_PCB_Temperature_Sensor_Conv_SafeCopy2_MemAbstractStub_BsConst_PCB_Temperature_Sensor_ConvE60F9D75".
                   [Warning] Connector ignored: Could not find targetRPort of RPortInCompositionInstanceRef below AssemblySwConnector "/E40_Platform_System_SystemPackage/Compositions/E40_Platform_System/NvBlockSwComponentType_BsConst_Temperature_Sensor_Conv_SafeCopy1_MemAbstractStub_BsConst_Temperature_Sensor_Conv_SafeCopy1".
                   [Warning] Connector ignored: Could not find targetRPort of RPortInCompositionInstanceRef below AssemblySwConnector "/E40_Platform_System_SystemPackage/Compositions/E40_Platform_System/NvBlockSwComponentType_BsConst_Lookup_Curve_HotSpot_Coef_X_MemAbstractStub_BsConst_Lookup_Curve_HotSpot_Coef_X".
                   [Warning] Connector ignored: Could not find targetRPort of RPortInCompositionInstanceRef below AssemblySwConnector "/E40_Platform_System_SystemPackage/Compositions/E40_Platform_System/NvBlockSwComponentType_BsConst_Lookup_Curve_HotSpot_Coef_Y_MemAbstractStub_BsConst_Lookup_Curve_HotSpot_Coef_Y".
                   [Warning] Connector ignored: Could not find targetRPort of RPortInCompositionInstanceRef below AssemblySwConnector "/E40_Platform_System_SystemPackage/Compositions/E40_Platform_System/NvBlockSwComponentType_BsShare_HWModification_MemAbstractStub_BsShare_HWModification_3".
                   [Warning] Connector ignored: Could not find targetRPort of RPortInCompositionInstanceRef below AssemblySwConnector "/E40_Platform_System_SystemPackage/Compositions/E40_Platform_System/NvBlockSwComponentType_BsConst_Compensation_Line_Slope_m_SafeCopy2_MemAbstractStub_BsConst_Compensation_Line_Slope_m_SafeCopy2".
                   [Warning] Connector ignored: Could not find targetRPort of RPortInCompositionInstanceRef below AssemblySwConnector "/E40_Platform_System_SystemPackage/Compositions/E40_Platform_System/NvBlockSwComponentType_BsConst_Communication_Element_MemAbstractStub_BsConst_Communication_Element_6".
                   [Warning] Connector ignored: Could not find targetRPort of RPortInCompositionInstanceRef below AssemblySwConnector "/E40_Platform_System_SystemPackage/Compositions/E40_Platform_System/NvBlockSwComponentType_BsRt_TempGauge_Element_MemAbstractStub_BsRt_TempGauge_Element_6".
                   [Warning] Connector ignored: Could not find targetRPort of RPortInCompositionInstanceRef below AssemblySwConnector "/E40_Platform_System_SystemPackage/Compositions/E40_Platform_System/NvBlockSwComponentType_BsRt_CusDlt_Element_MemAbstractStub_BsRt_CusDlt_Element_6".
                   [Warning] Connector ignored: Could not find targetRPort of RPortInCompositionInstanceRef below AssemblySwConnector "/E40_Platform_System_SystemPackage/Compositions/E40_Platform_System/NvBlockSwComponentType_BsConst_BsConst_Illumination_ReservedByte_SafeCopy1_MemAbstractStub_BsConst_BsConst_Illumination_45E585E4".
                   [Warning] Connector ignored: Could not find targetRPort of RPortInCompositionInstanceRef below AssemblySwConnector "/E40_Platform_System_SystemPackage/Compositions/E40_Platform_System/NvBlockSwComponentType_BsConst_BsConst_Illumination_ReservedByte_MemAbstractStub_BsConst_BsConst_Illumination_ReservedByte".
                   [Warning] Connector ignored: Could not find targetRPort of RPortInCompositionInstanceRef below AssemblySwConnector "/E40_Platform_System_SystemPackage/Compositions/E40_Platform_System/NvBlockSwComponentType_BsConst_EngOffTimer_Element_MemAbstractStub_BsConst_EngOffTimer_Element_6".
                   [Warning] Connector ignored: Could not find targetRPort of RPortInCompositionInstanceRef below AssemblySwConnector "/E40_Platform_System_SystemPackage/Compositions/E40_Platform_System/NvBlockSwComponentType_BsConst_PCB_Temperature_Sensor_Conv_SafeCopy1_MemAbstractStub_BsConst_PCB_Temperature_Sensor_Conv8ED373AB".
                   [Warning] Connector ignored: Could not find targetRPort of RPortInCompositionInstanceRef below AssemblySwConnector "/E40_Platform_System_SystemPackage/Compositions/E40_Platform_System/NvBlockSwComponentType_BsRt_PowerGauge_Element_MemAbstractStub_BsRt_PowerGauge_Element_6".
                   [Warning] Connector ignored: Could not find targetRPort of RPortInCompositionInstanceRef below AssemblySwConnector "/E40_Platform_System_SystemPackage/Compositions/E40_Platform_System/NvBlockSwComponentType_BsConst_Warning_Element_MemAbstractStub_BsConst_Warning_Element_6".
                   [Warning] Connector ignored: Could not find targetRPort of RPortInCompositionInstanceRef below AssemblySwConnector "/E40_Platform_System_SystemPackage/Compositions/E40_Platform_System/NvBlockSwComponentType_BsConst_TachoGauge_Element_MemAbstractStub_BsConst_TachoGauge_Element_6".
                   [Warning] Connector ignored: Could not find targetRPort of RPortInCompositionInstanceRef below AssemblySwConnector "/E40_Platform_System_SystemPackage/Compositions/E40_Platform_System/NvBlockSwComponentType_BsConst_ServiceReminder_Element_MemAbstractStub_BsConst_ServiceReminder_Element_6".
                   [Warning] Connector ignored: Could not find targetRPort of RPortInCompositionInstanceRef below AssemblySwConnector "/E40_Platform_System_SystemPackage/Compositions/E40_Platform_System/NvBlockSwComponentType_BsConst_Lookup_Curve_HotSpot_Coef_X_SafeCopy1_MemAbstractStub_BsConst_Lookup_Curve_HotSpot_Coef_XE0C662BC".
                   [Warning] Connector ignored: Could not find targetRPort of RPortInCompositionInstanceRef below AssemblySwConnector "/E40_Platform_System_SystemPackage/Compositions/E40_Platform_System/NvBlockSwComponentType_BsDiag_ErrorRecord_Element_MemAbstractStub_BsDiag_ErrorRecord_Element_6".
                   [Warning] Connector ignored: Could not find targetRPort of RPortInCompositionInstanceRef below AssemblySwConnector "/E40_Platform_System_SystemPackage/Compositions/E40_Platform_System/NvBlockSwComponentType_BsConst_Compensation_Line_Shift_b_MemAbstractStub_BsConst_Compensation_Line_Shift_b".
                   [Warning] Connector ignored: Could not find targetRPort of RPortInCompositionInstanceRef below AssemblySwConnector "/E40_Platform_System_SystemPackage/Compositions/E40_Platform_System/NvBlockSwComponentType_BsConst_SpeedoGauge_Element_MemAbstractStub_BsConst_SpeedoGauge_Element_6".
                   [Warning] Connector ignored: Could not find targetRPort of RPortInCompositionInstanceRef below AssemblySwConnector "/E40_Platform_System_SystemPackage/Compositions/E40_Platform_System/NvBlockSwComponentType_BsShare_EcuPartNumber_Element_MemAbstractStub_BsShare_EcuPartNumber_Element_6".
                   [Warning] Connector ignored: Could not find targetRPort of RPortInCompositionInstanceRef below AssemblySwConnector "/E40_Platform_System_SystemPackage/Compositions/E40_Platform_System/NvBlockSwComponentType_BsShare_SwUpdFotaMode_Element_MemAbstractStub_BsShare_SwUpdFotaMode_Element_6".
                   [Warning] Connector ignored: Could not find targetRPort of RPortInCompositionInstanceRef below AssemblySwConnector "/E40_Platform_System_SystemPackage/Compositions/E40_Platform_System/NvBlockSwComponentType_BsReten_Display_Element_MemAbstractStub_BsReten_Display_Element_6".
                   [Warning] Connector ignored: Could not find targetRPort of RPortInCompositionInstanceRef below AssemblySwConnector "/E40_Platform_System_SystemPackage/Compositions/E40_Platform_System/NvBlockSwComponentType_BsConst_OilGauge_Element_MemAbstractStub_BsConst_OilGauge_Element_6".
                   [Warning] Connector ignored: Could not find targetRPort of RPortInCompositionInstanceRef below AssemblySwConnector "/E40_Platform_System_SystemPackage/Compositions/E40_Platform_System/NvBlockSwComponentType_BsConst_Power_Element_MemAbstractStub_BsConst_Power_Element_6".
                   [Warning] Connector ignored: Could not find targetRPort of RPortInCompositionInstanceRef below AssemblySwConnector "/E40_Platform_System_SystemPackage/Compositions/E40_Platform_System/NvBlockSwComponentType_BsShare_ProductSerialNumber_MemAbstractStub_BsShare_ProductSerialNumber_3".
                   [Warning] Connector ignored: Could not find targetRPort of RPortInCompositionInstanceRef below AssemblySwConnector "/E40_Platform_System_SystemPackage/Compositions/E40_Platform_System/NvBlockSwComponentType_BsShare_PCBSerialNumber_MemAbstractStub_BsShare_PCBSerialNumber_3".
                   [Warning] Connector ignored: Could not find targetRPort of RPortInCompositionInstanceRef below AssemblySwConnector "/E40_Platform_System_SystemPackage/Compositions/E40_Platform_System/NvBlockSwComponentType_BsRt_TripComputer_Element_MemAbstractStub_BsRt_TripComputer_Element_6".
                   [Warning] Connector ignored: Could not find targetRPort of RPortInCompositionInstanceRef below AssemblySwConnector "/E40_Platform_System_SystemPackage/Compositions/E40_Platform_System/NvBlockSwComponentType_BsReten_Odometer_Element_MemAbstractStub_BsReten_Odometer_Element_6".
                   [Warning] Connector ignored: Could not find targetRPort of RPortInCompositionInstanceRef below AssemblySwConnector "/E40_Platform_System_SystemPackage/Compositions/E40_Platform_System/NvBlockSwComponentType_BsConst_Display_Illum_Max_Level_SafeCopy2_MemAbstractStub_BsConst_Display_Illum_Max_Level_SafeCopy2".
                   [Warning] Connector ignored: Could not find targetRPort of RPortInCompositionInstanceRef below AssemblySwConnector "/E40_Platform_System_SystemPackage/Compositions/E40_Platform_System/NvBlockSwComponentType_BsRt_Personalization_Element_MemAbstractStub_BsRt_Personalization_Element_6".
                   [Warning] Connector ignored: Could not find targetRPort of RPortInCompositionInstanceRef below AssemblySwConnector "/E40_Platform_System_SystemPackage/Compositions/E40_Platform_System/NvBlockSwComponentType_BsReten_RealTimeClock_Element_MemAbstractStub_BsReten_RealTimeClock_Element_6".
                   [Warning] Connector ignored: Could not find targetRPort of RPortInCompositionInstanceRef below AssemblySwConnector "/E40_Platform_System_SystemPackage/Compositions/E40_Platform_System/NvBlockSwComponentType_BsConst_FuelGauge_Element_MemAbstractStub_BsConst_FuelGauge_Element_6".
                   [Warning] Connector ignored: Could not find targetRPort of RPortInCompositionInstanceRef below AssemblySwConnector "/E40_Platform_System_SystemPackage/Compositions/E40_Platform_System/NvBlockSwComponentType_RefCys_Certicificate_Element_MemAbstractStub_RefCys_Certicificate_Element_6".
                   [Warning] Connector ignored: Could not find targetRPort of RPortInCompositionInstanceRef below AssemblySwConnector "/E40_Platform_System_SystemPackage/Compositions/E40_Platform_System/NvBlockSwComponentType_BsConst_PowerGauge_Element_MemAbstractStub_BsConst_PowerGauge_Element_6".
                   [Warning] Connector ignored: Could not find targetRPort of RPortInCompositionInstanceRef below AssemblySwConnector "/E40_Platform_System_SystemPackage/Compositions/E40_Platform_System/NvBlockSwComponentType_BsShare_SwUpdFotaFinPrint_Element_MemAbstractStub_BsShare_SwUpdFotaFinPrint_Element_6".
                   [Warning] Connector ignored: Could not find targetRPort of RPortInCompositionInstanceRef below AssemblySwConnector "/E40_Platform_System_SystemPackage/Compositions/E40_Platform_System/NvBlockSwComponentType_BsCys_Certicificate_Element_MemAbstractStub_BsCys_Certicificate_Element_6".
                   [Warning] Connector ignored: Could not find targetRPort of RPortInCompositionInstanceRef below AssemblySwConnector "/E40_Platform_System_SystemPackage/Compositions/E40_Platform_System/NvBlockSwComponentType_BsConst_Lookup_Curve_HotSpot_Coef_X_SafeCopy2_MemAbstractStub_BsConst_Lookup_Curve_HotSpot_Coef_X881A8C62".
                   [Warning] Connector ignored: Could not find targetRPort of RPortInCompositionInstanceRef below AssemblySwConnector "/E40_Platform_System_SystemPackage/Compositions/E40_Platform_System/NvBlockSwComponentType_BsShare_SMTPlantNumber_MemAbstractStub_BsShare_SMTPlantNumber_3".
                   [Warning] Connector ignored: Could not find targetPPort of PPortInCompositionInstanceRef below AssemblySwConnector "/E40_Platform_System_SystemPackage/Compositions/E40_Platform_System/NvBlockSwComponentType_BsConst_Derating_Backlight_Disable_SafeCopy2_1_MemAbstractStub_BsConst_Derating_Backlight_Disable7A910087".
                   [Warning] Connector ignored: Could not find targetRPort of RPortInCompositionInstanceRef below AssemblySwConnector "/E40_Platform_System_SystemPackage/Compositions/E40_Platform_System/NvBlockSwComponentType_BsRt_TachoGauge_Element_MemAbstractStub_BsRt_TachoGauge_Element_6".
                   [Warning] Connector ignored: Could not find targetRPort of RPortInCompositionInstanceRef below AssemblySwConnector "/E40_Platform_System_SystemPackage/Compositions/E40_Platform_System/NvBlockSwComponentType_BsConst_Lookup_Curve_HotSpot_Coef_Y_SafeCopy1_MemAbstractStub_BsConst_Lookup_Curve_HotSpot_Coef_YD684E172".
                   [Warning] Connector ignored: Could not find targetRPort of RPortInCompositionInstanceRef below AssemblySwConnector "/E40_Platform_System_SystemPackage/Compositions/E40_Platform_System/NvBlockSwComponentType_BsReten_Personalization_Element_MemAbstractStub_BsReten_Personalization_Element_6".
                   [Warning] Connector ignored: Could not find targetRPort of RPortInCompositionInstanceRef below AssemblySwConnector "/E40_Platform_System_SystemPackage/Compositions/E40_Platform_System/NvBlockSwComponentType_BsConst_TempGauge_Element_MemAbstractStub_BsConst_TempGauge_Element_6".
                   [Warning] Connector ignored: Could not find targetRPort of RPortInCompositionInstanceRef below AssemblySwConnector "/E40_Platform_System_SystemPackage/Compositions/E40_Platform_System/NvBlockSwComponentType_BsConst_Compensation_Line_Shift_b_SafeCopy2_MemAbstractStub_BsConst_Compensation_Line_Shift_b_SafeCopy2".
                   [Warning] Connector ignored: Could not find targetRPort of RPortInCompositionInstanceRef below AssemblySwConnector "/E40_Platform_System_SystemPackage/Compositions/E40_Platform_System/NvBlockSwComponentType_BsShare_VisMeet_EOLEntry_Element_MemAbstractStub_BsShare_VisMeet_EOLEntry_Element_4".
                   [Warning] Connector ignored: Could not find targetRPort of RPortInCompositionInstanceRef below AssemblySwConnector "/E40_Platform_System_SystemPackage/Compositions/E40_Platform_System/NvBlockSwComponentType_BsConst_Derating_Backlight_Disable_SafeCopy2_MemAbstractStub_BsConst_Derating_Backlight_Disable_SafeCopy2".
                   [Warning] Connector ignored: Could not find targetRPort of RPortInCompositionInstanceRef below AssemblySwConnector "/E40_Platform_System_SystemPackage/Compositions/E40_Platform_System/NvBlockSwComponentType_BsConst_Temperature_Sensor_Conv_MemAbstractStub_BsConst_Temperature_Sensor_Conv".
                   [Warning] Connector ignored: Could not find targetRPort of RPortInCompositionInstanceRef below AssemblySwConnector "/E40_Platform_System_SystemPackage/Compositions/E40_Platform_System/NvBlockSwComponentType_BsConst_Derating_Backlight_Disable_MemAbstractStub_BsConst_Derating_Backlight_Disable".
                   [Warning] Connector ignored: Could not find targetRPort of RPortInCompositionInstanceRef below AssemblySwConnector "/E40_Platform_System_SystemPackage/Compositions/E40_Platform_System/NvBlockSwComponentType_BsShare_VehicleConfig_Element_MemAbstractStub_BsShare_VehicleConfig_Element_6".
                   [Warning] Connector ignored: Could not find targetRPort of RPortInCompositionInstanceRef below AssemblySwConnector "/E40_Platform_System_SystemPackage/Compositions/E40_Platform_System/NvBlockSwComponentType_BsConst_BsConst_Illumination_ReservedByte_SafeCopy2_MemAbstractStub_BsConst_BsConst_Illumination_7892569B".
                   [Warning] Connector ignored: Could not find targetRPort of RPortInCompositionInstanceRef below AssemblySwConnector "/E40_Platform_System_SystemPackage/Compositions/E40_Platform_System/MemAbstract_Stub_Safe_BsConst_Lookup_Curve_HotSpot_Coef_Y_SafeNvM_BsConst_Lookup_Curve_HotSpot_Coef_Y".
                   [Warning] Connector ignored: Could not find targetRPort of RPortInCompositionInstanceRef below AssemblySwConnector "/E40_Platform_System_SystemPackage/Compositions/E40_Platform_System/MemAbstract_Stub_Safe_BsConst_Derating_Backlight_Disable_SafeNvM_BsConst_Derating_Backlight_Disable".
                   [Warning] Connector ignored: Could not find targetRPort of RPortInCompositionInstanceRef below AssemblySwConnector "/E40_Platform_System_SystemPackage/Compositions/E40_Platform_System/MemAbstract_Stub_Safe_BsConst_Compensation_Line_Slope_m_SafeNvM_BsConst_Compensation_Line_Slope_m".
                   [Warning] Connector ignored: Could not find targetRPort of RPortInCompositionInstanceRef below AssemblySwConnector "/E40_Platform_System_SystemPackage/Compositions/E40_Platform_System/MemAbstract_Stub_Safe_BsConst_BsConst_Illumination_ReservedByte_SafeNvM_BsConst_BsConst_Illumination_ReservedByte".
                   [Warning] Connector ignored: Could not find targetRPort of RPortInCompositionInstanceRef below AssemblySwConnector "/E40_Platform_System_SystemPackage/Compositions/E40_Platform_System/MemAbstract_Stub_Safe_BsConst_PWM_boost_bypass_duty_SafeNvM_BsConst_PWM_boost_bypass_duty".
                   [Warning] Connector ignored: Could not find targetRPort of RPortInCompositionInstanceRef below AssemblySwConnector "/E40_Platform_System_SystemPackage/Compositions/E40_Platform_System/MemAbstract_Stub_Safe_BsConst_Temperature_Sensor_Conv_SafeNvM_BsConst_Temperature_Sensor_Conv".
                   [Warning] Connector ignored: Could not find targetRPort of RPortInCompositionInstanceRef below AssemblySwConnector "/E40_Platform_System_SystemPackage/Compositions/E40_Platform_System/MemAbstract_Stub_Safe_BsConst_Lookup_Curve_HotSpot_Coef_X_SafeNvM_BsConst_Lookup_Curve_HotSpot_Coef_X".
                   [Warning] Connector ignored: Could not find targetRPort of RPortInCompositionInstanceRef below AssemblySwConnector "/E40_Platform_System_SystemPackage/Compositions/E40_Platform_System/MemAbstract_Stub_Safe_BsConst_PCB_Temperature_Sensor_Conv_SafeNvM_BsConst_PCB_Temperature_Sensor_Conv".
                   [Warning] Connector ignored: Could not find targetRPort of RPortInCompositionInstanceRef below AssemblySwConnector "/E40_Platform_System_SystemPackage/Compositions/E40_Platform_System/MemAbstract_Stub_Safe_BsConst_Temp_Threshold_Hysteresis_Derating_SafeNvM_BsConst_Temp_Threshold_Hysteresis_Derating".
                   [Warning] Connector ignored: Could not find targetRPort of RPortInCompositionInstanceRef below AssemblySwConnector "/E40_Platform_System_SystemPackage/Compositions/E40_Platform_System/MemAbstract_Stub_Safe_BsConst_Compensation_Line_Shift_b_SafeNvM_BsConst_Compensation_Line_Shift_b".
                   [Warning] Connector ignored: Could not find targetRPort of RPortInCompositionInstanceRef below AssemblySwConnector "/E40_Platform_System_SystemPackage/Compositions/E40_Platform_System/MemAbstract_Stub_Safe_BsConst_Display_Illum_Max_Level_Safe_SafeNvM_BsConst_Display_Illum_Max_Level_Safe".
                   [Warning] Connector ignored: Could not find targetRPort of RPortInCompositionInstanceRef below AssemblySwConnector "/E40_Platform_System_SystemPackage/Compositions/E40_Platform_System/MemAbstract_Stub_Safe_BsConst_PWM_boost_bypass_duty_SafeNvM_BsConst_PWM_boost_bypass_duty_1".
                   [Warning] Connector ignored: Could not find targetRPort of RPortInCompositionInstanceRef below AssemblySwConnector "/E40_Platform_System_SystemPackage/Compositions/E40_Platform_System/MemAbstract_Stub_Safe_BsConst_Compensation_Line_Slope_m_SafeNvM_BsConst_Compensation_Line_Slope_m_1".
                   [Warning] Connector ignored: Could not find targetRPort of RPortInCompositionInstanceRef below AssemblySwConnector "/E40_Platform_System_SystemPackage/Compositions/E40_Platform_System/MemAbstract_Stub_Safe_BsConst_Lookup_Curve_HotSpot_Coef_X_SafeNvM_BsConst_Lookup_Curve_HotSpot_Coef_X_1".
                   [Warning] Connector ignored: Could not find targetRPort of RPortInCompositionInstanceRef below AssemblySwConnector "/E40_Platform_System_SystemPackage/Compositions/E40_Platform_System/MemAbstract_Stub_Safe_BsConst_PCB_Temperature_Sensor_Conv_SafeNvM_BsConst_PCB_Temperature_Sensor_Conv_1".
                   [Warning] Connector ignored: Could not find targetRPort of RPortInCompositionInstanceRef below AssemblySwConnector "/E40_Platform_System_SystemPackage/Compositions/E40_Platform_System/MemAbstract_Stub_Safe_BsConst_Display_Illum_Max_Level_Safe_SafeNvM_BsConst_Display_Illum_Max_Level_Safe_1".
                   [Warning] Connector ignored: Could not find targetRPort of RPortInCompositionInstanceRef below AssemblySwConnector "/E40_Platform_System_SystemPackage/Compositions/E40_Platform_System/MemAbstract_Stub_Safe_BsConst_Derating_Backlight_Disable_SafeNvM_BsConst_Derating_Backlight_Disable_1".
                   [Warning] Connector ignored: Could not find targetRPort of RPortInCompositionInstanceRef below AssemblySwConnector "/E40_Platform_System_SystemPackage/Compositions/E40_Platform_System/MemAbstract_Stub_Safe_BsConst_Temperature_Sensor_Conv_SafeNvM_BsConst_Temperature_Sensor_Conv_1".
                   [Warning] Connector ignored: Could not find targetRPort of RPortInCompositionInstanceRef below AssemblySwConnector "/E40_Platform_System_SystemPackage/Compositions/E40_Platform_System/MemAbstract_Stub_Safe_BsConst_BsConst_Illumination_ReservedByte_SafeNvM_BsConst_BsConst_Illumination_ReservedByte_1".
                   [Warning] Connector ignored: Could not find targetRPort of RPortInCompositionInstanceRef below AssemblySwConnector "/E40_Platform_System_SystemPackage/Compositions/E40_Platform_System/MemAbstract_Stub_Safe_BsConst_Temp_Threshold_Hysteresis_Derating_SafeNvM_BsConst_Temp_Threshold_Hysteresis_Derating_1".
                   [Warning] Connector ignored: Could not find targetRPort of RPortInCompositionInstanceRef below AssemblySwConnector "/E40_Platform_System_SystemPackage/Compositions/E40_Platform_System/MemAbstract_Stub_Safe_BsConst_Compensation_Line_Shift_b_SafeNvM_BsConst_Compensation_Line_Shift_b_1".
                   [Warning] Connector ignored: Could not find targetRPort of RPortInCompositionInstanceRef below AssemblySwConnector "/E40_Platform_System_SystemPackage/Compositions/E40_Platform_System/MemAbstract_Stub_Safe_BsConst_Lookup_Curve_HotSpot_Coef_Y_SafeNvM_BsConst_Lookup_Curve_HotSpot_Coef_Y_1".
                   [Warning] Connector ignored: Could not find targetRPort of RPortInCompositionInstanceRef below AssemblySwConnector "/E40_Platform_System_SystemPackage/Compositions/E40_Platform_System/MemAbstract_Stub_Safe_BsConst_Compensation_Line_Slope_m_SafeNvM_BsConst_Compensation_Line_Slope_m_2".
                   [Warning] Connector ignored: Could not find targetRPort of RPortInCompositionInstanceRef below AssemblySwConnector "/E40_Platform_System_SystemPackage/Compositions/E40_Platform_System/MemAbstract_Stub_Safe_BsConst_Derating_Backlight_Disable_SafeNvM_BsConst_Derating_Backlight_Disable_2".
                   [Warning] Connector ignored: Could not find targetRPort of RPortInCompositionInstanceRef below AssemblySwConnector "/E40_Platform_System_SystemPackage/Compositions/E40_Platform_System/MemAbstract_Stub_Safe_BsConst_Temperature_Sensor_Conv_SafeNvM_BsConst_Temperature_Sensor_Conv_2".
                   [Warning] Connector ignored: Could not find targetRPort of RPortInCompositionInstanceRef below AssemblySwConnector "/E40_Platform_System_SystemPackage/Compositions/E40_Platform_System/MemAbstract_Stub_Safe_BsConst_BsConst_Illumination_ReservedByte_SafeNvM_BsConst_BsConst_Illumination_ReservedByte_2".
                   [Warning] Connector ignored: Could not find targetRPort of RPortInCompositionInstanceRef below AssemblySwConnector "/E40_Platform_System_SystemPackage/Compositions/E40_Platform_System/MemAbstract_Stub_Safe_BsConst_Temp_Threshold_Hysteresis_Derating_SafeNvM_BsConst_Temp_Threshold_Hysteresis_Derating_2".
                   [Warning] Connector ignored: Could not find targetRPort of RPortInCompositionInstanceRef below AssemblySwConnector "/E40_Platform_System_SystemPackage/Compositions/E40_Platform_System/MemAbstract_Stub_Safe_BsConst_Lookup_Curve_HotSpot_Coef_Y_SafeNvM_BsConst_Lookup_Curve_HotSpot_Coef_Y_2".
                   [Warning] Connector ignored: Could not find targetRPort of RPortInCompositionInstanceRef below AssemblySwConnector "/E40_Platform_System_SystemPackage/Compositions/E40_Platform_System/MemAbstract_Stub_Safe_BsConst_PWM_boost_bypass_duty_SafeNvM_BsConst_PWM_boost_bypass_duty_2".
                   [Warning] Connector ignored: Could not find targetRPort of RPortInCompositionInstanceRef below AssemblySwConnector "/E40_Platform_System_SystemPackage/Compositions/E40_Platform_System/MemAbstract_Stub_Safe_BsConst_Lookup_Curve_HotSpot_Coef_X_SafeNvM_BsConst_Lookup_Curve_HotSpot_Coef_X_2".
                   [Warning] Connector ignored: Could not find targetRPort of RPortInCompositionInstanceRef below AssemblySwConnector "/E40_Platform_System_SystemPackage/Compositions/E40_Platform_System/MemAbstract_Stub_Safe_BsConst_Compensation_Line_Shift_b_SafeNvM_BsConst_Compensation_Line_Shift_b_2".
                   [Warning] Connector ignored: Could not find targetRPort of RPortInCompositionInstanceRef below AssemblySwConnector "/E40_Platform_System_SystemPackage/Compositions/E40_Platform_System/MemAbstract_Stub_Safe_BsConst_PCB_Temperature_Sensor_Conv_SafeNvM_BsConst_PCB_Temperature_Sensor_Conv_2".
                   [Warning] Connector ignored: Could not find targetRPort of RPortInCompositionInstanceRef below AssemblySwConnector "/E40_Platform_System_SystemPackage/Compositions/E40_Platform_System/MemAbstract_Stub_Safe_BsConst_Display_Illum_Max_Level_Safe_SafeNvM_BsConst_Display_Illum_Max_Level_Safe_2".
                   [Warning] Connector ignored: Could not find targetRPort of RPortInCompositionInstanceRef below AssemblySwConnector "/E40_Platform_System_SystemPackage/Compositions/E40_Platform_System/MemAbstract_Stub_Safe_BsConst_Derating_Backlight_Disable_SafeNvM_BsConst_Derating_Backlight_Disable_3".
                   [Warning] Connector ignored: Could not find targetRPort of RPortInCompositionInstanceRef below AssemblySwConnector "/E40_Platform_System_SystemPackage/Compositions/E40_Platform_System/MemAbstract_Stub_Safe_BsConst_Compensation_Line_Slope_m_SafeNvM_BsConst_Compensation_Line_Slope_m_3".
                   [Warning] Connector ignored: Could not find targetRPort of RPortInCompositionInstanceRef below AssemblySwConnector "/E40_Platform_System_SystemPackage/Compositions/E40_Platform_System/MemAbstract_Stub_Safe_BsConst_Lookup_Curve_HotSpot_Coef_Y_SafeNvM_BsConst_Lookup_Curve_HotSpot_Coef_Y_3".
                   [Warning] Connector ignored: Could not find targetRPort of RPortInCompositionInstanceRef below AssemblySwConnector "/E40_Platform_System_SystemPackage/Compositions/E40_Platform_System/MemAbstract_Stub_Safe_BsConst_Temperature_Sensor_Conv_SafeNvM_BsConst_Temperature_Sensor_Conv_3".
                   [Warning] Connector ignored: Could not find targetRPort of RPortInCompositionInstanceRef below AssemblySwConnector "/E40_Platform_System_SystemPackage/Compositions/E40_Platform_System/MemAbstract_Stub_Safe_BsConst_Compensation_Line_Shift_b_SafeNvM_BsConst_Compensation_Line_Shift_b_3".
                   [Warning] Connector ignored: Could not find targetRPort of RPortInCompositionInstanceRef below AssemblySwConnector "/E40_Platform_System_SystemPackage/Compositions/E40_Platform_System/MemAbstract_Stub_Safe_BsConst_Temp_Threshold_Hysteresis_Derating_SafeNvM_BsConst_Temp_Threshold_Hysteresis_Derating_3".
                   [Warning] Connector ignored: Could not find targetRPort of RPortInCompositionInstanceRef below AssemblySwConnector "/E40_Platform_System_SystemPackage/Compositions/E40_Platform_System/MemAbstract_Stub_Safe_BsConst_BsConst_Illumination_ReservedByte_SafeNvM_BsConst_BsConst_Illumination_ReservedByte_3".
                   [Warning] Connector ignored: Could not find targetRPort of RPortInCompositionInstanceRef below AssemblySwConnector "/E40_Platform_System_SystemPackage/Compositions/E40_Platform_System/MemAbstract_Stub_Safe_BsConst_Display_Illum_Max_Level_Safe_SafeNvM_BsConst_Display_Illum_Max_Level_Safe_3".
                   [Warning] Connector ignored: Could not find targetRPort of RPortInCompositionInstanceRef below AssemblySwConnector "/E40_Platform_System_SystemPackage/Compositions/E40_Platform_System/MemAbstract_Stub_Safe_BsConst_Lookup_Curve_HotSpot_Coef_X_SafeNvM_BsConst_Lookup_Curve_HotSpot_Coef_X_3".
                   [Warning] Connector ignored: Could not find targetRPort of RPortInCompositionInstanceRef below AssemblySwConnector "/E40_Platform_System_SystemPackage/Compositions/E40_Platform_System/MemAbstract_Stub_Safe_BsConst_PWM_boost_bypass_duty_SafeNvM_BsConst_PWM_boost_bypass_duty_3".
                   [Warning] Connector ignored: Could not find targetRPort of RPortInCompositionInstanceRef below AssemblySwConnector "/E40_Platform_System_SystemPackage/Compositions/E40_Platform_System/MemAbstract_Stub_Safe_BsConst_PCB_Temperature_Sensor_Conv_SafeNvM_BsConst_PCB_Temperature_Sensor_Conv_3".
                   [Warning] Connector ignored: Could not find outerPort of DelegationSwConnector "/E40_Platform_System_SystemPackage/Compositions/E40_Platform_System/CComAbsMdl_stubs_pp_SR_TxBattery_Voltage_pp_SR_TxBattery_Voltage".
                   [Warning] Connector ignored: Could not find outerPort of DelegationSwConnector "/E40_Platform_System_SystemPackage/Compositions/E40_Platform_System/CComAbsMdl_stubs_pp_SR_TxCurrentStateIC_pp_SR_TxCurrentStateIC".
                   [Warning] Connector ignored: Could not find outerPort of DelegationSwConnector "/E40_Platform_System_SystemPackage/Compositions/E40_Platform_System/CComAbsMdl_stubs_pp_SR_TxDebug1_Byte0_pp_SR_TxDebug1_Byte0".
                   [Warning] Connector ignored: Could not find outerPort of DelegationSwConnector "/E40_Platform_System_SystemPackage/Compositions/E40_Platform_System/CComAbsMdl_stubs_pp_SR_TxDebug1_Byte1_pp_SR_TxDebug1_Byte1".
                   [Warning] Connector ignored: Could not find outerPort of DelegationSwConnector "/E40_Platform_System_SystemPackage/Compositions/E40_Platform_System/CComAbsMdl_stubs_pp_SR_TxDebug1_Byte2_pp_SR_TxDebug1_Byte2".
                   [Warning] Connector ignored: Could not find outerPort of DelegationSwConnector "/E40_Platform_System_SystemPackage/Compositions/E40_Platform_System/CComAbsMdl_stubs_pp_SR_TxDebug1_Byte3_pp_SR_TxDebug1_Byte3".
                   [Warning] Connector ignored: Could not find outerPort of DelegationSwConnector "/E40_Platform_System_SystemPackage/Compositions/E40_Platform_System/CComAbsMdl_stubs_pp_SR_TxDebug1_Byte4_pp_SR_TxDebug1_Byte4".
                   [Warning] Connector ignored: Could not find outerPort of DelegationSwConnector "/E40_Platform_System_SystemPackage/Compositions/E40_Platform_System/CComAbsMdl_stubs_pp_SR_TxDebug1_Byte5_pp_SR_TxDebug1_Byte5".
                   [Warning] Connector ignored: Could not find outerPort of DelegationSwConnector "/E40_Platform_System_SystemPackage/Compositions/E40_Platform_System/CComAbsMdl_stubs_pp_SR_TxDebug1_Byte6_pp_SR_TxDebug1_Byte6".
                   [Warning] Connector ignored: Could not find outerPort of DelegationSwConnector "/E40_Platform_System_SystemPackage/Compositions/E40_Platform_System/CComAbsMdl_stubs_pp_SR_TxDebug1_Byte7_pp_SR_TxDebug1_Byte7".
                   [Warning] Connector ignored: Could not find outerPort of DelegationSwConnector "/E40_Platform_System_SystemPackage/Compositions/E40_Platform_System/CComAbsMdl_stubs_pp_SR_TxDebug2_Byte0_pp_SR_TxDebug2_Byte0".
                   [Warning] Connector ignored: Could not find outerPort of DelegationSwConnector "/E40_Platform_System_SystemPackage/Compositions/E40_Platform_System/CComAbsMdl_stubs_pp_SR_TxDebug2_Byte1_pp_SR_TxDebug2_Byte1".
                   [Warning] Connector ignored: Could not find outerPort of DelegationSwConnector "/E40_Platform_System_SystemPackage/Compositions/E40_Platform_System/CComAbsMdl_stubs_pp_SR_TxDebug2_Byte2_pp_SR_TxDebug2_Byte2".
                   [Warning] Connector ignored: Could not find outerPort of DelegationSwConnector "/E40_Platform_System_SystemPackage/Compositions/E40_Platform_System/CComAbsMdl_stubs_pp_SR_TxDebug2_Byte3_pp_SR_TxDebug2_Byte3".
                   [Warning] Connector ignored: Could not find outerPort of DelegationSwConnector "/E40_Platform_System_SystemPackage/Compositions/E40_Platform_System/CComAbsMdl_stubs_pp_SR_TxDebug2_Byte4_pp_SR_TxDebug2_Byte4".
                   [Warning] Connector ignored: Could not find outerPort of DelegationSwConnector "/E40_Platform_System_SystemPackage/Compositions/E40_Platform_System/CComAbsMdl_stubs_pp_SR_TxDebug2_Byte5_pp_SR_TxDebug2_Byte5".
                   [Warning] Connector ignored: Could not find outerPort of DelegationSwConnector "/E40_Platform_System_SystemPackage/Compositions/E40_Platform_System/CComAbsMdl_stubs_pp_SR_TxDebug2_Byte6_pp_SR_TxDebug2_Byte6".
                   [Warning] Connector ignored: Could not find outerPort of DelegationSwConnector "/E40_Platform_System_SystemPackage/Compositions/E40_Platform_System/CComAbsMdl_stubs_pp_SR_TxDebug2_Byte7_pp_SR_TxDebug2_Byte7".
                   [Warning] Connector ignored: Could not find outerPort of DelegationSwConnector "/E40_Platform_System_SystemPackage/Compositions/E40_Platform_System/CComAbsMdl_stubs_pp_SR_TxDebug3_Byte0_pp_SR_TxDebug3_Byte0".
                   [Warning] Connector ignored: Could not find outerPort of DelegationSwConnector "/E40_Platform_System_SystemPackage/Compositions/E40_Platform_System/CComAbsMdl_stubs_pp_SR_TxDebug3_Byte1_pp_SR_TxDebug3_Byte1".
                   [Warning] Connector ignored: Could not find outerPort of DelegationSwConnector "/E40_Platform_System_SystemPackage/Compositions/E40_Platform_System/CComAbsMdl_stubs_pp_SR_TxDebug3_Byte2_pp_SR_TxDebug3_Byte2".
                   [Warning] Connector ignored: Could not find outerPort of DelegationSwConnector "/E40_Platform_System_SystemPackage/Compositions/E40_Platform_System/CComAbsMdl_stubs_pp_SR_TxDebug3_Byte3_pp_SR_TxDebug3_Byte3".
                   [Warning] Connector ignored: Could not find outerPort of DelegationSwConnector "/E40_Platform_System_SystemPackage/Compositions/E40_Platform_System/CComAbsMdl_stubs_pp_SR_TxDebug3_Byte4_pp_SR_TxDebug3_Byte4".
                   [Warning] Connector ignored: Could not find outerPort of DelegationSwConnector "/E40_Platform_System_SystemPackage/Compositions/E40_Platform_System/CComAbsMdl_stubs_pp_SR_TxDebug3_Byte5_pp_SR_TxDebug3_Byte5".
                   [Warning] Connector ignored: Could not find outerPort of DelegationSwConnector "/E40_Platform_System_SystemPackage/Compositions/E40_Platform_System/CComAbsMdl_stubs_pp_SR_TxDebug3_Byte6_pp_SR_TxDebug3_Byte6".
                   [Warning] Connector ignored: Could not find outerPort of DelegationSwConnector "/E40_Platform_System_SystemPackage/Compositions/E40_Platform_System/CComAbsMdl_stubs_pp_SR_TxDebug3_Byte7_pp_SR_TxDebug3_Byte7".
                   [Warning] Connector ignored: Could not find outerPort of DelegationSwConnector "/E40_Platform_System_SystemPackage/Compositions/E40_Platform_System/CComAbsMdl_stubs_pp_SR_TxDebug4_Byte0_pp_SR_TxDebug4_Byte0".
                   [Warning] Connector ignored: Could not find outerPort of DelegationSwConnector "/E40_Platform_System_SystemPackage/Compositions/E40_Platform_System/CComAbsMdl_stubs_pp_SR_TxDebug4_Byte1_pp_SR_TxDebug4_Byte1".
                   [Warning] Connector ignored: Could not find outerPort of DelegationSwConnector "/E40_Platform_System_SystemPackage/Compositions/E40_Platform_System/CComAbsMdl_stubs_pp_SR_TxDebug4_Byte2_pp_SR_TxDebug4_Byte2".
                   [Warning] Connector ignored: Could not find outerPort of DelegationSwConnector "/E40_Platform_System_SystemPackage/Compositions/E40_Platform_System/CComAbsMdl_stubs_pp_SR_TxDebug4_Byte3_pp_SR_TxDebug4_Byte3".
                   [Warning] Connector ignored: Could not find outerPort of DelegationSwConnector "/E40_Platform_System_SystemPackage/Compositions/E40_Platform_System/CComAbsMdl_stubs_pp_SR_TxDebug4_Byte4_pp_SR_TxDebug4_Byte4".
                   [Warning] Connector ignored: Could not find outerPort of DelegationSwConnector "/E40_Platform_System_SystemPackage/Compositions/E40_Platform_System/CComAbsMdl_stubs_pp_SR_TxDebug4_Byte5_pp_SR_TxDebug4_Byte5".
                   [Warning] Connector ignored: Could not find outerPort of DelegationSwConnector "/E40_Platform_System_SystemPackage/Compositions/E40_Platform_System/CComAbsMdl_stubs_pp_SR_TxDebug4_Byte6_pp_SR_TxDebug4_Byte6".
                   [Warning] Connector ignored: Could not find outerPort of DelegationSwConnector "/E40_Platform_System_SystemPackage/Compositions/E40_Platform_System/CComAbsMdl_stubs_pp_SR_TxDebug4_Byte7_pp_SR_TxDebug4_Byte7".
                   [Warning] Connector ignored: Could not find outerPort of DelegationSwConnector "/E40_Platform_System_SystemPackage/Compositions/E40_Platform_System/CComAbsMdl_stubs_pp_SR_TxDebug5_Byte0_pp_SR_TxDebug5_Byte0".
                   [Warning] Connector ignored: Could not find outerPort of DelegationSwConnector "/E40_Platform_System_SystemPackage/Compositions/E40_Platform_System/CComAbsMdl_stubs_pp_SR_TxDebug5_Byte1_pp_SR_TxDebug5_Byte1".
                   [Warning] Connector ignored: Could not find outerPort of DelegationSwConnector "/E40_Platform_System_SystemPackage/Compositions/E40_Platform_System/CComAbsMdl_stubs_pp_SR_TxDebug5_Byte2_pp_SR_TxDebug5_Byte2".
                   [Warning] Connector ignored: Could not find outerPort of DelegationSwConnector "/E40_Platform_System_SystemPackage/Compositions/E40_Platform_System/CComAbsMdl_stubs_pp_SR_TxDebug5_Byte3_pp_SR_TxDebug5_Byte3".
                   [Warning] Connector ignored: Could not find outerPort of DelegationSwConnector "/E40_Platform_System_SystemPackage/Compositions/E40_Platform_System/CComAbsMdl_stubs_pp_SR_TxDebug5_Byte4_pp_SR_TxDebug5_Byte4".
                   [Warning] Connector ignored: Could not find outerPort of DelegationSwConnector "/E40_Platform_System_SystemPackage/Compositions/E40_Platform_System/CComAbsMdl_stubs_pp_SR_TxDebug5_Byte5_pp_SR_TxDebug5_Byte5".
                   [Warning] Connector ignored: Could not find outerPort of DelegationSwConnector "/E40_Platform_System_SystemPackage/Compositions/E40_Platform_System/CComAbsMdl_stubs_pp_SR_TxDebug5_Byte6_pp_SR_TxDebug5_Byte6".
                   [Warning] Connector ignored: Could not find outerPort of DelegationSwConnector "/E40_Platform_System_SystemPackage/Compositions/E40_Platform_System/CComAbsMdl_stubs_pp_SR_TxDebug5_Byte7_pp_SR_TxDebug5_Byte7".
                   [Warning] Connector ignored: Could not find outerPort of DelegationSwConnector "/E40_Platform_System_SystemPackage/Compositions/E40_Platform_System/CComAbsMdl_stubs_pp_SR_TxDiag_Buffer_Tx_USDT_pp_SR_TxDiag_Buffer_Tx_USDT".
                   [Warning] Connector ignored: Could not find outerPort of DelegationSwConnector "/E40_Platform_System_SystemPackage/Compositions/E40_Platform_System/CComAbsMdl_stubs_pp_SR_TxDiag_Buffer_Tx_UUDT_pp_SR_TxDiag_Buffer_Tx_UUDT".
                   [Warning] Connector ignored: Could not find outerPort of DelegationSwConnector "/E40_Platform_System_SystemPackage/Compositions/E40_Platform_System/CComAbsMdl_stubs_pp_SR_TxFV_Tx_pp_SR_TxFV_Tx".
                   [Warning] Connector ignored: Could not find outerPort of DelegationSwConnector "/E40_Platform_System_SystemPackage/Compositions/E40_Platform_System/CComAbsMdl_stubs_pp_SR_TxIllumination_PWM_pp_SR_TxIllumination_PWM".
                   [Warning] Connector ignored: Could not find outerPort of DelegationSwConnector "/E40_Platform_System_SystemPackage/Compositions/E40_Platform_System/CComAbsMdl_stubs_pp_SR_TxMAC_Tx_pp_SR_TxMAC_Tx".
                   [Warning] Connector ignored: Could not find outerPort of DelegationSwConnector "/E40_Platform_System_SystemPackage/Compositions/E40_Platform_System/CComAbsMdl_stubs_pp_SR_TxOdometer_pp_SR_TxOdometer".
                   [Warning] Connector ignored: Could not find outerPort of DelegationSwConnector "/E40_Platform_System_SystemPackage/Compositions/E40_Platform_System/CComAbsMdl_stubs_pp_SR_TxPreviousStateIC_pp_SR_TxPreviousStateIC".
                   [Warning] Connector ignored: Could not find outerPort of DelegationSwConnector "/E40_Platform_System_SystemPackage/Compositions/E40_Platform_System/CComAbsMdl_stubs_pp_SR_TxSecureTxByte0_pp_SR_TxSecureTxByte0".
                   [Warning] Connector ignored: Could not find outerPort of DelegationSwConnector "/E40_Platform_System_SystemPackage/Compositions/E40_Platform_System/CComAbsMdl_stubs_pp_SR_TxSecureTxByte1_pp_SR_TxSecureTxByte1".
                   [Warning] Connector ignored: Could not find outerPort of DelegationSwConnector "/E40_Platform_System_SystemPackage/Compositions/E40_Platform_System/CComAbsMdl_stubs_pp_SR_TxSecureTxByte2_pp_SR_TxSecureTxByte2".
                   [Warning] Connector ignored: Could not find outerPort of DelegationSwConnector "/E40_Platform_System_SystemPackage/Compositions/E40_Platform_System/CComAbsMdl_stubs_pp_SR_TxSecureTxByte3_pp_SR_TxSecureTxByte3".
                   [Warning] Connector ignored: Could not find outerPort of DelegationSwConnector "/E40_Platform_System_SystemPackage/Compositions/E40_Platform_System/CComAbsMdl_stubs_pp_SR_TxUserData1_IC_pp_SR_TxUserData1_IC".
                   [Warning] Connector ignored: Could not find outerPort of DelegationSwConnector "/E40_Platform_System_SystemPackage/Compositions/E40_Platform_System/CComAbsMdl_stubs_pp_SR_TxUserData2_IC_pp_SR_TxUserData2_IC".
                   [Warning] Connector ignored: Could not find outerPort of DelegationSwConnector "/E40_Platform_System_SystemPackage/Compositions/E40_Platform_System/CComAbsMdl_stubs_pp_SR_TxUserData3_IC_pp_SR_TxUserData3_IC".
                   [Warning] Connector ignored: Could not find outerPort of DelegationSwConnector "/E40_Platform_System_SystemPackage/Compositions/E40_Platform_System/CComAbsMdl_stubs_pp_SR_TxUserData4_IC_pp_SR_TxUserData4_IC".
                   [Warning] Connector ignored: Could not find outerPort of DelegationSwConnector "/E40_Platform_System_SystemPackage/Compositions/E40_Platform_System/CComAbsMdl_stubs_pp_SR_TxUserData5_IC_pp_SR_TxUserData5_IC".
                   [Warning] Connector ignored: Could not find outerPort of DelegationSwConnector "/E40_Platform_System_SystemPackage/Compositions/E40_Platform_System/CComAbsMdl_stubs_pp_SR_TxVehicleSpeedIC_pp_SR_TxVehicleSpeedIC".
                   [Warning] Connector ignored: Could not find targetRPort of RPortInCompositionInstanceRef below AssemblySwConnector "/E40_Platform_System_SystemPackage/Compositions/E40_Platform_System/MemAbstract_Stub_Safe_BsConst_Temp_Threshold_Hysteresis_Derating_SafeNvM_BsConst_Temp_Threshold_Hysteresis_Derating_4".
                   [Warning] Connector ignored: Could not find targetRPort of RPortInCompositionInstanceRef below AssemblySwConnector "/E40_Platform_System_SystemPackage/Compositions/E40_Platform_System/MemAbstract_Stub_Safe_BsConst_Lookup_Curve_HotSpot_Coef_X_SafeNvM_BsConst_Lookup_Curve_HotSpot_Coef_X_4".
                   [Warning] Connector ignored: Could not find targetRPort of RPortInCompositionInstanceRef below AssemblySwConnector "/E40_Platform_System_SystemPackage/Compositions/E40_Platform_System/MemAbstract_Stub_Safe_BsConst_Compensation_Line_Shift_b_SafeNvM_BsConst_Compensation_Line_Shift_b_4".
                   [Warning] Connector ignored: Could not find targetRPort of RPortInCompositionInstanceRef below AssemblySwConnector "/E40_Platform_System_SystemPackage/Compositions/E40_Platform_System/MemAbstract_Stub_Safe_BsConst_Temperature_Sensor_Conv_SafeNvM_BsConst_Temperature_Sensor_Conv_4".
                   [Warning] Connector ignored: Could not find targetRPort of RPortInCompositionInstanceRef below AssemblySwConnector "/E40_Platform_System_SystemPackage/Compositions/E40_Platform_System/MemAbstract_Stub_Safe_BsConst_BsConst_Illumination_ReservedByte_SafeNvM_BsConst_BsConst_Illumination_ReservedByte_4".
                   [Warning] Connector ignored: Could not find targetRPort of RPortInCompositionInstanceRef below AssemblySwConnector "/E40_Platform_System_SystemPackage/Compositions/E40_Platform_System/MemAbstract_Stub_Safe_BsConst_Display_Illum_Max_Level_Safe_SafeNvM_BsConst_Display_Illum_Max_Level_Safe_4".
                   [Warning] Connector ignored: Could not find targetRPort of RPortInCompositionInstanceRef below AssemblySwConnector "/E40_Platform_System_SystemPackage/Compositions/E40_Platform_System/MemAbstract_Stub_Safe_BsConst_Lookup_Curve_HotSpot_Coef_Y_SafeNvM_BsConst_Lookup_Curve_HotSpot_Coef_Y_4".
                   [Warning] Connector ignored: Could not find targetRPort of RPortInCompositionInstanceRef below AssemblySwConnector "/E40_Platform_System_SystemPackage/Compositions/E40_Platform_System/MemAbstract_Stub_Safe_BsConst_Derating_Backlight_Disable_SafeNvM_BsConst_Derating_Backlight_Disable_4".
                   [Warning] Connector ignored: Could not find targetRPort of RPortInCompositionInstanceRef below AssemblySwConnector "/E40_Platform_System_SystemPackage/Compositions/E40_Platform_System/MemAbstract_Stub_Safe_BsConst_PWM_boost_bypass_duty_SafeNvM_BsConst_PWM_boost_bypass_duty_4".
                   [Warning] Connector ignored: Could not find targetRPort of RPortInCompositionInstanceRef below AssemblySwConnector "/E40_Platform_System_SystemPackage/Compositions/E40_Platform_System/MemAbstract_Stub_Safe_BsConst_PCB_Temperature_Sensor_Conv_SafeNvM_BsConst_PCB_Temperature_Sensor_Conv_4".
                   [Warning] Connector ignored: Could not find targetRPort of RPortInCompositionInstanceRef below AssemblySwConnector "/E40_Platform_System_SystemPackage/Compositions/E40_Platform_System/MemAbstract_Stub_Safe_BsConst_Compensation_Line_Slope_m_SafeNvM_BsConst_Compensation_Line_Slope_m_4".
                   [Warning] Connector ignored: Could not find targetRPort of RPortInCompositionInstanceRef below AssemblySwConnector "/E40_Platform_System_SystemPackage/Compositions/E40_Platform_System/MemAbstract_Stub_Safe_BsConst_Lookup_Curve_HotSpot_Coef_Y_SafeNvM_BsConst_Lookup_Curve_HotSpot_Coef_Y_5".
                   [Warning] Connector ignored: Could not find targetRPort of RPortInCompositionInstanceRef below AssemblySwConnector "/E40_Platform_System_SystemPackage/Compositions/E40_Platform_System/MemAbstract_Stub_Safe_BsConst_Derating_Backlight_Disable_SafeNvM_BsConst_Derating_Backlight_Disable_5".
                   [Warning] Connector ignored: Could not find targetRPort of RPortInCompositionInstanceRef below AssemblySwConnector "/E40_Platform_System_SystemPackage/Compositions/E40_Platform_System/MemAbstract_Stub_Safe_BsConst_BsConst_Illumination_ReservedByte_SafeNvM_BsConst_BsConst_Illumination_ReservedByte_5".
                   [Warning] Connector ignored: Could not find targetRPort of RPortInCompositionInstanceRef below AssemblySwConnector "/E40_Platform_System_SystemPackage/Compositions/E40_Platform_System/MemAbstract_Stub_Safe_BsConst_PWM_boost_bypass_duty_SafeNvM_BsConst_PWM_boost_bypass_duty_5".
                   [Warning] Connector ignored: Could not find targetRPort of RPortInCompositionInstanceRef below AssemblySwConnector "/E40_Platform_System_SystemPackage/Compositions/E40_Platform_System/MemAbstract_Stub_Safe_BsConst_Temperature_Sensor_Conv_SafeNvM_BsConst_Temperature_Sensor_Conv_5".
                   [Warning] Connector ignored: Could not find targetRPort of RPortInCompositionInstanceRef below AssemblySwConnector "/E40_Platform_System_SystemPackage/Compositions/E40_Platform_System/MemAbstract_Stub_Safe_BsConst_Lookup_Curve_HotSpot_Coef_X_SafeNvM_BsConst_Lookup_Curve_HotSpot_Coef_X_5".
                   [Warning] Connector ignored: Could not find targetRPort of RPortInCompositionInstanceRef below AssemblySwConnector "/E40_Platform_System_SystemPackage/Compositions/E40_Platform_System/MemAbstract_Stub_Safe_BsConst_Display_Illum_Max_Level_Safe_SafeNvM_BsConst_Display_Illum_Max_Level_Safe_5".
                   [Warning] Connector ignored: Could not find targetRPort of RPortInCompositionInstanceRef below AssemblySwConnector "/E40_Platform_System_SystemPackage/Compositions/E40_Platform_System/MemAbstract_Stub_Safe_BsConst_Temp_Threshold_Hysteresis_Derating_SafeNvM_BsConst_Temp_Threshold_Hysteresis_Derating_5".
                   [Warning] Connector ignored: Could not find targetRPort of RPortInCompositionInstanceRef below AssemblySwConnector "/E40_Platform_System_SystemPackage/Compositions/E40_Platform_System/MemAbstract_Stub_Safe_BsConst_Compensation_Line_Shift_b_SafeNvM_BsConst_Compensation_Line_Shift_b_5".
                   [Warning] Connector ignored: Could not find targetRPort of RPortInCompositionInstanceRef below AssemblySwConnector "/E40_Platform_System_SystemPackage/Compositions/E40_Platform_System/MemAbstract_Stub_Safe_BsConst_Compensation_Line_Slope_m_SafeNvM_BsConst_Compensation_Line_Slope_m_5".
                   [Warning] Connector ignored: Could not find targetRPort of RPortInCompositionInstanceRef below AssemblySwConnector "/E40_Platform_System_SystemPackage/Compositions/E40_Platform_System/MemAbstract_Stub_Safe_BsConst_PCB_Temperature_Sensor_Conv_SafeNvM_BsConst_PCB_Temperature_Sensor_Conv_5".
                   [Warning] Connector ignored: Could not find outerPort of DelegationSwConnector "/E40_Platform_System_SystemPackage/Compositions/E40_Platform_System/rp_SR_RxAirbag_1_CComAbsMdl_stubs_rp_SR_RxAirbag_1".
                   [Warning] Connector ignored: Could not find outerPort of DelegationSwConnector "/E40_Platform_System_SystemPackage/Compositions/E40_Platform_System/rp_SR_RxAirbag_2_CComAbsMdl_stubs_rp_SR_RxAirbag_1".
                   [Warning] Connector ignored: Could not find outerPort of DelegationSwConnector "/E40_Platform_System_SystemPackage/Compositions/E40_Platform_System/rp_SR_RxAirbag_1_CComAbsMdl_stubs_rp_SR_RxAirbag_2".
                   [Warning] Connector ignored: Could not find targetRPort of RPortInCompositionInstanceRef below AssemblySwConnector "/E40_Platform_System_SystemPackage/Compositions/E40_Platform_System/MemAbstract_Stub_Safe_BsConst_Lookup_Curve_HotSpot_Coef_X_SafeNvM_BsConst_Lookup_Curve_HotSpot_Coef_X_6".
                   [Warning] Connector ignored: Could not find targetRPort of RPortInCompositionInstanceRef below AssemblySwConnector "/E40_Platform_System_SystemPackage/Compositions/E40_Platform_System/MemAbstract_Stub_Safe_BsConst_PCB_Temperature_Sensor_Conv_SafeNvM_BsConst_PCB_Temperature_Sensor_Conv_6".
                   [Warning] Connector ignored: Could not find targetRPort of RPortInCompositionInstanceRef below AssemblySwConnector "/E40_Platform_System_SystemPackage/Compositions/E40_Platform_System/MemAbstract_Stub_Safe_BsConst_BsConst_Illumination_ReservedByte_SafeNvM_BsConst_BsConst_Illumination_ReservedByte_6".
                   [Warning] Connector ignored: Could not find targetRPort of RPortInCompositionInstanceRef below AssemblySwConnector "/E40_Platform_System_SystemPackage/Compositions/E40_Platform_System/MemAbstract_Stub_Safe_BsConst_Display_Illum_Max_Level_Safe_SafeNvM_BsConst_Display_Illum_Max_Level_Safe_6".
                   [Warning] Connector ignored: Could not find targetRPort of RPortInCompositionInstanceRef below AssemblySwConnector "/E40_Platform_System_SystemPackage/Compositions/E40_Platform_System/MemAbstract_Stub_Safe_BsConst_PWM_boost_bypass_duty_SafeNvM_BsConst_PWM_boost_bypass_duty_6".
                   [Warning] Connector ignored: Could not find targetRPort of RPortInCompositionInstanceRef below AssemblySwConnector "/E40_Platform_System_SystemPackage/Compositions/E40_Platform_System/MemAbstract_Stub_Safe_BsConst_Temperature_Sensor_Conv_SafeNvM_BsConst_Temperature_Sensor_Conv_6".
                   [Warning] Connector ignored: Could not find targetRPort of RPortInCompositionInstanceRef below AssemblySwConnector "/E40_Platform_System_SystemPackage/Compositions/E40_Platform_System/MemAbstract_Stub_Safe_BsConst_Lookup_Curve_HotSpot_Coef_Y_SafeNvM_BsConst_Lookup_Curve_HotSpot_Coef_Y_6".
                   [Warning] Connector ignored: Could not find targetRPort of RPortInCompositionInstanceRef below AssemblySwConnector "/E40_Platform_System_SystemPackage/Compositions/E40_Platform_System/MemAbstract_Stub_Safe_BsConst_Compensation_Line_Shift_b_SafeNvM_BsConst_Compensation_Line_Shift_b_6".
                   [Warning] Connector ignored: Could not find targetRPort of RPortInCompositionInstanceRef below AssemblySwConnector "/E40_Platform_System_SystemPackage/Compositions/E40_Platform_System/MemAbstract_Stub_Safe_BsConst_Compensation_Line_Slope_m_SafeNvM_BsConst_Compensation_Line_Slope_m_6".
                   [Warning] Connector ignored: Could not find targetRPort of RPortInCompositionInstanceRef below AssemblySwConnector "/E40_Platform_System_SystemPackage/Compositions/E40_Platform_System/MemAbstract_Stub_Safe_BsConst_Derating_Backlight_Disable_SafeNvM_BsConst_Derating_Backlight_Disable_6".
                   [Warning] Connector ignored: Could not find targetRPort of RPortInCompositionInstanceRef below AssemblySwConnector "/E40_Platform_System_SystemPackage/Compositions/E40_Platform_System/MemAbstract_Stub_Safe_BsConst_Temp_Threshold_Hysteresis_Derating_SafeNvM_BsConst_Temp_Threshold_Hysteresis_Derating_6".
                   [Warning] Connector ignored: Could not find targetRPort of RPortInCompositionInstanceRef below AssemblySwConnector "/E40_Platform_System_SystemPackage/Compositions/E40_Platform_System/MemAbstract_Stub_Safe_BsConst_Lookup_Curve_HotSpot_Coef_Y_SafeNvM_BsConst_Lookup_Curve_HotSpot_Coef_Y_7".
                   [Warning] Connector ignored: Could not find targetRPort of RPortInCompositionInstanceRef below AssemblySwConnector "/E40_Platform_System_SystemPackage/Compositions/E40_Platform_System/MemAbstract_Stub_Safe_BsConst_Lookup_Curve_HotSpot_Coef_X_SafeNvM_BsConst_Lookup_Curve_HotSpot_Coef_X_7".
                   [Warning] Connector ignored: Could not find targetRPort of RPortInCompositionInstanceRef below AssemblySwConnector "/E40_Platform_System_SystemPackage/Compositions/E40_Platform_System/MemAbstract_Stub_Safe_BsConst_BsConst_Illumination_ReservedByte_SafeNvM_BsConst_BsConst_Illumination_ReservedByte_7".
                   [Warning] Connector ignored: Could not find targetRPort of RPortInCompositionInstanceRef below AssemblySwConnector "/E40_Platform_System_SystemPackage/Compositions/E40_Platform_System/MemAbstract_Stub_Safe_BsConst_Temperature_Sensor_Conv_SafeNvM_BsConst_Temperature_Sensor_Conv_7".
                   [Warning] Connector ignored: Could not find targetRPort of RPortInCompositionInstanceRef below AssemblySwConnector "/E40_Platform_System_SystemPackage/Compositions/E40_Platform_System/MemAbstract_Stub_Safe_BsConst_PCB_Temperature_Sensor_Conv_SafeNvM_BsConst_PCB_Temperature_Sensor_Conv_7".
                   [Warning] Connector ignored: Could not find targetRPort of RPortInCompositionInstanceRef below AssemblySwConnector "/E40_Platform_System_SystemPackage/Compositions/E40_Platform_System/MemAbstract_Stub_Safe_BsConst_Derating_Backlight_Disable_SafeNvM_BsConst_Derating_Backlight_Disable_7".
                   [Warning] Connector ignored: Could not find targetRPort of RPortInCompositionInstanceRef below AssemblySwConnector "/E40_Platform_System_SystemPackage/Compositions/E40_Platform_System/MemAbstract_Stub_Safe_BsConst_Display_Illum_Max_Level_Safe_SafeNvM_BsConst_Display_Illum_Max_Level_Safe_7".
                   [Warning] Connector ignored: Could not find targetRPort of RPortInCompositionInstanceRef below AssemblySwConnector "/E40_Platform_System_SystemPackage/Compositions/E40_Platform_System/MemAbstract_Stub_Safe_BsConst_Temp_Threshold_Hysteresis_Derating_SafeNvM_BsConst_Temp_Threshold_Hysteresis_Derating_7".
                   [Warning] Connector ignored: Could not find targetRPort of RPortInCompositionInstanceRef below AssemblySwConnector "/E40_Platform_System_SystemPackage/Compositions/E40_Platform_System/MemAbstract_Stub_Safe_BsConst_PWM_boost_bypass_duty_SafeNvM_BsConst_PWM_boost_bypass_duty_7".
                   [Warning] Connector ignored: Could not find targetRPort of RPortInCompositionInstanceRef below AssemblySwConnector "/E40_Platform_System_SystemPackage/Compositions/E40_Platform_System/MemAbstract_Stub_Safe_BsConst_Compensation_Line_Shift_b_SafeNvM_BsConst_Compensation_Line_Shift_b_7".
                   [Warning] Connector ignored: Could not find targetRPort of RPortInCompositionInstanceRef below AssemblySwConnector "/E40_Platform_System_SystemPackage/Compositions/E40_Platform_System/MemAbstract_Stub_Safe_BsConst_Compensation_Line_Slope_m_SafeNvM_BsConst_Compensation_Line_Slope_m_7".
                   [Warning] Connector ignored: Could not find outerPort of DelegationSwConnector "/E40_Platform_System_SystemPackage/Compositions/E40_Platform_System/TrustecSWC_PP_TX_SG_COM_HSSG_COM_HS_PP_TX_SG_COM_HSSG_COM_HS".
                   [Warning] Connector ignored: Could not find targetPPort of PPortInCompositionInstanceRef below DelegationSwConnector "/E40_Platform_System_SystemPackage/Compositions/E40_Platform_System/TrustecSWC_PP_TX_SG_COM_HSSG_COM_HS_PP_TX_SG_COM_HSSG_COM_HS_1".
                   [Warning] Connector ignored: Could not find targetRPort of RPortInCompositionInstanceRef below DelegationSwConnector "/E40_Platform_System_SystemPackage/Compositions/E40_Platform_System/rp_SR_RxAmbient_Light_level_CComAbsMdl_stubs_rp_SR_RxAmbient_Light_level_1".
                   [Warning] Connector ignored: Could not find targetRPort of RPortInCompositionInstanceRef below DelegationSwConnector "/E40_Platform_System_SystemPackage/Compositions/E40_Platform_System/rp_SR_RxDayNightMode_CComAbsMdl_stubs_rp_SR_RxDayNightMode_1".
                   [Warning] Connector ignored: Could not find targetRPort of RPortInCompositionInstanceRef below DelegationSwConnector "/E40_Platform_System_SystemPackage/Compositions/E40_Platform_System/rp_SR_RxGear_CComAbsMdl_stubs_rp_SR_RxGear_1".
                   [Warning] Connector ignored: Could not find targetRPort of RPortInCompositionInstanceRef below DelegationSwConnector "/E40_Platform_System_SystemPackage/Compositions/E40_Platform_System/rp_SR_RxGearMode_CComAbsMdl_stubs_rp_SR_RxGearMode_1".
                   [Warning] Connector ignored: Could not find targetRPort of RPortInCompositionInstanceRef below DelegationSwConnector "/E40_Platform_System_SystemPackage/Compositions/E40_Platform_System/rp_SR_RxGearRecommendation_CComAbsMdl_stubs_rp_SR_RxGearRecommendation_1".
                   [Warning] Connector ignored: Could not find targetRPort of RPortInCompositionInstanceRef below DelegationSwConnector "/E40_Platform_System_SystemPackage/Compositions/E40_Platform_System/rp_SR_RxGearStatus_CComAbsMdl_stubs_rp_SR_RxGearStatus_1".
                   [Warning] Connector ignored: Could not find targetRPort of RPortInCompositionInstanceRef below DelegationSwConnector "/E40_Platform_System_SystemPackage/Compositions/E40_Platform_System/rp_SR_RxIllumination_level_CComAbsMdl_stubs_rp_SR_RxIllumination_level_1".
                   [Warning] Connector ignored: Could not find targetRPort of RPortInCompositionInstanceRef below DelegationSwConnector "/E40_Platform_System_SystemPackage/Compositions/E40_Platform_System/rp_SR_RxPowerMode_CComAbsMdl_stubs_rp_SR_RxPowerMode_1".
                   [Warning] Connector ignored: Could not find targetRPort of RPortInCompositionInstanceRef below DelegationSwConnector "/E40_Platform_System_SystemPackage/Compositions/E40_Platform_System/rp_SR_RxTransportMode_CComAbsMdl_stubs_rp_SR_RxTransportMode_1".
                   [Warning] Connector ignored: Could not find targetRPort of RPortInCompositionInstanceRef below DelegationSwConnector "/E40_Platform_System_SystemPackage/Compositions/E40_Platform_System/rp_SR_RxWarning_CComAbsMdl_stubs_rp_SR_RxWarning_1".
                   [Warning] Connector ignored: Could not find targetPPort of PPortInCompositionInstanceRef below DelegationSwConnector "/E40_Platform_System_SystemPackage/Compositions/E40_Platform_System/CComAbsMdl_stubs_pp_SR_TxDebug1_Byte0_1_pp_SR_TxDebug1_Byte0".
                   [Warning] Connector ignored: Could not find targetPPort of PPortInCompositionInstanceRef below DelegationSwConnector "/E40_Platform_System_SystemPackage/Compositions/E40_Platform_System/CComAbsMdl_stubs_pp_SR_TxDebug1_Byte1_1_pp_SR_TxDebug1_Byte1".
                   [Warning] Connector ignored: Could not find targetPPort of PPortInCompositionInstanceRef below DelegationSwConnector "/E40_Platform_System_SystemPackage/Compositions/E40_Platform_System/CComAbsMdl_stubs_pp_SR_TxDebug1_Byte2_1_pp_SR_TxDebug1_Byte2".
                   [Warning] Connector ignored: Could not find targetPPort of PPortInCompositionInstanceRef below DelegationSwConnector "/E40_Platform_System_SystemPackage/Compositions/E40_Platform_System/CComAbsMdl_stubs_pp_SR_TxDebug1_Byte3_1_pp_SR_TxDebug1_Byte3".
                   [Warning] Connector ignored: Could not find targetPPort of PPortInCompositionInstanceRef below DelegationSwConnector "/E40_Platform_System_SystemPackage/Compositions/E40_Platform_System/CComAbsMdl_stubs_pp_SR_TxDebug1_Byte4_1_pp_SR_TxDebug1_Byte4".
                   [Warning] Connector ignored: Could not find targetPPort of PPortInCompositionInstanceRef below DelegationSwConnector "/E40_Platform_System_SystemPackage/Compositions/E40_Platform_System/CComAbsMdl_stubs_pp_SR_TxDebug1_Byte5_1_pp_SR_TxDebug1_Byte5".
                   [Warning] Connector ignored: Could not find targetPPort of PPortInCompositionInstanceRef below DelegationSwConnector "/E40_Platform_System_SystemPackage/Compositions/E40_Platform_System/CComAbsMdl_stubs_pp_SR_TxDebug1_Byte6_1_pp_SR_TxDebug1_Byte6".
                   [Warning] Connector ignored: Could not find targetPPort of PPortInCompositionInstanceRef below DelegationSwConnector "/E40_Platform_System_SystemPackage/Compositions/E40_Platform_System/CComAbsMdl_stubs_pp_SR_TxDebug1_Byte7_1_pp_SR_TxDebug1_Byte7".
                   [Warning] Connector ignored: Could not find targetPPort of PPortInCompositionInstanceRef below DelegationSwConnector "/E40_Platform_System_SystemPackage/Compositions/E40_Platform_System/CComAbsMdl_stubs_pp_SR_TxDebug2_Byte0_1_pp_SR_TxDebug2_Byte0".
                   [Warning] Connector ignored: Could not find targetPPort of PPortInCompositionInstanceRef below DelegationSwConnector "/E40_Platform_System_SystemPackage/Compositions/E40_Platform_System/CComAbsMdl_stubs_pp_SR_TxDebug2_Byte1_1_pp_SR_TxDebug2_Byte1".
                   [Warning] Connector ignored: Could not find targetPPort of PPortInCompositionInstanceRef below DelegationSwConnector "/E40_Platform_System_SystemPackage/Compositions/E40_Platform_System/CComAbsMdl_stubs_pp_SR_TxDebug2_Byte2_1_pp_SR_TxDebug2_Byte2".
                   [Warning] Connector ignored: Could not find targetPPort of PPortInCompositionInstanceRef below DelegationSwConnector "/E40_Platform_System_SystemPackage/Compositions/E40_Platform_System/CComAbsMdl_stubs_pp_SR_TxDebug2_Byte3_1_pp_SR_TxDebug2_Byte3".
                   [Warning] Connector ignored: Could not find targetPPort of PPortInCompositionInstanceRef below DelegationSwConnector "/E40_Platform_System_SystemPackage/Compositions/E40_Platform_System/CComAbsMdl_stubs_pp_SR_TxDebug2_Byte4_1_pp_SR_TxDebug2_Byte4".
                   [Warning] Connector ignored: Could not find targetPPort of PPortInCompositionInstanceRef below DelegationSwConnector "/E40_Platform_System_SystemPackage/Compositions/E40_Platform_System/CComAbsMdl_stubs_pp_SR_TxDebug2_Byte5_1_pp_SR_TxDebug2_Byte5".
                   [Warning] Connector ignored: Could not find targetPPort of PPortInCompositionInstanceRef below DelegationSwConnector "/E40_Platform_System_SystemPackage/Compositions/E40_Platform_System/CComAbsMdl_stubs_pp_SR_TxDebug2_Byte6_1_pp_SR_TxDebug2_Byte6".
                   [Warning] Connector ignored: Could not find targetPPort of PPortInCompositionInstanceRef below DelegationSwConnector "/E40_Platform_System_SystemPackage/Compositions/E40_Platform_System/CComAbsMdl_stubs_pp_SR_TxDebug2_Byte7_1_pp_SR_TxDebug2_Byte7".
                   [Warning] Connector ignored: Could not find targetPPort of PPortInCompositionInstanceRef below DelegationSwConnector "/E40_Platform_System_SystemPackage/Compositions/E40_Platform_System/CComAbsMdl_stubs_pp_SR_TxDebug3_Byte0_1_pp_SR_TxDebug3_Byte0".
                   [Warning] Connector ignored: Could not find targetPPort of PPortInCompositionInstanceRef below DelegationSwConnector "/E40_Platform_System_SystemPackage/Compositions/E40_Platform_System/CComAbsMdl_stubs_pp_SR_TxDebug3_Byte1_1_pp_SR_TxDebug3_Byte1".
                   [Warning] Connector ignored: Could not find targetPPort of PPortInCompositionInstanceRef below DelegationSwConnector "/E40_Platform_System_SystemPackage/Compositions/E40_Platform_System/CComAbsMdl_stubs_pp_SR_TxDebug3_Byte2_1_pp_SR_TxDebug3_Byte2".
                   [Warning] Connector ignored: Could not find targetPPort of PPortInCompositionInstanceRef below DelegationSwConnector "/E40_Platform_System_SystemPackage/Compositions/E40_Platform_System/CComAbsMdl_stubs_pp_SR_TxDebug3_Byte3_1_pp_SR_TxDebug3_Byte3".
                   [Warning] Connector ignored: Could not find targetPPort of PPortInCompositionInstanceRef below DelegationSwConnector "/E40_Platform_System_SystemPackage/Compositions/E40_Platform_System/CComAbsMdl_stubs_pp_SR_TxDebug3_Byte4_1_pp_SR_TxDebug3_Byte4".
                   [Warning] Connector ignored: Could not find targetPPort of PPortInCompositionInstanceRef below DelegationSwConnector "/E40_Platform_System_SystemPackage/Compositions/E40_Platform_System/CComAbsMdl_stubs_pp_SR_TxDebug3_Byte5_1_pp_SR_TxDebug3_Byte5".
                   [Warning] Connector ignored: Could not find targetPPort of PPortInCompositionInstanceRef below DelegationSwConnector "/E40_Platform_System_SystemPackage/Compositions/E40_Platform_System/CComAbsMdl_stubs_pp_SR_TxDebug3_Byte6_1_pp_SR_TxDebug3_Byte6".
                   [Warning] Connector ignored: Could not find targetPPort of PPortInCompositionInstanceRef below DelegationSwConnector "/E40_Platform_System_SystemPackage/Compositions/E40_Platform_System/CComAbsMdl_stubs_pp_SR_TxDebug3_Byte7_1_pp_SR_TxDebug3_Byte7".
                   [Warning] Connector ignored: Could not find targetPPort of PPortInCompositionInstanceRef below DelegationSwConnector "/E40_Platform_System_SystemPackage/Compositions/E40_Platform_System/CComAbsMdl_stubs_pp_SR_TxDebug4_Byte0_1_pp_SR_TxDebug4_Byte0".
                   [Warning] Connector ignored: Could not find targetPPort of PPortInCompositionInstanceRef below DelegationSwConnector "/E40_Platform_System_SystemPackage/Compositions/E40_Platform_System/CComAbsMdl_stubs_pp_SR_TxDebug4_Byte1_1_pp_SR_TxDebug4_Byte1".
                   [Warning] Connector ignored: Could not find targetPPort of PPortInCompositionInstanceRef below DelegationSwConnector "/E40_Platform_System_SystemPackage/Compositions/E40_Platform_System/CComAbsMdl_stubs_pp_SR_TxDebug4_Byte2_1_pp_SR_TxDebug4_Byte2".
                   [Warning] Connector ignored: Could not find targetPPort of PPortInCompositionInstanceRef below DelegationSwConnector "/E40_Platform_System_SystemPackage/Compositions/E40_Platform_System/CComAbsMdl_stubs_pp_SR_TxDebug4_Byte3_1_pp_SR_TxDebug4_Byte3".
                   [Warning] Connector ignored: Could not find targetPPort of PPortInCompositionInstanceRef below DelegationSwConnector "/E40_Platform_System_SystemPackage/Compositions/E40_Platform_System/CComAbsMdl_stubs_pp_SR_TxDebug4_Byte4_1_pp_SR_TxDebug4_Byte4".
                   [Warning] Connector ignored: Could not find targetPPort of PPortInCompositionInstanceRef below DelegationSwConnector "/E40_Platform_System_SystemPackage/Compositions/E40_Platform_System/CComAbsMdl_stubs_pp_SR_TxDebug4_Byte5_1_pp_SR_TxDebug4_Byte5".
                   [Warning] Connector ignored: Could not find targetPPort of PPortInCompositionInstanceRef below DelegationSwConnector "/E40_Platform_System_SystemPackage/Compositions/E40_Platform_System/CComAbsMdl_stubs_pp_SR_TxDebug4_Byte6_1_pp_SR_TxDebug4_Byte6".
                   [Warning] Connector ignored: Could not find targetPPort of PPortInCompositionInstanceRef below DelegationSwConnector "/E40_Platform_System_SystemPackage/Compositions/E40_Platform_System/CComAbsMdl_stubs_pp_SR_TxDebug4_Byte7_1_pp_SR_TxDebug4_Byte7".
                   [Warning] Connector ignored: Could not find targetPPort of PPortInCompositionInstanceRef below DelegationSwConnector "/E40_Platform_System_SystemPackage/Compositions/E40_Platform_System/CComAbsMdl_stubs_pp_SR_TxDebug5_Byte0_1_pp_SR_TxDebug5_Byte0".
                   [Warning] Connector ignored: Could not find targetPPort of PPortInCompositionInstanceRef below DelegationSwConnector "/E40_Platform_System_SystemPackage/Compositions/E40_Platform_System/CComAbsMdl_stubs_pp_SR_TxDebug5_Byte1_1_pp_SR_TxDebug5_Byte1".
                   [Warning] Connector ignored: Could not find targetPPort of PPortInCompositionInstanceRef below DelegationSwConnector "/E40_Platform_System_SystemPackage/Compositions/E40_Platform_System/CComAbsMdl_stubs_pp_SR_TxDebug5_Byte2_1_pp_SR_TxDebug5_Byte2".
                   [Warning] Connector ignored: Could not find targetPPort of PPortInCompositionInstanceRef below DelegationSwConnector "/E40_Platform_System_SystemPackage/Compositions/E40_Platform_System/CComAbsMdl_stubs_pp_SR_TxDebug5_Byte3_1_pp_SR_TxDebug5_Byte3".
                   [Warning] Connector ignored: Could not find targetPPort of PPortInCompositionInstanceRef below DelegationSwConnector "/E40_Platform_System_SystemPackage/Compositions/E40_Platform_System/CComAbsMdl_stubs_pp_SR_TxDebug5_Byte4_1_pp_SR_TxDebug5_Byte4".
                   [Warning] Connector ignored: Could not find targetPPort of PPortInCompositionInstanceRef below DelegationSwConnector "/E40_Platform_System_SystemPackage/Compositions/E40_Platform_System/CComAbsMdl_stubs_pp_SR_TxDebug5_Byte5_1_pp_SR_TxDebug5_Byte5".
                   [Warning] Connector ignored: Could not find targetPPort of PPortInCompositionInstanceRef below DelegationSwConnector "/E40_Platform_System_SystemPackage/Compositions/E40_Platform_System/CComAbsMdl_stubs_pp_SR_TxDebug5_Byte6_1_pp_SR_TxDebug5_Byte6".
                   [Warning] Connector ignored: Could not find targetPPort of PPortInCompositionInstanceRef below DelegationSwConnector "/E40_Platform_System_SystemPackage/Compositions/E40_Platform_System/CComAbsMdl_stubs_pp_SR_TxDebug5_Byte7_1_pp_SR_TxDebug5_Byte7".
                   [Warning] Connector ignored: Could not find targetPPort of PPortInCompositionInstanceRef below DelegationSwConnector "/E40_Platform_System_SystemPackage/Compositions/E40_Platform_System/CComAbsMdl_stubs_pp_SR_TxFV_Tx_1_pp_SR_TxFV_Tx".
                   [Warning] Connector ignored: Could not find targetPPort of PPortInCompositionInstanceRef below DelegationSwConnector "/E40_Platform_System_SystemPackage/Compositions/E40_Platform_System/CComAbsMdl_stubs_pp_SR_TxIllumination_PWM_1_pp_SR_TxIllumination_PWM".
                   [Warning] Connector ignored: Could not find targetPPort of PPortInCompositionInstanceRef below DelegationSwConnector "/E40_Platform_System_SystemPackage/Compositions/E40_Platform_System/CComAbsMdl_stubs_pp_SR_TxMAC_Tx_1_pp_SR_TxMAC_Tx".
                   [Warning] Connector ignored: Could not find targetPPort of PPortInCompositionInstanceRef below DelegationSwConnector "/E40_Platform_System_SystemPackage/Compositions/E40_Platform_System/CComAbsMdl_stubs_pp_SR_TxOdometer_1_pp_SR_TxOdometer".
                   [Warning] Connector ignored: Could not find targetPPort of PPortInCompositionInstanceRef below DelegationSwConnector "/E40_Platform_System_SystemPackage/Compositions/E40_Platform_System/CComAbsMdl_stubs_pp_SR_TxSecureTxByte0_1_pp_SR_TxSecureTxByte0".
                   [Warning] Connector ignored: Could not find targetPPort of PPortInCompositionInstanceRef below DelegationSwConnector "/E40_Platform_System_SystemPackage/Compositions/E40_Platform_System/CComAbsMdl_stubs_pp_SR_TxSecureTxByte1_1_pp_SR_TxSecureTxByte1".
                   [Warning] Connector ignored: Could not find targetPPort of PPortInCompositionInstanceRef below DelegationSwConnector "/E40_Platform_System_SystemPackage/Compositions/E40_Platform_System/CComAbsMdl_stubs_pp_SR_TxSecureTxByte2_1_pp_SR_TxSecureTxByte2".
                   [Warning] Connector ignored: Could not find targetPPort of PPortInCompositionInstanceRef below DelegationSwConnector "/E40_Platform_System_SystemPackage/Compositions/E40_Platform_System/CComAbsMdl_stubs_pp_SR_TxSecureTxByte3_1_pp_SR_TxSecureTxByte3".
                   [Warning] Connector ignored: Could not find targetPPort of PPortInCompositionInstanceRef below DelegationSwConnector "/E40_Platform_System_SystemPackage/Compositions/E40_Platform_System/CComAbsMdl_stubs_pp_SR_TxVehicleSpeedIC_1_pp_SR_TxVehicleSpeedIC".
                   [Warning] Connector ignored: Could not find targetRPort of RPortInCompositionInstanceRef below AssemblySwConnector "/E40_Platform_System_SystemPackage/Compositions/E40_Platform_System/MemAbstract_Stub_Safe_BsConst_Lookup_Curve_HotSpot_Coef_Y_SafeNvM_BsConst_Lookup_Curve_HotSpot_Coef_Y_8".
                   [Warning] Connector ignored: Could not find targetRPort of RPortInCompositionInstanceRef below AssemblySwConnector "/E40_Platform_System_SystemPackage/Compositions/E40_Platform_System/MemAbstract_Stub_Safe_BsConst_Compensation_Line_Shift_b_SafeNvM_BsConst_Compensation_Line_Shift_b_8".
                   [Warning] Connector ignored: Could not find targetRPort of RPortInCompositionInstanceRef below AssemblySwConnector "/E40_Platform_System_SystemPackage/Compositions/E40_Platform_System/MemAbstract_Stub_Safe_BsConst_Temp_Threshold_Hysteresis_Derating_SafeNvM_BsConst_Temp_Threshold_Hysteresis_Derating_8".
                   [Warning] Connector ignored: Could not find targetRPort of RPortInCompositionInstanceRef below AssemblySwConnector "/E40_Platform_System_SystemPackage/Compositions/E40_Platform_System/MemAbstract_Stub_Safe_BsConst_BsConst_Illumination_ReservedByte_SafeNvM_BsConst_BsConst_Illumination_ReservedByte_8".
                   [Warning] Connector ignored: Could not find targetRPort of RPortInCompositionInstanceRef below AssemblySwConnector "/E40_Platform_System_SystemPackage/Compositions/E40_Platform_System/MemAbstract_Stub_Safe_BsConst_PCB_Temperature_Sensor_Conv_SafeNvM_BsConst_PCB_Temperature_Sensor_Conv_8".
                   [Warning] Connector ignored: Could not find targetRPort of RPortInCompositionInstanceRef below AssemblySwConnector "/E40_Platform_System_SystemPackage/Compositions/E40_Platform_System/MemAbstract_Stub_Safe_BsConst_Display_Illum_Max_Level_Safe_SafeNvM_BsConst_Display_Illum_Max_Level_Safe_8".
                   [Warning] Connector ignored: Could not find targetRPort of RPortInCompositionInstanceRef below AssemblySwConnector "/E40_Platform_System_SystemPackage/Compositions/E40_Platform_System/MemAbstract_Stub_Safe_BsConst_Derating_Backlight_Disable_SafeNvM_BsConst_Derating_Backlight_Disable_8".
                   [Warning] Connector ignored: Could not find targetRPort of RPortInCompositionInstanceRef below AssemblySwConnector "/E40_Platform_System_SystemPackage/Compositions/E40_Platform_System/MemAbstract_Stub_Safe_BsConst_Compensation_Line_Slope_m_SafeNvM_BsConst_Compensation_Line_Slope_m_8".
                   [Warning] Connector ignored: Could not find targetRPort of RPortInCompositionInstanceRef below AssemblySwConnector "/E40_Platform_System_SystemPackage/Compositions/E40_Platform_System/MemAbstract_Stub_Safe_BsConst_PWM_boost_bypass_duty_SafeNvM_BsConst_PWM_boost_bypass_duty_8".
                   [Warning] Connector ignored: Could not find targetRPort of RPortInCompositionInstanceRef below AssemblySwConnector "/E40_Platform_System_SystemPackage/Compositions/E40_Platform_System/MemAbstract_Stub_Safe_BsConst_Temperature_Sensor_Conv_SafeNvM_BsConst_Temperature_Sensor_Conv_8".
                   [Warning] Connector ignored: Could not find targetRPort of RPortInCompositionInstanceRef below AssemblySwConnector "/E40_Platform_System_SystemPackage/Compositions/E40_Platform_System/MemAbstract_Stub_Safe_BsConst_Lookup_Curve_HotSpot_Coef_X_SafeNvM_BsConst_Lookup_Curve_HotSpot_Coef_X_8".
                   [Warning] Connector ignored: Could not find targetRPort of RPortInCompositionInstanceRef below AssemblySwConnector "/E40_Platform_System_SystemPackage/Compositions/E40_Platform_System/MemAbstract_Stub_Safe_BsConst_PWM_boost_bypass_duty_SafeNvM_BsConst_PWM_boost_bypass_duty_9".
                   [Warning] Connector ignored: Could not find targetRPort of RPortInCompositionInstanceRef below AssemblySwConnector "/E40_Platform_System_SystemPackage/Compositions/E40_Platform_System/MemAbstract_Stub_Safe_BsConst_Derating_Backlight_Disable_SafeNvM_BsConst_Derating_Backlight_Disable_9".
                   [Warning] Connector ignored: Could not find targetRPort of RPortInCompositionInstanceRef below AssemblySwConnector "/E40_Platform_System_SystemPackage/Compositions/E40_Platform_System/MemAbstract_Stub_Safe_BsConst_Compensation_Line_Shift_b_SafeNvM_BsConst_Compensation_Line_Shift_b_9".
                   [Warning] Connector ignored: Could not find targetRPort of RPortInCompositionInstanceRef below AssemblySwConnector "/E40_Platform_System_SystemPackage/Compositions/E40_Platform_System/MemAbstract_Stub_Safe_BsConst_Lookup_Curve_HotSpot_Coef_Y_SafeNvM_BsConst_Lookup_Curve_HotSpot_Coef_Y_9".
                   [Warning] Connector ignored: Could not find targetRPort of RPortInCompositionInstanceRef below AssemblySwConnector "/E40_Platform_System_SystemPackage/Compositions/E40_Platform_System/MemAbstract_Stub_Safe_BsConst_PCB_Temperature_Sensor_Conv_SafeNvM_BsConst_PCB_Temperature_Sensor_Conv_9".
                   [Warning] Connector ignored: Could not find targetRPort of RPortInCompositionInstanceRef below AssemblySwConnector "/E40_Platform_System_SystemPackage/Compositions/E40_Platform_System/MemAbstract_Stub_Safe_BsConst_BsConst_Illumination_ReservedByte_SafeNvM_BsConst_BsConst_Illumination_ReservedByte_9".
                   [Warning] Connector ignored: Could not find targetRPort of RPortInCompositionInstanceRef below AssemblySwConnector "/E40_Platform_System_SystemPackage/Compositions/E40_Platform_System/MemAbstract_Stub_Safe_BsConst_Lookup_Curve_HotSpot_Coef_X_SafeNvM_BsConst_Lookup_Curve_HotSpot_Coef_X_9".
                   [Warning] Connector ignored: Could not find targetRPort of RPortInCompositionInstanceRef below AssemblySwConnector "/E40_Platform_System_SystemPackage/Compositions/E40_Platform_System/MemAbstract_Stub_Safe_BsConst_Display_Illum_Max_Level_Safe_SafeNvM_BsConst_Display_Illum_Max_Level_Safe_9".
                   [Warning] Connector ignored: Could not find targetRPort of RPortInCompositionInstanceRef below AssemblySwConnector "/E40_Platform_System_SystemPackage/Compositions/E40_Platform_System/MemAbstract_Stub_Safe_BsConst_Temperature_Sensor_Conv_SafeNvM_BsConst_Temperature_Sensor_Conv_9".
                   [Warning] Connector ignored: Could not find targetRPort of RPortInCompositionInstanceRef below AssemblySwConnector "/E40_Platform_System_SystemPackage/Compositions/E40_Platform_System/MemAbstract_Stub_Safe_BsConst_Compensation_Line_Slope_m_SafeNvM_BsConst_Compensation_Line_Slope_m_9".
                   [Warning] Connector ignored: Could not find targetRPort of RPortInCompositionInstanceRef below AssemblySwConnector "/E40_Platform_System_SystemPackage/Compositions/E40_Platform_System/MemAbstract_Stub_Safe_BsConst_Temp_Threshold_Hysteresis_Derating_SafeNvM_BsConst_Temp_Threshold_Hysteresis_Derating_9".
                   [Warning] Connector ignored: Could not find targetRPort of RPortInCompositionInstanceRef below AssemblySwConnector "/E40_Platform_System_SystemPackage/Compositions/E40_Platform_System/MemAbstract_Stub_Safe_BsConst_Lookup_Curve_HotSpot_Coef_Y_SafeNvM_BsConst_Lookup_Curve_HotSpot_Coef_Y_10".
                   [Warning] Connector ignored: Could not find targetRPort of RPortInCompositionInstanceRef below AssemblySwConnector "/E40_Platform_System_SystemPackage/Compositions/E40_Platform_System/MemAbstract_Stub_Safe_BsConst_BsConst_Illumination_ReservedByte_SafeNvM_BsConst_BsConst_Illumination_ReservedByte_10".
                   [Warning] Connector ignored: Could not find targetRPort of RPortInCompositionInstanceRef below AssemblySwConnector "/E40_Platform_System_SystemPackage/Compositions/E40_Platform_System/MemAbstract_Stub_Safe_BsConst_PCB_Temperature_Sensor_Conv_SafeNvM_BsConst_PCB_Temperature_Sensor_Conv_10".
                   [Warning] Connector ignored: Could not find targetRPort of RPortInCompositionInstanceRef below AssemblySwConnector "/E40_Platform_System_SystemPackage/Compositions/E40_Platform_System/MemAbstract_Stub_Safe_BsConst_Temperature_Sensor_Conv_SafeNvM_BsConst_Temperature_Sensor_Conv_10".
                   [Warning] Connector ignored: Could not find targetRPort of RPortInCompositionInstanceRef below AssemblySwConnector "/E40_Platform_System_SystemPackage/Compositions/E40_Platform_System/MemAbstract_Stub_Safe_BsConst_Lookup_Curve_HotSpot_Coef_X_SafeNvM_BsConst_Lookup_Curve_HotSpot_Coef_X_10".
                   [Warning] Connector ignored: Could not find targetRPort of RPortInCompositionInstanceRef below AssemblySwConnector "/E40_Platform_System_SystemPackage/Compositions/E40_Platform_System/MemAbstract_Stub_Safe_BsConst_Derating_Backlight_Disable_SafeNvM_BsConst_Derating_Backlight_Disable_10".
                   [Warning] Connector ignored: Could not find targetRPort of RPortInCompositionInstanceRef below AssemblySwConnector "/E40_Platform_System_SystemPackage/Compositions/E40_Platform_System/MemAbstract_Stub_Safe_BsConst_PWM_boost_bypass_duty_SafeNvM_BsConst_PWM_boost_bypass_duty_10".
                   [Warning] Connector ignored: Could not find targetRPort of RPortInCompositionInstanceRef below AssemblySwConnector "/E40_Platform_System_SystemPackage/Compositions/E40_Platform_System/MemAbstract_Stub_Safe_BsConst_Compensation_Line_Slope_m_SafeNvM_BsConst_Compensation_Line_Slope_m_10".
                   [Warning] Connector ignored: Could not find targetRPort of RPortInCompositionInstanceRef below AssemblySwConnector "/E40_Platform_System_SystemPackage/Compositions/E40_Platform_System/MemAbstract_Stub_Safe_BsConst_Compensation_Line_Shift_b_SafeNvM_BsConst_Compensation_Line_Shift_b_10".
                   [Warning] Connector ignored: Could not find targetRPort of RPortInCompositionInstanceRef below AssemblySwConnector "/E40_Platform_System_SystemPackage/Compositions/E40_Platform_System/MemAbstract_Stub_Safe_BsConst_Temp_Threshold_Hysteresis_Derating_SafeNvM_BsConst_Temp_Threshold_Hysteresis_Derating_10".
                   [Warning] Connector ignored: Could not find targetRPort of RPortInCompositionInstanceRef below AssemblySwConnector "/E40_Platform_System_SystemPackage/Compositions/E40_Platform_System/MemAbstract_Stub_Safe_BsConst_Display_Illum_Max_Level_Safe_SafeNvM_BsConst_Display_Illum_Max_Level_Safe_10".
                   [Warning] Connector ignored: Could not find targetRPort of RPortInCompositionInstanceRef below AssemblySwConnector "/E40_Platform_System_SystemPackage/Compositions/E40_Platform_System/MemAbstract_Stub_Safe_BsConst_Lookup_Curve_HotSpot_Coef_Y_SafeNvM_BsConst_Lookup_Curve_HotSpot_Coef_Y_11".
                   [Warning] Connector ignored: Could not find targetRPort of RPortInCompositionInstanceRef below AssemblySwConnector "/E40_Platform_System_SystemPackage/Compositions/E40_Platform_System/MemAbstract_Stub_Safe_BsConst_BsConst_Illumination_ReservedByte_SafeNvM_BsConst_BsConst_Illumination_ReservedByte_11".
                   [Warning] Connector ignored: Could not find targetRPort of RPortInCompositionInstanceRef below AssemblySwConnector "/E40_Platform_System_SystemPackage/Compositions/E40_Platform_System/MemAbstract_Stub_Safe_BsConst_PCB_Temperature_Sensor_Conv_SafeNvM_BsConst_PCB_Temperature_Sensor_Conv_11".
                   [Warning] Connector ignored: Could not find targetRPort of RPortInCompositionInstanceRef below AssemblySwConnector "/E40_Platform_System_SystemPackage/Compositions/E40_Platform_System/MemAbstract_Stub_Safe_BsConst_Temperature_Sensor_Conv_SafeNvM_BsConst_Temperature_Sensor_Conv_11".
                   [Warning] Connector ignored: Could not find targetRPort of RPortInCompositionInstanceRef below AssemblySwConnector "/E40_Platform_System_SystemPackage/Compositions/E40_Platform_System/MemAbstract_Stub_Safe_BsConst_Lookup_Curve_HotSpot_Coef_X_SafeNvM_BsConst_Lookup_Curve_HotSpot_Coef_X_11".
                   [Warning] Connector ignored: Could not find targetRPort of RPortInCompositionInstanceRef below AssemblySwConnector "/E40_Platform_System_SystemPackage/Compositions/E40_Platform_System/MemAbstract_Stub_Safe_BsConst_Derating_Backlight_Disable_SafeNvM_BsConst_Derating_Backlight_Disable_11".
                   [Warning] Connector ignored: Could not find targetRPort of RPortInCompositionInstanceRef below AssemblySwConnector "/E40_Platform_System_SystemPackage/Compositions/E40_Platform_System/MemAbstract_Stub_Safe_BsConst_PWM_boost_bypass_duty_SafeNvM_BsConst_PWM_boost_bypass_duty_11".
                   [Warning] Connector ignored: Could not find targetRPort of RPortInCompositionInstanceRef below AssemblySwConnector "/E40_Platform_System_SystemPackage/Compositions/E40_Platform_System/MemAbstract_Stub_Safe_BsConst_Compensation_Line_Slope_m_SafeNvM_BsConst_Compensation_Line_Slope_m_11".
                   [Warning] Connector ignored: Could not find targetRPort of RPortInCompositionInstanceRef below AssemblySwConnector "/E40_Platform_System_SystemPackage/Compositions/E40_Platform_System/MemAbstract_Stub_Safe_BsConst_Compensation_Line_Shift_b_SafeNvM_BsConst_Compensation_Line_Shift_b_11".
                   [Warning] Connector ignored: Could not find targetRPort of RPortInCompositionInstanceRef below AssemblySwConnector "/E40_Platform_System_SystemPackage/Compositions/E40_Platform_System/MemAbstract_Stub_Safe_BsConst_Temp_Threshold_Hysteresis_Derating_SafeNvM_BsConst_Temp_Threshold_Hysteresis_Derating_11".
                   [Warning] Connector ignored: Could not find targetRPort of RPortInCompositionInstanceRef below AssemblySwConnector "/E40_Platform_System_SystemPackage/Compositions/E40_Platform_System/MemAbstract_Stub_Safe_BsConst_Display_Illum_Max_Level_Safe_SafeNvM_BsConst_Display_Illum_Max_Level_Safe_11".
                   [Warning] Connector ignored: Could not find targetRPort of RPortInCompositionInstanceRef below AssemblySwConnector "/E40_Platform_System_SystemPackage/Compositions/E40_Platform_System/MemAbstract_Stub_Safe_BsConst_Lookup_Curve_HotSpot_Coef_X_SafeNvM_BsConst_Lookup_Curve_HotSpot_Coef_X_12".
                   [Warning] Connector ignored: Could not find targetRPort of RPortInCompositionInstanceRef below AssemblySwConnector "/E40_Platform_System_SystemPackage/Compositions/E40_Platform_System/MemAbstract_Stub_Safe_BsConst_Display_Illum_Max_Level_Safe_SafeNvM_BsConst_Display_Illum_Max_Level_Safe_12".
                   [Warning] Connector ignored: Could not find targetRPort of RPortInCompositionInstanceRef below AssemblySwConnector "/E40_Platform_System_SystemPackage/Compositions/E40_Platform_System/MemAbstract_Stub_Safe_BsConst_PCB_Temperature_Sensor_Conv_SafeNvM_BsConst_PCB_Temperature_Sensor_Conv_12".
                   [Warning] Connector ignored: Could not find targetRPort of RPortInCompositionInstanceRef below AssemblySwConnector "/E40_Platform_System_SystemPackage/Compositions/E40_Platform_System/MemAbstract_Stub_Safe_BsConst_BsConst_Illumination_ReservedByte_SafeNvM_BsConst_BsConst_Illumination_ReservedByte_12".
                   [Warning] Connector ignored: Could not find targetRPort of RPortInCompositionInstanceRef below AssemblySwConnector "/E40_Platform_System_SystemPackage/Compositions/E40_Platform_System/MemAbstract_Stub_Safe_BsConst_Compensation_Line_Slope_m_SafeNvM_BsConst_Compensation_Line_Slope_m_12".
                   [Warning] Connector ignored: Could not find targetRPort of RPortInCompositionInstanceRef below AssemblySwConnector "/E40_Platform_System_SystemPackage/Compositions/E40_Platform_System/MemAbstract_Stub_Safe_BsConst_Lookup_Curve_HotSpot_Coef_Y_SafeNvM_BsConst_Lookup_Curve_HotSpot_Coef_Y_12".
                   [Warning] Connector ignored: Could not find targetRPort of RPortInCompositionInstanceRef below AssemblySwConnector "/E40_Platform_System_SystemPackage/Compositions/E40_Platform_System/MemAbstract_Stub_Safe_BsConst_PWM_boost_bypass_duty_SafeNvM_BsConst_PWM_boost_bypass_duty_12".
                   [Warning] Connector ignored: Could not find targetRPort of RPortInCompositionInstanceRef below AssemblySwConnector "/E40_Platform_System_SystemPackage/Compositions/E40_Platform_System/MemAbstract_Stub_Safe_BsConst_Temperature_Sensor_Conv_SafeNvM_BsConst_Temperature_Sensor_Conv_12".
                   [Warning] Connector ignored: Could not find targetRPort of RPortInCompositionInstanceRef below AssemblySwConnector "/E40_Platform_System_SystemPackage/Compositions/E40_Platform_System/MemAbstract_Stub_Safe_BsConst_Compensation_Line_Shift_b_SafeNvM_BsConst_Compensation_Line_Shift_b_12".
                   [Warning] Connector ignored: Could not find targetRPort of RPortInCompositionInstanceRef below AssemblySwConnector "/E40_Platform_System_SystemPackage/Compositions/E40_Platform_System/MemAbstract_Stub_Safe_BsConst_Derating_Backlight_Disable_SafeNvM_BsConst_Derating_Backlight_Disable_12".
                   [Warning] Connector ignored: Could not find targetRPort of RPortInCompositionInstanceRef below AssemblySwConnector "/E40_Platform_System_SystemPackage/Compositions/E40_Platform_System/MemAbstract_Stub_Safe_BsConst_Temp_Threshold_Hysteresis_Derating_SafeNvM_BsConst_Temp_Threshold_Hysteresis_Derating_12".
                   [Warning] DataMapping ignored: ContextPort is missing: SenderReceiverToSignalMapping [communicationDirection:null, dataElement:VariableDataPrototypeInSystemInstanceRef [contextComponent:[], contextComposition:null, contextPort:null, targetDataPrototype:/PortInterfaces/Ambient_Light_level/Ambient_Light_level], derived-state:false, eventGroup:[], eventHandler:[], serviceInstance:[], systemSignal:/Signal/Ambient_Light_level, variationPoint:null].
                   [Warning] DataMapping ignored: ContextPort is missing: SenderReceiverToSignalMapping [communicationDirection:null, dataElement:VariableDataPrototypeInSystemInstanceRef [contextComponent:[], contextComposition:null, contextPort:null, targetDataPrototype:/PortInterfaces/DayNightMode/DayNightMode], derived-state:false, eventGroup:[], eventHandler:[], serviceInstance:[], systemSignal:/Signal/DayNightMode, variationPoint:null].
                   [Warning] DataMapping ignored: ContextPort is missing: SenderReceiverToSignalMapping [communicationDirection:null, dataElement:VariableDataPrototypeInSystemInstanceRef [contextComponent:[], contextComposition:null, contextPort:null, targetDataPrototype:/PortInterfaces/Gear/Gear], derived-state:false, eventGroup:[], eventHandler:[], serviceInstance:[], systemSignal:/Signal/Gear, variationPoint:null].
                   [Warning] DataMapping ignored: ContextPort is missing: SenderReceiverToSignalMapping [communicationDirection:null, dataElement:VariableDataPrototypeInSystemInstanceRef [contextComponent:[], contextComposition:null, contextPort:null, targetDataPrototype:/PortInterfaces/GearMode/GearMode], derived-state:false, eventGroup:[], eventHandler:[], serviceInstance:[], systemSignal:/Signal/GearMode, variationPoint:null].
                   [Warning] DataMapping ignored: ContextPort is missing: SenderReceiverToSignalMapping [communicationDirection:null, dataElement:VariableDataPrototypeInSystemInstanceRef [contextComponent:[], contextComposition:null, contextPort:null, targetDataPrototype:/PortInterfaces/GearRecommendation/GearRecommendation], derived-state:false, eventGroup:[], eventHandler:[], serviceInstance:[], systemSignal:/Signal/GearRecommendation, variationPoint:null].
                   [Warning] DataMapping ignored: ContextPort is missing: SenderReceiverToSignalMapping [communicationDirection:null, dataElement:VariableDataPrototypeInSystemInstanceRef [contextComponent:[], contextComposition:null, contextPort:null, targetDataPrototype:/PortInterfaces/GearStatus/GearStatus], derived-state:false, eventGroup:[], eventHandler:[], serviceInstance:[], systemSignal:/Signal/GearStatus, variationPoint:null].
                   [Warning] DataMapping ignored: ContextPort is missing: SenderReceiverToSignalMapping [communicationDirection:null, dataElement:VariableDataPrototypeInSystemInstanceRef [contextComponent:[], contextComposition:null, contextPort:null, targetDataPrototype:/PortInterfaces/Illumination_level/Illumination_level], derived-state:false, eventGroup:[], eventHandler:[], serviceInstance:[], systemSignal:/Signal/Illumination_level, variationPoint:null].
                   [Warning] DataMapping ignored: ContextPort is missing: SenderReceiverToSignalMapping [communicationDirection:null, dataElement:VariableDataPrototypeInSystemInstanceRef [contextComponent:[], contextComposition:null, contextPort:null, targetDataPrototype:/PortInterfaces/PowerMode/PowerMode], derived-state:false, eventGroup:[], eventHandler:[], serviceInstance:[], systemSignal:/Signal/PowerMode, variationPoint:null].
                   [Warning] DataMapping ignored: ContextPort is missing: SenderReceiverToSignalMapping [communicationDirection:null, dataElement:VariableDataPrototypeInSystemInstanceRef [contextComponent:[], contextComposition:null, contextPort:null, targetDataPrototype:/PortInterfaces/TransportMode/TransportMode], derived-state:false, eventGroup:[], eventHandler:[], serviceInstance:[], systemSignal:/Signal/TransportMode, variationPoint:null].
                   [Warning] DataMapping ignored: ContextPort is missing: SenderReceiverToSignalMapping [communicationDirection:null, dataElement:VariableDataPrototypeInSystemInstanceRef [contextComponent:[], contextComposition:null, contextPort:null, targetDataPrototype:/PortInterfaces/Warning/Warning], derived-state:false, eventGroup:[], eventHandler:[], serviceInstance:[], systemSignal:/Signal/Warning, variationPoint:null].
                   [Warning] DataMapping ignored: ContextPort is missing: SenderReceiverToSignalMapping [communicationDirection:null, dataElement:VariableDataPrototypeInSystemInstanceRef [contextComponent:[], contextComposition:null, contextPort:null, targetDataPrototype:/PortInterfaces/Battery_Voltage/Battery_Voltage], derived-state:false, eventGroup:[], eventHandler:[], serviceInstance:[], systemSignal:/Signal/Battery_Voltage, variationPoint:null].
                   [Warning] DataMapping ignored: ContextPort is missing: SenderReceiverToSignalMapping [communicationDirection:null, dataElement:VariableDataPrototypeInSystemInstanceRef [contextComponent:[], contextComposition:null, contextPort:null, targetDataPrototype:/PortInterfaces/Debug1_Byte0/Debug1_Byte0], derived-state:false, eventGroup:[], eventHandler:[], serviceInstance:[], systemSignal:/Signal/Debug1_Byte0, variationPoint:null].
                   [Warning] DataMapping ignored: ContextPort is missing: SenderReceiverToSignalMapping [communicationDirection:null, dataElement:VariableDataPrototypeInSystemInstanceRef [contextComponent:[], contextComposition:null, contextPort:null, targetDataPrototype:/PortInterfaces/Debug1_Byte1/Debug1_Byte1], derived-state:false, eventGroup:[], eventHandler:[], serviceInstance:[], systemSignal:/Signal/Debug1_Byte1, variationPoint:null].
                   [Warning] DataMapping ignored: ContextPort is missing: SenderReceiverToSignalMapping [communicationDirection:null, dataElement:VariableDataPrototypeInSystemInstanceRef [contextComponent:[], contextComposition:null, contextPort:null, targetDataPrototype:/PortInterfaces/Debug1_Byte2/Debug1_Byte2], derived-state:false, eventGroup:[], eventHandler:[], serviceInstance:[], systemSignal:/Signal/Debug1_Byte2, variationPoint:null].
                   [Warning] DataMapping ignored: ContextPort is missing: SenderReceiverToSignalMapping [communicationDirection:null, dataElement:VariableDataPrototypeInSystemInstanceRef [contextComponent:[], contextComposition:null, contextPort:null, targetDataPrototype:/PortInterfaces/Debug1_Byte3/Debug1_Byte3], derived-state:false, eventGroup:[], eventHandler:[], serviceInstance:[], systemSignal:/Signal/Debug1_Byte3, variationPoint:null].
                   [Warning] DataMapping ignored: ContextPort is missing: SenderReceiverToSignalMapping [communicationDirection:null, dataElement:VariableDataPrototypeInSystemInstanceRef [contextComponent:[], contextComposition:null, contextPort:null, targetDataPrototype:/PortInterfaces/Debug1_Byte4/Debug1_Byte4], derived-state:false, eventGroup:[], eventHandler:[], serviceInstance:[], systemSignal:/Signal/Debug1_Byte4, variationPoint:null].
                   [Warning] DataMapping ignored: ContextPort is missing: SenderReceiverToSignalMapping [communicationDirection:null, dataElement:VariableDataPrototypeInSystemInstanceRef [contextComponent:[], contextComposition:null, contextPort:null, targetDataPrototype:/PortInterfaces/Debug1_Byte5/Debug1_Byte5], derived-state:false, eventGroup:[], eventHandler:[], serviceInstance:[], systemSignal:/Signal/Debug1_Byte5, variationPoint:null].
                   [Warning] DataMapping ignored: ContextPort is missing: SenderReceiverToSignalMapping [communicationDirection:null, dataElement:VariableDataPrototypeInSystemInstanceRef [contextComponent:[], contextComposition:null, contextPort:null, targetDataPrototype:/PortInterfaces/Debug1_Byte6/Debug1_Byte6], derived-state:false, eventGroup:[], eventHandler:[], serviceInstance:[], systemSignal:/Signal/Debug1_Byte6, variationPoint:null].
                   [Warning] DataMapping ignored: ContextPort is missing: SenderReceiverToSignalMapping [communicationDirection:null, dataElement:VariableDataPrototypeInSystemInstanceRef [contextComponent:[], contextComposition:null, contextPort:null, targetDataPrototype:/PortInterfaces/Debug1_Byte7/Debug1_Byte7], derived-state:false, eventGroup:[], eventHandler:[], serviceInstance:[], systemSignal:/Signal/Debug1_Byte7, variationPoint:null].
                   [Warning] DataMapping ignored: ContextPort is missing: SenderReceiverToSignalMapping [communicationDirection:null, dataElement:VariableDataPrototypeInSystemInstanceRef [contextComponent:[], contextComposition:null, contextPort:null, targetDataPrototype:/PortInterfaces/Debug2_Byte0/Debug2_Byte0], derived-state:false, eventGroup:[], eventHandler:[], serviceInstance:[], systemSignal:/Signal/Debug2_Byte0, variationPoint:null].
                   [Warning] DataMapping ignored: ContextPort is missing: SenderReceiverToSignalMapping [communicationDirection:null, dataElement:VariableDataPrototypeInSystemInstanceRef [contextComponent:[], contextComposition:null, contextPort:null, targetDataPrototype:/PortInterfaces/Debug2_Byte1/Debug2_Byte1], derived-state:false, eventGroup:[], eventHandler:[], serviceInstance:[], systemSignal:/Signal/Debug2_Byte1, variationPoint:null].
                   [Warning] DataMapping ignored: ContextPort is missing: SenderReceiverToSignalMapping [communicationDirection:null, dataElement:VariableDataPrototypeInSystemInstanceRef [contextComponent:[], contextComposition:null, contextPort:null, targetDataPrototype:/PortInterfaces/Debug2_Byte2/Debug2_Byte2], derived-state:false, eventGroup:[], eventHandler:[], serviceInstance:[], systemSignal:/Signal/Debug2_Byte2, variationPoint:null].
                   [Warning] DataMapping ignored: ContextPort is missing: SenderReceiverToSignalMapping [communicationDirection:null, dataElement:VariableDataPrototypeInSystemInstanceRef [contextComponent:[], contextComposition:null, contextPort:null, targetDataPrototype:/PortInterfaces/Debug2_Byte3/Debug2_Byte3], derived-state:false, eventGroup:[], eventHandler:[], serviceInstance:[], systemSignal:/Signal/Debug2_Byte3, variationPoint:null].
                   [Warning] DataMapping ignored: ContextPort is missing: SenderReceiverToSignalMapping [communicationDirection:null, dataElement:VariableDataPrototypeInSystemInstanceRef [contextComponent:[], contextComposition:null, contextPort:null, targetDataPrototype:/PortInterfaces/Debug2_Byte4/Debug2_Byte4], derived-state:false, eventGroup:[], eventHandler:[], serviceInstance:[], systemSignal:/Signal/Debug2_Byte4, variationPoint:null].
                   [Warning] DataMapping ignored: ContextPort is missing: SenderReceiverToSignalMapping [communicationDirection:null, dataElement:VariableDataPrototypeInSystemInstanceRef [contextComponent:[], contextComposition:null, contextPort:null, targetDataPrototype:/PortInterfaces/Debug2_Byte5/Debug2_Byte5], derived-state:false, eventGroup:[], eventHandler:[], serviceInstance:[], systemSignal:/Signal/Debug2_Byte5, variationPoint:null].
                   [Warning] DataMapping ignored: ContextPort is missing: SenderReceiverToSignalMapping [communicationDirection:null, dataElement:VariableDataPrototypeInSystemInstanceRef [contextComponent:[], contextComposition:null, contextPort:null, targetDataPrototype:/PortInterfaces/Debug2_Byte6/Debug2_Byte6], derived-state:false, eventGroup:[], eventHandler:[], serviceInstance:[], systemSignal:/Signal/Debug2_Byte6, variationPoint:null].
                   [Warning] DataMapping ignored: ContextPort is missing: SenderReceiverToSignalMapping [communicationDirection:null, dataElement:VariableDataPrototypeInSystemInstanceRef [contextComponent:[], contextComposition:null, contextPort:null, targetDataPrototype:/PortInterfaces/Debug2_Byte7/Debug2_Byte7], derived-state:false, eventGroup:[], eventHandler:[], serviceInstance:[], systemSignal:/Signal/Debug2_Byte7, variationPoint:null].
                   [Warning] DataMapping ignored: ContextPort is missing: SenderReceiverToSignalMapping [communicationDirection:null, dataElement:VariableDataPrototypeInSystemInstanceRef [contextComponent:[], contextComposition:null, contextPort:null, targetDataPrototype:/PortInterfaces/Debug3_Byte0/Debug3_Byte0], derived-state:false, eventGroup:[], eventHandler:[], serviceInstance:[], systemSignal:/Signal/Debug3_Byte0, variationPoint:null].
                   [Warning] DataMapping ignored: ContextPort is missing: SenderReceiverToSignalMapping [communicationDirection:null, dataElement:VariableDataPrototypeInSystemInstanceRef [contextComponent:[], contextComposition:null, contextPort:null, targetDataPrototype:/PortInterfaces/Debug3_Byte1/Debug3_Byte1], derived-state:false, eventGroup:[], eventHandler:[], serviceInstance:[], systemSignal:/Signal/Debug3_Byte1, variationPoint:null].
                   [Warning] DataMapping ignored: ContextPort is missing: SenderReceiverToSignalMapping [communicationDirection:null, dataElement:VariableDataPrototypeInSystemInstanceRef [contextComponent:[], contextComposition:null, contextPort:null, targetDataPrototype:/PortInterfaces/Debug3_Byte2/Debug3_Byte2], derived-state:false, eventGroup:[], eventHandler:[], serviceInstance:[], systemSignal:/Signal/Debug3_Byte2, variationPoint:null].
                   [Warning] DataMapping ignored: ContextPort is missing: SenderReceiverToSignalMapping [communicationDirection:null, dataElement:VariableDataPrototypeInSystemInstanceRef [contextComponent:[], contextComposition:null, contextPort:null, targetDataPrototype:/PortInterfaces/Debug3_Byte3/Debug3_Byte3], derived-state:false, eventGroup:[], eventHandler:[], serviceInstance:[], systemSignal:/Signal/Debug3_Byte3, variationPoint:null].
                   [Warning] DataMapping ignored: ContextPort is missing: SenderReceiverToSignalMapping [communicationDirection:null, dataElement:VariableDataPrototypeInSystemInstanceRef [contextComponent:[], contextComposition:null, contextPort:null, targetDataPrototype:/PortInterfaces/Debug3_Byte4/Debug3_Byte4], derived-state:false, eventGroup:[], eventHandler:[], serviceInstance:[], systemSignal:/Signal/Debug3_Byte4, variationPoint:null].
                   [Warning] DataMapping ignored: ContextPort is missing: SenderReceiverToSignalMapping [communicationDirection:null, dataElement:VariableDataPrototypeInSystemInstanceRef [contextComponent:[], contextComposition:null, contextPort:null, targetDataPrototype:/PortInterfaces/Debug3_Byte5/Debug3_Byte5], derived-state:false, eventGroup:[], eventHandler:[], serviceInstance:[], systemSignal:/Signal/Debug3_Byte5, variationPoint:null].
                   [Warning] DataMapping ignored: ContextPort is missing: SenderReceiverToSignalMapping [communicationDirection:null, dataElement:VariableDataPrototypeInSystemInstanceRef [contextComponent:[], contextComposition:null, contextPort:null, targetDataPrototype:/PortInterfaces/Debug3_Byte6/Debug3_Byte6], derived-state:false, eventGroup:[], eventHandler:[], serviceInstance:[], systemSignal:/Signal/Debug3_Byte6, variationPoint:null].
                   [Warning] DataMapping ignored: ContextPort is missing: SenderReceiverToSignalMapping [communicationDirection:null, dataElement:VariableDataPrototypeInSystemInstanceRef [contextComponent:[], contextComposition:null, contextPort:null, targetDataPrototype:/PortInterfaces/Debug3_Byte7/Debug3_Byte7], derived-state:false, eventGroup:[], eventHandler:[], serviceInstance:[], systemSignal:/Signal/Debug3_Byte7, variationPoint:null].
                   [Warning] DataMapping ignored: ContextPort is missing: SenderReceiverToSignalMapping [communicationDirection:null, dataElement:VariableDataPrototypeInSystemInstanceRef [contextComponent:[], contextComposition:null, contextPort:null, targetDataPrototype:/PortInterfaces/Debug4_Byte0/Debug4_Byte0], derived-state:false, eventGroup:[], eventHandler:[], serviceInstance:[], systemSignal:/Signal/Debug4_Byte0, variationPoint:null].
                   [Warning] DataMapping ignored: ContextPort is missing: SenderReceiverToSignalMapping [communicationDirection:null, dataElement:VariableDataPrototypeInSystemInstanceRef [contextComponent:[], contextComposition:null, contextPort:null, targetDataPrototype:/PortInterfaces/Debug4_Byte1/Debug4_Byte1], derived-state:false, eventGroup:[], eventHandler:[], serviceInstance:[], systemSignal:/Signal/Debug4_Byte1, variationPoint:null].
                   [Warning] DataMapping ignored: ContextPort is missing: SenderReceiverToSignalMapping [communicationDirection:null, dataElement:VariableDataPrototypeInSystemInstanceRef [contextComponent:[], contextComposition:null, contextPort:null, targetDataPrototype:/PortInterfaces/Debug4_Byte2/Debug4_Byte2], derived-state:false, eventGroup:[], eventHandler:[], serviceInstance:[], systemSignal:/Signal/Debug4_Byte2, variationPoint:null].
                   [Warning] DataMapping ignored: ContextPort is missing: SenderReceiverToSignalMapping [communicationDirection:null, dataElement:VariableDataPrototypeInSystemInstanceRef [contextComponent:[], contextComposition:null, contextPort:null, targetDataPrototype:/PortInterfaces/Debug4_Byte3/Debug4_Byte3], derived-state:false, eventGroup:[], eventHandler:[], serviceInstance:[], systemSignal:/Signal/Debug4_Byte3, variationPoint:null].
                   [Warning] DataMapping ignored: ContextPort is missing: SenderReceiverToSignalMapping [communicationDirection:null, dataElement:VariableDataPrototypeInSystemInstanceRef [contextComponent:[], contextComposition:null, contextPort:null, targetDataPrototype:/PortInterfaces/Debug4_Byte4/Debug4_Byte4], derived-state:false, eventGroup:[], eventHandler:[], serviceInstance:[], systemSignal:/Signal/Debug4_Byte4, variationPoint:null].
                   [Warning] DataMapping ignored: ContextPort is missing: SenderReceiverToSignalMapping [communicationDirection:null, dataElement:VariableDataPrototypeInSystemInstanceRef [contextComponent:[], contextComposition:null, contextPort:null, targetDataPrototype:/PortInterfaces/Debug4_Byte5/Debug4_Byte5], derived-state:false, eventGroup:[], eventHandler:[], serviceInstance:[], systemSignal:/Signal/Debug4_Byte5, variationPoint:null].
                   [Warning] DataMapping ignored: ContextPort is missing: SenderReceiverToSignalMapping [communicationDirection:null, dataElement:VariableDataPrototypeInSystemInstanceRef [contextComponent:[], contextComposition:null, contextPort:null, targetDataPrototype:/PortInterfaces/Debug4_Byte6/Debug4_Byte6], derived-state:false, eventGroup:[], eventHandler:[], serviceInstance:[], systemSignal:/Signal/Debug4_Byte6, variationPoint:null].
                   [Warning] DataMapping ignored: ContextPort is missing: SenderReceiverToSignalMapping [communicationDirection:null, dataElement:VariableDataPrototypeInSystemInstanceRef [contextComponent:[], contextComposition:null, contextPort:null, targetDataPrototype:/PortInterfaces/Debug4_Byte7/Debug4_Byte7], derived-state:false, eventGroup:[], eventHandler:[], serviceInstance:[], systemSignal:/Signal/Debug4_Byte7, variationPoint:null].
                   [Warning] DataMapping ignored: ContextPort is missing: SenderReceiverToSignalMapping [communicationDirection:null, dataElement:VariableDataPrototypeInSystemInstanceRef [contextComponent:[], contextComposition:null, contextPort:null, targetDataPrototype:/PortInterfaces/Debug5_Byte0/Debug5_Byte0], derived-state:false, eventGroup:[], eventHandler:[], serviceInstance:[], systemSignal:/Signal/Debug5_Byte0, variationPoint:null].
                   [Warning] DataMapping ignored: ContextPort is missing: SenderReceiverToSignalMapping [communicationDirection:null, dataElement:VariableDataPrototypeInSystemInstanceRef [contextComponent:[], contextComposition:null, contextPort:null, targetDataPrototype:/PortInterfaces/Debug5_Byte1/Debug5_Byte1], derived-state:false, eventGroup:[], eventHandler:[], serviceInstance:[], systemSignal:/Signal/Debug5_Byte1, variationPoint:null].
                   [Warning] DataMapping ignored: ContextPort is missing: SenderReceiverToSignalMapping [communicationDirection:null, dataElement:VariableDataPrototypeInSystemInstanceRef [contextComponent:[], contextComposition:null, contextPort:null, targetDataPrototype:/PortInterfaces/Debug5_Byte2/Debug5_Byte2], derived-state:false, eventGroup:[], eventHandler:[], serviceInstance:[], systemSignal:/Signal/Debug5_Byte2, variationPoint:null].
                   [Warning] DataMapping ignored: ContextPort is missing: SenderReceiverToSignalMapping [communicationDirection:null, dataElement:VariableDataPrototypeInSystemInstanceRef [contextComponent:[], contextComposition:null, contextPort:null, targetDataPrototype:/PortInterfaces/Debug5_Byte3/Debug5_Byte3], derived-state:false, eventGroup:[], eventHandler:[], serviceInstance:[], systemSignal:/Signal/Debug5_Byte3, variationPoint:null].
                   [Warning] DataMapping ignored: ContextPort is missing: SenderReceiverToSignalMapping [communicationDirection:null, dataElement:VariableDataPrototypeInSystemInstanceRef [contextComponent:[], contextComposition:null, contextPort:null, targetDataPrototype:/PortInterfaces/Debug5_Byte4/Debug5_Byte4], derived-state:false, eventGroup:[], eventHandler:[], serviceInstance:[], systemSignal:/Signal/Debug5_Byte4, variationPoint:null].
                   [Warning] DataMapping ignored: ContextPort is missing: SenderReceiverToSignalMapping [communicationDirection:null, dataElement:VariableDataPrototypeInSystemInstanceRef [contextComponent:[], contextComposition:null, contextPort:null, targetDataPrototype:/PortInterfaces/Debug5_Byte5/Debug5_Byte5], derived-state:false, eventGroup:[], eventHandler:[], serviceInstance:[], systemSignal:/Signal/Debug5_Byte5, variationPoint:null].
                   [Warning] DataMapping ignored: ContextPort is missing: SenderReceiverToSignalMapping [communicationDirection:null, dataElement:VariableDataPrototypeInSystemInstanceRef [contextComponent:[], contextComposition:null, contextPort:null, targetDataPrototype:/PortInterfaces/Debug5_Byte6/Debug5_Byte6], derived-state:false, eventGroup:[], eventHandler:[], serviceInstance:[], systemSignal:/Signal/Debug5_Byte6, variationPoint:null].
                   [Warning] DataMapping ignored: ContextPort is missing: SenderReceiverToSignalMapping [communicationDirection:null, dataElement:VariableDataPrototypeInSystemInstanceRef [contextComponent:[], contextComposition:null, contextPort:null, targetDataPrototype:/PortInterfaces/Debug5_Byte7/Debug5_Byte7], derived-state:false, eventGroup:[], eventHandler:[], serviceInstance:[], systemSignal:/Signal/Debug5_Byte7, variationPoint:null].
                   [Warning] DataMapping ignored: ContextPort is missing: SenderReceiverToSignalMapping [communicationDirection:null, dataElement:VariableDataPrototypeInSystemInstanceRef [contextComponent:[], contextComposition:null, contextPort:null, targetDataPrototype:/PortInterfaces/FV_Tx/FV_Tx], derived-state:false, eventGroup:[], eventHandler:[], serviceInstance:[], systemSignal:/Signal/FV_Tx, variationPoint:null].
                   [Warning] DataMapping ignored: ContextPort is missing: SenderReceiverToSignalMapping [communicationDirection:null, dataElement:VariableDataPrototypeInSystemInstanceRef [contextComponent:[], contextComposition:null, contextPort:null, targetDataPrototype:/PortInterfaces/Illumination_PWM/Illumination_PWM], derived-state:false, eventGroup:[], eventHandler:[], serviceInstance:[], systemSignal:/Signal/Illumination_PWM, variationPoint:null].
                   [Warning] DataMapping ignored: ContextPort is missing: SenderReceiverToSignalMapping [communicationDirection:null, dataElement:VariableDataPrototypeInSystemInstanceRef [contextComponent:[], contextComposition:null, contextPort:null, targetDataPrototype:/PortInterfaces/MAC_Tx/MAC_Tx], derived-state:false, eventGroup:[], eventHandler:[], serviceInstance:[], systemSignal:/Signal/MAC_Tx, variationPoint:null].
                   [Warning] DataMapping ignored: ContextPort is missing: SenderReceiverToSignalMapping [communicationDirection:null, dataElement:VariableDataPrototypeInSystemInstanceRef [contextComponent:[], contextComposition:null, contextPort:null, targetDataPrototype:/PortInterfaces/Odometer/Odometer], derived-state:false, eventGroup:[], eventHandler:[], serviceInstance:[], systemSignal:/Signal/Odometer, variationPoint:null].
                   [Warning] DataMapping ignored: ContextPort is missing: SenderReceiverToSignalMapping [communicationDirection:null, dataElement:VariableDataPrototypeInSystemInstanceRef [contextComponent:[], contextComposition:null, contextPort:null, targetDataPrototype:/PortInterfaces/SecureTxByte0/SecureTxByte0], derived-state:false, eventGroup:[], eventHandler:[], serviceInstance:[], systemSignal:/Signal/SecureTxByte0, variationPoint:null].
                   [Warning] DataMapping ignored: ContextPort is missing: SenderReceiverToSignalMapping [communicationDirection:null, dataElement:VariableDataPrototypeInSystemInstanceRef [contextComponent:[], contextComposition:null, contextPort:null, targetDataPrototype:/PortInterfaces/SecureTxByte1/SecureTxByte1], derived-state:false, eventGroup:[], eventHandler:[], serviceInstance:[], systemSignal:/Signal/SecureTxByte1, variationPoint:null].
                   [Warning] DataMapping ignored: ContextPort is missing: SenderReceiverToSignalMapping [communicationDirection:null, dataElement:VariableDataPrototypeInSystemInstanceRef [contextComponent:[], contextComposition:null, contextPort:null, targetDataPrototype:/PortInterfaces/SecureTxByte2/SecureTxByte2], derived-state:false, eventGroup:[], eventHandler:[], serviceInstance:[], systemSignal:/Signal/SecureTxByte2, variationPoint:null].
                   [Warning] DataMapping ignored: ContextPort is missing: SenderReceiverToSignalMapping [communicationDirection:null, dataElement:VariableDataPrototypeInSystemInstanceRef [contextComponent:[], contextComposition:null, contextPort:null, targetDataPrototype:/PortInterfaces/SecureTxByte3/SecureTxByte3], derived-state:false, eventGroup:[], eventHandler:[], serviceInstance:[], systemSignal:/Signal/SecureTxByte3, variationPoint:null].
                   [Warning] DataMapping ignored: ContextPort is missing: SenderReceiverToSignalMapping [communicationDirection:null, dataElement:VariableDataPrototypeInSystemInstanceRef [contextComponent:[], contextComposition:null, contextPort:null, targetDataPrototype:/PortInterfaces/VehicleSpeedIC/VehicleSpeedIC], derived-state:false, eventGroup:[], eventHandler:[], serviceInstance:[], systemSignal:/Signal/VehicleSpeedIC, variationPoint:null].
                   [Warning] DataMapping ignored: ContextPort is missing: SenderReceiverToSignalGroupMapping [communicationDirection:null, dataElement:VariableDataPrototypeInSystemInstanceRef [contextComponent:[], contextComposition:null, contextPort:null, targetDataPrototype:/PortInterfaces/SG_COM_HS/SG_COM_HS], derived-state:false, eventGroup:[], eventHandler:[], serviceInstance:[], signalGroup:/Signal/SG_COM_HS, typeMapping:SenderRecRecordTypeMapping [recordElementMapping:[SenderRecRecordElementMapping [applicationRecordElement:null, complexTypeMapping:null, implementationRecordElement:/DataTypes/SG_COM_HS/Alive_200, systemSignal:/Signal/Alive_200], SenderRecRecordElementMapping [applicationRecordElement:null, complexTypeMapping:null, implementationRecordElement:/DataTypes/SG_COM_HS/Battery_Voltage, systemSignal:/Signal/Battery_Voltage], SenderRecRecordElementMapping [applicationRecordElement:null, complexTypeMapping:null, implementationRecordElement:/DataTypes/SG_COM_HS/CRC_200, systemSignal:/Signal/CRC_200]]], variationPoint:null].
                   [Warning] Connector ignored: Could not find targetRPort of RPortInCompositionInstanceRef below AssemblySwConnector "/E40_Platform_System_SystemPackage/Compositions/E40_Platform_System/E40_Platform_System_SR_DmnMgrrpSR_SleepStatus_CSleepManagerppSR_SleepStatus_If_SR_SleepStatus".
                   [Warning] Connector ignored: Could not find targetRPort of RPortInCompositionInstanceRef below AssemblySwConnector "/E40_Platform_System_SystemPackage/Compositions/E40_Platform_System/E40_Platform_System_CS_EcuAppMrp_CmpLibCmd_rp_CmpLibCmd_CSleepManager_CSleepManagerpp_CmpLibCmd_if_CS_ModeOnCommand".
                   [Warning] Connector ignored: Could not find targetRPort of RPortInCompositionInstanceRef below AssemblySwConnector "/E40_Platform_System_SystemPackage/Compositions/E40_Platform_System/E40_Platform_System_SR_EcuAppMrpSR_SleepStatus_CSleepManagerppSR_SleepStatus_If_SR_SleepStatus".
                   [Warning] Connector ignored: Could not find targetRPort of RPortInCompositionInstanceRef below AssemblySwConnector "/E40_Platform_System_SystemPackage/Compositions/E40_Platform_System/NvBlockSwComponentType_BsShare_VisMeet_Element_MemAbstractStub_BsShare_VisMeet_Element_4".
                   [Warning] Connector ignored: Could not find targetRPort of RPortInCompositionInstanceRef below AssemblySwConnector "/E40_Platform_System_SystemPackage/Compositions/E40_Platform_System/NvBlockSwComponentType_BsDiag_Dtc_Element_MemAbstractStub_BsDiag_Dtc_Element_4".
                   [Warning] Connector ignored: Could not find targetRPort of RPortInCompositionInstanceRef below AssemblySwConnector "/E40_Platform_System_SystemPackage/Compositions/E40_Platform_System/NvBlockSwComponentType_BsRt_OilGauge_Element_MemAbstractStub_BsRt_OilGauge_Element_4".
                   [Warning] Connector ignored: Could not find targetRPort of RPortInCompositionInstanceRef below AssemblySwConnector "/E40_Platform_System_SystemPackage/Compositions/E40_Platform_System/NvBlockSwComponentType_BsConst_ServiceReminder_Element_MemAbstractStub_BsConst_ServiceReminder_Element_4".
                   [Warning] Connector ignored: Could not find targetRPort of RPortInCompositionInstanceRef below AssemblySwConnector "/E40_Platform_System_SystemPackage/Compositions/E40_Platform_System/NvBlockSwComponentType_BsRt_TachoGauge_Element_MemAbstractStub_BsRt_TachoGauge_Element_4".
                   [Warning] Connector ignored: Could not find targetRPort of RPortInCompositionInstanceRef below AssemblySwConnector "/E40_Platform_System_SystemPackage/Compositions/E40_Platform_System/NvBlockSwComponentType_BsConst_EngOffTimer_Element_MemAbstractStub_BsConst_EngOffTimer_Element_4".
                   [Warning] Connector ignored: Could not find targetRPort of RPortInCompositionInstanceRef below AssemblySwConnector "/E40_Platform_System_SystemPackage/Compositions/E40_Platform_System/NvBlockSwComponentType_BsShare_ProductSerialNumber_MemAbstractStub_BsShare_ProductSerialNumber_1".
                   [Warning] Connector ignored: Could not find targetRPort of RPortInCompositionInstanceRef below AssemblySwConnector "/E40_Platform_System_SystemPackage/Compositions/E40_Platform_System/NvBlockSwComponentType_BsConst_OilGauge_Element_MemAbstractStub_BsConst_OilGauge_Element_4".
                   [Warning] Connector ignored: Could not find targetRPort of RPortInCompositionInstanceRef below AssemblySwConnector "/E40_Platform_System_SystemPackage/Compositions/E40_Platform_System/NvBlockSwComponentType_BsRt_Odometer_Element_MemAbstractStub_BsRt_Odometer_Element_4".
                   [Warning] Connector ignored: Could not find targetPPort of PPortInCompositionInstanceRef below AssemblySwConnector "/E40_Platform_System_SystemPackage/Compositions/E40_Platform_System/NvBlockSwComponentType_BsConst_Illumination_Element_MemAbstractStub_BsConst_Illumination_Element_4".
                   [Warning] Connector ignored: Could not find targetPPort of PPortInCompositionInstanceRef below AssemblySwConnector "/E40_Platform_System_SystemPackage/Compositions/E40_Platform_System/NvBlockSwComponentType_BsFuSa_FeatureData_Display_Element_MemAbstractStub_BsFuSa_FeatureData_Display_Element".
                   [Warning] Connector ignored: Could not find targetRPort of RPortInCompositionInstanceRef below AssemblySwConnector "/E40_Platform_System_SystemPackage/Compositions/E40_Platform_System/NvBlockSwComponentType_BsReten_Audio_Element_MemAbstractStub_BsReten_Audio_Element_4".
                   [Warning] Connector ignored: Could not find targetRPort of RPortInCompositionInstanceRef below AssemblySwConnector "/E40_Platform_System_SystemPackage/Compositions/E40_Platform_System/NvBlockSwComponentType_BsRt_TripComputer_Element_MemAbstractStub_BsRt_TripComputer_Element_4".
                   [Warning] Connector ignored: Could not find targetRPort of RPortInCompositionInstanceRef below AssemblySwConnector "/E40_Platform_System_SystemPackage/Compositions/E40_Platform_System/NvBlockSwComponentType_BsReten_Power_Element_MemAbstractStub_BsReten_Power_Element_4".
                   [Warning] Connector ignored: Could not find targetPPort of PPortInCompositionInstanceRef below AssemblySwConnector "/E40_Platform_System_SystemPackage/Compositions/E40_Platform_System/NvBlockSwComponentType_BsFuSa_FeatureData_Audio_Element_MemAbstractStub_BsFuSa_FeatureData_Audio_Element".
                   [Warning] Connector ignored: Could not find targetRPort of RPortInCompositionInstanceRef below AssemblySwConnector "/E40_Platform_System_SystemPackage/Compositions/E40_Platform_System/NvBlockSwComponentType_BsShare_SwUpdFotadecrypt_Element_MemAbstractStub_BsShare_SwUpdFotadecrypt_Element_4".
                   [Warning] Connector ignored: Could not find targetRPort of RPortInCompositionInstanceRef below AssemblySwConnector "/E40_Platform_System_SystemPackage/Compositions/E40_Platform_System/NvBlockSwComponentType_BsConst_Communication_Element_MemAbstractStub_BsConst_Communication_Element_4".
                   [Warning] Connector ignored: Could not find targetRPort of RPortInCompositionInstanceRef below AssemblySwConnector "/E40_Platform_System_SystemPackage/Compositions/E40_Platform_System/NvBlockSwComponentType_BsRt_TempGauge_Element_MemAbstractStub_BsRt_TempGauge_Element_4".
                   [Warning] Connector ignored: Could not find targetRPort of RPortInCompositionInstanceRef below AssemblySwConnector "/E40_Platform_System_SystemPackage/Compositions/E40_Platform_System/NvBlockSwComponentType_BsRt_SpeedoGauge_Element_MemAbstractStub_BsRt_SpeedoGauge_Element_4".
                   [Warning] Connector ignored: Could not find targetRPort of RPortInCompositionInstanceRef below AssemblySwConnector "/E40_Platform_System_SystemPackage/Compositions/E40_Platform_System/NvBlockSwComponentType_BsShare_SwUpdReflash_Element_MemAbstractStub_BsShare_SwUpdReflash_Element_4".
                   [Warning] Connector ignored: Could not find targetPPort of PPortInCompositionInstanceRef below AssemblySwConnector "/E40_Platform_System_SystemPackage/Compositions/E40_Platform_System/NvBlockSwComponentType_BsFuSa_FeatureData_Fota_Element_MemAbstractStub_BsFuSa_FeatureData_Fota_Element".
                   [Warning] Connector ignored: Could not find targetRPort of RPortInCompositionInstanceRef below AssemblySwConnector "/E40_Platform_System_SystemPackage/Compositions/E40_Platform_System/NvBlockSwComponentType_BsShare_SwUpdFotaStatus_Element_MemAbstractStub_BsShare_SwUpdFotaStatus_Element_4".
                   [Warning] Connector ignored: Could not find targetPPort of PPortInCompositionInstanceRef below AssemblySwConnector "/E40_Platform_System_SystemPackage/Compositions/E40_Platform_System/NvBlockSwComponentType_BsFuSa_FeatureData_Communication_Element_MemAbstractStub_BsFuSa_FeatureData_Communication_Element".
                   [Warning] Connector ignored: Could not find targetRPort of RPortInCompositionInstanceRef below AssemblySwConnector "/E40_Platform_System_SystemPackage/Compositions/E40_Platform_System/NvBlockSwComponentType_BsShare_EcuPartNumber_Element_MemAbstractStub_BsShare_EcuPartNumber_Element_4".
                   [Warning] Connector ignored: Could not find targetRPort of RPortInCompositionInstanceRef below AssemblySwConnector "/E40_Platform_System_SystemPackage/Compositions/E40_Platform_System/NvBlockSwComponentType_BsConst_PowerGauge_Element_MemAbstractStub_BsConst_PowerGauge_Element_4".
                   [Warning] Connector ignored: Could not find targetRPort of RPortInCompositionInstanceRef below AssemblySwConnector "/E40_Platform_System_SystemPackage/Compositions/E40_Platform_System/NvBlockSwComponentType_BsConst_RealTimeClock_Element_MemAbstractStub_BsConst_RealTimeClock_Element_4".
                   [Warning] Connector ignored: Could not find targetRPort of RPortInCompositionInstanceRef below AssemblySwConnector "/E40_Platform_System_SystemPackage/Compositions/E40_Platform_System/NvBlockSwComponentType_BsReten_Communication_Element_MemAbstractStub_BsReten_Communication_Element_4".
                   [Warning] Connector ignored: Could not find targetPPort of PPortInCompositionInstanceRef below AssemblySwConnector "/E40_Platform_System_SystemPackage/Compositions/E40_Platform_System/NvBlockSwComponentType_BsFuSa_FeatureData_Power_Element_MemAbstractStub_BsFuSa_FeatureData_Power_Element".
                   [Warning] Connector ignored: Could not find targetRPort of RPortInCompositionInstanceRef below AssemblySwConnector "/E40_Platform_System_SystemPackage/Compositions/E40_Platform_System/NvBlockSwComponentType_BsShare_PCBSerialNumber_MemAbstractStub_BsShare_PCBSerialNumber_1".
                   [Warning] Connector ignored: Could not find targetRPort of RPortInCompositionInstanceRef below AssemblySwConnector "/E40_Platform_System_SystemPackage/Compositions/E40_Platform_System/NvBlockSwComponentType_RefCys_Certicificate_Element_MemAbstractStub_RefCys_Certicificate_Element_4".
                   [Warning] Connector ignored: Could not find targetRPort of RPortInCompositionInstanceRef below AssemblySwConnector "/E40_Platform_System_SystemPackage/Compositions/E40_Platform_System/NvBlockSwComponentType_BsReten_Illumination_Element_MemAbstractStub_BsReten_Illumination_Element_4".
                   [Warning] Connector ignored: Could not find targetRPort of RPortInCompositionInstanceRef below AssemblySwConnector "/E40_Platform_System_SystemPackage/Compositions/E40_Platform_System/NvBlockSwComponentType_BsReten_Tripcomputer_Element_MemAbstractStub_BsReten_Tripcomputer_Element_4".
                   [Warning] Connector ignored: Could not find targetRPort of RPortInCompositionInstanceRef below AssemblySwConnector "/E40_Platform_System_SystemPackage/Compositions/E40_Platform_System/NvBlockSwComponentType_BsConst_FuelGauge_Element_MemAbstractStub_BsConst_FuelGauge_Element_4".
                   [Warning] Connector ignored: Could not find targetRPort of RPortInCompositionInstanceRef below AssemblySwConnector "/E40_Platform_System_SystemPackage/Compositions/E40_Platform_System/NvBlockSwComponentType_BsRt_PowerGauge_Element_MemAbstractStub_BsRt_PowerGauge_Element_4".
                   [Warning] Connector ignored: Could not find targetRPort of RPortInCompositionInstanceRef below AssemblySwConnector "/E40_Platform_System_SystemPackage/Compositions/E40_Platform_System/NvBlockSwComponentType_BsShare_HWModification_MemAbstractStub_BsShare_HWModification_1".
                   [Warning] Connector ignored: Could not find targetRPort of RPortInCompositionInstanceRef below AssemblySwConnector "/E40_Platform_System_SystemPackage/Compositions/E40_Platform_System/NvBlockSwComponentType_BsShare_AssemblyManufacturingDate_MemAbstractStub_BsShare_AssemblyManufacturingDate_1".
                   [Warning] Connector ignored: Could not find targetPPort of PPortInCompositionInstanceRef below AssemblySwConnector "/E40_Platform_System_SystemPackage/Compositions/E40_Platform_System/NvBlockSwComponentType_BsReten_VisDlt_Element_MemAbstractStub_BsReten_VisDlt_Element_4".
                   [Warning] Connector ignored: Could not find targetRPort of RPortInCompositionInstanceRef below AssemblySwConnector "/E40_Platform_System_SystemPackage/Compositions/E40_Platform_System/NvBlockSwComponentType_RefCys_Certicificate1_Element_MemAbstractStub_RefCys_Certicificate1_Element_4".
                   [Warning] Connector ignored: Could not find targetRPort of RPortInCompositionInstanceRef below AssemblySwConnector "/E40_Platform_System_SystemPackage/Compositions/E40_Platform_System/NvBlockSwComponentType_BsRt_FuelGauge_Element_MemAbstractStub_BsRt_FuelGauge_Element_4".
                   [Warning] Connector ignored: Could not find targetRPort of RPortInCompositionInstanceRef below AssemblySwConnector "/E40_Platform_System_SystemPackage/Compositions/E40_Platform_System/NvBlockSwComponentType_BsReten_Odometer_Element_MemAbstractStub_BsReten_Odometer_Element_4".
                   [Warning] Connector ignored: Could not find targetRPort of RPortInCompositionInstanceRef below AssemblySwConnector "/E40_Platform_System_SystemPackage/Compositions/E40_Platform_System/NvBlockSwComponentType_BsShare_SMTPlantNumber_MemAbstractStub_BsShare_SMTPlantNumber_1".
                   [Warning] Connector ignored: Could not find targetRPort of RPortInCompositionInstanceRef below AssemblySwConnector "/E40_Platform_System_SystemPackage/Compositions/E40_Platform_System/NvBlockSwComponentType_BsConst_SpeedoGauge_Element_MemAbstractStub_BsConst_SpeedoGauge_Element_4".
                   [Warning] Connector ignored: Could not find targetRPort of RPortInCompositionInstanceRef below AssemblySwConnector "/E40_Platform_System_SystemPackage/Compositions/E40_Platform_System/NvBlockSwComponentType_BsConst_TripComputer_Element_MemAbstractStub_BsConst_TripComputer_Element_4".
                   [Warning] Connector ignored: Could not find targetRPort of RPortInCompositionInstanceRef below AssemblySwConnector "/E40_Platform_System_SystemPackage/Compositions/E40_Platform_System/NvBlockSwComponentType_BsShare_VisMeet_EOLEntry_Element_MemAbstractStub_BsShare_VisMeet_EOLEntry_Element_2".
                   [Warning] Connector ignored: Could not find targetRPort of RPortInCompositionInstanceRef below AssemblySwConnector "/E40_Platform_System_SystemPackage/Compositions/E40_Platform_System/NvBlockSwComponentType_BsReten_Display_Element_MemAbstractStub_BsReten_Display_Element_4".
                   [Warning] Connector ignored: Could not find targetRPort of RPortInCompositionInstanceRef below AssemblySwConnector "/E40_Platform_System_SystemPackage/Compositions/E40_Platform_System/NvBlockSwComponentType_BsRt_CusDlt_Element_MemAbstractStub_BsRt_CusDlt_Element_4".
                   [Warning] Connector ignored: Could not find targetRPort of RPortInCompositionInstanceRef below AssemblySwConnector "/E40_Platform_System_SystemPackage/Compositions/E40_Platform_System/NvBlockSwComponentType_BsRt_Personalization_Element_MemAbstractStub_BsRt_Personalization_Element_4".
                   [Warning] Connector ignored: Could not find targetRPort of RPortInCompositionInstanceRef below AssemblySwConnector "/E40_Platform_System_SystemPackage/Compositions/E40_Platform_System/NvBlockSwComponentType_BsRt_Warning_Element_MemAbstractStub_BsRt_Warning_Element_4".
                   [Warning] Connector ignored: Could not find targetRPort of RPortInCompositionInstanceRef below AssemblySwConnector "/E40_Platform_System_SystemPackage/Compositions/E40_Platform_System/NvBlockSwComponentType_BsConst_TachoGauge_Element_MemAbstractStub_BsConst_TachoGauge_Element_4".
                   [Warning] Connector ignored: Could not find targetRPort of RPortInCompositionInstanceRef below AssemblySwConnector "/E40_Platform_System_SystemPackage/Compositions/E40_Platform_System/NvBlockSwComponentType_BsShare_VisteonPCBPartNumber_MemAbstractStub_BsShare_VisteonPCBPartNumber_1".
                   [Warning] Connector ignored: Could not find targetRPort of RPortInCompositionInstanceRef below AssemblySwConnector "/E40_Platform_System_SystemPackage/Compositions/E40_Platform_System/NvBlockSwComponentType_BsShare_AssemblyPlantNumber_MemAbstractStub_BsShare_AssemblyPlantNumber_1".
                   [Warning] Connector ignored: Could not find targetRPort of RPortInCompositionInstanceRef below AssemblySwConnector "/E40_Platform_System_SystemPackage/Compositions/E40_Platform_System/NvBlockSwComponentType_BsDiag_ErrorRecord_Element_MemAbstractStub_BsDiag_ErrorRecord_Element_4".
                   [Warning] Connector ignored: Could not find targetRPort of RPortInCompositionInstanceRef below AssemblySwConnector "/E40_Platform_System_SystemPackage/Compositions/E40_Platform_System/NvBlockSwComponentType_BsCys_Certicificate_Element_MemAbstractStub_BsCys_Certicificate_Element_4".
                   [Warning] Connector ignored: Could not find targetRPort of RPortInCompositionInstanceRef below AssemblySwConnector "/E40_Platform_System_SystemPackage/Compositions/E40_Platform_System/NvBlockSwComponentType_BsReten_Warning_Element_MemAbstractStub_BsReten_Warning_Element_4".
                   [Warning] Connector ignored: Could not find targetRPort of RPortInCompositionInstanceRef below AssemblySwConnector "/E40_Platform_System_SystemPackage/Compositions/E40_Platform_System/NvBlockSwComponentType_BsRt_Illumination_Element_MemAbstractStub_BsRt_Illumination_Element_4".
                   [Warning] Connector ignored: Could not find targetPPort of PPortInCompositionInstanceRef below AssemblySwConnector "/E40_Platform_System_SystemPackage/Compositions/E40_Platform_System/NvBlockSwComponentType_BsFuSa_FeatureData_Warning_Element_MemAbstractStub_BsFuSa_FeatureData_Warning_Element".
                   [Warning] Connector ignored: Could not find targetRPort of RPortInCompositionInstanceRef below AssemblySwConnector "/E40_Platform_System_SystemPackage/Compositions/E40_Platform_System/NvBlockSwComponentType_BsShare_SwUpdFotaFinPrint_Element_MemAbstractStub_BsShare_SwUpdFotaFinPrint_Element_4".
                   [Warning] Connector ignored: Could not find targetRPort of RPortInCompositionInstanceRef below AssemblySwConnector "/E40_Platform_System_SystemPackage/Compositions/E40_Platform_System/NvBlockSwComponentType_BsShare_VehicleConfig_Element_MemAbstractStub_BsShare_VehicleConfig_Element_4".
                   [Warning] Connector ignored: Could not find targetRPort of RPortInCompositionInstanceRef below AssemblySwConnector "/E40_Platform_System_SystemPackage/Compositions/E40_Platform_System/NvBlockSwComponentType_BsReten_RealTimeClock_Element_MemAbstractStub_BsReten_RealTimeClock_Element_4".
                   [Warning] Connector ignored: Could not find targetRPort of RPortInCompositionInstanceRef below AssemblySwConnector "/E40_Platform_System_SystemPackage/Compositions/E40_Platform_System/NvBlockSwComponentType_BsRt_RealTimeClock_Element_MemAbstractStub_BsRt_RealTimeClock_Element_4".
                   [Warning] Connector ignored: Could not find targetRPort of RPortInCompositionInstanceRef below AssemblySwConnector "/E40_Platform_System_SystemPackage/Compositions/E40_Platform_System/NvBlockSwComponentType_BsReten_Gauges_Element_MemAbstractStub_BsReten_Gauges_Element_4".
                   [Warning] Connector ignored: Could not find targetRPort of RPortInCompositionInstanceRef below AssemblySwConnector "/E40_Platform_System_SystemPackage/Compositions/E40_Platform_System/NvBlockSwComponentType_BsConst_TempGauge_Element_MemAbstractStub_BsConst_TempGauge_Element_4".
                   [Warning] Connector ignored: Could not find targetRPort of RPortInCompositionInstanceRef below AssemblySwConnector "/E40_Platform_System_SystemPackage/Compositions/E40_Platform_System/NvBlockSwComponentType_BsConst_Warning_Element_MemAbstractStub_BsConst_Warning_Element_4".
                   [Warning] Connector ignored: Could not find targetRPort of RPortInCompositionInstanceRef below AssemblySwConnector "/E40_Platform_System_SystemPackage/Compositions/E40_Platform_System/NvBlockSwComponentType_BsConst_Audio_Element_MemAbstractStub_BsConst_Audio_Element_4".
                   [Warning] Connector ignored: Could not find targetRPort of RPortInCompositionInstanceRef below AssemblySwConnector "/E40_Platform_System_SystemPackage/Compositions/E40_Platform_System/NvBlockSwComponentType_BsConst_Power_Element_MemAbstractStub_BsConst_Power_Element_4".
                   [Warning] Connector ignored: Could not find targetRPort of RPortInCompositionInstanceRef below AssemblySwConnector "/E40_Platform_System_SystemPackage/Compositions/E40_Platform_System/NvBlockSwComponentType_BsShare_VisteonPartNumber_MemAbstractStub_BsShare_VisteonPartNumber_1".
                   [Warning] Connector ignored: Could not find targetRPort of RPortInCompositionInstanceRef below AssemblySwConnector "/E40_Platform_System_SystemPackage/Compositions/E40_Platform_System/NvBlockSwComponentType_BsShare_SMTManufacturingDate_MemAbstractStub_BsShare_SMTManufacturingDate_1".
                   [Warning] Connector ignored: Could not find targetRPort of RPortInCompositionInstanceRef below AssemblySwConnector "/E40_Platform_System_SystemPackage/Compositions/E40_Platform_System/NvBlockSwComponentType_BsShare_SwUpdFotaMode_Element_MemAbstractStub_BsShare_SwUpdFotaMode_Element_4".
                   [Warning] Connector ignored: Could not find targetRPort of RPortInCompositionInstanceRef below AssemblySwConnector "/E40_Platform_System_SystemPackage/Compositions/E40_Platform_System/NvBlockSwComponentType_BsReten_Personalization_Element_MemAbstractStub_BsReten_Personalization_Element_4".
                   [Warning] Connector ignored: Could not find targetRPort of RPortInCompositionInstanceRef below AssemblySwConnector "/E40_Platform_System_SystemPackage/Compositions/E40_Platform_System/NvBlockSwComponentType_BsRt_TachoGauge_Element_MemAbstractStub_BsRt_TachoGauge_Element_5".
                   [Warning] Connector ignored: Could not find targetRPort of RPortInCompositionInstanceRef below AssemblySwConnector "/E40_Platform_System_SystemPackage/Compositions/E40_Platform_System/NvBlockSwComponentType_BsRt_PowerGauge_Element_MemAbstractStub_BsRt_PowerGauge_Element_5".
                   [Warning] Connector ignored: Could not find targetRPort of RPortInCompositionInstanceRef below AssemblySwConnector "/E40_Platform_System_SystemPackage/Compositions/E40_Platform_System/NvBlockSwComponentType_BsReten_Audio_Element_MemAbstractStub_BsReten_Audio_Element_5".
                   [Warning] Connector ignored: Could not find targetRPort of RPortInCompositionInstanceRef below AssemblySwConnector "/E40_Platform_System_SystemPackage/Compositions/E40_Platform_System/NvBlockSwComponentType_BsConst_TachoGauge_Element_MemAbstractStub_BsConst_TachoGauge_Element_5".
                   [Warning] Connector ignored: Could not find targetRPort of RPortInCompositionInstanceRef below AssemblySwConnector "/E40_Platform_System_SystemPackage/Compositions/E40_Platform_System/NvBlockSwComponentType_RefCys_Certicificate1_Element_MemAbstractStub_RefCys_Certicificate1_Element_5".
                   [Warning] Connector ignored: Could not find targetRPort of RPortInCompositionInstanceRef below AssemblySwConnector "/E40_Platform_System_SystemPackage/Compositions/E40_Platform_System/NvBlockSwComponentType_BsConst_PowerGauge_Element_MemAbstractStub_BsConst_PowerGauge_Element_5".
                   [Warning] Connector ignored: Could not find targetRPort of RPortInCompositionInstanceRef below AssemblySwConnector "/E40_Platform_System_SystemPackage/Compositions/E40_Platform_System/NvBlockSwComponentType_BsRt_Odometer_Element_MemAbstractStub_BsRt_Odometer_Element_5".
                   [Warning] Connector ignored: Could not find targetRPort of RPortInCompositionInstanceRef below AssemblySwConnector "/E40_Platform_System_SystemPackage/Compositions/E40_Platform_System/NvBlockSwComponentType_BsConst_TempGauge_Element_MemAbstractStub_BsConst_TempGauge_Element_5".
                   [Warning] Connector ignored: Could not find targetRPort of RPortInCompositionInstanceRef below AssemblySwConnector "/E40_Platform_System_SystemPackage/Compositions/E40_Platform_System/NvBlockSwComponentType_BsConst_Audio_Element_MemAbstractStub_BsConst_Audio_Element_5".
                   [Warning] Connector ignored: Could not find targetRPort of RPortInCompositionInstanceRef below AssemblySwConnector "/E40_Platform_System_SystemPackage/Compositions/E40_Platform_System/NvBlockSwComponentType_BsConst_Communication_Element_MemAbstractStub_BsConst_Communication_Element_5".
                   [Warning] Connector ignored: Could not find targetRPort of RPortInCompositionInstanceRef below AssemblySwConnector "/E40_Platform_System_SystemPackage/Compositions/E40_Platform_System/NvBlockSwComponentType_BsShare_VehicleConfig_Element_MemAbstractStub_BsShare_VehicleConfig_Element_5".
                   [Warning] Connector ignored: Could not find targetRPort of RPortInCompositionInstanceRef below AssemblySwConnector "/E40_Platform_System_SystemPackage/Compositions/E40_Platform_System/NvBlockSwComponentType_BsConst_EngOffTimer_Element_MemAbstractStub_BsConst_EngOffTimer_Element_5".
                   [Warning] Connector ignored: Could not find targetRPort of RPortInCompositionInstanceRef below AssemblySwConnector "/E40_Platform_System_SystemPackage/Compositions/E40_Platform_System/NvBlockSwComponentType_BsConst_FuelGauge_Element_MemAbstractStub_BsConst_FuelGauge_Element_5".
                   [Warning] Connector ignored: Could not find targetRPort of RPortInCompositionInstanceRef below AssemblySwConnector "/E40_Platform_System_SystemPackage/Compositions/E40_Platform_System/NvBlockSwComponentType_BsCys_Certicificate_Element_MemAbstractStub_BsCys_Certicificate_Element_5".
                   [Warning] Connector ignored: Could not find targetRPort of RPortInCompositionInstanceRef below AssemblySwConnector "/E40_Platform_System_SystemPackage/Compositions/E40_Platform_System/NvBlockSwComponentType_BsReten_RealTimeClock_Element_MemAbstractStub_BsReten_RealTimeClock_Element_5".
                   [Warning] Connector ignored: Could not find targetRPort of RPortInCompositionInstanceRef below AssemblySwConnector "/E40_Platform_System_SystemPackage/Compositions/E40_Platform_System/NvBlockSwComponentType_BsShare_PCBSerialNumber_MemAbstractStub_BsShare_PCBSerialNumber_2".
                   [Warning] Connector ignored: Could not find targetRPort of RPortInCompositionInstanceRef below AssemblySwConnector "/E40_Platform_System_SystemPackage/Compositions/E40_Platform_System/NvBlockSwComponentType_BsRt_Illumination_Element_MemAbstractStub_BsRt_Illumination_Element_5".
                   [Warning] Connector ignored: Could not find targetRPort of RPortInCompositionInstanceRef below AssemblySwConnector "/E40_Platform_System_SystemPackage/Compositions/E40_Platform_System/NvBlockSwComponentType_BsReten_Illumination_Element_MemAbstractStub_BsReten_Illumination_Element_5".
                   [Warning] Connector ignored: Could not find targetRPort of RPortInCompositionInstanceRef below AssemblySwConnector "/E40_Platform_System_SystemPackage/Compositions/E40_Platform_System/NvBlockSwComponentType_BsReten_Display_Element_MemAbstractStub_BsReten_Display_Element_5".
                   [Warning] Connector ignored: Could not find targetRPort of RPortInCompositionInstanceRef below AssemblySwConnector "/E40_Platform_System_SystemPackage/Compositions/E40_Platform_System/NvBlockSwComponentType_BsShare_AssemblyPlantNumber_MemAbstractStub_BsShare_AssemblyPlantNumber_2".
                   [Warning] Connector ignored: Could not find targetRPort of RPortInCompositionInstanceRef below AssemblySwConnector "/E40_Platform_System_SystemPackage/Compositions/E40_Platform_System/NvBlockSwComponentType_BsConst_SpeedoGauge_Element_MemAbstractStub_BsConst_SpeedoGauge_Element_5".
                   [Warning] Connector ignored: Could not find targetRPort of RPortInCompositionInstanceRef below AssemblySwConnector "/E40_Platform_System_SystemPackage/Compositions/E40_Platform_System/NvBlockSwComponentType_BsReten_Gauges_Element_MemAbstractStub_BsReten_Gauges_Element_5".
                   [Warning] Connector ignored: Could not find targetRPort of RPortInCompositionInstanceRef below AssemblySwConnector "/E40_Platform_System_SystemPackage/Compositions/E40_Platform_System/NvBlockSwComponentType_BsConst_OilGauge_Element_MemAbstractStub_BsConst_OilGauge_Element_5".
                   [Warning] Connector ignored: Could not find targetRPort of RPortInCompositionInstanceRef below AssemblySwConnector "/E40_Platform_System_SystemPackage/Compositions/E40_Platform_System/NvBlockSwComponentType_BsConst_ServiceReminder_Element_MemAbstractStub_BsConst_ServiceReminder_Element_5".
                   [Warning] Connector ignored: Could not find targetRPort of RPortInCompositionInstanceRef below AssemblySwConnector "/E40_Platform_System_SystemPackage/Compositions/E40_Platform_System/NvBlockSwComponentType_BsRt_SpeedoGauge_Element_MemAbstractStub_BsRt_SpeedoGauge_Element_5".
                   [Warning] Connector ignored: Could not find targetRPort of RPortInCompositionInstanceRef below AssemblySwConnector "/E40_Platform_System_SystemPackage/Compositions/E40_Platform_System/NvBlockSwComponentType_BsReten_Warning_Element_MemAbstractStub_BsReten_Warning_Element_5".
                   [Warning] Connector ignored: Could not find targetRPort of RPortInCompositionInstanceRef below AssemblySwConnector "/E40_Platform_System_SystemPackage/Compositions/E40_Platform_System/NvBlockSwComponentType_BsConst_Power_Element_MemAbstractStub_BsConst_Power_Element_5".
                   [Warning] Connector ignored: Could not find targetRPort of RPortInCompositionInstanceRef below AssemblySwConnector "/E40_Platform_System_SystemPackage/Compositions/E40_Platform_System/NvBlockSwComponentType_BsShare_SwUpdFotaStatus_Element_MemAbstractStub_BsShare_SwUpdFotaStatus_Element_5".
                   [Warning] Connector ignored: Could not find targetRPort of RPortInCompositionInstanceRef below AssemblySwConnector "/E40_Platform_System_SystemPackage/Compositions/E40_Platform_System/NvBlockSwComponentType_BsShare_SwUpdFotaMode_Element_MemAbstractStub_BsShare_SwUpdFotaMode_Element_5".
                   [Warning] Connector ignored: Could not find targetRPort of RPortInCompositionInstanceRef below AssemblySwConnector "/E40_Platform_System_SystemPackage/Compositions/E40_Platform_System/NvBlockSwComponentType_BsDiag_Dtc_Element_MemAbstractStub_BsDiag_Dtc_Element_5".
                   [Warning] Connector ignored: Could not find targetRPort of RPortInCompositionInstanceRef below AssemblySwConnector "/E40_Platform_System_SystemPackage/Compositions/E40_Platform_System/NvBlockSwComponentType_BsShare_VisMeet_Element_MemAbstractStub_BsShare_VisMeet_Element_5".
                   [Warning] Connector ignored: Could not find targetRPort of RPortInCompositionInstanceRef below AssemblySwConnector "/E40_Platform_System_SystemPackage/Compositions/E40_Platform_System/NvBlockSwComponentType_RefCys_Certicificate_Element_MemAbstractStub_RefCys_Certicificate_Element_5".
                   [Warning] Connector ignored: Could not find targetRPort of RPortInCompositionInstanceRef below AssemblySwConnector "/E40_Platform_System_SystemPackage/Compositions/E40_Platform_System/NvBlockSwComponentType_BsShare_SwUpdFotadecrypt_Element_MemAbstractStub_BsShare_SwUpdFotadecrypt_Element_5".
                   [Warning] Connector ignored: Could not find targetRPort of RPortInCompositionInstanceRef below AssemblySwConnector "/E40_Platform_System_SystemPackage/Compositions/E40_Platform_System/NvBlockSwComponentType_BsConst_RealTimeClock_Element_MemAbstractStub_BsConst_RealTimeClock_Element_5".
                   [Warning] Connector ignored: Could not find targetRPort of RPortInCompositionInstanceRef below AssemblySwConnector "/E40_Platform_System_SystemPackage/Compositions/E40_Platform_System/NvBlockSwComponentType_BsRt_FuelGauge_Element_MemAbstractStub_BsRt_FuelGauge_Element_5".
                   [Warning] Connector ignored: Could not find targetRPort of RPortInCompositionInstanceRef below AssemblySwConnector "/E40_Platform_System_SystemPackage/Compositions/E40_Platform_System/NvBlockSwComponentType_BsConst_TripComputer_Element_MemAbstractStub_BsConst_TripComputer_Element_5".
                   [Warning] Connector ignored: Could not find targetRPort of RPortInCompositionInstanceRef below AssemblySwConnector "/E40_Platform_System_SystemPackage/Compositions/E40_Platform_System/NvBlockSwComponentType_BsShare_AssemblyManufacturingDate_MemAbstractStub_BsShare_AssemblyManufacturingDate_2".
                   [Warning] Connector ignored: Could not find targetRPort of RPortInCompositionInstanceRef below AssemblySwConnector "/E40_Platform_System_SystemPackage/Compositions/E40_Platform_System/NvBlockSwComponentType_BsShare_SwUpdReflash_Element_MemAbstractStub_BsShare_SwUpdReflash_Element_5".
                   [Warning] Connector ignored: Could not find targetRPort of RPortInCompositionInstanceRef below AssemblySwConnector "/E40_Platform_System_SystemPackage/Compositions/E40_Platform_System/NvBlockSwComponentType_BsShare_HWModification_MemAbstractStub_BsShare_HWModification_2".
                   [Warning] Connector ignored: Could not find targetPPort of PPortInCompositionInstanceRef below AssemblySwConnector "/E40_Platform_System_SystemPackage/Compositions/E40_Platform_System/NvBlockSwComponentType_BsReten_VisDlt_Element_MemAbstractStub_BsReten_VisDlt_Element_5".
                   [Warning] Connector ignored: Could not find targetRPort of RPortInCompositionInstanceRef below AssemblySwConnector "/E40_Platform_System_SystemPackage/Compositions/E40_Platform_System/NvBlockSwComponentType_BsRt_RealTimeClock_Element_MemAbstractStub_BsRt_RealTimeClock_Element_5".
                   [Warning] Connector ignored: Could not find targetRPort of RPortInCompositionInstanceRef below AssemblySwConnector "/E40_Platform_System_SystemPackage/Compositions/E40_Platform_System/NvBlockSwComponentType_BsDiag_ErrorRecord_Element_MemAbstractStub_BsDiag_ErrorRecord_Element_5".
                   [Warning] Connector ignored: Could not find targetRPort of RPortInCompositionInstanceRef below AssemblySwConnector "/E40_Platform_System_SystemPackage/Compositions/E40_Platform_System/NvBlockSwComponentType_BsShare_SMTPlantNumber_MemAbstractStub_BsShare_SMTPlantNumber_2".
                   [Warning] Connector ignored: Could not find targetRPort of RPortInCompositionInstanceRef below AssemblySwConnector "/E40_Platform_System_SystemPackage/Compositions/E40_Platform_System/NvBlockSwComponentType_BsReten_Communication_Element_MemAbstractStub_BsReten_Communication_Element_5".
                   [Warning] Connector ignored: Could not find targetRPort of RPortInCompositionInstanceRef below AssemblySwConnector "/E40_Platform_System_SystemPackage/Compositions/E40_Platform_System/NvBlockSwComponentType_BsShare_ProductSerialNumber_MemAbstractStub_BsShare_ProductSerialNumber_2".
                   [Warning] Connector ignored: Could not find targetRPort of RPortInCompositionInstanceRef below AssemblySwConnector "/E40_Platform_System_SystemPackage/Compositions/E40_Platform_System/NvBlockSwComponentType_BsShare_EcuPartNumber_Element_MemAbstractStub_BsShare_EcuPartNumber_Element_5".
                   [Warning] Connector ignored: Could not find targetRPort of RPortInCompositionInstanceRef below AssemblySwConnector "/E40_Platform_System_SystemPackage/Compositions/E40_Platform_System/NvBlockSwComponentType_BsShare_SMTManufacturingDate_MemAbstractStub_BsShare_SMTManufacturingDate_2".
                   [Warning] Connector ignored: Could not find targetRPort of RPortInCompositionInstanceRef below AssemblySwConnector "/E40_Platform_System_SystemPackage/Compositions/E40_Platform_System/NvBlockSwComponentType_BsReten_Power_Element_MemAbstractStub_BsReten_Power_Element_5".
                   [Warning] Connector ignored: Could not find targetRPort of RPortInCompositionInstanceRef below AssemblySwConnector "/E40_Platform_System_SystemPackage/Compositions/E40_Platform_System/NvBlockSwComponentType_BsReten_Personalization_Element_MemAbstractStub_BsReten_Personalization_Element_5".
                   [Warning] Connector ignored: Could not find targetRPort of RPortInCompositionInstanceRef below AssemblySwConnector "/E40_Platform_System_SystemPackage/Compositions/E40_Platform_System/NvBlockSwComponentType_BsShare_VisteonPCBPartNumber_MemAbstractStub_BsShare_VisteonPCBPartNumber_2".
                   [Warning] Connector ignored: Could not find targetRPort of RPortInCompositionInstanceRef below AssemblySwConnector "/E40_Platform_System_SystemPackage/Compositions/E40_Platform_System/NvBlockSwComponentType_BsShare_VisMeet_EOLEntry_Element_MemAbstractStub_BsShare_VisMeet_EOLEntry_Element_3".
                   [Warning] Connector ignored: Could not find targetRPort of RPortInCompositionInstanceRef below AssemblySwConnector "/E40_Platform_System_SystemPackage/Compositions/E40_Platform_System/NvBlockSwComponentType_BsReten_Tripcomputer_Element_MemAbstractStub_BsReten_Tripcomputer_Element_5".
                   [Warning] Connector ignored: Could not find targetRPort of RPortInCompositionInstanceRef below AssemblySwConnector "/E40_Platform_System_SystemPackage/Compositions/E40_Platform_System/NvBlockSwComponentType_BsRt_OilGauge_Element_MemAbstractStub_BsRt_OilGauge_Element_5".
                   [Warning] Connector ignored: Could not find targetRPort of RPortInCompositionInstanceRef below AssemblySwConnector "/E40_Platform_System_SystemPackage/Compositions/E40_Platform_System/NvBlockSwComponentType_BsShare_VisteonPartNumber_MemAbstractStub_BsShare_VisteonPartNumber_2".
                   [Warning] Connector ignored: Could not find targetRPort of RPortInCompositionInstanceRef below AssemblySwConnector "/E40_Platform_System_SystemPackage/Compositions/E40_Platform_System/NvBlockSwComponentType_BsRt_TempGauge_Element_MemAbstractStub_BsRt_TempGauge_Element_5".
                   [Warning] Connector ignored: Could not find targetRPort of RPortInCompositionInstanceRef below AssemblySwConnector "/E40_Platform_System_SystemPackage/Compositions/E40_Platform_System/NvBlockSwComponentType_BsReten_Odometer_Element_MemAbstractStub_BsReten_Odometer_Element_5".
                   [Warning] Connector ignored: Could not find targetRPort of RPortInCompositionInstanceRef below AssemblySwConnector "/E40_Platform_System_SystemPackage/Compositions/E40_Platform_System/NvBlockSwComponentType_BsRt_Personalization_Element_MemAbstractStub_BsRt_Personalization_Element_5".
                   [Warning] Connector ignored: Could not find targetRPort of RPortInCompositionInstanceRef below AssemblySwConnector "/E40_Platform_System_SystemPackage/Compositions/E40_Platform_System/NvBlockSwComponentType_BsRt_TripComputer_Element_MemAbstractStub_BsRt_TripComputer_Element_5".
                   [Warning] Connector ignored: Could not find targetRPort of RPortInCompositionInstanceRef below AssemblySwConnector "/E40_Platform_System_SystemPackage/Compositions/E40_Platform_System/NvBlockSwComponentType_BsRt_Warning_Element_MemAbstractStub_BsRt_Warning_Element_5".
                   [Warning] Connector ignored: Could not find targetRPort of RPortInCompositionInstanceRef below AssemblySwConnector "/E40_Platform_System_SystemPackage/Compositions/E40_Platform_System/NvBlockSwComponentType_BsConst_Warning_Element_MemAbstractStub_BsConst_Warning_Element_5".
                   [Warning] Connector ignored: Could not find targetRPort of RPortInCompositionInstanceRef below AssemblySwConnector "/E40_Platform_System_SystemPackage/Compositions/E40_Platform_System/NvBlockSwComponentType_BsRt_CusDlt_Element_MemAbstractStub_BsRt_CusDlt_Element_5".
                   [Warning] Connector ignored: Could not find targetRPort of RPortInCompositionInstanceRef below AssemblySwConnector "/E40_Platform_System_SystemPackage/Compositions/E40_Platform_System/NvBlockSwComponentType_BsShare_SwUpdFotaFinPrint_Element_MemAbstractStub_BsShare_SwUpdFotaFinPrint_Element_5".
                   [Warning] Connector ignored: Could not find targetRPort of RPortInCompositionInstanceRef below AssemblySwConnector "/E40_Platform_System_SystemPackage/Compositions/E40_Platform_System/NvBlockSwComponentType_BsReten_Tripcomputer_Element_MemAbstractStub_BsReten_Tripcomputer_Element_6".
                   [Warning] Connector ignored: Could not find targetRPort of RPortInCompositionInstanceRef below AssemblySwConnector "/E40_Platform_System_SystemPackage/Compositions/E40_Platform_System/NvBlockSwComponentType_BsConst_Derating_Backlight_Disable_SafeCopy1_MemAbstractStub_BsConst_Derating_Backlight_Disable_SafeCopy1".
                   [Warning] Connector ignored: Could not find targetRPort of RPortInCompositionInstanceRef below AssemblySwConnector "/E40_Platform_System_SystemPackage/Compositions/E40_Platform_System/NvBlockSwComponentType_BsConst_TripComputer_Element_MemAbstractStub_BsConst_TripComputer_Element_6".
                   [Warning] Connector ignored: Could not find targetRPort of RPortInCompositionInstanceRef below AssemblySwConnector "/E40_Platform_System_SystemPackage/Compositions/E40_Platform_System/NvBlockSwComponentType_BsReten_Audio_Element_MemAbstractStub_BsReten_Audio_Element_6".
                   [Warning] Connector ignored: Could not find targetRPort of RPortInCompositionInstanceRef below AssemblySwConnector "/E40_Platform_System_SystemPackage/Compositions/E40_Platform_System/NvBlockSwComponentType_BsConst_PWM_boost_bypass_duty_SafeCopy1_MemAbstractStub_BsConst_PWM_boost_bypass_duty_SafeCopy1".
                   [Warning] Connector ignored: Could not find targetRPort of RPortInCompositionInstanceRef below AssemblySwConnector "/E40_Platform_System_SystemPackage/Compositions/E40_Platform_System/NvBlockSwComponentType_BsShare_VisMeet_Element_MemAbstractStub_BsShare_VisMeet_Element_6".
                   [Warning] Connector ignored: Could not find targetRPort of RPortInCompositionInstanceRef below AssemblySwConnector "/E40_Platform_System_SystemPackage/Compositions/E40_Platform_System/NvBlockSwComponentType_BsShare_VisteonPartNumber_MemAbstractStub_BsShare_VisteonPartNumber_3".
                   [Warning] Connector ignored: Could not find targetRPort of RPortInCompositionInstanceRef below AssemblySwConnector "/E40_Platform_System_SystemPackage/Compositions/E40_Platform_System/NvBlockSwComponentType_BsShare_SwUpdFotadecrypt_Element_MemAbstractStub_BsShare_SwUpdFotadecrypt_Element_6".
                   [Warning] Connector ignored: Could not find targetRPort of RPortInCompositionInstanceRef below AssemblySwConnector "/E40_Platform_System_SystemPackage/Compositions/E40_Platform_System/NvBlockSwComponentType_BsRt_Warning_Element_MemAbstractStub_BsRt_Warning_Element_6".
                   [Warning] Connector ignored: Could not find targetPPort of PPortInCompositionInstanceRef below AssemblySwConnector "/E40_Platform_System_SystemPackage/Compositions/E40_Platform_System/NvBlockSwComponentType_BsReten_VisDlt_Element_MemAbstractStub_BsReten_VisDlt_Element_6".
                   [Warning] Connector ignored: Could not find targetRPort of RPortInCompositionInstanceRef below AssemblySwConnector "/E40_Platform_System_SystemPackage/Compositions/E40_Platform_System/NvBlockSwComponentType_BsShare_AssemblyPlantNumber_MemAbstractStub_BsShare_AssemblyPlantNumber_3".
                   [Warning] Connector ignored: Could not find targetRPort of RPortInCompositionInstanceRef below AssemblySwConnector "/E40_Platform_System_SystemPackage/Compositions/E40_Platform_System/NvBlockSwComponentType_BsConst_PCB_Temperature_Sensor_Conv_MemAbstractStub_BsConst_PCB_Temperature_Sensor_Conv".
                   [Warning] Connector ignored: Could not find targetRPort of RPortInCompositionInstanceRef below AssemblySwConnector "/E40_Platform_System_SystemPackage/Compositions/E40_Platform_System/NvBlockSwComponentType_BsConst_PWM_boost_bypass_duty_SafeCopy2_MemAbstractStub_BsConst_PWM_boost_bypass_duty_SafeCopy2".
                   [Warning] Connector ignored: Could not find targetRPort of RPortInCompositionInstanceRef below AssemblySwConnector "/E40_Platform_System_SystemPackage/Compositions/E40_Platform_System/NvBlockSwComponentType_BsShare_SwUpdFotaStatus_Element_MemAbstractStub_BsShare_SwUpdFotaStatus_Element_6".
                   [Warning] Connector ignored: Could not find targetRPort of RPortInCompositionInstanceRef below AssemblySwConnector "/E40_Platform_System_SystemPackage/Compositions/E40_Platform_System/NvBlockSwComponentType_BsConst_Temp_Threshold_Hysteresis_Derating_SafeCopy2_MemAbstractStub_BsConst_Temp_Threshold_Hyste20D0FAA7".
                   [Warning] Connector ignored: Could not find targetRPort of RPortInCompositionInstanceRef below AssemblySwConnector "/E40_Platform_System_SystemPackage/Compositions/E40_Platform_System/NvBlockSwComponentType_BsReten_Illumination_Element_MemAbstractStub_BsReten_Illumination_Element_6".
                   [Warning] Connector ignored: Could not find targetRPort of RPortInCompositionInstanceRef below AssemblySwConnector "/E40_Platform_System_SystemPackage/Compositions/E40_Platform_System/NvBlockSwComponentType_BsShare_AssemblyManufacturingDate_MemAbstractStub_BsShare_AssemblyManufacturingDate_3".
                   [Warning] Connector ignored: Could not find targetRPort of RPortInCompositionInstanceRef below AssemblySwConnector "/E40_Platform_System_SystemPackage/Compositions/E40_Platform_System/NvBlockSwComponentType_BsRt_RealTimeClock_Element_MemAbstractStub_BsRt_RealTimeClock_Element_6".
                   [Warning] Connector ignored: Could not find targetRPort of RPortInCompositionInstanceRef below AssemblySwConnector "/E40_Platform_System_SystemPackage/Compositions/E40_Platform_System/NvBlockSwComponentType_BsConst_Temp_Threshold_Hysteresis_Derating_SafeCopy1_MemAbstractStub_BsConst_Temp_Threshold_Hyste5273E3A0".
                   [Warning] Connector ignored: Could not find targetRPort of RPortInCompositionInstanceRef below AssemblySwConnector "/E40_Platform_System_SystemPackage/Compositions/E40_Platform_System/NvBlockSwComponentType_BsConst_PWM_boost_bypass_duty_MemAbstractStub_BsConst_PWM_boost_bypass_duty".
                   [Warning] Connector ignored: Could not find targetRPort of RPortInCompositionInstanceRef below AssemblySwConnector "/E40_Platform_System_SystemPackage/Compositions/E40_Platform_System/NvBlockSwComponentType_BsConst_Lookup_Curve_HotSpot_Coef_Y_SafeCopy2_MemAbstractStub_BsConst_Lookup_Curve_HotSpot_Coef_YBE580FAC".
                   [Warning] Connector ignored: Could not find targetRPort of RPortInCompositionInstanceRef below AssemblySwConnector "/E40_Platform_System_SystemPackage/Compositions/E40_Platform_System/NvBlockSwComponentType_BsShare_SMTManufacturingDate_MemAbstractStub_BsShare_SMTManufacturingDate_3".
                   [Warning] Connector ignored: Could not find targetRPort of RPortInCompositionInstanceRef below AssemblySwConnector "/E40_Platform_System_SystemPackage/Compositions/E40_Platform_System/NvBlockSwComponentType_BsConst_Compensation_Line_Slope_m_MemAbstractStub_BsConst_Compensation_Line_Slope_m".
                   [Warning] Connector ignored: Could not find targetRPort of RPortInCompositionInstanceRef below AssemblySwConnector "/E40_Platform_System_SystemPackage/Compositions/E40_Platform_System/NvBlockSwComponentType_BsConst_Temperature_Sensor_Conv_SafeCopy2_MemAbstractStub_BsConst_Temperature_Sensor_Conv_SafeCopy2".
                   [Warning] Connector ignored: Could not find targetRPort of RPortInCompositionInstanceRef below AssemblySwConnector "/E40_Platform_System_SystemPackage/Compositions/E40_Platform_System/NvBlockSwComponentType_BsConst_Compensation_Line_Slope_m_SafeCopy1_MemAbstractStub_BsConst_Compensation_Line_Slope_m_SafeCopy1".
                   [Warning] Connector ignored: Could not find targetRPort of RPortInCompositionInstanceRef below AssemblySwConnector "/E40_Platform_System_SystemPackage/Compositions/E40_Platform_System/NvBlockSwComponentType_BsConst_Compensation_Line_Shift_b_SafeCopy1_MemAbstractStub_BsConst_Compensation_Line_Shift_b_SafeCopy1".
                   [Warning] Connector ignored: Could not find targetPPort of PPortInCompositionInstanceRef below AssemblySwConnector "/E40_Platform_System_SystemPackage/Compositions/E40_Platform_System/NvBlockSwComponentType_BsConst_Derating_Backlight_Disable_SafeCopy1_1_MemAbstractStub_BsConst_Derating_Backlight_DisableA2ED49FF".
                   [Warning] Connector ignored: Could not find targetRPort of RPortInCompositionInstanceRef below AssemblySwConnector "/E40_Platform_System_SystemPackage/Compositions/E40_Platform_System/NvBlockSwComponentType_BsRt_OilGauge_Element_MemAbstractStub_BsRt_OilGauge_Element_6".
                   [Warning] Connector ignored: Could not find targetRPort of RPortInCompositionInstanceRef below AssemblySwConnector "/E40_Platform_System_SystemPackage/Compositions/E40_Platform_System/NvBlockSwComponentType_BsShare_SwUpdReflash_Element_MemAbstractStub_BsShare_SwUpdReflash_Element_6".
                   [Warning] Connector ignored: Could not find targetRPort of RPortInCompositionInstanceRef below AssemblySwConnector "/E40_Platform_System_SystemPackage/Compositions/E40_Platform_System/NvBlockSwComponentType_BsConst_Temp_Threshold_Hysteresis_Derating_MemAbstractStub_BsConst_Temp_Threshold_Hysteresis_Derating".
                   [Warning] Connector ignored: Could not find targetRPort of RPortInCompositionInstanceRef below AssemblySwConnector "/E40_Platform_System_SystemPackage/Compositions/E40_Platform_System/NvBlockSwComponentType_BsReten_Power_Element_MemAbstractStub_BsReten_Power_Element_6".
                   [Warning] Connector ignored: Could not find targetRPort of RPortInCompositionInstanceRef below AssemblySwConnector "/E40_Platform_System_SystemPackage/Compositions/E40_Platform_System/NvBlockSwComponentType_BsConst_Audio_Element_MemAbstractStub_BsConst_Audio_Element_6".
                   [Warning] Connector ignored: Could not find targetRPort of RPortInCompositionInstanceRef below AssemblySwConnector "/E40_Platform_System_SystemPackage/Compositions/E40_Platform_System/NvBlockSwComponentType_BsShare_VisteonPCBPartNumber_MemAbstractStub_BsShare_VisteonPCBPartNumber_3".
                   [Warning] Connector ignored: Could not find targetRPort of RPortInCompositionInstanceRef below AssemblySwConnector "/E40_Platform_System_SystemPackage/Compositions/E40_Platform_System/NvBlockSwComponentType_BsReten_Communication_Element_MemAbstractStub_BsReten_Communication_Element_6".
                   [Warning] Connector ignored: Could not find targetRPort of RPortInCompositionInstanceRef below AssemblySwConnector "/E40_Platform_System_SystemPackage/Compositions/E40_Platform_System/NvBlockSwComponentType_BsConst_Display_Illum_Max_Level_SafeCopy1_MemAbstractStub_BsConst_Display_Illum_Max_Level_SafeCopy1".
                   [Warning] Connector ignored: Could not find targetRPort of RPortInCompositionInstanceRef below AssemblySwConnector "/E40_Platform_System_SystemPackage/Compositions/E40_Platform_System/NvBlockSwComponentType_BsConst_RealTimeClock_Element_MemAbstractStub_BsConst_RealTimeClock_Element_6".
                   [Warning] Connector ignored: Could not find targetRPort of RPortInCompositionInstanceRef below AssemblySwConnector "/E40_Platform_System_SystemPackage/Compositions/E40_Platform_System/NvBlockSwComponentType_BsReten_Warning_Element_MemAbstractStub_BsReten_Warning_Element_6".
                   [Warning] Connector ignored: Could not find targetRPort of RPortInCompositionInstanceRef below AssemblySwConnector "/E40_Platform_System_SystemPackage/Compositions/E40_Platform_System/NvBlockSwComponentType_BsRt_SpeedoGauge_Element_MemAbstractStub_BsRt_SpeedoGauge_Element_6".
                   [Warning] Connector ignored: Could not find targetRPort of RPortInCompositionInstanceRef below AssemblySwConnector "/E40_Platform_System_SystemPackage/Compositions/E40_Platform_System/NvBlockSwComponentType_BsDiag_Dtc_Element_MemAbstractStub_BsDiag_Dtc_Element_6".
                   [Warning] Connector ignored: Could not find targetRPort of RPortInCompositionInstanceRef below AssemblySwConnector "/E40_Platform_System_SystemPackage/Compositions/E40_Platform_System/NvBlockSwComponentType_BsReten_Gauges_Element_MemAbstractStub_BsReten_Gauges_Element_6".
                   [Warning] Connector ignored: Could not find targetRPort of RPortInCompositionInstanceRef below AssemblySwConnector "/E40_Platform_System_SystemPackage/Compositions/E40_Platform_System/NvBlockSwComponentType_BsConst_Display_Illum_Max_Level_MemAbstractStub_BsConst_Display_Illum_Max_Level".
                   [Warning] Connector ignored: Could not find targetRPort of RPortInCompositionInstanceRef below AssemblySwConnector "/E40_Platform_System_SystemPackage/Compositions/E40_Platform_System/NvBlockSwComponentType_BsRt_Odometer_Element_MemAbstractStub_BsRt_Odometer_Element_6".
                   [Warning] Connector ignored: Could not find targetRPort of RPortInCompositionInstanceRef below AssemblySwConnector "/E40_Platform_System_SystemPackage/Compositions/E40_Platform_System/NvBlockSwComponentType_BsRt_FuelGauge_Element_MemAbstractStub_BsRt_FuelGauge_Element_6".
                   [Warning] Connector ignored: Could not find targetRPort of RPortInCompositionInstanceRef below AssemblySwConnector "/E40_Platform_System_SystemPackage/Compositions/E40_Platform_System/NvBlockSwComponentType_BsRt_Illumination_Element_MemAbstractStub_BsRt_Illumination_Element_6".
                   [Warning] Connector ignored: Could not find targetPPort of PPortInCompositionInstanceRef below AssemblySwConnector "/E40_Platform_System_SystemPackage/Compositions/E40_Platform_System/NvBlockSwComponentType_BsConst_Derating_Backlight_Disable_1_MemAbstractStub_BsConst_Derating_Backlight_Disable_1".
                   [Warning] Connector ignored: Could not find targetRPort of RPortInCompositionInstanceRef below AssemblySwConnector "/E40_Platform_System_SystemPackage/Compositions/E40_Platform_System/NvBlockSwComponentType_RefCys_Certicificate1_Element_MemAbstractStub_RefCys_Certicificate1_Element_6".
                   [Warning] Connector ignored: Could not find targetRPort of RPortInCompositionInstanceRef below AssemblySwConnector "/E40_Platform_System_SystemPackage/Compositions/E40_Platform_System/NvBlockSwComponentType_BsConst_PCB_Temperature_Sensor_Conv_SafeCopy2_MemAbstractStub_BsConst_PCB_Temperature_Sensor_ConvE60F9D75".
                   [Warning] Connector ignored: Could not find targetRPort of RPortInCompositionInstanceRef below AssemblySwConnector "/E40_Platform_System_SystemPackage/Compositions/E40_Platform_System/NvBlockSwComponentType_BsConst_Temperature_Sensor_Conv_SafeCopy1_MemAbstractStub_BsConst_Temperature_Sensor_Conv_SafeCopy1".
                   [Warning] Connector ignored: Could not find targetRPort of RPortInCompositionInstanceRef below AssemblySwConnector "/E40_Platform_System_SystemPackage/Compositions/E40_Platform_System/NvBlockSwComponentType_BsConst_Lookup_Curve_HotSpot_Coef_X_MemAbstractStub_BsConst_Lookup_Curve_HotSpot_Coef_X".
                   [Warning] Connector ignored: Could not find targetRPort of RPortInCompositionInstanceRef below AssemblySwConnector "/E40_Platform_System_SystemPackage/Compositions/E40_Platform_System/NvBlockSwComponentType_BsConst_Lookup_Curve_HotSpot_Coef_Y_MemAbstractStub_BsConst_Lookup_Curve_HotSpot_Coef_Y".
                   [Warning] Connector ignored: Could not find targetRPort of RPortInCompositionInstanceRef below AssemblySwConnector "/E40_Platform_System_SystemPackage/Compositions/E40_Platform_System/NvBlockSwComponentType_BsShare_HWModification_MemAbstractStub_BsShare_HWModification_3".
                   [Warning] Connector ignored: Could not find targetRPort of RPortInCompositionInstanceRef below AssemblySwConnector "/E40_Platform_System_SystemPackage/Compositions/E40_Platform_System/NvBlockSwComponentType_BsConst_Compensation_Line_Slope_m_SafeCopy2_MemAbstractStub_BsConst_Compensation_Line_Slope_m_SafeCopy2".
                   [Warning] Connector ignored: Could not find targetRPort of RPortInCompositionInstanceRef below AssemblySwConnector "/E40_Platform_System_SystemPackage/Compositions/E40_Platform_System/NvBlockSwComponentType_BsConst_Communication_Element_MemAbstractStub_BsConst_Communication_Element_6".
                   [Warning] Connector ignored: Could not find targetRPort of RPortInCompositionInstanceRef below AssemblySwConnector "/E40_Platform_System_SystemPackage/Compositions/E40_Platform_System/NvBlockSwComponentType_BsRt_TempGauge_Element_MemAbstractStub_BsRt_TempGauge_Element_6".
                   [Warning] Connector ignored: Could not find targetRPort of RPortInCompositionInstanceRef below AssemblySwConnector "/E40_Platform_System_SystemPackage/Compositions/E40_Platform_System/NvBlockSwComponentType_BsRt_CusDlt_Element_MemAbstractStub_BsRt_CusDlt_Element_6".
                   [Warning] Connector ignored: Could not find targetRPort of RPortInCompositionInstanceRef below AssemblySwConnector "/E40_Platform_System_SystemPackage/Compositions/E40_Platform_System/NvBlockSwComponentType_BsConst_BsConst_Illumination_ReservedByte_SafeCopy1_MemAbstractStub_BsConst_BsConst_Illumination_45E585E4".
                   [Warning] Connector ignored: Could not find targetRPort of RPortInCompositionInstanceRef below AssemblySwConnector "/E40_Platform_System_SystemPackage/Compositions/E40_Platform_System/NvBlockSwComponentType_BsConst_BsConst_Illumination_ReservedByte_MemAbstractStub_BsConst_BsConst_Illumination_ReservedByte".
                   [Warning] Connector ignored: Could not find targetRPort of RPortInCompositionInstanceRef below AssemblySwConnector "/E40_Platform_System_SystemPackage/Compositions/E40_Platform_System/NvBlockSwComponentType_BsConst_EngOffTimer_Element_MemAbstractStub_BsConst_EngOffTimer_Element_6".
                   [Warning] Connector ignored: Could not find targetRPort of RPortInCompositionInstanceRef below AssemblySwConnector "/E40_Platform_System_SystemPackage/Compositions/E40_Platform_System/NvBlockSwComponentType_BsConst_PCB_Temperature_Sensor_Conv_SafeCopy1_MemAbstractStub_BsConst_PCB_Temperature_Sensor_Conv8ED373AB".
                   [Warning] Connector ignored: Could not find targetRPort of RPortInCompositionInstanceRef below AssemblySwConnector "/E40_Platform_System_SystemPackage/Compositions/E40_Platform_System/NvBlockSwComponentType_BsRt_PowerGauge_Element_MemAbstractStub_BsRt_PowerGauge_Element_6".
                   [Warning] Connector ignored: Could not find targetRPort of RPortInCompositionInstanceRef below AssemblySwConnector "/E40_Platform_System_SystemPackage/Compositions/E40_Platform_System/NvBlockSwComponentType_BsConst_Warning_Element_MemAbstractStub_BsConst_Warning_Element_6".
                   [Warning] Connector ignored: Could not find targetRPort of RPortInCompositionInstanceRef below AssemblySwConnector "/E40_Platform_System_SystemPackage/Compositions/E40_Platform_System/NvBlockSwComponentType_BsConst_TachoGauge_Element_MemAbstractStub_BsConst_TachoGauge_Element_6".
                   [Warning] Connector ignored: Could not find targetRPort of RPortInCompositionInstanceRef below AssemblySwConnector "/E40_Platform_System_SystemPackage/Compositions/E40_Platform_System/NvBlockSwComponentType_BsConst_ServiceReminder_Element_MemAbstractStub_BsConst_ServiceReminder_Element_6".
                   [Warning] Connector ignored: Could not find targetRPort of RPortInCompositionInstanceRef below AssemblySwConnector "/E40_Platform_System_SystemPackage/Compositions/E40_Platform_System/NvBlockSwComponentType_BsConst_Lookup_Curve_HotSpot_Coef_X_SafeCopy1_MemAbstractStub_BsConst_Lookup_Curve_HotSpot_Coef_XE0C662BC".
                   [Warning] Connector ignored: Could not find targetRPort of RPortInCompositionInstanceRef below AssemblySwConnector "/E40_Platform_System_SystemPackage/Compositions/E40_Platform_System/NvBlockSwComponentType_BsDiag_ErrorRecord_Element_MemAbstractStub_BsDiag_ErrorRecord_Element_6".
                   [Warning] Connector ignored: Could not find targetRPort of RPortInCompositionInstanceRef below AssemblySwConnector "/E40_Platform_System_SystemPackage/Compositions/E40_Platform_System/NvBlockSwComponentType_BsConst_Compensation_Line_Shift_b_MemAbstractStub_BsConst_Compensation_Line_Shift_b".
                   [Warning] Connector ignored: Could not find targetRPort of RPortInCompositionInstanceRef below AssemblySwConnector "/E40_Platform_System_SystemPackage/Compositions/E40_Platform_System/NvBlockSwComponentType_BsConst_SpeedoGauge_Element_MemAbstractStub_BsConst_SpeedoGauge_Element_6".
                   [Warning] Connector ignored: Could not find targetRPort of RPortInCompositionInstanceRef below AssemblySwConnector "/E40_Platform_System_SystemPackage/Compositions/E40_Platform_System/NvBlockSwComponentType_BsShare_EcuPartNumber_Element_MemAbstractStub_BsShare_EcuPartNumber_Element_6".
                   [Warning] Connector ignored: Could not find targetRPort of RPortInCompositionInstanceRef below AssemblySwConnector "/E40_Platform_System_SystemPackage/Compositions/E40_Platform_System/NvBlockSwComponentType_BsShare_SwUpdFotaMode_Element_MemAbstractStub_BsShare_SwUpdFotaMode_Element_6".
                   [Warning] Connector ignored: Could not find targetRPort of RPortInCompositionInstanceRef below AssemblySwConnector "/E40_Platform_System_SystemPackage/Compositions/E40_Platform_System/NvBlockSwComponentType_BsReten_Display_Element_MemAbstractStub_BsReten_Display_Element_6".
                   [Warning] Connector ignored: Could not find targetRPort of RPortInCompositionInstanceRef below AssemblySwConnector "/E40_Platform_System_SystemPackage/Compositions/E40_Platform_System/NvBlockSwComponentType_BsConst_OilGauge_Element_MemAbstractStub_BsConst_OilGauge_Element_6".
                   [Warning] Connector ignored: Could not find targetRPort of RPortInCompositionInstanceRef below AssemblySwConnector "/E40_Platform_System_SystemPackage/Compositions/E40_Platform_System/NvBlockSwComponentType_BsConst_Power_Element_MemAbstractStub_BsConst_Power_Element_6".
                   [Warning] Connector ignored: Could not find targetRPort of RPortInCompositionInstanceRef below AssemblySwConnector "/E40_Platform_System_SystemPackage/Compositions/E40_Platform_System/NvBlockSwComponentType_BsShare_ProductSerialNumber_MemAbstractStub_BsShare_ProductSerialNumber_3".
                   [Warning] Connector ignored: Could not find targetRPort of RPortInCompositionInstanceRef below AssemblySwConnector "/E40_Platform_System_SystemPackage/Compositions/E40_Platform_System/NvBlockSwComponentType_BsShare_PCBSerialNumber_MemAbstractStub_BsShare_PCBSerialNumber_3".
                   [Warning] Connector ignored: Could not find targetRPort of RPortInCompositionInstanceRef below AssemblySwConnector "/E40_Platform_System_SystemPackage/Compositions/E40_Platform_System/NvBlockSwComponentType_BsRt_TripComputer_Element_MemAbstractStub_BsRt_TripComputer_Element_6".
                   [Warning] Connector ignored: Could not find targetRPort of RPortInCompositionInstanceRef below AssemblySwConnector "/E40_Platform_System_SystemPackage/Compositions/E40_Platform_System/NvBlockSwComponentType_BsReten_Odometer_Element_MemAbstractStub_BsReten_Odometer_Element_6".
                   [Warning] Connector ignored: Could not find targetRPort of RPortInCompositionInstanceRef below AssemblySwConnector "/E40_Platform_System_SystemPackage/Compositions/E40_Platform_System/NvBlockSwComponentType_BsConst_Display_Illum_Max_Level_SafeCopy2_MemAbstractStub_BsConst_Display_Illum_Max_Level_SafeCopy2".
                   [Warning] Connector ignored: Could not find targetRPort of RPortInCompositionInstanceRef below AssemblySwConnector "/E40_Platform_System_SystemPackage/Compositions/E40_Platform_System/NvBlockSwComponentType_BsRt_Personalization_Element_MemAbstractStub_BsRt_Personalization_Element_6".
                   [Warning] Connector ignored: Could not find targetRPort of RPortInCompositionInstanceRef below AssemblySwConnector "/E40_Platform_System_SystemPackage/Compositions/E40_Platform_System/NvBlockSwComponentType_BsReten_RealTimeClock_Element_MemAbstractStub_BsReten_RealTimeClock_Element_6".
                   [Warning] Connector ignored: Could not find targetRPort of RPortInCompositionInstanceRef below AssemblySwConnector "/E40_Platform_System_SystemPackage/Compositions/E40_Platform_System/NvBlockSwComponentType_BsConst_FuelGauge_Element_MemAbstractStub_BsConst_FuelGauge_Element_6".
                   [Warning] Connector ignored: Could not find targetRPort of RPortInCompositionInstanceRef below AssemblySwConnector "/E40_Platform_System_SystemPackage/Compositions/E40_Platform_System/NvBlockSwComponentType_RefCys_Certicificate_Element_MemAbstractStub_RefCys_Certicificate_Element_6".
                   [Warning] Connector ignored: Could not find targetRPort of RPortInCompositionInstanceRef below AssemblySwConnector "/E40_Platform_System_SystemPackage/Compositions/E40_Platform_System/NvBlockSwComponentType_BsConst_PowerGauge_Element_MemAbstractStub_BsConst_PowerGauge_Element_6".
                   [Warning] Connector ignored: Could not find targetRPort of RPortInCompositionInstanceRef below AssemblySwConnector "/E40_Platform_System_SystemPackage/Compositions/E40_Platform_System/NvBlockSwComponentType_BsShare_SwUpdFotaFinPrint_Element_MemAbstractStub_BsShare_SwUpdFotaFinPrint_Element_6".
                   [Warning] Connector ignored: Could not find targetRPort of RPortInCompositionInstanceRef below AssemblySwConnector "/E40_Platform_System_SystemPackage/Compositions/E40_Platform_System/NvBlockSwComponentType_BsCys_Certicificate_Element_MemAbstractStub_BsCys_Certicificate_Element_6".
                   [Warning] Connector ignored: Could not find targetRPort of RPortInCompositionInstanceRef below AssemblySwConnector "/E40_Platform_System_SystemPackage/Compositions/E40_Platform_System/NvBlockSwComponentType_BsConst_Lookup_Curve_HotSpot_Coef_X_SafeCopy2_MemAbstractStub_BsConst_Lookup_Curve_HotSpot_Coef_X881A8C62".
                   [Warning] Connector ignored: Could not find targetRPort of RPortInCompositionInstanceRef below AssemblySwConnector "/E40_Platform_System_SystemPackage/Compositions/E40_Platform_System/NvBlockSwComponentType_BsShare_SMTPlantNumber_MemAbstractStub_BsShare_SMTPlantNumber_3".
                   [Warning] Connector ignored: Could not find targetPPort of PPortInCompositionInstanceRef below AssemblySwConnector "/E40_Platform_System_SystemPackage/Compositions/E40_Platform_System/NvBlockSwComponentType_BsConst_Derating_Backlight_Disable_SafeCopy2_1_MemAbstractStub_BsConst_Derating_Backlight_Disable7A910087".
                   [Warning] Connector ignored: Could not find targetRPort of RPortInCompositionInstanceRef below AssemblySwConnector "/E40_Platform_System_SystemPackage/Compositions/E40_Platform_System/NvBlockSwComponentType_BsRt_TachoGauge_Element_MemAbstractStub_BsRt_TachoGauge_Element_6".
                   [Warning] Connector ignored: Could not find targetRPort of RPortInCompositionInstanceRef below AssemblySwConnector "/E40_Platform_System_SystemPackage/Compositions/E40_Platform_System/NvBlockSwComponentType_BsConst_Lookup_Curve_HotSpot_Coef_Y_SafeCopy1_MemAbstractStub_BsConst_Lookup_Curve_HotSpot_Coef_YD684E172".
                   [Warning] Connector ignored: Could not find targetRPort of RPortInCompositionInstanceRef below AssemblySwConnector "/E40_Platform_System_SystemPackage/Compositions/E40_Platform_System/NvBlockSwComponentType_BsReten_Personalization_Element_MemAbstractStub_BsReten_Personalization_Element_6".
                   [Warning] Connector ignored: Could not find targetRPort of RPortInCompositionInstanceRef below AssemblySwConnector "/E40_Platform_System_SystemPackage/Compositions/E40_Platform_System/NvBlockSwComponentType_BsConst_TempGauge_Element_MemAbstractStub_BsConst_TempGauge_Element_6".
                   [Warning] Connector ignored: Could not find targetRPort of RPortInCompositionInstanceRef below AssemblySwConnector "/E40_Platform_System_SystemPackage/Compositions/E40_Platform_System/NvBlockSwComponentType_BsConst_Compensation_Line_Shift_b_SafeCopy2_MemAbstractStub_BsConst_Compensation_Line_Shift_b_SafeCopy2".
                   [Warning] Connector ignored: Could not find targetRPort of RPortInCompositionInstanceRef below AssemblySwConnector "/E40_Platform_System_SystemPackage/Compositions/E40_Platform_System/NvBlockSwComponentType_BsShare_VisMeet_EOLEntry_Element_MemAbstractStub_BsShare_VisMeet_EOLEntry_Element_4".
                   [Warning] Connector ignored: Could not find targetRPort of RPortInCompositionInstanceRef below AssemblySwConnector "/E40_Platform_System_SystemPackage/Compositions/E40_Platform_System/NvBlockSwComponentType_BsConst_Derating_Backlight_Disable_SafeCopy2_MemAbstractStub_BsConst_Derating_Backlight_Disable_SafeCopy2".
                   [Warning] Connector ignored: Could not find targetRPort of RPortInCompositionInstanceRef below AssemblySwConnector "/E40_Platform_System_SystemPackage/Compositions/E40_Platform_System/NvBlockSwComponentType_BsConst_Temperature_Sensor_Conv_MemAbstractStub_BsConst_Temperature_Sensor_Conv".
                   [Warning] Connector ignored: Could not find targetRPort of RPortInCompositionInstanceRef below AssemblySwConnector "/E40_Platform_System_SystemPackage/Compositions/E40_Platform_System/NvBlockSwComponentType_BsConst_Derating_Backlight_Disable_MemAbstractStub_BsConst_Derating_Backlight_Disable".
                   [Warning] Connector ignored: Could not find targetRPort of RPortInCompositionInstanceRef below AssemblySwConnector "/E40_Platform_System_SystemPackage/Compositions/E40_Platform_System/NvBlockSwComponentType_BsShare_VehicleConfig_Element_MemAbstractStub_BsShare_VehicleConfig_Element_6".
                   [Warning] Connector ignored: Could not find targetRPort of RPortInCompositionInstanceRef below AssemblySwConnector "/E40_Platform_System_SystemPackage/Compositions/E40_Platform_System/NvBlockSwComponentType_BsConst_BsConst_Illumination_ReservedByte_SafeCopy2_MemAbstractStub_BsConst_BsConst_Illumination_7892569B".
                   [Warning] Connector ignored: Could not find targetRPort of RPortInCompositionInstanceRef below AssemblySwConnector "/E40_Platform_System_SystemPackage/Compositions/E40_Platform_System/MemAbstract_Stub_Safe_BsConst_Lookup_Curve_HotSpot_Coef_Y_SafeNvM_BsConst_Lookup_Curve_HotSpot_Coef_Y".
                   [Warning] Connector ignored: Could not find targetRPort of RPortInCompositionInstanceRef below AssemblySwConnector "/E40_Platform_System_SystemPackage/Compositions/E40_Platform_System/MemAbstract_Stub_Safe_BsConst_Derating_Backlight_Disable_SafeNvM_BsConst_Derating_Backlight_Disable".
                   [Warning] Connector ignored: Could not find targetRPort of RPortInCompositionInstanceRef below AssemblySwConnector "/E40_Platform_System_SystemPackage/Compositions/E40_Platform_System/MemAbstract_Stub_Safe_BsConst_Compensation_Line_Slope_m_SafeNvM_BsConst_Compensation_Line_Slope_m".
                   [Warning] Connector ignored: Could not find targetRPort of RPortInCompositionInstanceRef below AssemblySwConnector "/E40_Platform_System_SystemPackage/Compositions/E40_Platform_System/MemAbstract_Stub_Safe_BsConst_BsConst_Illumination_ReservedByte_SafeNvM_BsConst_BsConst_Illumination_ReservedByte".
                   [Warning] Connector ignored: Could not find targetRPort of RPortInCompositionInstanceRef below AssemblySwConnector "/E40_Platform_System_SystemPackage/Compositions/E40_Platform_System/MemAbstract_Stub_Safe_BsConst_PWM_boost_bypass_duty_SafeNvM_BsConst_PWM_boost_bypass_duty".
                   [Warning] Connector ignored: Could not find targetRPort of RPortInCompositionInstanceRef below AssemblySwConnector "/E40_Platform_System_SystemPackage/Compositions/E40_Platform_System/MemAbstract_Stub_Safe_BsConst_Temperature_Sensor_Conv_SafeNvM_BsConst_Temperature_Sensor_Conv".
                   [Warning] Connector ignored: Could not find targetRPort of RPortInCompositionInstanceRef below AssemblySwConnector "/E40_Platform_System_SystemPackage/Compositions/E40_Platform_System/MemAbstract_Stub_Safe_BsConst_Lookup_Curve_HotSpot_Coef_X_SafeNvM_BsConst_Lookup_Curve_HotSpot_Coef_X".
                   [Warning] Connector ignored: Could not find targetRPort of RPortInCompositionInstanceRef below AssemblySwConnector "/E40_Platform_System_SystemPackage/Compositions/E40_Platform_System/MemAbstract_Stub_Safe_BsConst_PCB_Temperature_Sensor_Conv_SafeNvM_BsConst_PCB_Temperature_Sensor_Conv".
                   [Warning] Connector ignored: Could not find targetRPort of RPortInCompositionInstanceRef below AssemblySwConnector "/E40_Platform_System_SystemPackage/Compositions/E40_Platform_System/MemAbstract_Stub_Safe_BsConst_Temp_Threshold_Hysteresis_Derating_SafeNvM_BsConst_Temp_Threshold_Hysteresis_Derating".
                   [Warning] Connector ignored: Could not find targetRPort of RPortInCompositionInstanceRef below AssemblySwConnector "/E40_Platform_System_SystemPackage/Compositions/E40_Platform_System/MemAbstract_Stub_Safe_BsConst_Compensation_Line_Shift_b_SafeNvM_BsConst_Compensation_Line_Shift_b".
                   [Warning] Connector ignored: Could not find targetRPort of RPortInCompositionInstanceRef below AssemblySwConnector "/E40_Platform_System_SystemPackage/Compositions/E40_Platform_System/MemAbstract_Stub_Safe_BsConst_Display_Illum_Max_Level_Safe_SafeNvM_BsConst_Display_Illum_Max_Level_Safe".
                   [Warning] Connector ignored: Could not find targetRPort of RPortInCompositionInstanceRef below AssemblySwConnector "/E40_Platform_System_SystemPackage/Compositions/E40_Platform_System/MemAbstract_Stub_Safe_BsConst_PWM_boost_bypass_duty_SafeNvM_BsConst_PWM_boost_bypass_duty_1".
                   [Warning] Connector ignored: Could not find targetRPort of RPortInCompositionInstanceRef below AssemblySwConnector "/E40_Platform_System_SystemPackage/Compositions/E40_Platform_System/MemAbstract_Stub_Safe_BsConst_Compensation_Line_Slope_m_SafeNvM_BsConst_Compensation_Line_Slope_m_1".
                   [Warning] Connector ignored: Could not find targetRPort of RPortInCompositionInstanceRef below AssemblySwConnector "/E40_Platform_System_SystemPackage/Compositions/E40_Platform_System/MemAbstract_Stub_Safe_BsConst_Lookup_Curve_HotSpot_Coef_X_SafeNvM_BsConst_Lookup_Curve_HotSpot_Coef_X_1".
                   [Warning] Connector ignored: Could not find targetRPort of RPortInCompositionInstanceRef below AssemblySwConnector "/E40_Platform_System_SystemPackage/Compositions/E40_Platform_System/MemAbstract_Stub_Safe_BsConst_PCB_Temperature_Sensor_Conv_SafeNvM_BsConst_PCB_Temperature_Sensor_Conv_1".
                   [Warning] Connector ignored: Could not find targetRPort of RPortInCompositionInstanceRef below AssemblySwConnector "/E40_Platform_System_SystemPackage/Compositions/E40_Platform_System/MemAbstract_Stub_Safe_BsConst_Display_Illum_Max_Level_Safe_SafeNvM_BsConst_Display_Illum_Max_Level_Safe_1".
                   [Warning] Connector ignored: Could not find targetRPort of RPortInCompositionInstanceRef below AssemblySwConnector "/E40_Platform_System_SystemPackage/Compositions/E40_Platform_System/MemAbstract_Stub_Safe_BsConst_Derating_Backlight_Disable_SafeNvM_BsConst_Derating_Backlight_Disable_1".
                   [Warning] Connector ignored: Could not find targetRPort of RPortInCompositionInstanceRef below AssemblySwConnector "/E40_Platform_System_SystemPackage/Compositions/E40_Platform_System/MemAbstract_Stub_Safe_BsConst_Temperature_Sensor_Conv_SafeNvM_BsConst_Temperature_Sensor_Conv_1".
                   [Warning] Connector ignored: Could not find targetRPort of RPortInCompositionInstanceRef below AssemblySwConnector "/E40_Platform_System_SystemPackage/Compositions/E40_Platform_System/MemAbstract_Stub_Safe_BsConst_BsConst_Illumination_ReservedByte_SafeNvM_BsConst_BsConst_Illumination_ReservedByte_1".
                   [Warning] Connector ignored: Could not find targetRPort of RPortInCompositionInstanceRef below AssemblySwConnector "/E40_Platform_System_SystemPackage/Compositions/E40_Platform_System/MemAbstract_Stub_Safe_BsConst_Temp_Threshold_Hysteresis_Derating_SafeNvM_BsConst_Temp_Threshold_Hysteresis_Derating_1".
                   [Warning] Connector ignored: Could not find targetRPort of RPortInCompositionInstanceRef below AssemblySwConnector "/E40_Platform_System_SystemPackage/Compositions/E40_Platform_System/MemAbstract_Stub_Safe_BsConst_Compensation_Line_Shift_b_SafeNvM_BsConst_Compensation_Line_Shift_b_1".
                   [Warning] Connector ignored: Could not find targetRPort of RPortInCompositionInstanceRef below AssemblySwConnector "/E40_Platform_System_SystemPackage/Compositions/E40_Platform_System/MemAbstract_Stub_Safe_BsConst_Lookup_Curve_HotSpot_Coef_Y_SafeNvM_BsConst_Lookup_Curve_HotSpot_Coef_Y_1".
                   [Warning] Connector ignored: Could not find targetRPort of RPortInCompositionInstanceRef below AssemblySwConnector "/E40_Platform_System_SystemPackage/Compositions/E40_Platform_System/MemAbstract_Stub_Safe_BsConst_Compensation_Line_Slope_m_SafeNvM_BsConst_Compensation_Line_Slope_m_2".
                   [Warning] Connector ignored: Could not find targetRPort of RPortInCompositionInstanceRef below AssemblySwConnector "/E40_Platform_System_SystemPackage/Compositions/E40_Platform_System/MemAbstract_Stub_Safe_BsConst_Derating_Backlight_Disable_SafeNvM_BsConst_Derating_Backlight_Disable_2".
                   [Warning] Connector ignored: Could not find targetRPort of RPortInCompositionInstanceRef below AssemblySwConnector "/E40_Platform_System_SystemPackage/Compositions/E40_Platform_System/MemAbstract_Stub_Safe_BsConst_Temperature_Sensor_Conv_SafeNvM_BsConst_Temperature_Sensor_Conv_2".
                   [Warning] Connector ignored: Could not find targetRPort of RPortInCompositionInstanceRef below AssemblySwConnector "/E40_Platform_System_SystemPackage/Compositions/E40_Platform_System/MemAbstract_Stub_Safe_BsConst_BsConst_Illumination_ReservedByte_SafeNvM_BsConst_BsConst_Illumination_ReservedByte_2".
                   [Warning] Connector ignored: Could not find targetRPort of RPortInCompositionInstanceRef below AssemblySwConnector "/E40_Platform_System_SystemPackage/Compositions/E40_Platform_System/MemAbstract_Stub_Safe_BsConst_Temp_Threshold_Hysteresis_Derating_SafeNvM_BsConst_Temp_Threshold_Hysteresis_Derating_2".
                   [Warning] Connector ignored: Could not find targetRPort of RPortInCompositionInstanceRef below AssemblySwConnector "/E40_Platform_System_SystemPackage/Compositions/E40_Platform_System/MemAbstract_Stub_Safe_BsConst_Lookup_Curve_HotSpot_Coef_Y_SafeNvM_BsConst_Lookup_Curve_HotSpot_Coef_Y_2".
                   [Warning] Connector ignored: Could not find targetRPort of RPortInCompositionInstanceRef below AssemblySwConnector "/E40_Platform_System_SystemPackage/Compositions/E40_Platform_System/MemAbstract_Stub_Safe_BsConst_PWM_boost_bypass_duty_SafeNvM_BsConst_PWM_boost_bypass_duty_2".
                   [Warning] Connector ignored: Could not find targetRPort of RPortInCompositionInstanceRef below AssemblySwConnector "/E40_Platform_System_SystemPackage/Compositions/E40_Platform_System/MemAbstract_Stub_Safe_BsConst_Lookup_Curve_HotSpot_Coef_X_SafeNvM_BsConst_Lookup_Curve_HotSpot_Coef_X_2".
                   [Warning] Connector ignored: Could not find targetRPort of RPortInCompositionInstanceRef below AssemblySwConnector "/E40_Platform_System_SystemPackage/Compositions/E40_Platform_System/MemAbstract_Stub_Safe_BsConst_Compensation_Line_Shift_b_SafeNvM_BsConst_Compensation_Line_Shift_b_2".
                   [Warning] Connector ignored: Could not find targetRPort of RPortInCompositionInstanceRef below AssemblySwConnector "/E40_Platform_System_SystemPackage/Compositions/E40_Platform_System/MemAbstract_Stub_Safe_BsConst_PCB_Temperature_Sensor_Conv_SafeNvM_BsConst_PCB_Temperature_Sensor_Conv_2".
                   [Warning] Connector ignored: Could not find targetRPort of RPortInCompositionInstanceRef below AssemblySwConnector "/E40_Platform_System_SystemPackage/Compositions/E40_Platform_System/MemAbstract_Stub_Safe_BsConst_Display_Illum_Max_Level_Safe_SafeNvM_BsConst_Display_Illum_Max_Level_Safe_2".
                   [Warning] Connector ignored: Could not find targetRPort of RPortInCompositionInstanceRef below AssemblySwConnector "/E40_Platform_System_SystemPackage/Compositions/E40_Platform_System/MemAbstract_Stub_Safe_BsConst_Derating_Backlight_Disable_SafeNvM_BsConst_Derating_Backlight_Disable_3".
                   [Warning] Connector ignored: Could not find targetRPort of RPortInCompositionInstanceRef below AssemblySwConnector "/E40_Platform_System_SystemPackage/Compositions/E40_Platform_System/MemAbstract_Stub_Safe_BsConst_Compensation_Line_Slope_m_SafeNvM_BsConst_Compensation_Line_Slope_m_3".
                   [Warning] Connector ignored: Could not find targetRPort of RPortInCompositionInstanceRef below AssemblySwConnector "/E40_Platform_System_SystemPackage/Compositions/E40_Platform_System/MemAbstract_Stub_Safe_BsConst_Lookup_Curve_HotSpot_Coef_Y_SafeNvM_BsConst_Lookup_Curve_HotSpot_Coef_Y_3".
                   [Warning] Connector ignored: Could not find targetRPort of RPortInCompositionInstanceRef below AssemblySwConnector "/E40_Platform_System_SystemPackage/Compositions/E40_Platform_System/MemAbstract_Stub_Safe_BsConst_Temperature_Sensor_Conv_SafeNvM_BsConst_Temperature_Sensor_Conv_3".
                   [Warning] Connector ignored: Could not find targetRPort of RPortInCompositionInstanceRef below AssemblySwConnector "/E40_Platform_System_SystemPackage/Compositions/E40_Platform_System/MemAbstract_Stub_Safe_BsConst_Compensation_Line_Shift_b_SafeNvM_BsConst_Compensation_Line_Shift_b_3".
                   [Warning] Connector ignored: Could not find targetRPort of RPortInCompositionInstanceRef below AssemblySwConnector "/E40_Platform_System_SystemPackage/Compositions/E40_Platform_System/MemAbstract_Stub_Safe_BsConst_Temp_Threshold_Hysteresis_Derating_SafeNvM_BsConst_Temp_Threshold_Hysteresis_Derating_3".
                   [Warning] Connector ignored: Could not find targetRPort of RPortInCompositionInstanceRef below AssemblySwConnector "/E40_Platform_System_SystemPackage/Compositions/E40_Platform_System/MemAbstract_Stub_Safe_BsConst_BsConst_Illumination_ReservedByte_SafeNvM_BsConst_BsConst_Illumination_ReservedByte_3".
                   [Warning] Connector ignored: Could not find targetRPort of RPortInCompositionInstanceRef below AssemblySwConnector "/E40_Platform_System_SystemPackage/Compositions/E40_Platform_System/MemAbstract_Stub_Safe_BsConst_Display_Illum_Max_Level_Safe_SafeNvM_BsConst_Display_Illum_Max_Level_Safe_3".
                   [Warning] Connector ignored: Could not find targetRPort of RPortInCompositionInstanceRef below AssemblySwConnector "/E40_Platform_System_SystemPackage/Compositions/E40_Platform_System/MemAbstract_Stub_Safe_BsConst_Lookup_Curve_HotSpot_Coef_X_SafeNvM_BsConst_Lookup_Curve_HotSpot_Coef_X_3".
                   [Warning] Connector ignored: Could not find targetRPort of RPortInCompositionInstanceRef below AssemblySwConnector "/E40_Platform_System_SystemPackage/Compositions/E40_Platform_System/MemAbstract_Stub_Safe_BsConst_PWM_boost_bypass_duty_SafeNvM_BsConst_PWM_boost_bypass_duty_3".
                   [Warning] Connector ignored: Could not find targetRPort of RPortInCompositionInstanceRef below AssemblySwConnector "/E40_Platform_System_SystemPackage/Compositions/E40_Platform_System/MemAbstract_Stub_Safe_BsConst_PCB_Temperature_Sensor_Conv_SafeNvM_BsConst_PCB_Temperature_Sensor_Conv_3".
                   [Warning] Connector ignored: Could not find outerPort of DelegationSwConnector "/E40_Platform_System_SystemPackage/Compositions/E40_Platform_System/CComAbsMdl_stubs_pp_SR_TxBattery_Voltage_pp_SR_TxBattery_Voltage".
                   [Warning] Connector ignored: Could not find outerPort of DelegationSwConnector "/E40_Platform_System_SystemPackage/Compositions/E40_Platform_System/CComAbsMdl_stubs_pp_SR_TxCurrentStateIC_pp_SR_TxCurrentStateIC".
                   [Warning] Connector ignored: Could not find outerPort of DelegationSwConnector "/E40_Platform_System_SystemPackage/Compositions/E40_Platform_System/CComAbsMdl_stubs_pp_SR_TxDebug1_Byte0_pp_SR_TxDebug1_Byte0".
                   [Warning] Connector ignored: Could not find outerPort of DelegationSwConnector "/E40_Platform_System_SystemPackage/Compositions/E40_Platform_System/CComAbsMdl_stubs_pp_SR_TxDebug1_Byte1_pp_SR_TxDebug1_Byte1".
                   [Warning] Connector ignored: Could not find outerPort of DelegationSwConnector "/E40_Platform_System_SystemPackage/Compositions/E40_Platform_System/CComAbsMdl_stubs_pp_SR_TxDebug1_Byte2_pp_SR_TxDebug1_Byte2".
                   [Warning] Connector ignored: Could not find outerPort of DelegationSwConnector "/E40_Platform_System_SystemPackage/Compositions/E40_Platform_System/CComAbsMdl_stubs_pp_SR_TxDebug1_Byte3_pp_SR_TxDebug1_Byte3".
                   [Warning] Connector ignored: Could not find outerPort of DelegationSwConnector "/E40_Platform_System_SystemPackage/Compositions/E40_Platform_System/CComAbsMdl_stubs_pp_SR_TxDebug1_Byte4_pp_SR_TxDebug1_Byte4".
                   [Warning] Connector ignored: Could not find outerPort of DelegationSwConnector "/E40_Platform_System_SystemPackage/Compositions/E40_Platform_System/CComAbsMdl_stubs_pp_SR_TxDebug1_Byte5_pp_SR_TxDebug1_Byte5".
                   [Warning] Connector ignored: Could not find outerPort of DelegationSwConnector "/E40_Platform_System_SystemPackage/Compositions/E40_Platform_System/CComAbsMdl_stubs_pp_SR_TxDebug1_Byte6_pp_SR_TxDebug1_Byte6".
                   [Warning] Connector ignored: Could not find outerPort of DelegationSwConnector "/E40_Platform_System_SystemPackage/Compositions/E40_Platform_System/CComAbsMdl_stubs_pp_SR_TxDebug1_Byte7_pp_SR_TxDebug1_Byte7".
                   [Warning] Connector ignored: Could not find outerPort of DelegationSwConnector "/E40_Platform_System_SystemPackage/Compositions/E40_Platform_System/CComAbsMdl_stubs_pp_SR_TxDebug2_Byte0_pp_SR_TxDebug2_Byte0".
                   [Warning] Connector ignored: Could not find outerPort of DelegationSwConnector "/E40_Platform_System_SystemPackage/Compositions/E40_Platform_System/CComAbsMdl_stubs_pp_SR_TxDebug2_Byte1_pp_SR_TxDebug2_Byte1".
                   [Warning] Connector ignored: Could not find outerPort of DelegationSwConnector "/E40_Platform_System_SystemPackage/Compositions/E40_Platform_System/CComAbsMdl_stubs_pp_SR_TxDebug2_Byte2_pp_SR_TxDebug2_Byte2".
                   [Warning] Connector ignored: Could not find outerPort of DelegationSwConnector "/E40_Platform_System_SystemPackage/Compositions/E40_Platform_System/CComAbsMdl_stubs_pp_SR_TxDebug2_Byte3_pp_SR_TxDebug2_Byte3".
                   [Warning] Connector ignored: Could not find outerPort of DelegationSwConnector "/E40_Platform_System_SystemPackage/Compositions/E40_Platform_System/CComAbsMdl_stubs_pp_SR_TxDebug2_Byte4_pp_SR_TxDebug2_Byte4".
                   [Warning] Connector ignored: Could not find outerPort of DelegationSwConnector "/E40_Platform_System_SystemPackage/Compositions/E40_Platform_System/CComAbsMdl_stubs_pp_SR_TxDebug2_Byte5_pp_SR_TxDebug2_Byte5".
                   [Warning] Connector ignored: Could not find outerPort of DelegationSwConnector "/E40_Platform_System_SystemPackage/Compositions/E40_Platform_System/CComAbsMdl_stubs_pp_SR_TxDebug2_Byte6_pp_SR_TxDebug2_Byte6".
                   [Warning] Connector ignored: Could not find outerPort of DelegationSwConnector "/E40_Platform_System_SystemPackage/Compositions/E40_Platform_System/CComAbsMdl_stubs_pp_SR_TxDebug2_Byte7_pp_SR_TxDebug2_Byte7".
                   [Warning] Connector ignored: Could not find outerPort of DelegationSwConnector "/E40_Platform_System_SystemPackage/Compositions/E40_Platform_System/CComAbsMdl_stubs_pp_SR_TxDebug3_Byte0_pp_SR_TxDebug3_Byte0".
                   [Warning] Connector ignored: Could not find outerPort of DelegationSwConnector "/E40_Platform_System_SystemPackage/Compositions/E40_Platform_System/CComAbsMdl_stubs_pp_SR_TxDebug3_Byte1_pp_SR_TxDebug3_Byte1".
                   [Warning] Connector ignored: Could not find outerPort of DelegationSwConnector "/E40_Platform_System_SystemPackage/Compositions/E40_Platform_System/CComAbsMdl_stubs_pp_SR_TxDebug3_Byte2_pp_SR_TxDebug3_Byte2".
                   [Warning] Connector ignored: Could not find outerPort of DelegationSwConnector "/E40_Platform_System_SystemPackage/Compositions/E40_Platform_System/CComAbsMdl_stubs_pp_SR_TxDebug3_Byte3_pp_SR_TxDebug3_Byte3".
                   [Warning] Connector ignored: Could not find outerPort of DelegationSwConnector "/E40_Platform_System_SystemPackage/Compositions/E40_Platform_System/CComAbsMdl_stubs_pp_SR_TxDebug3_Byte4_pp_SR_TxDebug3_Byte4".
                   [Warning] Connector ignored: Could not find outerPort of DelegationSwConnector "/E40_Platform_System_SystemPackage/Compositions/E40_Platform_System/CComAbsMdl_stubs_pp_SR_TxDebug3_Byte5_pp_SR_TxDebug3_Byte5".
                   [Warning] Connector ignored: Could not find outerPort of DelegationSwConnector "/E40_Platform_System_SystemPackage/Compositions/E40_Platform_System/CComAbsMdl_stubs_pp_SR_TxDebug3_Byte6_pp_SR_TxDebug3_Byte6".
                   [Warning] Connector ignored: Could not find outerPort of DelegationSwConnector "/E40_Platform_System_SystemPackage/Compositions/E40_Platform_System/CComAbsMdl_stubs_pp_SR_TxDebug3_Byte7_pp_SR_TxDebug3_Byte7".
                   [Warning] Connector ignored: Could not find outerPort of DelegationSwConnector "/E40_Platform_System_SystemPackage/Compositions/E40_Platform_System/CComAbsMdl_stubs_pp_SR_TxDebug4_Byte0_pp_SR_TxDebug4_Byte0".
                   [Warning] Connector ignored: Could not find outerPort of DelegationSwConnector "/E40_Platform_System_SystemPackage/Compositions/E40_Platform_System/CComAbsMdl_stubs_pp_SR_TxDebug4_Byte1_pp_SR_TxDebug4_Byte1".
                   [Warning] Connector ignored: Could not find outerPort of DelegationSwConnector "/E40_Platform_System_SystemPackage/Compositions/E40_Platform_System/CComAbsMdl_stubs_pp_SR_TxDebug4_Byte2_pp_SR_TxDebug4_Byte2".
                   [Warning] Connector ignored: Could not find outerPort of DelegationSwConnector "/E40_Platform_System_SystemPackage/Compositions/E40_Platform_System/CComAbsMdl_stubs_pp_SR_TxDebug4_Byte3_pp_SR_TxDebug4_Byte3".
                   [Warning] Connector ignored: Could not find outerPort of DelegationSwConnector "/E40_Platform_System_SystemPackage/Compositions/E40_Platform_System/CComAbsMdl_stubs_pp_SR_TxDebug4_Byte4_pp_SR_TxDebug4_Byte4".
                   [Warning] Connector ignored: Could not find outerPort of DelegationSwConnector "/E40_Platform_System_SystemPackage/Compositions/E40_Platform_System/CComAbsMdl_stubs_pp_SR_TxDebug4_Byte5_pp_SR_TxDebug4_Byte5".
                   [Warning] Connector ignored: Could not find outerPort of DelegationSwConnector "/E40_Platform_System_SystemPackage/Compositions/E40_Platform_System/CComAbsMdl_stubs_pp_SR_TxDebug4_Byte6_pp_SR_TxDebug4_Byte6".
                   [Warning] Connector ignored: Could not find outerPort of DelegationSwConnector "/E40_Platform_System_SystemPackage/Compositions/E40_Platform_System/CComAbsMdl_stubs_pp_SR_TxDebug4_Byte7_pp_SR_TxDebug4_Byte7".
                   [Warning] Connector ignored: Could not find outerPort of DelegationSwConnector "/E40_Platform_System_SystemPackage/Compositions/E40_Platform_System/CComAbsMdl_stubs_pp_SR_TxDebug5_Byte0_pp_SR_TxDebug5_Byte0".
                   [Warning] Connector ignored: Could not find outerPort of DelegationSwConnector "/E40_Platform_System_SystemPackage/Compositions/E40_Platform_System/CComAbsMdl_stubs_pp_SR_TxDebug5_Byte1_pp_SR_TxDebug5_Byte1".
                   [Warning] Connector ignored: Could not find outerPort of DelegationSwConnector "/E40_Platform_System_SystemPackage/Compositions/E40_Platform_System/CComAbsMdl_stubs_pp_SR_TxDebug5_Byte2_pp_SR_TxDebug5_Byte2".
                   [Warning] Connector ignored: Could not find outerPort of DelegationSwConnector "/E40_Platform_System_SystemPackage/Compositions/E40_Platform_System/CComAbsMdl_stubs_pp_SR_TxDebug5_Byte3_pp_SR_TxDebug5_Byte3".
                   [Warning] Connector ignored: Could not find outerPort of DelegationSwConnector "/E40_Platform_System_SystemPackage/Compositions/E40_Platform_System/CComAbsMdl_stubs_pp_SR_TxDebug5_Byte4_pp_SR_TxDebug5_Byte4".
                   [Warning] Connector ignored: Could not find outerPort of DelegationSwConnector "/E40_Platform_System_SystemPackage/Compositions/E40_Platform_System/CComAbsMdl_stubs_pp_SR_TxDebug5_Byte5_pp_SR_TxDebug5_Byte5".
                   [Warning] Connector ignored: Could not find outerPort of DelegationSwConnector "/E40_Platform_System_SystemPackage/Compositions/E40_Platform_System/CComAbsMdl_stubs_pp_SR_TxDebug5_Byte6_pp_SR_TxDebug5_Byte6".
                   [Warning] Connector ignored: Could not find outerPort of DelegationSwConnector "/E40_Platform_System_SystemPackage/Compositions/E40_Platform_System/CComAbsMdl_stubs_pp_SR_TxDebug5_Byte7_pp_SR_TxDebug5_Byte7".
                   [Warning] Connector ignored: Could not find outerPort of DelegationSwConnector "/E40_Platform_System_SystemPackage/Compositions/E40_Platform_System/CComAbsMdl_stubs_pp_SR_TxDiag_Buffer_Tx_USDT_pp_SR_TxDiag_Buffer_Tx_USDT".
                   [Warning] Connector ignored: Could not find outerPort of DelegationSwConnector "/E40_Platform_System_SystemPackage/Compositions/E40_Platform_System/CComAbsMdl_stubs_pp_SR_TxDiag_Buffer_Tx_UUDT_pp_SR_TxDiag_Buffer_Tx_UUDT".
                   [Warning] Connector ignored: Could not find outerPort of DelegationSwConnector "/E40_Platform_System_SystemPackage/Compositions/E40_Platform_System/CComAbsMdl_stubs_pp_SR_TxFV_Tx_pp_SR_TxFV_Tx".
                   [Warning] Connector ignored: Could not find outerPort of DelegationSwConnector "/E40_Platform_System_SystemPackage/Compositions/E40_Platform_System/CComAbsMdl_stubs_pp_SR_TxIllumination_PWM_pp_SR_TxIllumination_PWM".
                   [Warning] Connector ignored: Could not find outerPort of DelegationSwConnector "/E40_Platform_System_SystemPackage/Compositions/E40_Platform_System/CComAbsMdl_stubs_pp_SR_TxMAC_Tx_pp_SR_TxMAC_Tx".
                   [Warning] Connector ignored: Could not find outerPort of DelegationSwConnector "/E40_Platform_System_SystemPackage/Compositions/E40_Platform_System/CComAbsMdl_stubs_pp_SR_TxOdometer_pp_SR_TxOdometer".
                   [Warning] Connector ignored: Could not find outerPort of DelegationSwConnector "/E40_Platform_System_SystemPackage/Compositions/E40_Platform_System/CComAbsMdl_stubs_pp_SR_TxPreviousStateIC_pp_SR_TxPreviousStateIC".
                   [Warning] Connector ignored: Could not find outerPort of DelegationSwConnector "/E40_Platform_System_SystemPackage/Compositions/E40_Platform_System/CComAbsMdl_stubs_pp_SR_TxSecureTxByte0_pp_SR_TxSecureTxByte0".
                   [Warning] Connector ignored: Could not find outerPort of DelegationSwConnector "/E40_Platform_System_SystemPackage/Compositions/E40_Platform_System/CComAbsMdl_stubs_pp_SR_TxSecureTxByte1_pp_SR_TxSecureTxByte1".
                   [Warning] Connector ignored: Could not find outerPort of DelegationSwConnector "/E40_Platform_System_SystemPackage/Compositions/E40_Platform_System/CComAbsMdl_stubs_pp_SR_TxSecureTxByte2_pp_SR_TxSecureTxByte2".
                   [Warning] Connector ignored: Could not find outerPort of DelegationSwConnector "/E40_Platform_System_SystemPackage/Compositions/E40_Platform_System/CComAbsMdl_stubs_pp_SR_TxSecureTxByte3_pp_SR_TxSecureTxByte3".
                   [Warning] Connector ignored: Could not find outerPort of DelegationSwConnector "/E40_Platform_System_SystemPackage/Compositions/E40_Platform_System/CComAbsMdl_stubs_pp_SR_TxUserData1_IC_pp_SR_TxUserData1_IC".
                   [Warning] Connector ignored: Could not find outerPort of DelegationSwConnector "/E40_Platform_System_SystemPackage/Compositions/E40_Platform_System/CComAbsMdl_stubs_pp_SR_TxUserData2_IC_pp_SR_TxUserData2_IC".
                   [Warning] Connector ignored: Could not find outerPort of DelegationSwConnector "/E40_Platform_System_SystemPackage/Compositions/E40_Platform_System/CComAbsMdl_stubs_pp_SR_TxUserData3_IC_pp_SR_TxUserData3_IC".
                   [Warning] Connector ignored: Could not find outerPort of DelegationSwConnector "/E40_Platform_System_SystemPackage/Compositions/E40_Platform_System/CComAbsMdl_stubs_pp_SR_TxUserData4_IC_pp_SR_TxUserData4_IC".
                   [Warning] Connector ignored: Could not find outerPort of DelegationSwConnector "/E40_Platform_System_SystemPackage/Compositions/E40_Platform_System/CComAbsMdl_stubs_pp_SR_TxUserData5_IC_pp_SR_TxUserData5_IC".
                   [Warning] Connector ignored: Could not find outerPort of DelegationSwConnector "/E40_Platform_System_SystemPackage/Compositions/E40_Platform_System/CComAbsMdl_stubs_pp_SR_TxVehicleSpeedIC_pp_SR_TxVehicleSpeedIC".
                   [Warning] Connector ignored: Could not find targetRPort of RPortInCompositionInstanceRef below AssemblySwConnector "/E40_Platform_System_SystemPackage/Compositions/E40_Platform_System/MemAbstract_Stub_Safe_BsConst_Temp_Threshold_Hysteresis_Derating_SafeNvM_BsConst_Temp_Threshold_Hysteresis_Derating_4".
                   [Warning] Connector ignored: Could not find targetRPort of RPortInCompositionInstanceRef below AssemblySwConnector "/E40_Platform_System_SystemPackage/Compositions/E40_Platform_System/MemAbstract_Stub_Safe_BsConst_Lookup_Curve_HotSpot_Coef_X_SafeNvM_BsConst_Lookup_Curve_HotSpot_Coef_X_4".
                   [Warning] Connector ignored: Could not find targetRPort of RPortInCompositionInstanceRef below AssemblySwConnector "/E40_Platform_System_SystemPackage/Compositions/E40_Platform_System/MemAbstract_Stub_Safe_BsConst_Compensation_Line_Shift_b_SafeNvM_BsConst_Compensation_Line_Shift_b_4".
                   [Warning] Connector ignored: Could not find targetRPort of RPortInCompositionInstanceRef below AssemblySwConnector "/E40_Platform_System_SystemPackage/Compositions/E40_Platform_System/MemAbstract_Stub_Safe_BsConst_Temperature_Sensor_Conv_SafeNvM_BsConst_Temperature_Sensor_Conv_4".
                   [Warning] Connector ignored: Could not find targetRPort of RPortInCompositionInstanceRef below AssemblySwConnector "/E40_Platform_System_SystemPackage/Compositions/E40_Platform_System/MemAbstract_Stub_Safe_BsConst_BsConst_Illumination_ReservedByte_SafeNvM_BsConst_BsConst_Illumination_ReservedByte_4".
                   [Warning] Connector ignored: Could not find targetRPort of RPortInCompositionInstanceRef below AssemblySwConnector "/E40_Platform_System_SystemPackage/Compositions/E40_Platform_System/MemAbstract_Stub_Safe_BsConst_Display_Illum_Max_Level_Safe_SafeNvM_BsConst_Display_Illum_Max_Level_Safe_4".
                   [Warning] Connector ignored: Could not find targetRPort of RPortInCompositionInstanceRef below AssemblySwConnector "/E40_Platform_System_SystemPackage/Compositions/E40_Platform_System/MemAbstract_Stub_Safe_BsConst_Lookup_Curve_HotSpot_Coef_Y_SafeNvM_BsConst_Lookup_Curve_HotSpot_Coef_Y_4".
                   [Warning] Connector ignored: Could not find targetRPort of RPortInCompositionInstanceRef below AssemblySwConnector "/E40_Platform_System_SystemPackage/Compositions/E40_Platform_System/MemAbstract_Stub_Safe_BsConst_Derating_Backlight_Disable_SafeNvM_BsConst_Derating_Backlight_Disable_4".
                   [Warning] Connector ignored: Could not find targetRPort of RPortInCompositionInstanceRef below AssemblySwConnector "/E40_Platform_System_SystemPackage/Compositions/E40_Platform_System/MemAbstract_Stub_Safe_BsConst_PWM_boost_bypass_duty_SafeNvM_BsConst_PWM_boost_bypass_duty_4".
                   [Warning] Connector ignored: Could not find targetRPort of RPortInCompositionInstanceRef below AssemblySwConnector "/E40_Platform_System_SystemPackage/Compositions/E40_Platform_System/MemAbstract_Stub_Safe_BsConst_PCB_Temperature_Sensor_Conv_SafeNvM_BsConst_PCB_Temperature_Sensor_Conv_4".
                   [Warning] Connector ignored: Could not find targetRPort of RPortInCompositionInstanceRef below AssemblySwConnector "/E40_Platform_System_SystemPackage/Compositions/E40_Platform_System/MemAbstract_Stub_Safe_BsConst_Compensation_Line_Slope_m_SafeNvM_BsConst_Compensation_Line_Slope_m_4".
                   [Warning] Connector ignored: Could not find targetRPort of RPortInCompositionInstanceRef below AssemblySwConnector "/E40_Platform_System_SystemPackage/Compositions/E40_Platform_System/MemAbstract_Stub_Safe_BsConst_Lookup_Curve_HotSpot_Coef_Y_SafeNvM_BsConst_Lookup_Curve_HotSpot_Coef_Y_5".
                   [Warning] Connector ignored: Could not find targetRPort of RPortInCompositionInstanceRef below AssemblySwConnector "/E40_Platform_System_SystemPackage/Compositions/E40_Platform_System/MemAbstract_Stub_Safe_BsConst_Derating_Backlight_Disable_SafeNvM_BsConst_Derating_Backlight_Disable_5".
                   [Warning] Connector ignored: Could not find targetRPort of RPortInCompositionInstanceRef below AssemblySwConnector "/E40_Platform_System_SystemPackage/Compositions/E40_Platform_System/MemAbstract_Stub_Safe_BsConst_BsConst_Illumination_ReservedByte_SafeNvM_BsConst_BsConst_Illumination_ReservedByte_5".
                   [Warning] Connector ignored: Could not find targetRPort of RPortInCompositionInstanceRef below AssemblySwConnector "/E40_Platform_System_SystemPackage/Compositions/E40_Platform_System/MemAbstract_Stub_Safe_BsConst_PWM_boost_bypass_duty_SafeNvM_BsConst_PWM_boost_bypass_duty_5".
                   [Warning] Connector ignored: Could not find targetRPort of RPortInCompositionInstanceRef below AssemblySwConnector "/E40_Platform_System_SystemPackage/Compositions/E40_Platform_System/MemAbstract_Stub_Safe_BsConst_Temperature_Sensor_Conv_SafeNvM_BsConst_Temperature_Sensor_Conv_5".
                   [Warning] Connector ignored: Could not find targetRPort of RPortInCompositionInstanceRef below AssemblySwConnector "/E40_Platform_System_SystemPackage/Compositions/E40_Platform_System/MemAbstract_Stub_Safe_BsConst_Lookup_Curve_HotSpot_Coef_X_SafeNvM_BsConst_Lookup_Curve_HotSpot_Coef_X_5".
                   [Warning] Connector ignored: Could not find targetRPort of RPortInCompositionInstanceRef below AssemblySwConnector "/E40_Platform_System_SystemPackage/Compositions/E40_Platform_System/MemAbstract_Stub_Safe_BsConst_Display_Illum_Max_Level_Safe_SafeNvM_BsConst_Display_Illum_Max_Level_Safe_5".
                   [Warning] Connector ignored: Could not find targetRPort of RPortInCompositionInstanceRef below AssemblySwConnector "/E40_Platform_System_SystemPackage/Compositions/E40_Platform_System/MemAbstract_Stub_Safe_BsConst_Temp_Threshold_Hysteresis_Derating_SafeNvM_BsConst_Temp_Threshold_Hysteresis_Derating_5".
                   [Warning] Connector ignored: Could not find targetRPort of RPortInCompositionInstanceRef below AssemblySwConnector "/E40_Platform_System_SystemPackage/Compositions/E40_Platform_System/MemAbstract_Stub_Safe_BsConst_Compensation_Line_Shift_b_SafeNvM_BsConst_Compensation_Line_Shift_b_5".
                   [Warning] Connector ignored: Could not find targetRPort of RPortInCompositionInstanceRef below AssemblySwConnector "/E40_Platform_System_SystemPackage/Compositions/E40_Platform_System/MemAbstract_Stub_Safe_BsConst_Compensation_Line_Slope_m_SafeNvM_BsConst_Compensation_Line_Slope_m_5".
                   [Warning] Connector ignored: Could not find targetRPort of RPortInCompositionInstanceRef below AssemblySwConnector "/E40_Platform_System_SystemPackage/Compositions/E40_Platform_System/MemAbstract_Stub_Safe_BsConst_PCB_Temperature_Sensor_Conv_SafeNvM_BsConst_PCB_Temperature_Sensor_Conv_5".
                   [Warning] Connector ignored: Could not find outerPort of DelegationSwConnector "/E40_Platform_System_SystemPackage/Compositions/E40_Platform_System/rp_SR_RxAirbag_1_CComAbsMdl_stubs_rp_SR_RxAirbag_1".
                   [Warning] Connector ignored: Could not find outerPort of DelegationSwConnector "/E40_Platform_System_SystemPackage/Compositions/E40_Platform_System/rp_SR_RxAirbag_2_CComAbsMdl_stubs_rp_SR_RxAirbag_1".
                   [Warning] Connector ignored: Could not find outerPort of DelegationSwConnector "/E40_Platform_System_SystemPackage/Compositions/E40_Platform_System/rp_SR_RxAirbag_1_CComAbsMdl_stubs_rp_SR_RxAirbag_2".
                   [Warning] Connector ignored: Could not find targetRPort of RPortInCompositionInstanceRef below AssemblySwConnector "/E40_Platform_System_SystemPackage/Compositions/E40_Platform_System/MemAbstract_Stub_Safe_BsConst_Lookup_Curve_HotSpot_Coef_X_SafeNvM_BsConst_Lookup_Curve_HotSpot_Coef_X_6".
                   [Warning] Connector ignored: Could not find targetRPort of RPortInCompositionInstanceRef below AssemblySwConnector "/E40_Platform_System_SystemPackage/Compositions/E40_Platform_System/MemAbstract_Stub_Safe_BsConst_PCB_Temperature_Sensor_Conv_SafeNvM_BsConst_PCB_Temperature_Sensor_Conv_6".
                   [Warning] Connector ignored: Could not find targetRPort of RPortInCompositionInstanceRef below AssemblySwConnector "/E40_Platform_System_SystemPackage/Compositions/E40_Platform_System/MemAbstract_Stub_Safe_BsConst_BsConst_Illumination_ReservedByte_SafeNvM_BsConst_BsConst_Illumination_ReservedByte_6".
                   [Warning] Connector ignored: Could not find targetRPort of RPortInCompositionInstanceRef below AssemblySwConnector "/E40_Platform_System_SystemPackage/Compositions/E40_Platform_System/MemAbstract_Stub_Safe_BsConst_Display_Illum_Max_Level_Safe_SafeNvM_BsConst_Display_Illum_Max_Level_Safe_6".
                   [Warning] Connector ignored: Could not find targetRPort of RPortInCompositionInstanceRef below AssemblySwConnector "/E40_Platform_System_SystemPackage/Compositions/E40_Platform_System/MemAbstract_Stub_Safe_BsConst_PWM_boost_bypass_duty_SafeNvM_BsConst_PWM_boost_bypass_duty_6".
                   [Warning] Connector ignored: Could not find targetRPort of RPortInCompositionInstanceRef below AssemblySwConnector "/E40_Platform_System_SystemPackage/Compositions/E40_Platform_System/MemAbstract_Stub_Safe_BsConst_Temperature_Sensor_Conv_SafeNvM_BsConst_Temperature_Sensor_Conv_6".
                   [Warning] Connector ignored: Could not find targetRPort of RPortInCompositionInstanceRef below AssemblySwConnector "/E40_Platform_System_SystemPackage/Compositions/E40_Platform_System/MemAbstract_Stub_Safe_BsConst_Lookup_Curve_HotSpot_Coef_Y_SafeNvM_BsConst_Lookup_Curve_HotSpot_Coef_Y_6".
                   [Warning] Connector ignored: Could not find targetRPort of RPortInCompositionInstanceRef below AssemblySwConnector "/E40_Platform_System_SystemPackage/Compositions/E40_Platform_System/MemAbstract_Stub_Safe_BsConst_Compensation_Line_Shift_b_SafeNvM_BsConst_Compensation_Line_Shift_b_6".
                   [Warning] Connector ignored: Could not find targetRPort of RPortInCompositionInstanceRef below AssemblySwConnector "/E40_Platform_System_SystemPackage/Compositions/E40_Platform_System/MemAbstract_Stub_Safe_BsConst_Compensation_Line_Slope_m_SafeNvM_BsConst_Compensation_Line_Slope_m_6".
                   [Warning] Connector ignored: Could not find targetRPort of RPortInCompositionInstanceRef below AssemblySwConnector "/E40_Platform_System_SystemPackage/Compositions/E40_Platform_System/MemAbstract_Stub_Safe_BsConst_Derating_Backlight_Disable_SafeNvM_BsConst_Derating_Backlight_Disable_6".
                   [Warning] Connector ignored: Could not find targetRPort of RPortInCompositionInstanceRef below AssemblySwConnector "/E40_Platform_System_SystemPackage/Compositions/E40_Platform_System/MemAbstract_Stub_Safe_BsConst_Temp_Threshold_Hysteresis_Derating_SafeNvM_BsConst_Temp_Threshold_Hysteresis_Derating_6".
                   [Warning] Connector ignored: Could not find targetRPort of RPortInCompositionInstanceRef below AssemblySwConnector "/E40_Platform_System_SystemPackage/Compositions/E40_Platform_System/MemAbstract_Stub_Safe_BsConst_Lookup_Curve_HotSpot_Coef_Y_SafeNvM_BsConst_Lookup_Curve_HotSpot_Coef_Y_7".
                   [Warning] Connector ignored: Could not find targetRPort of RPortInCompositionInstanceRef below AssemblySwConnector "/E40_Platform_System_SystemPackage/Compositions/E40_Platform_System/MemAbstract_Stub_Safe_BsConst_Lookup_Curve_HotSpot_Coef_X_SafeNvM_BsConst_Lookup_Curve_HotSpot_Coef_X_7".
                   [Warning] Connector ignored: Could not find targetRPort of RPortInCompositionInstanceRef below AssemblySwConnector "/E40_Platform_System_SystemPackage/Compositions/E40_Platform_System/MemAbstract_Stub_Safe_BsConst_BsConst_Illumination_ReservedByte_SafeNvM_BsConst_BsConst_Illumination_ReservedByte_7".
                   [Warning] Connector ignored: Could not find targetRPort of RPortInCompositionInstanceRef below AssemblySwConnector "/E40_Platform_System_SystemPackage/Compositions/E40_Platform_System/MemAbstract_Stub_Safe_BsConst_Temperature_Sensor_Conv_SafeNvM_BsConst_Temperature_Sensor_Conv_7".
                   [Warning] Connector ignored: Could not find targetRPort of RPortInCompositionInstanceRef below AssemblySwConnector "/E40_Platform_System_SystemPackage/Compositions/E40_Platform_System/MemAbstract_Stub_Safe_BsConst_PCB_Temperature_Sensor_Conv_SafeNvM_BsConst_PCB_Temperature_Sensor_Conv_7".
                   [Warning] Connector ignored: Could not find targetRPort of RPortInCompositionInstanceRef below AssemblySwConnector "/E40_Platform_System_SystemPackage/Compositions/E40_Platform_System/MemAbstract_Stub_Safe_BsConst_Derating_Backlight_Disable_SafeNvM_BsConst_Derating_Backlight_Disable_7".
                   [Warning] Connector ignored: Could not find targetRPort of RPortInCompositionInstanceRef below AssemblySwConnector "/E40_Platform_System_SystemPackage/Compositions/E40_Platform_System/MemAbstract_Stub_Safe_BsConst_Display_Illum_Max_Level_Safe_SafeNvM_BsConst_Display_Illum_Max_Level_Safe_7".
                   [Warning] Connector ignored: Could not find targetRPort of RPortInCompositionInstanceRef below AssemblySwConnector "/E40_Platform_System_SystemPackage/Compositions/E40_Platform_System/MemAbstract_Stub_Safe_BsConst_Temp_Threshold_Hysteresis_Derating_SafeNvM_BsConst_Temp_Threshold_Hysteresis_Derating_7".
                   [Warning] Connector ignored: Could not find targetRPort of RPortInCompositionInstanceRef below AssemblySwConnector "/E40_Platform_System_SystemPackage/Compositions/E40_Platform_System/MemAbstract_Stub_Safe_BsConst_PWM_boost_bypass_duty_SafeNvM_BsConst_PWM_boost_bypass_duty_7".
                   [Warning] Connector ignored: Could not find targetRPort of RPortInCompositionInstanceRef below AssemblySwConnector "/E40_Platform_System_SystemPackage/Compositions/E40_Platform_System/MemAbstract_Stub_Safe_BsConst_Compensation_Line_Shift_b_SafeNvM_BsConst_Compensation_Line_Shift_b_7".
                   [Warning] Connector ignored: Could not find targetRPort of RPortInCompositionInstanceRef below AssemblySwConnector "/E40_Platform_System_SystemPackage/Compositions/E40_Platform_System/MemAbstract_Stub_Safe_BsConst_Compensation_Line_Slope_m_SafeNvM_BsConst_Compensation_Line_Slope_m_7".
                   [Warning] Connector ignored: Could not find outerPort of DelegationSwConnector "/E40_Platform_System_SystemPackage/Compositions/E40_Platform_System/TrustecSWC_PP_TX_SG_COM_HSSG_COM_HS_PP_TX_SG_COM_HSSG_COM_HS".
                   [Warning] Connector ignored: Could not find targetPPort of PPortInCompositionInstanceRef below DelegationSwConnector "/E40_Platform_System_SystemPackage/Compositions/E40_Platform_System/TrustecSWC_PP_TX_SG_COM_HSSG_COM_HS_PP_TX_SG_COM_HSSG_COM_HS_1".
                   [Warning] Connector ignored: Could not find targetRPort of RPortInCompositionInstanceRef below DelegationSwConnector "/E40_Platform_System_SystemPackage/Compositions/E40_Platform_System/rp_SR_RxAmbient_Light_level_CComAbsMdl_stubs_rp_SR_RxAmbient_Light_level_1".
                   [Warning] Connector ignored: Could not find targetRPort of RPortInCompositionInstanceRef below DelegationSwConnector "/E40_Platform_System_SystemPackage/Compositions/E40_Platform_System/rp_SR_RxDayNightMode_CComAbsMdl_stubs_rp_SR_RxDayNightMode_1".
                   [Warning] Connector ignored: Could not find targetRPort of RPortInCompositionInstanceRef below DelegationSwConnector "/E40_Platform_System_SystemPackage/Compositions/E40_Platform_System/rp_SR_RxGear_CComAbsMdl_stubs_rp_SR_RxGear_1".
                   [Warning] Connector ignored: Could not find targetRPort of RPortInCompositionInstanceRef below DelegationSwConnector "/E40_Platform_System_SystemPackage/Compositions/E40_Platform_System/rp_SR_RxGearMode_CComAbsMdl_stubs_rp_SR_RxGearMode_1".
                   [Warning] Connector ignored: Could not find targetRPort of RPortInCompositionInstanceRef below DelegationSwConnector "/E40_Platform_System_SystemPackage/Compositions/E40_Platform_System/rp_SR_RxGearRecommendation_CComAbsMdl_stubs_rp_SR_RxGearRecommendation_1".
                   [Warning] Connector ignored: Could not find targetRPort of RPortInCompositionInstanceRef below DelegationSwConnector "/E40_Platform_System_SystemPackage/Compositions/E40_Platform_System/rp_SR_RxGearStatus_CComAbsMdl_stubs_rp_SR_RxGearStatus_1".
                   [Warning] Connector ignored: Could not find targetRPort of RPortInCompositionInstanceRef below DelegationSwConnector "/E40_Platform_System_SystemPackage/Compositions/E40_Platform_System/rp_SR_RxIllumination_level_CComAbsMdl_stubs_rp_SR_RxIllumination_level_1".
                   [Warning] Connector ignored: Could not find targetRPort of RPortInCompositionInstanceRef below DelegationSwConnector "/E40_Platform_System_SystemPackage/Compositions/E40_Platform_System/rp_SR_RxPowerMode_CComAbsMdl_stubs_rp_SR_RxPowerMode_1".
                   [Warning] Connector ignored: Could not find targetRPort of RPortInCompositionInstanceRef below DelegationSwConnector "/E40_Platform_System_SystemPackage/Compositions/E40_Platform_System/rp_SR_RxTransportMode_CComAbsMdl_stubs_rp_SR_RxTransportMode_1".
                   [Warning] Connector ignored: Could not find targetRPort of RPortInCompositionInstanceRef below DelegationSwConnector "/E40_Platform_System_SystemPackage/Compositions/E40_Platform_System/rp_SR_RxWarning_CComAbsMdl_stubs_rp_SR_RxWarning_1".
                   [Warning] Connector ignored: Could not find targetPPort of PPortInCompositionInstanceRef below DelegationSwConnector "/E40_Platform_System_SystemPackage/Compositions/E40_Platform_System/CComAbsMdl_stubs_pp_SR_TxDebug1_Byte0_1_pp_SR_TxDebug1_Byte0".
                   [Warning] Connector ignored: Could not find targetPPort of PPortInCompositionInstanceRef below DelegationSwConnector "/E40_Platform_System_SystemPackage/Compositions/E40_Platform_System/CComAbsMdl_stubs_pp_SR_TxDebug1_Byte1_1_pp_SR_TxDebug1_Byte1".
                   [Warning] Connector ignored: Could not find targetPPort of PPortInCompositionInstanceRef below DelegationSwConnector "/E40_Platform_System_SystemPackage/Compositions/E40_Platform_System/CComAbsMdl_stubs_pp_SR_TxDebug1_Byte2_1_pp_SR_TxDebug1_Byte2".
                   [Warning] Connector ignored: Could not find targetPPort of PPortInCompositionInstanceRef below DelegationSwConnector "/E40_Platform_System_SystemPackage/Compositions/E40_Platform_System/CComAbsMdl_stubs_pp_SR_TxDebug1_Byte3_1_pp_SR_TxDebug1_Byte3".
                   [Warning] Connector ignored: Could not find targetPPort of PPortInCompositionInstanceRef below DelegationSwConnector "/E40_Platform_System_SystemPackage/Compositions/E40_Platform_System/CComAbsMdl_stubs_pp_SR_TxDebug1_Byte4_1_pp_SR_TxDebug1_Byte4".
                   [Warning] Connector ignored: Could not find targetPPort of PPortInCompositionInstanceRef below DelegationSwConnector "/E40_Platform_System_SystemPackage/Compositions/E40_Platform_System/CComAbsMdl_stubs_pp_SR_TxDebug1_Byte5_1_pp_SR_TxDebug1_Byte5".
                   [Warning] Connector ignored: Could not find targetPPort of PPortInCompositionInstanceRef below DelegationSwConnector "/E40_Platform_System_SystemPackage/Compositions/E40_Platform_System/CComAbsMdl_stubs_pp_SR_TxDebug1_Byte6_1_pp_SR_TxDebug1_Byte6".
                   [Warning] Connector ignored: Could not find targetPPort of PPortInCompositionInstanceRef below DelegationSwConnector "/E40_Platform_System_SystemPackage/Compositions/E40_Platform_System/CComAbsMdl_stubs_pp_SR_TxDebug1_Byte7_1_pp_SR_TxDebug1_Byte7".
                   [Warning] Connector ignored: Could not find targetPPort of PPortInCompositionInstanceRef below DelegationSwConnector "/E40_Platform_System_SystemPackage/Compositions/E40_Platform_System/CComAbsMdl_stubs_pp_SR_TxDebug2_Byte0_1_pp_SR_TxDebug2_Byte0".
                   [Warning] Connector ignored: Could not find targetPPort of PPortInCompositionInstanceRef below DelegationSwConnector "/E40_Platform_System_SystemPackage/Compositions/E40_Platform_System/CComAbsMdl_stubs_pp_SR_TxDebug2_Byte1_1_pp_SR_TxDebug2_Byte1".
                   [Warning] Connector ignored: Could not find targetPPort of PPortInCompositionInstanceRef below DelegationSwConnector "/E40_Platform_System_SystemPackage/Compositions/E40_Platform_System/CComAbsMdl_stubs_pp_SR_TxDebug2_Byte2_1_pp_SR_TxDebug2_Byte2".
                   [Warning] Connector ignored: Could not find targetPPort of PPortInCompositionInstanceRef below DelegationSwConnector "/E40_Platform_System_SystemPackage/Compositions/E40_Platform_System/CComAbsMdl_stubs_pp_SR_TxDebug2_Byte3_1_pp_SR_TxDebug2_Byte3".
                   [Warning] Connector ignored: Could not find targetPPort of PPortInCompositionInstanceRef below DelegationSwConnector "/E40_Platform_System_SystemPackage/Compositions/E40_Platform_System/CComAbsMdl_stubs_pp_SR_TxDebug2_Byte4_1_pp_SR_TxDebug2_Byte4".
                   [Warning] Connector ignored: Could not find targetPPort of PPortInCompositionInstanceRef below DelegationSwConnector "/E40_Platform_System_SystemPackage/Compositions/E40_Platform_System/CComAbsMdl_stubs_pp_SR_TxDebug2_Byte5_1_pp_SR_TxDebug2_Byte5".
                   [Warning] Connector ignored: Could not find targetPPort of PPortInCompositionInstanceRef below DelegationSwConnector "/E40_Platform_System_SystemPackage/Compositions/E40_Platform_System/CComAbsMdl_stubs_pp_SR_TxDebug2_Byte6_1_pp_SR_TxDebug2_Byte6".
                   [Warning] Connector ignored: Could not find targetPPort of PPortInCompositionInstanceRef below DelegationSwConnector "/E40_Platform_System_SystemPackage/Compositions/E40_Platform_System/CComAbsMdl_stubs_pp_SR_TxDebug2_Byte7_1_pp_SR_TxDebug2_Byte7".
                   [Warning] Connector ignored: Could not find targetPPort of PPortInCompositionInstanceRef below DelegationSwConnector "/E40_Platform_System_SystemPackage/Compositions/E40_Platform_System/CComAbsMdl_stubs_pp_SR_TxDebug3_Byte0_1_pp_SR_TxDebug3_Byte0".
                   [Warning] Connector ignored: Could not find targetPPort of PPortInCompositionInstanceRef below DelegationSwConnector "/E40_Platform_System_SystemPackage/Compositions/E40_Platform_System/CComAbsMdl_stubs_pp_SR_TxDebug3_Byte1_1_pp_SR_TxDebug3_Byte1".
                   [Warning] Connector ignored: Could not find targetPPort of PPortInCompositionInstanceRef below DelegationSwConnector "/E40_Platform_System_SystemPackage/Compositions/E40_Platform_System/CComAbsMdl_stubs_pp_SR_TxDebug3_Byte2_1_pp_SR_TxDebug3_Byte2".
                   [Warning] Connector ignored: Could not find targetPPort of PPortInCompositionInstanceRef below DelegationSwConnector "/E40_Platform_System_SystemPackage/Compositions/E40_Platform_System/CComAbsMdl_stubs_pp_SR_TxDebug3_Byte3_1_pp_SR_TxDebug3_Byte3".
                   [Warning] Connector ignored: Could not find targetPPort of PPortInCompositionInstanceRef below DelegationSwConnector "/E40_Platform_System_SystemPackage/Compositions/E40_Platform_System/CComAbsMdl_stubs_pp_SR_TxDebug3_Byte4_1_pp_SR_TxDebug3_Byte4".
                   [Warning] Connector ignored: Could not find targetPPort of PPortInCompositionInstanceRef below DelegationSwConnector "/E40_Platform_System_SystemPackage/Compositions/E40_Platform_System/CComAbsMdl_stubs_pp_SR_TxDebug3_Byte5_1_pp_SR_TxDebug3_Byte5".
                   [Warning] Connector ignored: Could not find targetPPort of PPortInCompositionInstanceRef below DelegationSwConnector "/E40_Platform_System_SystemPackage/Compositions/E40_Platform_System/CComAbsMdl_stubs_pp_SR_TxDebug3_Byte6_1_pp_SR_TxDebug3_Byte6".
                   [Warning] Connector ignored: Could not find targetPPort of PPortInCompositionInstanceRef below DelegationSwConnector "/E40_Platform_System_SystemPackage/Compositions/E40_Platform_System/CComAbsMdl_stubs_pp_SR_TxDebug3_Byte7_1_pp_SR_TxDebug3_Byte7".
                   [Warning] Connector ignored: Could not find targetPPort of PPortInCompositionInstanceRef below DelegationSwConnector "/E40_Platform_System_SystemPackage/Compositions/E40_Platform_System/CComAbsMdl_stubs_pp_SR_TxDebug4_Byte0_1_pp_SR_TxDebug4_Byte0".
                   [Warning] Connector ignored: Could not find targetPPort of PPortInCompositionInstanceRef below DelegationSwConnector "/E40_Platform_System_SystemPackage/Compositions/E40_Platform_System/CComAbsMdl_stubs_pp_SR_TxDebug4_Byte1_1_pp_SR_TxDebug4_Byte1".
                   [Warning] Connector ignored: Could not find targetPPort of PPortInCompositionInstanceRef below DelegationSwConnector "/E40_Platform_System_SystemPackage/Compositions/E40_Platform_System/CComAbsMdl_stubs_pp_SR_TxDebug4_Byte2_1_pp_SR_TxDebug4_Byte2".
                   [Warning] Connector ignored: Could not find targetPPort of PPortInCompositionInstanceRef below DelegationSwConnector "/E40_Platform_System_SystemPackage/Compositions/E40_Platform_System/CComAbsMdl_stubs_pp_SR_TxDebug4_Byte3_1_pp_SR_TxDebug4_Byte3".
                   [Warning] Connector ignored: Could not find targetPPort of PPortInCompositionInstanceRef below DelegationSwConnector "/E40_Platform_System_SystemPackage/Compositions/E40_Platform_System/CComAbsMdl_stubs_pp_SR_TxDebug4_Byte4_1_pp_SR_TxDebug4_Byte4".
                   [Warning] Connector ignored: Could not find targetPPort of PPortInCompositionInstanceRef below DelegationSwConnector "/E40_Platform_System_SystemPackage/Compositions/E40_Platform_System/CComAbsMdl_stubs_pp_SR_TxDebug4_Byte5_1_pp_SR_TxDebug4_Byte5".
                   [Warning] Connector ignored: Could not find targetPPort of PPortInCompositionInstanceRef below DelegationSwConnector "/E40_Platform_System_SystemPackage/Compositions/E40_Platform_System/CComAbsMdl_stubs_pp_SR_TxDebug4_Byte6_1_pp_SR_TxDebug4_Byte6".
                   [Warning] Connector ignored: Could not find targetPPort of PPortInCompositionInstanceRef below DelegationSwConnector "/E40_Platform_System_SystemPackage/Compositions/E40_Platform_System/CComAbsMdl_stubs_pp_SR_TxDebug4_Byte7_1_pp_SR_TxDebug4_Byte7".
                   [Warning] Connector ignored: Could not find targetPPort of PPortInCompositionInstanceRef below DelegationSwConnector "/E40_Platform_System_SystemPackage/Compositions/E40_Platform_System/CComAbsMdl_stubs_pp_SR_TxDebug5_Byte0_1_pp_SR_TxDebug5_Byte0".
                   [Warning] Connector ignored: Could not find targetPPort of PPortInCompositionInstanceRef below DelegationSwConnector "/E40_Platform_System_SystemPackage/Compositions/E40_Platform_System/CComAbsMdl_stubs_pp_SR_TxDebug5_Byte1_1_pp_SR_TxDebug5_Byte1".
                   [Warning] Connector ignored: Could not find targetPPort of PPortInCompositionInstanceRef below DelegationSwConnector "/E40_Platform_System_SystemPackage/Compositions/E40_Platform_System/CComAbsMdl_stubs_pp_SR_TxDebug5_Byte2_1_pp_SR_TxDebug5_Byte2".
                   [Warning] Connector ignored: Could not find targetPPort of PPortInCompositionInstanceRef below DelegationSwConnector "/E40_Platform_System_SystemPackage/Compositions/E40_Platform_System/CComAbsMdl_stubs_pp_SR_TxDebug5_Byte3_1_pp_SR_TxDebug5_Byte3".
                   [Warning] Connector ignored: Could not find targetPPort of PPortInCompositionInstanceRef below DelegationSwConnector "/E40_Platform_System_SystemPackage/Compositions/E40_Platform_System/CComAbsMdl_stubs_pp_SR_TxDebug5_Byte4_1_pp_SR_TxDebug5_Byte4".
                   [Warning] Connector ignored: Could not find targetPPort of PPortInCompositionInstanceRef below DelegationSwConnector "/E40_Platform_System_SystemPackage/Compositions/E40_Platform_System/CComAbsMdl_stubs_pp_SR_TxDebug5_Byte5_1_pp_SR_TxDebug5_Byte5".
                   [Warning] Connector ignored: Could not find targetPPort of PPortInCompositionInstanceRef below DelegationSwConnector "/E40_Platform_System_SystemPackage/Compositions/E40_Platform_System/CComAbsMdl_stubs_pp_SR_TxDebug5_Byte6_1_pp_SR_TxDebug5_Byte6".
                   [Warning] Connector ignored: Could not find targetPPort of PPortInCompositionInstanceRef below DelegationSwConnector "/E40_Platform_System_SystemPackage/Compositions/E40_Platform_System/CComAbsMdl_stubs_pp_SR_TxDebug5_Byte7_1_pp_SR_TxDebug5_Byte7".
                   [Warning] Connector ignored: Could not find targetPPort of PPortInCompositionInstanceRef below DelegationSwConnector "/E40_Platform_System_SystemPackage/Compositions/E40_Platform_System/CComAbsMdl_stubs_pp_SR_TxFV_Tx_1_pp_SR_TxFV_Tx".
                   [Warning] Connector ignored: Could not find targetPPort of PPortInCompositionInstanceRef below DelegationSwConnector "/E40_Platform_System_SystemPackage/Compositions/E40_Platform_System/CComAbsMdl_stubs_pp_SR_TxIllumination_PWM_1_pp_SR_TxIllumination_PWM".
                   [Warning] Connector ignored: Could not find targetPPort of PPortInCompositionInstanceRef below DelegationSwConnector "/E40_Platform_System_SystemPackage/Compositions/E40_Platform_System/CComAbsMdl_stubs_pp_SR_TxMAC_Tx_1_pp_SR_TxMAC_Tx".
                   [Warning] Connector ignored: Could not find targetPPort of PPortInCompositionInstanceRef below DelegationSwConnector "/E40_Platform_System_SystemPackage/Compositions/E40_Platform_System/CComAbsMdl_stubs_pp_SR_TxOdometer_1_pp_SR_TxOdometer".
                   [Warning] Connector ignored: Could not find targetPPort of PPortInCompositionInstanceRef below DelegationSwConnector "/E40_Platform_System_SystemPackage/Compositions/E40_Platform_System/CComAbsMdl_stubs_pp_SR_TxSecureTxByte0_1_pp_SR_TxSecureTxByte0".
                   [Warning] Connector ignored: Could not find targetPPort of PPortInCompositionInstanceRef below DelegationSwConnector "/E40_Platform_System_SystemPackage/Compositions/E40_Platform_System/CComAbsMdl_stubs_pp_SR_TxSecureTxByte1_1_pp_SR_TxSecureTxByte1".
                   [Warning] Connector ignored: Could not find targetPPort of PPortInCompositionInstanceRef below DelegationSwConnector "/E40_Platform_System_SystemPackage/Compositions/E40_Platform_System/CComAbsMdl_stubs_pp_SR_TxSecureTxByte2_1_pp_SR_TxSecureTxByte2".
                   [Warning] Connector ignored: Could not find targetPPort of PPortInCompositionInstanceRef below DelegationSwConnector "/E40_Platform_System_SystemPackage/Compositions/E40_Platform_System/CComAbsMdl_stubs_pp_SR_TxSecureTxByte3_1_pp_SR_TxSecureTxByte3".
                   [Warning] Connector ignored: Could not find targetPPort of PPortInCompositionInstanceRef below DelegationSwConnector "/E40_Platform_System_SystemPackage/Compositions/E40_Platform_System/CComAbsMdl_stubs_pp_SR_TxVehicleSpeedIC_1_pp_SR_TxVehicleSpeedIC".
                   [Warning] Connector ignored: Could not find targetRPort of RPortInCompositionInstanceRef below AssemblySwConnector "/E40_Platform_System_SystemPackage/Compositions/E40_Platform_System/MemAbstract_Stub_Safe_BsConst_Lookup_Curve_HotSpot_Coef_Y_SafeNvM_BsConst_Lookup_Curve_HotSpot_Coef_Y_8".
                   [Warning] Connector ignored: Could not find targetRPort of RPortInCompositionInstanceRef below AssemblySwConnector "/E40_Platform_System_SystemPackage/Compositions/E40_Platform_System/MemAbstract_Stub_Safe_BsConst_Compensation_Line_Shift_b_SafeNvM_BsConst_Compensation_Line_Shift_b_8".
                   [Warning] Connector ignored: Could not find targetRPort of RPortInCompositionInstanceRef below AssemblySwConnector "/E40_Platform_System_SystemPackage/Compositions/E40_Platform_System/MemAbstract_Stub_Safe_BsConst_Temp_Threshold_Hysteresis_Derating_SafeNvM_BsConst_Temp_Threshold_Hysteresis_Derating_8".
                   [Warning] Connector ignored: Could not find targetRPort of RPortInCompositionInstanceRef below AssemblySwConnector "/E40_Platform_System_SystemPackage/Compositions/E40_Platform_System/MemAbstract_Stub_Safe_BsConst_BsConst_Illumination_ReservedByte_SafeNvM_BsConst_BsConst_Illumination_ReservedByte_8".
                   [Warning] Connector ignored: Could not find targetRPort of RPortInCompositionInstanceRef below AssemblySwConnector "/E40_Platform_System_SystemPackage/Compositions/E40_Platform_System/MemAbstract_Stub_Safe_BsConst_PCB_Temperature_Sensor_Conv_SafeNvM_BsConst_PCB_Temperature_Sensor_Conv_8".
                   [Warning] Connector ignored: Could not find targetRPort of RPortInCompositionInstanceRef below AssemblySwConnector "/E40_Platform_System_SystemPackage/Compositions/E40_Platform_System/MemAbstract_Stub_Safe_BsConst_Display_Illum_Max_Level_Safe_SafeNvM_BsConst_Display_Illum_Max_Level_Safe_8".
                   [Warning] Connector ignored: Could not find targetRPort of RPortInCompositionInstanceRef below AssemblySwConnector "/E40_Platform_System_SystemPackage/Compositions/E40_Platform_System/MemAbstract_Stub_Safe_BsConst_Derating_Backlight_Disable_SafeNvM_BsConst_Derating_Backlight_Disable_8".
                   [Warning] Connector ignored: Could not find targetRPort of RPortInCompositionInstanceRef below AssemblySwConnector "/E40_Platform_System_SystemPackage/Compositions/E40_Platform_System/MemAbstract_Stub_Safe_BsConst_Compensation_Line_Slope_m_SafeNvM_BsConst_Compensation_Line_Slope_m_8".
                   [Warning] Connector ignored: Could not find targetRPort of RPortInCompositionInstanceRef below AssemblySwConnector "/E40_Platform_System_SystemPackage/Compositions/E40_Platform_System/MemAbstract_Stub_Safe_BsConst_PWM_boost_bypass_duty_SafeNvM_BsConst_PWM_boost_bypass_duty_8".
                   [Warning] Connector ignored: Could not find targetRPort of RPortInCompositionInstanceRef below AssemblySwConnector "/E40_Platform_System_SystemPackage/Compositions/E40_Platform_System/MemAbstract_Stub_Safe_BsConst_Temperature_Sensor_Conv_SafeNvM_BsConst_Temperature_Sensor_Conv_8".
                   [Warning] Connector ignored: Could not find targetRPort of RPortInCompositionInstanceRef below AssemblySwConnector "/E40_Platform_System_SystemPackage/Compositions/E40_Platform_System/MemAbstract_Stub_Safe_BsConst_Lookup_Curve_HotSpot_Coef_X_SafeNvM_BsConst_Lookup_Curve_HotSpot_Coef_X_8".
                   [Warning] Connector ignored: Could not find targetRPort of RPortInCompositionInstanceRef below AssemblySwConnector "/E40_Platform_System_SystemPackage/Compositions/E40_Platform_System/MemAbstract_Stub_Safe_BsConst_PWM_boost_bypass_duty_SafeNvM_BsConst_PWM_boost_bypass_duty_9".
                   [Warning] Connector ignored: Could not find targetRPort of RPortInCompositionInstanceRef below AssemblySwConnector "/E40_Platform_System_SystemPackage/Compositions/E40_Platform_System/MemAbstract_Stub_Safe_BsConst_Derating_Backlight_Disable_SafeNvM_BsConst_Derating_Backlight_Disable_9".
                   [Warning] Connector ignored: Could not find targetRPort of RPortInCompositionInstanceRef below AssemblySwConnector "/E40_Platform_System_SystemPackage/Compositions/E40_Platform_System/MemAbstract_Stub_Safe_BsConst_Compensation_Line_Shift_b_SafeNvM_BsConst_Compensation_Line_Shift_b_9".
                   [Warning] Connector ignored: Could not find targetRPort of RPortInCompositionInstanceRef below AssemblySwConnector "/E40_Platform_System_SystemPackage/Compositions/E40_Platform_System/MemAbstract_Stub_Safe_BsConst_Lookup_Curve_HotSpot_Coef_Y_SafeNvM_BsConst_Lookup_Curve_HotSpot_Coef_Y_9".
                   [Warning] Connector ignored: Could not find targetRPort of RPortInCompositionInstanceRef below AssemblySwConnector "/E40_Platform_System_SystemPackage/Compositions/E40_Platform_System/MemAbstract_Stub_Safe_BsConst_PCB_Temperature_Sensor_Conv_SafeNvM_BsConst_PCB_Temperature_Sensor_Conv_9".
                   [Warning] Connector ignored: Could not find targetRPort of RPortInCompositionInstanceRef below AssemblySwConnector "/E40_Platform_System_SystemPackage/Compositions/E40_Platform_System/MemAbstract_Stub_Safe_BsConst_BsConst_Illumination_ReservedByte_SafeNvM_BsConst_BsConst_Illumination_ReservedByte_9".
                   [Warning] Connector ignored: Could not find targetRPort of RPortInCompositionInstanceRef below AssemblySwConnector "/E40_Platform_System_SystemPackage/Compositions/E40_Platform_System/MemAbstract_Stub_Safe_BsConst_Lookup_Curve_HotSpot_Coef_X_SafeNvM_BsConst_Lookup_Curve_HotSpot_Coef_X_9".
                   [Warning] Connector ignored: Could not find targetRPort of RPortInCompositionInstanceRef below AssemblySwConnector "/E40_Platform_System_SystemPackage/Compositions/E40_Platform_System/MemAbstract_Stub_Safe_BsConst_Display_Illum_Max_Level_Safe_SafeNvM_BsConst_Display_Illum_Max_Level_Safe_9".
                   [Warning] Connector ignored: Could not find targetRPort of RPortInCompositionInstanceRef below AssemblySwConnector "/E40_Platform_System_SystemPackage/Compositions/E40_Platform_System/MemAbstract_Stub_Safe_BsConst_Temperature_Sensor_Conv_SafeNvM_BsConst_Temperature_Sensor_Conv_9".
                   [Warning] Connector ignored: Could not find targetRPort of RPortInCompositionInstanceRef below AssemblySwConnector "/E40_Platform_System_SystemPackage/Compositions/E40_Platform_System/MemAbstract_Stub_Safe_BsConst_Compensation_Line_Slope_m_SafeNvM_BsConst_Compensation_Line_Slope_m_9".
                   [Warning] Connector ignored: Could not find targetRPort of RPortInCompositionInstanceRef below AssemblySwConnector "/E40_Platform_System_SystemPackage/Compositions/E40_Platform_System/MemAbstract_Stub_Safe_BsConst_Temp_Threshold_Hysteresis_Derating_SafeNvM_BsConst_Temp_Threshold_Hysteresis_Derating_9".
                   [Warning] Connector ignored: Could not find targetRPort of RPortInCompositionInstanceRef below AssemblySwConnector "/E40_Platform_System_SystemPackage/Compositions/E40_Platform_System/MemAbstract_Stub_Safe_BsConst_Lookup_Curve_HotSpot_Coef_Y_SafeNvM_BsConst_Lookup_Curve_HotSpot_Coef_Y_10".
                   [Warning] Connector ignored: Could not find targetRPort of RPortInCompositionInstanceRef below AssemblySwConnector "/E40_Platform_System_SystemPackage/Compositions/E40_Platform_System/MemAbstract_Stub_Safe_BsConst_BsConst_Illumination_ReservedByte_SafeNvM_BsConst_BsConst_Illumination_ReservedByte_10".
                   [Warning] Connector ignored: Could not find targetRPort of RPortInCompositionInstanceRef below AssemblySwConnector "/E40_Platform_System_SystemPackage/Compositions/E40_Platform_System/MemAbstract_Stub_Safe_BsConst_PCB_Temperature_Sensor_Conv_SafeNvM_BsConst_PCB_Temperature_Sensor_Conv_10".
                   [Warning] Connector ignored: Could not find targetRPort of RPortInCompositionInstanceRef below AssemblySwConnector "/E40_Platform_System_SystemPackage/Compositions/E40_Platform_System/MemAbstract_Stub_Safe_BsConst_Temperature_Sensor_Conv_SafeNvM_BsConst_Temperature_Sensor_Conv_10".
                   [Warning] Connector ignored: Could not find targetRPort of RPortInCompositionInstanceRef below AssemblySwConnector "/E40_Platform_System_SystemPackage/Compositions/E40_Platform_System/MemAbstract_Stub_Safe_BsConst_Lookup_Curve_HotSpot_Coef_X_SafeNvM_BsConst_Lookup_Curve_HotSpot_Coef_X_10".
                   [Warning] Connector ignored: Could not find targetRPort of RPortInCompositionInstanceRef below AssemblySwConnector "/E40_Platform_System_SystemPackage/Compositions/E40_Platform_System/MemAbstract_Stub_Safe_BsConst_Derating_Backlight_Disable_SafeNvM_BsConst_Derating_Backlight_Disable_10".
                   [Warning] Connector ignored: Could not find targetRPort of RPortInCompositionInstanceRef below AssemblySwConnector "/E40_Platform_System_SystemPackage/Compositions/E40_Platform_System/MemAbstract_Stub_Safe_BsConst_PWM_boost_bypass_duty_SafeNvM_BsConst_PWM_boost_bypass_duty_10".
                   [Warning] Connector ignored: Could not find targetRPort of RPortInCompositionInstanceRef below AssemblySwConnector "/E40_Platform_System_SystemPackage/Compositions/E40_Platform_System/MemAbstract_Stub_Safe_BsConst_Compensation_Line_Slope_m_SafeNvM_BsConst_Compensation_Line_Slope_m_10".
                   [Warning] Connector ignored: Could not find targetRPort of RPortInCompositionInstanceRef below AssemblySwConnector "/E40_Platform_System_SystemPackage/Compositions/E40_Platform_System/MemAbstract_Stub_Safe_BsConst_Compensation_Line_Shift_b_SafeNvM_BsConst_Compensation_Line_Shift_b_10".
                   [Warning] Connector ignored: Could not find targetRPort of RPortInCompositionInstanceRef below AssemblySwConnector "/E40_Platform_System_SystemPackage/Compositions/E40_Platform_System/MemAbstract_Stub_Safe_BsConst_Temp_Threshold_Hysteresis_Derating_SafeNvM_BsConst_Temp_Threshold_Hysteresis_Derating_10".
                   [Warning] Connector ignored: Could not find targetRPort of RPortInCompositionInstanceRef below AssemblySwConnector "/E40_Platform_System_SystemPackage/Compositions/E40_Platform_System/MemAbstract_Stub_Safe_BsConst_Display_Illum_Max_Level_Safe_SafeNvM_BsConst_Display_Illum_Max_Level_Safe_10".
                   [Warning] Connector ignored: Could not find targetRPort of RPortInCompositionInstanceRef below AssemblySwConnector "/E40_Platform_System_SystemPackage/Compositions/E40_Platform_System/MemAbstract_Stub_Safe_BsConst_Lookup_Curve_HotSpot_Coef_Y_SafeNvM_BsConst_Lookup_Curve_HotSpot_Coef_Y_11".
                   [Warning] Connector ignored: Could not find targetRPort of RPortInCompositionInstanceRef below AssemblySwConnector "/E40_Platform_System_SystemPackage/Compositions/E40_Platform_System/MemAbstract_Stub_Safe_BsConst_BsConst_Illumination_ReservedByte_SafeNvM_BsConst_BsConst_Illumination_ReservedByte_11".
                   [Warning] Connector ignored: Could not find targetRPort of RPortInCompositionInstanceRef below AssemblySwConnector "/E40_Platform_System_SystemPackage/Compositions/E40_Platform_System/MemAbstract_Stub_Safe_BsConst_PCB_Temperature_Sensor_Conv_SafeNvM_BsConst_PCB_Temperature_Sensor_Conv_11".
                   [Warning] Connector ignored: Could not find targetRPort of RPortInCompositionInstanceRef below AssemblySwConnector "/E40_Platform_System_SystemPackage/Compositions/E40_Platform_System/MemAbstract_Stub_Safe_BsConst_Temperature_Sensor_Conv_SafeNvM_BsConst_Temperature_Sensor_Conv_11".
                   [Warning] Connector ignored: Could not find targetRPort of RPortInCompositionInstanceRef below AssemblySwConnector "/E40_Platform_System_SystemPackage/Compositions/E40_Platform_System/MemAbstract_Stub_Safe_BsConst_Lookup_Curve_HotSpot_Coef_X_SafeNvM_BsConst_Lookup_Curve_HotSpot_Coef_X_11".
                   [Warning] Connector ignored: Could not find targetRPort of RPortInCompositionInstanceRef below AssemblySwConnector "/E40_Platform_System_SystemPackage/Compositions/E40_Platform_System/MemAbstract_Stub_Safe_BsConst_Derating_Backlight_Disable_SafeNvM_BsConst_Derating_Backlight_Disable_11".
                   [Warning] Connector ignored: Could not find targetRPort of RPortInCompositionInstanceRef below AssemblySwConnector "/E40_Platform_System_SystemPackage/Compositions/E40_Platform_System/MemAbstract_Stub_Safe_BsConst_PWM_boost_bypass_duty_SafeNvM_BsConst_PWM_boost_bypass_duty_11".
                   [Warning] Connector ignored: Could not find targetRPort of RPortInCompositionInstanceRef below AssemblySwConnector "/E40_Platform_System_SystemPackage/Compositions/E40_Platform_System/MemAbstract_Stub_Safe_BsConst_Compensation_Line_Slope_m_SafeNvM_BsConst_Compensation_Line_Slope_m_11".
                   [Warning] Connector ignored: Could not find targetRPort of RPortInCompositionInstanceRef below AssemblySwConnector "/E40_Platform_System_SystemPackage/Compositions/E40_Platform_System/MemAbstract_Stub_Safe_BsConst_Compensation_Line_Shift_b_SafeNvM_BsConst_Compensation_Line_Shift_b_11".
                   [Warning] Connector ignored: Could not find targetRPort of RPortInCompositionInstanceRef below AssemblySwConnector "/E40_Platform_System_SystemPackage/Compositions/E40_Platform_System/MemAbstract_Stub_Safe_BsConst_Temp_Threshold_Hysteresis_Derating_SafeNvM_BsConst_Temp_Threshold_Hysteresis_Derating_11".
                   [Warning] Connector ignored: Could not find targetRPort of RPortInCompositionInstanceRef below AssemblySwConnector "/E40_Platform_System_SystemPackage/Compositions/E40_Platform_System/MemAbstract_Stub_Safe_BsConst_Display_Illum_Max_Level_Safe_SafeNvM_BsConst_Display_Illum_Max_Level_Safe_11".
                   [Warning] Connector ignored: Could not find targetRPort of RPortInCompositionInstanceRef below AssemblySwConnector "/E40_Platform_System_SystemPackage/Compositions/E40_Platform_System/MemAbstract_Stub_Safe_BsConst_Lookup_Curve_HotSpot_Coef_X_SafeNvM_BsConst_Lookup_Curve_HotSpot_Coef_X_12".
                   [Warning] Connector ignored: Could not find targetRPort of RPortInCompositionInstanceRef below AssemblySwConnector "/E40_Platform_System_SystemPackage/Compositions/E40_Platform_System/MemAbstract_Stub_Safe_BsConst_Display_Illum_Max_Level_Safe_SafeNvM_BsConst_Display_Illum_Max_Level_Safe_12".
                   [Warning] Connector ignored: Could not find targetRPort of RPortInCompositionInstanceRef below AssemblySwConnector "/E40_Platform_System_SystemPackage/Compositions/E40_Platform_System/MemAbstract_Stub_Safe_BsConst_PCB_Temperature_Sensor_Conv_SafeNvM_BsConst_PCB_Temperature_Sensor_Conv_12".
                   [Warning] Connector ignored: Could not find targetRPort of RPortInCompositionInstanceRef below AssemblySwConnector "/E40_Platform_System_SystemPackage/Compositions/E40_Platform_System/MemAbstract_Stub_Safe_BsConst_BsConst_Illumination_ReservedByte_SafeNvM_BsConst_BsConst_Illumination_ReservedByte_12".
                   [Warning] Connector ignored: Could not find targetRPort of RPortInCompositionInstanceRef below AssemblySwConnector "/E40_Platform_System_SystemPackage/Compositions/E40_Platform_System/MemAbstract_Stub_Safe_BsConst_Compensation_Line_Slope_m_SafeNvM_BsConst_Compensation_Line_Slope_m_12".
                   [Warning] Connector ignored: Could not find targetRPort of RPortInCompositionInstanceRef below AssemblySwConnector "/E40_Platform_System_SystemPackage/Compositions/E40_Platform_System/MemAbstract_Stub_Safe_BsConst_Lookup_Curve_HotSpot_Coef_Y_SafeNvM_BsConst_Lookup_Curve_HotSpot_Coef_Y_12".
                   [Warning] Connector ignored: Could not find targetRPort of RPortInCompositionInstanceRef below AssemblySwConnector "/E40_Platform_System_SystemPackage/Compositions/E40_Platform_System/MemAbstract_Stub_Safe_BsConst_PWM_boost_bypass_duty_SafeNvM_BsConst_PWM_boost_bypass_duty_12".
                   [Warning] Connector ignored: Could not find targetRPort of RPortInCompositionInstanceRef below AssemblySwConnector "/E40_Platform_System_SystemPackage/Compositions/E40_Platform_System/MemAbstract_Stub_Safe_BsConst_Temperature_Sensor_Conv_SafeNvM_BsConst_Temperature_Sensor_Conv_12".
                   [Warning] Connector ignored: Could not find targetRPort of RPortInCompositionInstanceRef below AssemblySwConnector "/E40_Platform_System_SystemPackage/Compositions/E40_Platform_System/MemAbstract_Stub_Safe_BsConst_Compensation_Line_Shift_b_SafeNvM_BsConst_Compensation_Line_Shift_b_12".
                   [Warning] Connector ignored: Could not find targetRPort of RPortInCompositionInstanceRef below AssemblySwConnector "/E40_Platform_System_SystemPackage/Compositions/E40_Platform_System/MemAbstract_Stub_Safe_BsConst_Derating_Backlight_Disable_SafeNvM_BsConst_Derating_Backlight_Disable_12".
                   [Warning] Connector ignored: Could not find targetRPort of RPortInCompositionInstanceRef below AssemblySwConnector "/E40_Platform_System_SystemPackage/Compositions/E40_Platform_System/MemAbstract_Stub_Safe_BsConst_Temp_Threshold_Hysteresis_Derating_SafeNvM_BsConst_Temp_Threshold_Hysteresis_Derating_12".
 09:58:01 - Action 'Align differences after successful update' started.
 09:58:05 - Action 'Align differences after successful update' successfully finished.
 09:58:05 - Action 'Clean up update data' started.
 09:58:05 - Action 'Clean up update data' successfully finished.
09:58:07 - Workflow 'Update workflow.' finished.
