Merge Key,File,﻿CID,Last Triage Comment
949e18839e8a5d33813c1d9228e95b38,"TRIAGED_VIEW_HONDA_MKRG_COV.csv
TRIAGED_VIEW_MMC_4P45_MY24_COV.csv","15292323
15292323","These warnings are of Speculative execution data leak type.
Since UI core components are not handling with any secret data, we can deviate this.
As per core team input, ignoring these warning as these can be deviated.
Mail dated 20th October 2022"
d034e7f00da3dbdd319d38642c44b0c4,TRIAGED_VIEW_HONDA_MKRG_COV.csv,15292322,"These warnings are of Speculative execution data leak type.
Since UI core components are not handling with any secret data, we can deviate this."
7cbf7af0631921fa7e089a1b8ddecdb6,"TRIAGED_VIEW_HONDA_MKRG_COV.csv
TRIAGED_VIEW_MMC_4P45_MY24_COV.csv","15292319
15292319","These warnings are of Speculative execution data leak type.
Since UI core components are not handling with any secret data, we can deviate this.
As per core team input, ignoring these warning as these can be deviated.
Mail dated 20th October 2022"
0619c99100f986699a2e7a48a56735a2,"TRIAGED_VIEW_HONDA_MKRG_COV.csv
TRIAGED_VIEW_MMC_4P45_MY24_COV.csv","15292318
15292318","These warnings are of Speculative execution data leak type.
Since UI core components are not handling with any secret data, we can deviate this.
As per core team input, ignoring these warning as these can be deviated.
Mail dated 20th October 2022"
9d77a22002280219e1036264fdf63ec7,TRIAGED_VIEW_HONDA_MKRG_COV.csv,15292316,"These warnings are of Speculative execution data leak type.
Since UI core components are not handling with any secret data, we can deviate this."
b5181f03d9bcb458045572d6c35c24b7,"TRIAGED_VIEW_HONDA_MKRG_COV.csv
TRIAGED_VIEW_MMC_4P45_MY24_COV.csv","15292315
15292315","These warnings are of Speculative execution data leak type.
Since UI core components are not handling with any secret data, we can deviate this.
As per core team input, ignoring these warning as these can be deviated.
Mail dated 20th October 2022"
e99bfd47280ae0e44fff7bdaa73a32cb,"TRIAGED_VIEW_HONDA_MKRG_COV.csv
TRIAGED_VIEW_TOYOTA_38XD_COV.csv","7451976
19709887","
hmi_gfx_anim_engine_set_frame calling places, we are checking for the valid anim id , so no issue"
c947d903d85fa7fcec558ef3e2f9b2b4,"TRIAGED_VIEW_HONDA_MKRG_COV.csv
TRIAGED_VIEW_RE_KCLUSTER_COV.csv
TRIAGED_VIEW_TOYOTA_38XD_COV.csv","7421653
10750738
19622295","
valid menu id will be passed from the calling functions, so no issue in indexing using it 

menu id is validated and passed in the calling places, so no issue"
0e3edd218a658e09843d1f0c17fda721,"TRIAGED_VIEW_HONDA_MKRG_COV.csv
TRIAGED_VIEW_RE_KCLUSTER_COV.csv
TRIAGED_VIEW_TOYOTA_38XD_COV.csv","7421646
10749783
19374807","
valid layer id will be indexed here, since logic state is valided, so no issue in indexing lc_lsh_dpm_config_SA which is autogenerated

fl_state_conf_SP-.layer id is referenced from autogenerated code which will be less than configured LSH_NUMBER_OF_LAYERS , so no issue"
7fef0b5006c2c7c726ee15e1af462fd6,"TRIAGED_VIEW_HONDA_MKRG_COV.csv
TRIAGED_VIEW_RE_KCLUSTER_COV.csv
TRIAGED_VIEW_TOYOTA_38XD_COV.csv","7421645
10750147
19400868","
valid message id will be returned from  function, so no issue in indexing using it 

seq_FindFirstIndex will return a valid index to index in queue, so no issue"
35b989f86dd8bd86dc7a494ca0a9efcf,"TRIAGED_VIEW_HONDA_MKRG_COV.csv
TRIAGED_VIEW_RE_KCLUSTER_COV.csv
TRIAGED_VIEW_TOYOTA_38XD_COV.csv","7421634
10750727
19400823","
valid message id will be passed from calling function, so no issue in indexing using it 

"
c0a3b9115d53031cb7af89ef110d8f87,"TRIAGED_VIEW_HONDA_MKRG_COV.csv
TRIAGED_VIEW_RE_KCLUSTER_COV.csv
TRIAGED_VIEW_TOYOTA_38XD_COV.csv","7421625
10749588
19622236","
valid menu id will be passed from the calling functions, so no issue in indexing using it 

menu_id < TOTAL_MENU_ID check is done before calling this function so no issue"
6c8024ed3c785995f16c635e8b3144ef,"TRIAGED_VIEW_HONDA_MKRG_COV.csv
TRIAGED_VIEW_RE_KCLUSTER_COV.csv
TRIAGED_VIEW_TOYOTA_38XD_COV.csv","7421621
10978577
19400867","

as per the if check i <= endIndex, a valid entry will be returned, so no issue in indexing the messageList with a valid index"
7429525ab94998c093b01ebbe6d84850,"TRIAGED_VIEW_HONDA_MKRG_COV.csv
TRIAGED_VIEW_RE_KCLUSTER_COV.csv
TRIAGED_VIEW_TOYOTA_38XD_COV.csv","7421615
10750880
19622325","
menu id is validated and passed from the calling function, so no impact
Menu id is autogenerated, so no issue"
48cdf47f2495416abf2062a92a7f15ee,"TRIAGED_VIEW_HONDA_MKRG_COV.csv
TRIAGED_VIEW_RE_KCLUSTER_COV.csv
TRIAGED_VIEW_TOYOTA_38XD_COV.csv","7421611
10750488
19374809","
layer id is validated , so no issue in indexing using it. also logic state is also validated. 
fl_state_conf_SP-.layer id is referenced from autogenerated code which will be less than configured LSH_NUMBER_OF_LAYERS , so no issue"
25fa8e741153255de8172b732e23b398,"TRIAGED_VIEW_HONDA_MKRG_COV.csv
TRIAGED_VIEW_RE_KCLUSTER_COV.csv
TRIAGED_VIEW_TOYOTA_38XD_COV.csv","7421603
10749593
19622234","
valid menu id will be passed from the calling functions, so no issue in indexing using it 

hmi_menu_logic_get_menu_inst_no will be called in this flow before reaching this function which validates menu id < number of menus, so no issue"
2513a1c479722cd25edce7a943553045,"TRIAGED_VIEW_HONDA_MKRG_COV.csv
TRIAGED_VIEW_RE_KCLUSTER_COV.csv
TRIAGED_VIEW_TOYOTA_38XD_COV.csv","7421599
10749953
19400819","
valid message id will be passed from calling function, so no issue in indexing using it 

seq_FindActiveMessage wil be called only if there is any other active message alone, hence the seq_categories will always have a valid message. indexing using that id will not cause any issue"
b18aafad9df2321b7ccebb04272fde2b,TRIAGED_VIEW_HONDA_MKRG_COV.csv,7421561,
9bf00ae88030871b68a3243f8a58fcf9,"TRIAGED_VIEW_HONDA_MKRG_COV.csv
TRIAGED_VIEW_RE_KCLUSTER_COV.csv
TRIAGED_VIEW_TOYOTA_38XD_COV.csv","7421557
10749777
19374779","
valid layer id will be indexed here, since logic state is valided, so no issue in indexing lc_lsh_dpm_config_SA which is autogenerated

fl_state_conf_SP-.layer id is referenced from autogenerated code which will be less than configured LSH_NUMBER_OF_LAYERS , so no issue"
9c23f182477c86c42f8453e8e10f33e9,"TRIAGED_VIEW_HONDA_MKRG_COV.csv
TRIAGED_VIEW_RE_KCLUSTER_COV.csv
TRIAGED_VIEW_TOYOTA_38XD_COV.csv","7421548
10750699
19400814","

thisIndex will hold a value from the queue since the while has passed, so indexing with that message ID will not cause any issue"
88d74d1851db44158ab918b0a2bfb706,"TRIAGED_VIEW_HONDA_MKRG_COV.csv
TRIAGED_VIEW_RE_KCLUSTER_COV.csv
TRIAGED_VIEW_TOYOTA_38XD_COV.csv","7421545
10749564
19374581","
 if (p_logic_state_id_U8 < (LSH_STATE_ID_T)LSH_NUMBER_OF_LOGIC_STATES) check prevents this issue from happening
fl_state_conf_SP-.layer id is referenced from autogenerated code which will be less than configured LSH_NUMBER_OF_LAYERS , so no issue"
c9ada9c37dfa7c757074208f42041e97,"TRIAGED_VIEW_HONDA_MKRG_COV.csv
TRIAGED_VIEW_RE_KCLUSTER_COV.csv
TRIAGED_VIEW_TOYOTA_38XD_COV.csv","7421442
10750690
19400813","
valid message id will be passed from calling function, so no issue in indexing using it 

msg_StoreAdd will be invoked with a valid message ID that is autogenerated, so no issue"
ceb24ff9a1fc715635fa25894d3932d0,TRIAGED_VIEW_HONDA_MKRG_COV.csv,7421418,
ebeaf29f976c6f5415119f6d91b83d52,"TRIAGED_VIEW_HONDA_MKRG_COV.csv
TRIAGED_VIEW_RE_KCLUSTER_COV.csv
TRIAGED_VIEW_TOYOTA_38XD_COV.csv","7421415
10750466
19374745","
since layer id and state is validated, no issue in indexing the priority information that are autogenerated 
priority is autogenerated , since layer id is validated no issue in indexing using that"
211ca6d7972d27c33ef38527621b5b62,"TRIAGED_VIEW_HONDA_MKRG_COV.csv
TRIAGED_VIEW_RE_KCLUSTER_COV.csv
TRIAGED_VIEW_TOYOTA_38XD_COV.csv","7421392
10749929
19622290","
valid menu id will be passed from the calling functions, so no issue in indexing using it 

menu id is validated and passed in the calling places, so no issue"
2f8e71793a025a081fc00f22bbd0060f,"TRIAGED_VIEW_HONDA_MKRG_COV.csv
TRIAGED_VIEW_RE_KCLUSTER_COV.csv
TRIAGED_VIEW_TOYOTA_38XD_COV.csv","7421345
10750278
19374564","
valid layer id will be indexed here, since logic state is valided, so no issue in indexing lc_lsh_dpm_config_SA which is autogenerated

fl_state_conf_SP-.layer id is referenced from autogenerated code which will be less than configured LSH_NUMBER_OF_LAYERS , so no issue"
fb853ceaaa536930d84da4b67cb7ac00,"TRIAGED_VIEW_HONDA_MKRG_COV.csv
TRIAGED_VIEW_RE_KCLUSTER_COV.csv
TRIAGED_VIEW_TOYOTA_38XD_COV.csv","7421312
10750823
19400855","

Queue atlease has 1 message to enter the for loop, so no issue in indexing using valid entry"
08455c32cf669e17cd4c21590f014762,"TRIAGED_VIEW_HONDA_MKRG_COV.csv
TRIAGED_VIEW_RE_KCLUSTER_COV.csv
TRIAGED_VIEW_TOYOTA_38XD_COV.csv","7421294
10750667
19400810","
valid message id will be passed from calling function, so no issue in indexing using it 

startIndex wil hold a valid value from categories, so no issue"
12bf2547755aceb98459add031e78034,"TRIAGED_VIEW_HONDA_MKRG_COV.csv
TRIAGED_VIEW_RE_KCLUSTER_COV.csv
TRIAGED_VIEW_TOYOTA_38XD_COV.csv","7421275
10750260
19374528","
valid layer id will be indexed here, since logic state is valided, so no issue in indexing lc_lsh_dpm_config_SA which is autogenerated

fl_state_conf_SP-.layer id is referenced from autogenerated code which will be less than configured LSH_NUMBER_OF_LAYERS , so no issue"
c4e51bba82c18aa6a62cb688577e20b3,"TRIAGED_VIEW_HONDA_MKRG_COV.csv
TRIAGED_VIEW_RE_KCLUSTER_COV.csv
TRIAGED_VIEW_TOYOTA_38XD_COV.csv","7421267
10749720
19622258","
valid menu id will be passed from the calling functions, so no issue in indexing using it 

menu id is validated from the calling functions, so no issue"
0f5577b923dd1f0675694c3d27da7910,"TRIAGED_VIEW_HONDA_MKRG_COV.csv
TRIAGED_VIEW_RE_KCLUSTER_COV.csv
TRIAGED_VIEW_TOYOTA_38XD_COV.csv","7421256
10749906
19400807","
valid message id is returned, so no issue in indexing the queue using it

 seq_FindNextIndex will return a valid index, so no issue"
c544ed1e1924f83bc790f541b9f2eb8e,"TRIAGED_VIEW_HONDA_MKRG_COV.csv
TRIAGED_VIEW_RE_KCLUSTER_COV.csv
TRIAGED_VIEW_TOYOTA_38XD_COV.csv","7421234
10749729
19374735","
valid layer id will be indexed here, since logic state is valided, so no issue in indexing lc_lsh_dpm_config_SA which is autogenerated

fl_state_conf_SP-.layer id is referenced from autogenerated code which will be less than configured LSH_NUMBER_OF_LAYERS , so no issue"
d874115573e85ad4d5e029347b47e4b8,"TRIAGED_VIEW_HONDA_MKRG_COV.csv
TRIAGED_VIEW_RE_KCLUSTER_COV.csv
TRIAGED_VIEW_TOYOTA_38XD_COV.csv","7421169
10750808
19622315","
menu id is validated and passed from the calling functions whether it is less than TOTAL_MENU_ID, so no impact
p_menu_cntrl_ptr->menu_id is checked and passed within the bounds , so no issue"
b5ab42866ccbf0eed600de9b9feac7bf,"TRIAGED_VIEW_HONDA_MKRG_COV.csv
TRIAGED_VIEW_RE_KCLUSTER_COV.csv
TRIAGED_VIEW_TOYOTA_38XD_COV.csv","7421162
10750804
19622314","
A valid fl_menu_entry is validated and assigned to fl_pre_deact_menu_t.focus_entry_U16 . so no issue in indexing using it 
Menu is checked and passed within the bounds from calling function, so out of bounds will not happen"
7a00adac80fec2b2b3b7627d5912dade,"TRIAGED_VIEW_HONDA_MKRG_COV.csv
TRIAGED_VIEW_RE_KCLUSTER_COV.csv
TRIAGED_VIEW_TOYOTA_38XD_COV.csv","7421157
10750803
19375138","
valid layer id will be indexed here, since logic state is valided, so no issue in indexing lc_lsh_dpm_config_SA which is autogenerated

l_state_conf_SP->layer_id is a valid layer hence the priority of the layer is fetched from autogenerated file, so there is no issue "
8b8e94834b0d11c5b0b65e3b37f68e54,"TRIAGED_VIEW_HONDA_MKRG_COV.csv
TRIAGED_VIEW_RE_KCLUSTER_COV.csv
TRIAGED_VIEW_TOYOTA_38XD_COV.csv","7421155
10750069
19622313","
valid menu id will be passed from the calling functions, so no issue in indexing using it 

Menu is is validated before indexing, so no issue"
0796d69fe2f39206014d8e234c9a1832,"TRIAGED_VIEW_HONDA_MKRG_COV.csv
TRIAGED_VIEW_RE_KCLUSTER_COV.csv
TRIAGED_VIEW_TOYOTA_38XD_COV.csv","7421142
10750604
19400801","
valid message id will be passed from calling function, so no issue in indexing using it 

stor_FindFirstIndex returns valid value of index, so no issue"
a9e449b3f5def5f93f60e6af213ba689,"TRIAGED_VIEW_HONDA_MKRG_COV.csv
TRIAGED_VIEW_RE_KCLUSTER_COV.csv
TRIAGED_VIEW_TOYOTA_38XD_COV.csv","7421137
10750410
19622252","
menu id is validated and passed from calling functions, so no issue
hmi_menu_logic_get_menu_inst_no will be called in this flow before reaching this function which validates menu id < number of menus, so no issue"
b738da1dfea4c8a53af773db8b2eff7f,"TRIAGED_VIEW_HONDA_MKRG_COV.csv
TRIAGED_VIEW_RE_KCLUSTER_COV.csv
TRIAGED_VIEW_TOYOTA_38XD_COV.csv","7421129
10750409
19622253","
menu id is validated and passed from calling functions, so no issue 
valid menu id will be passed through hmi_menu_logic_process_menu_action , so no issue"
ba0c0208f15862fe4b29e1de64a7323d,"TRIAGED_VIEW_HONDA_MKRG_COV.csv
TRIAGED_VIEW_RE_KCLUSTER_COV.csv
TRIAGED_VIEW_TOYOTA_38XD_COV.csv","7421098
10750848
19622316","
l_menu_id_U8 < TOTAL_MENU_ID ensures a valid menu id is used in hmi_menu_logic_get_menu_inst_no to dereference hmi_menu_const_struct_array_table. so no impact in indexing the instance number. it will be a valid one
fl_current_focus_inst_U8 will hold value within NB_OF_MENU_INSTANCE. so indexing l_menu_instance_array will not be an issue "
6d88847e8e79da21210a14ec0106f514,"TRIAGED_VIEW_HONDA_MKRG_COV.csv
TRIAGED_VIEW_RE_KCLUSTER_COV.csv
TRIAGED_VIEW_TOYOTA_38XD_COV.csv","7421067
10750832
19400851","
valid message id will be passed from calling function, so no issue in indexing using it 

Message ID is passed using the index autogenerated, so no issue in using that"
28fb3573fd800b0f6b879f84ab40970b,"TRIAGED_VIEW_HONDA_MKRG_COV.csv
TRIAGED_VIEW_RE_KCLUSTER_COV.csv
TRIAGED_VIEW_TOYOTA_38XD_COV.csv","7421061
10749887
19374935","
valid layer id will be indexed here, since logic state is valided, so no issue in indexing lc_lsh_dpm_config_SA which is autogenerated

id will be taken from autogenerated code, so no issue"
3d945b1e12be7a7a60ec07935d34fccc,"TRIAGED_VIEW_HONDA_MKRG_COV.csv
TRIAGED_VIEW_RE_KCLUSTER_COV.csv
TRIAGED_VIEW_TOYOTA_38XD_COV.csv","7421047
10749876
19622282","
valid menu id will be passed from the calling functions, so no issue in indexing using it 

menu id is validated and passed in the calling places, so no issue"
9f57c961d82845f28efb05961689b950,"TRIAGED_VIEW_HONDA_MKRG_COV.csv
TRIAGED_VIEW_RE_KCLUSTER_COV.csv
TRIAGED_VIEW_TOYOTA_38XD_COV.csv","7421004
10750244
19400725","
valid message id will be passed from calling function, so no issue in indexing using it 

iMessage will hold a valid value from the store list since the for loop is executed (fl_index < STOR_LAST_INDEX). hence valid index will be in the store queue"
909875194fd7c9b66cf250e722c7531c,"TRIAGED_VIEW_HONDA_MKRG_COV.csv
TRIAGED_VIEW_RE_KCLUSTER_COV.csv
TRIAGED_VIEW_TOYOTA_38XD_COV.csv","7420988
10978576
19400849","
MessageID is validated to be less than MSG_NUM_MESSAGES. So top message wil hold a valid ID. no impact
fl_ValidTopMessageID is validated before the if check , so issue in indexing the queue using a valid index"
14292dc0fb432ed9090a937d9ab0bb52,"TRIAGED_VIEW_HONDA_MKRG_COV.csv
TRIAGED_VIEW_RE_KCLUSTER_COV.csv
TRIAGED_VIEW_TOYOTA_38XD_COV.csv","7420959
10750047
19622311","
valid menu id will be passed from the calling functions, so no issue in indexing using it 

Menu is is validated before indexing. so no issue"
6b643de97ac3e72081b1b982e7a6bbde,"TRIAGED_VIEW_HONDA_MKRG_COV.csv
TRIAGED_VIEW_RE_KCLUSTER_COV.csv
TRIAGED_VIEW_TOYOTA_38XD_COV.csv","7420945
10750386
19374697","

fl_state_conf_SP-.layer id is referenced from autogenerated code which will be less than configured LSH_NUMBER_OF_LAYERS , so no issue"
f9a30f45e4377931ffa14d965fa1ea67,"TRIAGED_VIEW_HONDA_MKRG_COV.csv
TRIAGED_VIEW_RE_KCLUSTER_COV.csv","7420942
10750381","
valid index will be returned from hmi_menu_logic_get_next_free_absl_index so no impact"
d9117b40d51c30f3a2c6e66a6d2172a1,"TRIAGED_VIEW_HONDA_MKRG_COV.csv
TRIAGED_VIEW_RE_KCLUSTER_COV.csv
TRIAGED_VIEW_TOYOTA_38XD_COV.csv","7420940
10749490
19400721","
stor_FindPreviousIndex validates and returns a valid index, so no issue 
stor_FindPreviousIndex will return an index between start and 0 so no issue in indexing the message list "
1aeb8d137758e8c57961cd9712e5f4bf,"TRIAGED_VIEW_HONDA_MKRG_COV.csv
TRIAGED_VIEW_RE_KCLUSTER_COV.csv
TRIAGED_VIEW_TOYOTA_38XD_COV.csv","7420919
10978574
19400792","

ID is fetched from queue, not an issue"
2e2d43f0b4246abae8f0d5a340ad9471,"TRIAGED_VIEW_HONDA_MKRG_COV.csv
TRIAGED_VIEW_RE_KCLUSTER_COV.csv
TRIAGED_VIEW_TOYOTA_38XD_COV.csv","7420888
10750787
19400840","
valid message id will be passed from calling function, so no issue in indexing using it 

with this check i < SEQ_LAST_INDEX, queue will hold atleast one valid entry of message id, so  iMessage will always be valid"
25372a3bdad75334b7ce32ac090c88be,"TRIAGED_VIEW_HONDA_MKRG_COV.csv
TRIAGED_VIEW_RE_KCLUSTER_COV.csv
TRIAGED_VIEW_TOYOTA_38XD_COV.csv","7420881
10749476
19400719","
 STOR_LAST_INDEX != 0 indicates there is atleast one valid element in the queue, so no issue in indexing it
aMessage ID is fetched from the queue which will hold ids from the autogenerated list alone, so no issue in indexing with that ID"
0157f0cde674512f556656612aba838c,"TRIAGED_VIEW_HONDA_MKRG_COV.csv
TRIAGED_VIEW_RE_KCLUSTER_COV.csv
TRIAGED_VIEW_TOYOTA_38XD_COV.csv","7420878
10750373
19622246","
valid menu id will be passed from the calling functions, so no issue in indexing using it 

menu_id < TOTAL_MENU_ID check is done before calling this function so no issue"
ff88585943adfcae7ac520c144261ffc,"TRIAGED_VIEW_HONDA_MKRG_COV.csv
TRIAGED_VIEW_RE_KCLUSTER_COV.csv
TRIAGED_VIEW_TOYOTA_38XD_COV.csv","7420866
10749820
19622275","
valid menu id will be passed from the calling functions, so no issue in indexing using it 

menu id is validated in the calling function, so no issue"
ced7e2d2479c283a110c6920823fa238,"TRIAGED_VIEW_HONDA_MKRG_COV.csv
TRIAGED_VIEW_RE_KCLUSTER_COV.csv
TRIAGED_VIEW_TOYOTA_38XD_COV.csv","7420833
10749499
19622224","
valid menu id will be passed from the calling functions, so no issue in indexing using it 
hmi_menu_logic_get_menu_inst_no will be called in this flow to validate the menu id to be less than TOTAL_MENU_ID, so no issue, "
fae4fc2ed4c8ba25fa5de26c58711ff3,"TRIAGED_VIEW_HONDA_MKRG_COV.csv
TRIAGED_VIEW_RE_KCLUSTER_COV.csv","7420814
10750762","
Old index will be looped only for valid menu entries, hence the new index will also be less than HMI_MAX_MENU_ITEMS. so no issue in indexing it"
cfbf6aaffec7d3919614863abded2c7c,"TRIAGED_VIEW_HONDA_MKRG_COV.csv
TRIAGED_VIEW_TOYOTA_38XD_COV.csv","7420771
19400843","
i < (UINT32)MSG_NUM_MESSAGE_CATEGORIES; if this check is satisfied then seq_Categories will return a valid value of message index so, no issue in addressing the queue with a valid index"
63eee3f4f6a48c6f1dedef15d9fcf4cf,"TRIAGED_VIEW_HONDA_MKRG_COV.csv
TRIAGED_VIEW_RE_KCLUSTER_COV.csv
TRIAGED_VIEW_TOYOTA_38XD_COV.csv","7420767
10749811
19400794","
valid message id will be passed from calling function, so no issue in indexing using it 

index is checked for valid value in the seq_findFirstIndex so no issue"
714d4a0859be7bf7250d476f42bbe3c2,TRIAGED_VIEW_HONDA_MKRG_COV.csv,7420755,
13096a3e0f2701795646c8387b114968,"TRIAGED_VIEW_HONDA_MKRG_COV.csv
TRIAGED_VIEW_RE_KCLUSTER_COV.csv
TRIAGED_VIEW_TOYOTA_38XD_COV.csv","7420721
10749674
19374658","
valid layer id will be indexed here, since logic state is valided, so no issue in indexing using it

fl_state_conf_SP-.layer id is referenced from autogenerated code which will be less than configured LSH_NUMBER_OF_LAYERS , so no issue"
22b5a8da1d1a233005b88741f2bccb69,"TRIAGED_VIEW_HONDA_MKRG_COV.csv
TRIAGED_VIEW_RE_KCLUSTER_COV.csv
TRIAGED_VIEW_TOYOTA_38XD_COV.csv","7420714
10750580
19709909","
frame id is fetched from autogenerated struct,so no issue
Frame count is taken from autogenerated code, so no issue"
71a9f07040340dba3a4381aed4510690,"TRIAGED_VIEW_HONDA_MKRG_COV.csv
TRIAGED_VIEW_RE_KCLUSTER_COV.csv
TRIAGED_VIEW_TOYOTA_38XD_COV.csv","7420686
10750560
19622272","
valid menu id will be passed from the calling functions, so no issue in indexing using it 

menu id is validated in the calling function, so no issue"
7c2b0b91176dea3e038bdb71570e52a0,"TRIAGED_VIEW_HONDA_MKRG_COV.csv
TRIAGED_VIEW_RE_KCLUSTER_COV.csv
TRIAGED_VIEW_TOYOTA_38XD_COV.csv","7420671
10750357
19374640","
valid layer id will be indexed here, since logic state is valided, so no issue in indexing lc_lsh_dpm_config_SA which is autogenerated

fl_state_conf_SP-.layer id is referenced from autogenerated code which will be less than configured LSH_NUMBER_OF_LAYERS , so no issue"
c34865330664a6f45dc6a775b53b05af,"TRIAGED_VIEW_HONDA_MKRG_COV.csv
TRIAGED_VIEW_RE_KCLUSTER_COV.csv
TRIAGED_VIEW_TOYOTA_38XD_COV.csv","7420633
10750557
19400789","
valid message id will be passed from calling function, so no issue in indexing using it 

ID is passed and checked from calling function"
e693552d467877d596332a3e0ff739a3,"TRIAGED_VIEW_HONDA_MKRG_COV.csv
TRIAGED_VIEW_RE_KCLUSTER_COV.csv
TRIAGED_VIEW_TOYOTA_38XD_COV.csv","7420621
10750170
19622217","
valid menu id will be passed from the calling functions, so no issue in indexing using it 

Valid menu id will reach here, in the calling places menu id will be validated and passed, so no issue"
ac3b190a256e610174ec2888dc2e05de,"TRIAGED_VIEW_HONDA_MKRG_COV.csv
TRIAGED_VIEW_RE_KCLUSTER_COV.csv
TRIAGED_VIEW_TOYOTA_38XD_COV.csv","7420617
10749633
19400754","
 while (thisIndex < endIndex) indicates there is atleast one valid message in the queue, so no issue 
aMessage will hold a valid index from the store queue. so no issue"
981bf228491b9970e506c3ef411b8871,"TRIAGED_VIEW_HONDA_MKRG_COV.csv
TRIAGED_VIEW_RE_KCLUSTER_COV.csv
TRIAGED_VIEW_TOYOTA_38XD_COV.csv","7420612
10750796
19375084","
priority is fetched from a valid layer id , so no issue in indexing using it
priority is autogenerated, since layer is is validated, priority also will be valid so no issue in using it "
7fa85407b972e09ce0b4048139dc9f33,"TRIAGED_VIEW_HONDA_MKRG_COV.csv
TRIAGED_VIEW_RE_KCLUSTER_COV.csv
TRIAGED_VIEW_TOYOTA_38XD_COV.csv","7420582
10749989
19622299","
valid menu id will be passed from the calling functions, so no issue in indexing using it 

menu id is validated and passed in the calling places, so no issue"
d870bd4378f62a56d435afee4ec14a71,"TRIAGED_VIEW_HONDA_MKRG_COV.csv
TRIAGED_VIEW_TOYOTA_38XD_COV.csv","7420577
19400788","
Valid index will be fetched from the queue"
94e50e17c0fb5064f55bd74fbcedd134,"TRIAGED_VIEW_HONDA_MKRG_COV.csv
TRIAGED_VIEW_RE_KCLUSTER_COV.csv
TRIAGED_VIEW_TOYOTA_38XD_COV.csv","7420527
10749473
19374421","
valid layer has valid priority, so no issue with generated data 
indexing is done using prirotiy of a valid layer, no issue in it because priority is auto generated"
6f57e6180556e9b7f39eaae81e48f84c,"TRIAGED_VIEW_HONDA_MKRG_COV.csv
TRIAGED_VIEW_RE_KCLUSTER_COV.csv
TRIAGED_VIEW_TOYOTA_38XD_COV.csv","7420515
10750747
19622298","
valid menu id will be passed from the calling functions, so no issue in indexing using it 

menu id is validated and passed in the calling places, so no issue"
acfc8be20eb8e6b35b33008f2f9afdc7,"TRIAGED_VIEW_HONDA_MKRG_COV.csv
TRIAGED_VIEW_RE_KCLUSTER_COV.csv
TRIAGED_VIEW_TOYOTA_38XD_COV.csv","7420508
10750160
19622215","
valid menu id will be passed from the calling functions, so no issue in indexing using it 

menu id is validated and passed to this function, so no issue in indexing it"
89b842b65e1e0c02dd4446f469bec72c,"TRIAGED_VIEW_HONDA_MKRG_COV.csv
TRIAGED_VIEW_RE_KCLUSTER_COV.csv
TRIAGED_VIEW_TOYOTA_38XD_COV.csv","7420484
10749465
19400709","
i < SEQ_LAST_INDEX will prevent this issue from happening
Message id returned will be fetched from the autogenerated list, so no issue in indexing it"
f3e8372e186c245317304f6fa2898b40,"TRIAGED_VIEW_HONDA_MKRG_COV.csv
TRIAGED_VIEW_RE_KCLUSTER_COV.csv
TRIAGED_VIEW_TOYOTA_38XD_COV.csv","7420477
10749795
19400786","
fl_index < STOR_LAST_INDEX prevents this issue from happening
iMessage not possible to be out of bounds since valid index returned from store queue"
8bf980d3585d70c206ca9e99a4e5eade,"TRIAGED_VIEW_HONDA_MKRG_COV.csv
TRIAGED_VIEW_RE_KCLUSTER_COV.csv
TRIAGED_VIEW_TOYOTA_38XD_COV.csv","7420466
10749976
19375049","
valid layer id will be indexed here, since logic state is valided, so no issue in indexing lc_lsh_dpm_config_SA which is autogenerated

fl_state_conf_SP->layer_id] will be < LSH_NUMBER_OF_LAYERS since the layer id is from autogen code so no issues"
8e2360d34ec9395c875af756072ff70f,"TRIAGED_VIEW_HONDA_MKRG_COV.csv
TRIAGED_VIEW_RE_KCLUSTER_COV.csv
TRIAGED_VIEW_TOYOTA_38XD_COV.csv","7420434
10750537
19374831","
layer id is validated, logic state is also validated, hence referencing lc_lsh_dpm_config_SA autogen struct will not have any issue 
fl_state_conf_SP-.layer id is referenced from autogenerated code which will be less than configured LSH_NUMBER_OF_LAYERS , so no issue"
fffd122d97dec65919ad0535431ddb32,"TRIAGED_VIEW_HONDA_MKRG_COV.csv
TRIAGED_VIEW_RE_KCLUSTER_COV.csv
TRIAGED_VIEW_TOYOTA_38XD_COV.csv","7420424
10750519
19400783","
valid message id will be passed from calling function, so no issue in indexing using it 

 iMessage will hold a valid index from the store queue since fl_index is validated"
e83edb3414b079a8f346efb0320fb1f2,"TRIAGED_VIEW_HONDA_MKRG_COV.csv
TRIAGED_VIEW_RE_KCLUSTER_COV.csv
TRIAGED_VIEW_TOYOTA_38XD_COV.csv","7420397
10750516
19400782","
Message ID is validated and passed to this function, so no issue in indexing it 
Valid index will be passed to seq_RemoveMessage for removal from calling function. so no issue"
2532b9147669d7e6df59a967734c82c9,"TRIAGED_VIEW_HONDA_MKRG_COV.csv
TRIAGED_VIEW_RE_KCLUSTER_COV.csv
TRIAGED_VIEW_TOYOTA_38XD_COV.csv","7420385
10750151
19622212","
valid menu id will be passed from the calling functions, so no issue in indexing using it 

In calling places of hmi_menu_logic_MenuDataAvailable, the menu id is validated so no issue in indexing it "
99fc49957e254c94c7e99d21a758ab1e,"TRIAGED_VIEW_HONDA_MKRG_COV.csv
TRIAGED_VIEW_MMC_4P45_MY24_COV.csv
TRIAGED_VIEW_RE_KCLUSTER_COV.csv
TRIAGED_VIEW_TOYOTA_38XD_COV.csv","5677989
5677989
10978564
19400863","
As per core team input, ignoring these warning as these can be deviated.
Mail dated 20th October 2022
No cyber security requirment for this program
Third party monotype library files, thus ignoring for now"
2e02e1361eb8dd5751622d5f6edf22dd,"TRIAGED_VIEW_HONDA_MKRG_COV.csv
TRIAGED_VIEW_MMC_4P45_MY24_COV.csv
TRIAGED_VIEW_RE_KCLUSTER_COV.csv
TRIAGED_VIEW_TOYOTA_38XD_COV.csv","5677941
5677941
10978557
19400771","
As per core team input, ignoring these warning as these can be deviated.
Mail dated 20th October 2022
No cyber security requirment for this program
Third party monotype library files, thus ignoring for now"
8b8a853065ad92997725538473d9d933,"TRIAGED_VIEW_HONDA_MKRG_COV.csv
TRIAGED_VIEW_MMC_4P45_MY24_COV.csv
TRIAGED_VIEW_RE_KCLUSTER_COV.csv
TRIAGED_VIEW_TOYOTA_38XD_COV.csv","5677702
5677702
10978568
19400763","
As per core team input, ignoring these warning as these can be deviated.
Mail dated 20th October 2022
No cyber security requirment for this program
Third party monotype library files, thus ignoring for now"
4e201aadce05d136602bf5cd98ee0746,"TRIAGED_VIEW_HONDA_MKRG_COV.csv
TRIAGED_VIEW_MMC_4P45_MY24_COV.csv
TRIAGED_VIEW_RE_KCLUSTER_COV.csv
TRIAGED_VIEW_TOYOTA_38XD_COV.csv","5676926
5676926
10978573
19400791","
As per core team input, ignoring these warning as these can be deviated.
Mail dated 20th October 2022
No cyber security requirment for this program
Third party monotype library files, thus ignoring for now"
902f045d3b03ea0f5df3860c1b769c2b,TRIAGED_VIEW_HONDA_MKRG_COV.csv,5631378,
6980399f8578c2c174e77f104a059946,TRIAGED_VIEW_HONDA_MKRG_COV.csv,5625119,
931a96fb100a3c10c4595ade961c64ca,"TRIAGED_VIEW_HONDA_MKRG_COV.csv
TRIAGED_VIEW_MMC_4P45_MY24_COV.csv
TRIAGED_VIEW_RE_KCLUSTER_COV.csv
TRIAGED_VIEW_TOYOTA_38XD_COV.csv","3567442
3567442
10724362
19400776","
As per core team input, ignoring these warning as these can be deviated.
Mail dated 20th October 2022
No cyber security requirment for this program
Third party monotype library files, thus ignoring for now"
5b508f9ebc3189512c8f72208eb0ddd4,"TRIAGED_VIEW_HONDA_MKRG_COV.csv
TRIAGED_VIEW_MMC_4P45_MY24_COV.csv
TRIAGED_VIEW_RE_KCLUSTER_COV.csv
TRIAGED_VIEW_TOYOTA_38XD_COV.csv","3567424
3567424
10725296
19400856","
As per core team input, ignoring these warning as these can be deviated.
Mail dated 20th October 2022
No cyber security requirment for this program
Third party monotype library files, thus ignoring for now"
411d163c672805a81362c20267dfa4c3,"TRIAGED_VIEW_HONDA_MKRG_COV.csv
TRIAGED_VIEW_MMC_4P45_MY24_COV.csv
TRIAGED_VIEW_RE_KCLUSTER_COV.csv
TRIAGED_VIEW_TOYOTA_38XD_COV.csv","3567407
3567407
10724344
19622264","
As per core team input, ignoring these warning as these can be deviated.
Mail dated 20th October 2022

UI core components are not holding or handling with any secret data.
"
ca26969762846d99e3a1a3deb22d7edf,"TRIAGED_VIEW_HONDA_MKRG_COV.csv
TRIAGED_VIEW_MMC_4P45_MY24_COV.csv
TRIAGED_VIEW_RE_KCLUSTER_COV.csv
TRIAGED_VIEW_TOYOTA_38XD_COV.csv","3567350
3567350
10724237
19400766","
As per core team input, ignoring these warning as these can be deviated.
Mail dated 20th October 2022
No cyber security requirment for this program
Third party monotype library files, thus ignoring for now"
8847521b6af07f49b9e8c65182ccbb2e,"TRIAGED_VIEW_HONDA_MKRG_COV.csv
TRIAGED_VIEW_MMC_4P45_MY24_COV.csv
TRIAGED_VIEW_RE_KCLUSTER_COV.csv
TRIAGED_VIEW_TOYOTA_38XD_COV.csv","3567204
3567204
10723965
19400748","
As per core team input, ignoring these warning as these can be deviated.
Mail dated 20th October 2022
No cyber security requirment for this program
Third party monotype library files, thus ignoring for now"
869c51a1a52237771b5bcddaf48440cc,"TRIAGED_VIEW_HONDA_MKRG_COV.csv
TRIAGED_VIEW_MMC_4P45_MY24_COV.csv
TRIAGED_VIEW_RE_KCLUSTER_COV.csv
TRIAGED_VIEW_TOYOTA_38XD_COV.csv","3567169
3567169
10724932
19400820","
As per core team input, ignoring these warning as these can be deviated.
Mail dated 20th October 2022
No cyber security requirment for this program
Third party monotype library files, thus ignoring for now"
379cbaf6a7b63db3ca87ce0961f5e419,"TRIAGED_VIEW_HONDA_MKRG_COV.csv
TRIAGED_VIEW_MMC_4P45_MY24_COV.csv
TRIAGED_VIEW_RE_KCLUSTER_COV.csv
TRIAGED_VIEW_TOYOTA_38XD_COV.csv","3567075
3567075
10723767
19400724","
As per core team input, ignoring these warning as these can be deviated.
Mail dated 20th October 2022
No cyber security requirment for this program
Third party monotype library files, thus ignoring for now"
cf41e4d3411d129d7a34b2822cf8bd83,"TRIAGED_VIEW_HONDA_MKRG_COV.csv
TRIAGED_VIEW_MMC_4P45_MY24_COV.csv
TRIAGED_VIEW_RE_KCLUSTER_COV.csv
TRIAGED_VIEW_TOYOTA_38XD_COV.csv","3566980
3566980
10724675
19622276","
As per core team input, ignoring these warning as these can be deviated.
Mail dated 20th October 2022

UI core components are not holding or handling with any secret data.
"
7871f943e3c97bc764a0a075e9f290d9,"TRIAGED_VIEW_HONDA_MKRG_COV.csv
TRIAGED_VIEW_TOYOTA_38XD_COV.csv","1311087
19647869","
"
6940b5dae734b003a734955c32a48372,TRIAGED_VIEW_HONDA_MKRG_COV.csv,1037346,
9227788f01a7531899947c871e01fe51,TRIAGED_VIEW_HONDA_MKRG_COV.csv,1037345,
5cb226757342997a89d32a69ac974a07,TRIAGED_VIEW_HONDA_MKRG_COV.csv,1037344,
6ee9fdebbde7255cfb0ff868b6383359,"TRIAGED_VIEW_HONDA_MKRG_COV.csv
TRIAGED_VIEW_MMC_4P45_MY20_COV.csv
TRIAGED_VIEW_MMC_4P45_MY24_COV.csv
TRIAGED_VIEW_RE_KCLUSTER_COV.csv
TRIAGED_VIEW_TOYOTA_38XD_COV.csv","223133
223133
223133
2516785
2516785","
No functional impact
No functional impact

"
7dfb200c7d181091b53646b0a20ae646,"TRIAGED_VIEW_HONDA_MKRG_COV.csv
TRIAGED_VIEW_MMC_4P45_MY20_COV.csv
TRIAGED_VIEW_MMC_4P45_MY24_COV.csv
TRIAGED_VIEW_RE_KCLUSTER_COV.csv
TRIAGED_VIEW_TOYOTA_38XD_COV.csv","35034
35034
35034
5930918
19374985","
No Functional Impact
No Functional Impact

Usage of Recursive function call cannot be avoided."
39fc806968715166f12edd4c496077b0,"TRIAGED_VIEW_HONDA_MKRG_COV.csv
TRIAGED_VIEW_MMC_4P45_MY20_COV.csv
TRIAGED_VIEW_MMC_4P45_MY24_COV.csv
TRIAGED_VIEW_RE_KCLUSTER_COV.csv","25400
25400
25400
10064691","
No Functional Impact
No Functional Impact
recursive function calls cannot be avoided"
c99cf3b6dcb59101d28d8ceb5b1df57f,"TRIAGED_VIEW_HONDA_MKRG_COV.csv
TRIAGED_VIEW_MMC_4P45_MY20_COV.csv
TRIAGED_VIEW_MMC_4P45_MY24_COV.csv
TRIAGED_VIEW_RE_KCLUSTER_COV.csv
TRIAGED_VIEW_TOYOTA_38XD_COV.csv","24744
24744
24744
853775
853775","
No Functional Impact
No Functional Impact

Usage of Recursive function call cannot be avoided."
5d2e3032e573d61b356b96ae7e081c95,"TRIAGED_VIEW_HONDA_MKRG_COV.csv
TRIAGED_VIEW_MMC_4P45_MY20_COV.csv
TRIAGED_VIEW_MMC_4P45_MY24_COV.csv
TRIAGED_VIEW_RE_KCLUSTER_COV.csv
TRIAGED_VIEW_TOYOTA_38XD_COV.csv","14333
14333
14333
853757
853757","
No Functional Impact
No Functional Impact
recursive function calls cannot be avoided
This file is autogenerated from MATLAB. Can not be modified"
4d3876b9d9799cfa542983566919751d,"TRIAGED_VIEW_HONDA_MKRG_COV.csv
TRIAGED_VIEW_MMC_4P45_MY20_COV.csv
TRIAGED_VIEW_MMC_4P45_MY24_COV.csv
TRIAGED_VIEW_RE_KCLUSTER_COV.csv
TRIAGED_VIEW_TOYOTA_38XD_COV.csv","14332
14332
14332
853758
853758","
No Functional Impact
No Functional Impact
recursive function calls cannot be avoided
This file is autogenerated from MATLAB. Can not be modified"
254726728ecd937ad7be1c6d5622c849,"TRIAGED_VIEW_HONDA_MKRG_COV.csv
TRIAGED_VIEW_MMC_4P45_MY20_COV.csv
TRIAGED_VIEW_MMC_4P45_MY24_COV.csv
TRIAGED_VIEW_RE_KCLUSTER_COV.csv
TRIAGED_VIEW_TOYOTA_38XD_COV.csv","14330
14330
14330
853759
853759","
No Functional Impact
No Functional Impact
recursive function calls cannot be avoided
Usage of Recursive function call cannot be avoided."
8edd9447d92456fcb26ca8e0b717e9aa,"TRIAGED_VIEW_HONDA_MKRG_COV.csv
TRIAGED_VIEW_MMC_4P45_MY20_COV.csv
TRIAGED_VIEW_MMC_4P45_MY24_COV.csv
TRIAGED_VIEW_RE_KCLUSTER_COV.csv
TRIAGED_VIEW_TOYOTA_38XD_COV.csv","14329
14329
14329
853756
853756","
No Functional Impact
No Functional Impact

Usage of Recursive function call cannot be avoided."
454961a0fac4637caefda2120f48d95c,"TRIAGED_VIEW_HONDA_MKRG_COV.csv
TRIAGED_VIEW_MMC_4P45_MY20_COV.csv
TRIAGED_VIEW_MMC_4P45_MY24_COV.csv
TRIAGED_VIEW_RE_KCLUSTER_COV.csv","14328
14328
14328
853761","
No Functional Impact
No Functional Impact
recursive function calls cannot be avoided"
175a888acb13ba07186fcc46e4c66b41,"TRIAGED_VIEW_HONDA_MKRG_COV.csv
TRIAGED_VIEW_MMC_4P45_MY20_COV.csv
TRIAGED_VIEW_MMC_4P45_MY24_COV.csv
TRIAGED_VIEW_RE_KCLUSTER_COV.csv
TRIAGED_VIEW_TOYOTA_38XD_COV.csv","14053
14053
14053
852777
852777","
No Functional Impact
No Functional Impact

This file is autogenerated from MATLAB"
c7e386fc27a2fc2e3d787b416fdc6f17,"TRIAGED_VIEW_HONDA_MKRG_COV.csv
TRIAGED_VIEW_MMC_4P45_MY20_COV.csv
TRIAGED_VIEW_MMC_4P45_MY24_COV.csv
TRIAGED_VIEW_RE_KCLUSTER_COV.csv
TRIAGED_VIEW_TOYOTA_38XD_COV.csv","14049
14049
14049
852742
852742","
No Functional Impact
No Functional Impact
autogenerated file
This file is autogenerated from MATLAB. Can not be modified"
e4bc9399e701e0ae5e3a8f9da86da359,"TRIAGED_VIEW_HONDA_MKRG_COV.csv
TRIAGED_VIEW_MMC_4P45_MY20_COV.csv
TRIAGED_VIEW_MMC_4P45_MY24_COV.csv
TRIAGED_VIEW_RE_KCLUSTER_COV.csv
TRIAGED_VIEW_TOYOTA_38XD_COV.csv","13735
13735
13735
895806
895806","
No Functional Impact
No Functional Impact
No impact
This file is autogenerated from MATLAB"
70ef92251633c785641d790edc5bc5f2,TRIAGED_VIEW_MMC_4P45_MY20_COV.csv,5993414,"Declared variable  and initialized but didn't used hence the warning, it can be fix but will not have any impact"
ca3fb853d93c0541f24ef7373f1b8da4,TRIAGED_VIEW_MMC_4P45_MY20_COV.csv,5993413,"It is a pre-defined macro, will not have any impact.
But it can be fix simple typecast"
068dd048461b0f164a4901f3428820ed,TRIAGED_VIEW_MMC_4P45_MY20_COV.csv,5993411,"Declared variable but didn't used hence the warning, it can be fix but will not have any impact"
609089bd605c1fc4b286b1f4b3dd8f86,TRIAGED_VIEW_MMC_4P45_MY20_COV.csv,5993410,"Declared variable  and initialized but didn't used hence the warning, it can be fix but will not have any impact"
6db206099a12d5f00c57f0b9a22db709,TRIAGED_VIEW_MMC_4P45_MY20_COV.csv,5993409,"Declared variable  and initialized but didn't used hence the warning, it can be fix but will not have any impact"
9e40d4e00fc5135b50a25dff0556691e,TRIAGED_VIEW_MMC_4P45_MY20_COV.csv,5993408,"Didn't checked the return value hence the issue, will not have any impact but it can be fix with simple (void) cast"
41ec3f1db33353351f672a72b8fbd010,TRIAGED_VIEW_MMC_4P45_MY20_COV.csv,5993407,"It is a pre-defined macro, will not have any impact.
But it can be fix simple typecast"
a9d10af2dfd95dc58e4f8eec8b03e49b,TRIAGED_VIEW_MMC_4P45_MY20_COV.csv,5993406,
08fec311e2b8b8d6fd6938bd4bf43a8e,TRIAGED_VIEW_MMC_4P45_MY20_COV.csv,5993405,"Declared variable  and initialized but didn't used hence the warning, it can be fix but will not have any impact"
2b979c2b6311f41f68fca86a697a46c0,TRIAGED_VIEW_MMC_4P45_MY20_COV.csv,5620904,No functional impact
e6898384b1b231314182d18948fe2fa4,TRIAGED_VIEW_MMC_4P45_MY20_COV.csv,5620902,No functional impact
970cfc78716ca13bb21b64dc21fd42c9,TRIAGED_VIEW_MMC_4P45_MY20_COV.csv,5620901,No functional impact
d1118a64d5668c32a4d132cbf7117ff7,TRIAGED_VIEW_MMC_4P45_MY20_COV.csv,5464870,No functional impact
49b1c6a451ab213651071c2009e725b6,TRIAGED_VIEW_MMC_4P45_MY20_COV.csv,4154769,No Functional Impact
786fe120d3eae048230c9d00268ef71f,TRIAGED_VIEW_MMC_4P45_MY20_COV.csv,4154768,No Functional Impact
4c063e076666c6b913dca070f5d73510,TRIAGED_VIEW_MMC_4P45_MY20_COV.csv,4154766,No Functional Impact
dfd3fa9a5294e294b5da00b3598804f5,TRIAGED_VIEW_MMC_4P45_MY20_COV.csv,1285108,font lib file
2d391f1361db8c3acdda0423d32e2d14,TRIAGED_VIEW_MMC_4P45_MY20_COV.csv,1186661,No Functional Impact
1008a82f9ede13a6b14cb3c8fec3ea40,TRIAGED_VIEW_MMC_4P45_MY20_COV.csv,1186646,"Didn't checked the return value hence the issue, will not have any impact but it can be fix with simple (void) cast"
6fa16cfba8c8b19bf0b034bc4e8be8fa,"TRIAGED_VIEW_MMC_4P45_MY20_COV.csv
TRIAGED_VIEW_MMC_4P45_MY24_COV.csv","1161608
1161608","No Functional Impact
No Functional Impact"
276736796b6ec97a46b99aa620c5db61,"TRIAGED_VIEW_MMC_4P45_MY20_COV.csv
TRIAGED_VIEW_MMC_4P45_MY24_COV.csv","1077190
1077190","No Functional Impact
No Functional Impact"
50897382013d585074222593251a3284,"TRIAGED_VIEW_MMC_4P45_MY20_COV.csv
TRIAGED_VIEW_MMC_4P45_MY24_COV.csv
TRIAGED_VIEW_TOYOTA_38XD_COV.csv","1077189
1077189
19626594","No Functional Impact
No Functional Impact
Usage of Recursive function call cannot be avoided."
09c17d4d19670c7981a4023d7ed79a51,TRIAGED_VIEW_MMC_4P45_MY20_COV.csv,928705,No Functional Impact
555f1353fc506e9f5537c2218dfc10b7,TRIAGED_VIEW_MMC_4P45_MY20_COV.csv,928704,No Functional Impact
1f0c485f1ee79b446aa7e269ecd27ad4,TRIAGED_VIEW_MMC_4P45_MY20_COV.csv,928703,No Functional Impact
94366629d4370d928e288fca9cd646ab,TRIAGED_VIEW_MMC_4P45_MY20_COV.csv,928702,No Functional Impact
4d846e2b6c76bd9d86ea9cf468e2c4b6,TRIAGED_VIEW_MMC_4P45_MY20_COV.csv,928701,No Functional Impact
1845d343820d938041a642d6719bbbe5,TRIAGED_VIEW_MMC_4P45_MY20_COV.csv,916577,No Functional Impact
3f4e5caec99d4858608a771eaa542f5e,TRIAGED_VIEW_MMC_4P45_MY20_COV.csv,916574,No Functional Impact
4673359c21b6138cf89fbfbe4d61ab18,TRIAGED_VIEW_MMC_4P45_MY20_COV.csv,916573,No Functional Impact
f5214978c01ba86cd4f96e99ca635594,TRIAGED_VIEW_MMC_4P45_MY20_COV.csv,916572,No Functional Impact
1815dcaf1eb459cacb6f76ee70a45bb2,"TRIAGED_VIEW_MMC_4P45_MY20_COV.csv
TRIAGED_VIEW_MMC_4P45_MY24_COV.csv","430609
430609","
"
c77c3e21a1828a4d2b51bf784a7c67f3,TRIAGED_VIEW_MMC_4P45_MY20_COV.csv,346025,No Functional Impact
4ea874bea5771271cc8da84478db1a34,TRIAGED_VIEW_MMC_4P45_MY20_COV.csv,306364,No Functional Impact
a5506bf5f561fbe9d4b54917230d0f4b,TRIAGED_VIEW_MMC_4P45_MY20_COV.csv,306345,No Functional Impact
f1c9a15a99fc7d77a26d0d7237bf2c5e,TRIAGED_VIEW_MMC_4P45_MY20_COV.csv,306310,No Functional Impact
8ff091381dd99db161295acae43c0e16,TRIAGED_VIEW_MMC_4P45_MY20_COV.csv,306203,No Functional Impact
26e43994c0d5c76693c2b6687f53af5c,TRIAGED_VIEW_MMC_4P45_MY20_COV.csv,178668,"In hmi_gfx_mgr02_manage_layers_cp_child, the object is considered as SWIDGET and index is taken from the swidget array. But the same object is considered as DIMAGE in hmi_gfx_mgr02_layout_is_element_childrens_changed function. Here the widget index is not valid for DIMAGE."
f15c05b4375ab2dd130c37254403d8e8,TRIAGED_VIEW_MMC_4P45_MY20_COV.csv,128687,
4b298e22609418c1883d41ebb7088172,"TRIAGED_VIEW_MMC_4P45_MY20_COV.csv
TRIAGED_VIEW_MMC_4P45_MY24_COV.csv","24743
24743","No Functional Impact
No Functional Impact"
977f830a1f2f3f821a048ca84efd6cdb,"TRIAGED_VIEW_MMC_4P45_MY20_COV.csv
TRIAGED_VIEW_MMC_4P45_MY24_COV.csv
TRIAGED_VIEW_RE_KCLUSTER_COV.csv
TRIAGED_VIEW_TOYOTA_38XD_COV.csv","23709
23709
853782
853782","No Functional Impact
No Functional Impact

Usage of Recursive function call cannot be avoided."
98951ce6331772a1b4ea29fc0d405992,"TRIAGED_VIEW_MMC_4P45_MY20_COV.csv
TRIAGED_VIEW_MMC_4P45_MY24_COV.csv
TRIAGED_VIEW_RE_KCLUSTER_COV.csv
TRIAGED_VIEW_TOYOTA_38XD_COV.csv","18834
18834
853781
853781","No Functional Impact
No Functional Impact

Usage of Recursive function call cannot be avoided."
86cf6b1be536d97d9c3a0aee296cf2e4,"TRIAGED_VIEW_MMC_4P45_MY20_COV.csv
TRIAGED_VIEW_MMC_4P45_MY24_COV.csv
TRIAGED_VIEW_RE_KCLUSTER_COV.csv","16788
16788
2000777","Owner changed because of default owner assignment specified in the component map
Owner changed because of default owner assignment specified in the component map
"
c85dd4330e55b434775254ee6466ce82,"TRIAGED_VIEW_MMC_4P45_MY20_COV.csv
TRIAGED_VIEW_MMC_4P45_MY24_COV.csv
TRIAGED_VIEW_RE_KCLUSTER_COV.csv","16787
16787
2000776","Owner changed because of default owner assignment specified in the component map
Owner changed because of default owner assignment specified in the component map
"
e63f26d259be9d8a1515fad700789600,"TRIAGED_VIEW_MMC_4P45_MY20_COV.csv
TRIAGED_VIEW_MMC_4P45_MY24_COV.csv
TRIAGED_VIEW_RE_KCLUSTER_COV.csv
TRIAGED_VIEW_TOYOTA_38XD_COV.csv","14327
14327
853755
853755","No Functional Impact
No Functional Impact

Usage of Recursive function call cannot be avoided."
1ef135e55fe6a71bca0a05dfd43632ff,"TRIAGED_VIEW_MMC_4P45_MY20_COV.csv
TRIAGED_VIEW_MMC_4P45_MY24_COV.csv
TRIAGED_VIEW_RE_KCLUSTER_COV.csv
TRIAGED_VIEW_TOYOTA_38XD_COV.csv","14326
14326
853754
853754","No Functional Impact
No Functional Impact

Usage of Recursive function call cannot be avoided."
674d122f52602b5fa73c6e8c50fff4b6,"TRIAGED_VIEW_MMC_4P45_MY24_COV.csv
TRIAGED_VIEW_RE_KCLUSTER_COV.csv","10354238
16285221","As per core team input, ignoring these warning as these can be deviated.
Mail dated 20th October 2022
No cyber security requirment for this program"
57ddc917ba260c36260b099dbaa16246,"TRIAGED_VIEW_MMC_4P45_MY24_COV.csv
TRIAGED_VIEW_RE_KCLUSTER_COV.csv","10354223
16285257","As per core team input, ignoring these warning as these can be deviated.
Mail dated 20th October 2022
No cyber security requirment for this program"
e5fa632873368ef2531298c43faf683d,"TRIAGED_VIEW_MMC_4P45_MY24_COV.csv
TRIAGED_VIEW_RE_KCLUSTER_COV.csv","3567313
10725230","As per core team input, ignoring these warning as these can be deviated.
Mail dated 20th October 2022
"
d8d260b373a2ae2aa2a9611cf03bfdb5,"TRIAGED_VIEW_MMC_4P45_MY24_COV.csv
TRIAGED_VIEW_RE_KCLUSTER_COV.csv","3567224
10725068","As per core team input, ignoring these warning as these can be deviated.
Mail dated 20th October 2022
No cyber security requirment for this program"
f2c631e97fab68e2ef11b7eb7ba20334,TRIAGED_VIEW_RE_KCLUSTER_COV.csv,5929519,
f40c963d07f99add9e10c7d024f1f7ac,"TRIAGED_VIEW_RE_KCLUSTER_COV.csv
TRIAGED_VIEW_TOYOTA_38XD_COV.csv","6298890
19375094","
UI core components are not holding or handling with any secret data.
"
718b1717acff0ad4b102b154e4f94083,"TRIAGED_VIEW_RE_KCLUSTER_COV.csv
TRIAGED_VIEW_TOYOTA_38XD_COV.csv","6298915
19374416","
UI core components are not holding or handling with any secret data.
"
11cedfadae500390bcd1380c8c8bf9f1,"TRIAGED_VIEW_RE_KCLUSTER_COV.csv
TRIAGED_VIEW_TOYOTA_38XD_COV.csv","6298920
19374442","
UI core components are not holding or handling with any secret data.
"
1df1891e8ba09a02ec80d28910e64894,"TRIAGED_VIEW_RE_KCLUSTER_COV.csv
TRIAGED_VIEW_TOYOTA_38XD_COV.csv","6298959
19374843","
UI core components are not holding or handling with any secret data.
"
7273f0ac6cc21f571bb3cf2e13f64c0a,"TRIAGED_VIEW_RE_KCLUSTER_COV.csv
TRIAGED_VIEW_TOYOTA_38XD_COV.csv","6298961
19374413","
UI core components are not holding or handling with any secret data.
"
e9c259cd5972bb982b9eade141421e39,"TRIAGED_VIEW_RE_KCLUSTER_COV.csv
TRIAGED_VIEW_TOYOTA_38XD_COV.csv","6298963
19374415","
UI core components are not holding or handling with any secret data.
"
83da7504b0594eca6948a4c6cfb2c10e,"TRIAGED_VIEW_RE_KCLUSTER_COV.csv
TRIAGED_VIEW_TOYOTA_38XD_COV.csv","6298972
19374638","
UI core components are not holding or handling with any secret data.
"
74212b9bba5d57fe67bb9632f92543f5,"TRIAGED_VIEW_RE_KCLUSTER_COV.csv
TRIAGED_VIEW_TOYOTA_38XD_COV.csv","6299005
19374447","
UI core components are not holding or handling with any secret data.
"
c05a1c208c7c39c564f556d94f85d89f,"TRIAGED_VIEW_RE_KCLUSTER_COV.csv
TRIAGED_VIEW_TOYOTA_38XD_COV.csv","6299020
19374870","
UI core components are not holding or handling with any secret data.
"
0add9415c6968ae1a0dd6082ca65a1f1,"TRIAGED_VIEW_RE_KCLUSTER_COV.csv
TRIAGED_VIEW_TOYOTA_38XD_COV.csv","6299055
19374889","
UI core components are not holding or handling with any secret data.
"
d02a5516cea335651a0d0f2f40e0d2be,"TRIAGED_VIEW_RE_KCLUSTER_COV.csv
TRIAGED_VIEW_TOYOTA_38XD_COV.csv","6299078
19374884","
UI core components are not holding or handling with any secret data.
"
56cd6ff6deec7bf1a4b38ea23c2a61d2,"TRIAGED_VIEW_RE_KCLUSTER_COV.csv
TRIAGED_VIEW_TOYOTA_38XD_COV.csv","6299266
19374703","
UI core components are not holding or handling with any secret data.
"
62c32d67b4c6a519e21b809fbce1d4c0,"TRIAGED_VIEW_RE_KCLUSTER_COV.csv
TRIAGED_VIEW_TOYOTA_38XD_COV.csv","6299278
19374918","
UI core components are not holding or handling with any secret data.
"
c7eec29e2ba35b9c7c54d9d3ebadefc4,"TRIAGED_VIEW_RE_KCLUSTER_COV.csv
TRIAGED_VIEW_TOYOTA_38XD_COV.csv","6299302
19374478","
UI core components are not holding or handling with any secret data.
"
4dc4ee2bfbf9d26e78a99801a934be36,"TRIAGED_VIEW_RE_KCLUSTER_COV.csv
TRIAGED_VIEW_TOYOTA_38XD_COV.csv","6299313
19375150","
UI core components are not holding or handling with any secret data.
"
de1382f4bd1bcead26bdbdb08cab8400,"TRIAGED_VIEW_RE_KCLUSTER_COV.csv
TRIAGED_VIEW_TOYOTA_38XD_COV.csv","6299398
19374937","
UI core components are not holding or handling with any secret data.
"
94bf8c4cba939445fff7cbfb5ad0ecbb,"TRIAGED_VIEW_RE_KCLUSTER_COV.csv
TRIAGED_VIEW_TOYOTA_38XD_COV.csv","6299410
19374734","
UI core components are not holding or handling with any secret data.
"
233ab145b4ce17fd0505b6b7c2e73c5a,"TRIAGED_VIEW_RE_KCLUSTER_COV.csv
TRIAGED_VIEW_TOYOTA_38XD_COV.csv","6299422
19374949","
UI core components are not holding or handling with any secret data.
"
919e1855ba5d650538d91f964d80b50a,"TRIAGED_VIEW_RE_KCLUSTER_COV.csv
TRIAGED_VIEW_TOYOTA_38XD_COV.csv","6299454
19374519","
UI core components are not holding or handling with any secret data.
"
fd9baa7c08f28ae32088a788babd48b8,"TRIAGED_VIEW_RE_KCLUSTER_COV.csv
TRIAGED_VIEW_TOYOTA_38XD_COV.csv","6299523
19375157","
UI core components are not holding or handling with any secret data.
"
53193d7621a301ac1c9bbd1c87dcd5ab,"TRIAGED_VIEW_RE_KCLUSTER_COV.csv
TRIAGED_VIEW_TOYOTA_38XD_COV.csv","6299526
19374537","
UI core components are not holding or handling with any secret data.
"
795942bb3e278982727e1cac6c0051a4,"TRIAGED_VIEW_RE_KCLUSTER_COV.csv
TRIAGED_VIEW_TOYOTA_38XD_COV.csv","6299554
19374529","
UI core components are not holding or handling with any secret data.
"
087632900a2edeed07945cbee9d18b16,"TRIAGED_VIEW_RE_KCLUSTER_COV.csv
TRIAGED_VIEW_TOYOTA_38XD_COV.csv","6299572
19374769","
UI core components are not holding or handling with any secret data.
"
d12ad9f0f7bc6d9e3cd6785b921e0c62,"TRIAGED_VIEW_RE_KCLUSTER_COV.csv
TRIAGED_VIEW_TOYOTA_38XD_COV.csv","6299605
19375203","
UI core components are not holding or handling with any secret data.
"
ec951d83ed2ccb369ba3f3429c310dfe,"TRIAGED_VIEW_RE_KCLUSTER_COV.csv
TRIAGED_VIEW_TOYOTA_38XD_COV.csv","6299650
19374987","
UI core components are not holding or handling with any secret data.
"
ba4ed8f5981b5406ae6ce95aafb9a2ca,"TRIAGED_VIEW_RE_KCLUSTER_COV.csv
TRIAGED_VIEW_TOYOTA_38XD_COV.csv","6299651
19374990","
UI core components are not holding or handling with any secret data.
"
057d2216fb872c5c64596dce8cf28350,"TRIAGED_VIEW_RE_KCLUSTER_COV.csv
TRIAGED_VIEW_TOYOTA_38XD_COV.csv","6299657
19374994","
UI core components are not holding or handling with any secret data.
"
6267efbf4b0f5406a79963df37a44de4,"TRIAGED_VIEW_RE_KCLUSTER_COV.csv
TRIAGED_VIEW_TOYOTA_38XD_COV.csv","6299680
19375003","
UI core components are not holding or handling with any secret data.
"
8450f14c7ae646920abc03b8d4125a2a,"TRIAGED_VIEW_RE_KCLUSTER_COV.csv
TRIAGED_VIEW_TOYOTA_38XD_COV.csv","6299712
19374582","
UI core components are not holding or handling with any secret data.
"
19d13e6664bb206e6238ab7ce250f814,"TRIAGED_VIEW_RE_KCLUSTER_COV.csv
TRIAGED_VIEW_TOYOTA_38XD_COV.csv","6299722
19374777","
UI core components are not holding or handling with any secret data.
"
29fb51635a5bcc3b68149d137d81b197,"TRIAGED_VIEW_RE_KCLUSTER_COV.csv
TRIAGED_VIEW_TOYOTA_38XD_COV.csv","6299781
19374774","
UI core components are not holding or handling with any secret data.
"
e0ba31bfb62020bef0c2ab876c3d713b,"TRIAGED_VIEW_RE_KCLUSTER_COV.csv
TRIAGED_VIEW_TOYOTA_38XD_COV.csv","6299810
19375222","
UI core components are not holding or handling with any secret data.
"
6934446244088801155daed3774df47c,"TRIAGED_VIEW_RE_KCLUSTER_COV.csv
TRIAGED_VIEW_TOYOTA_38XD_COV.csv","6299829
19374584","
UI core components are not holding or handling with any secret data.
"
f65ef91e08218d2c94cea755ec6b9c44,"TRIAGED_VIEW_RE_KCLUSTER_COV.csv
TRIAGED_VIEW_TOYOTA_38XD_COV.csv","6299848
19375243","
UI core components are not holding or handling with any secret data.
"
23c78b0996f4f2b25090486375466cc2,"TRIAGED_VIEW_RE_KCLUSTER_COV.csv
TRIAGED_VIEW_TOYOTA_38XD_COV.csv","6299849
19375244","
UI core components are not holding or handling with any secret data.
"
747d105ffac787e06587a0f6282870f7,"TRIAGED_VIEW_RE_KCLUSTER_COV.csv
TRIAGED_VIEW_TOYOTA_38XD_COV.csv","6382315
19374812","
UI core components are not holding or handling with any secret data.
"
8f9f98045536d7027740ef7b6f0c08dd,"TRIAGED_VIEW_RE_KCLUSTER_COV.csv
TRIAGED_VIEW_TOYOTA_38XD_COV.csv","6382336
19374826","
UI core components are not holding or handling with any secret data.
"
8404dcedbdd152c90153c483756a036e,"TRIAGED_VIEW_RE_KCLUSTER_COV.csv
TRIAGED_VIEW_TOYOTA_38XD_COV.csv","6382355
19374835","
UI core components are not holding or handling with any secret data.
"
fb38ca010a255efb41d0f00aeb6f5787,"TRIAGED_VIEW_RE_KCLUSTER_COV.csv
TRIAGED_VIEW_TOYOTA_38XD_COV.csv","6382358
19743367","
UI core components are not holding or handling with any secret data.
"
c7b602c5d90547ec4c4d0adee5d54839,"TRIAGED_VIEW_RE_KCLUSTER_COV.csv
TRIAGED_VIEW_TOYOTA_38XD_COV.csv","6382367
19374856","
UI core components are not holding or handling with any secret data.
"
c251fe8f876a4527642f41977d5218f6,TRIAGED_VIEW_RE_KCLUSTER_COV.csv,6382376,
5e564db2df500a89f6f8666376cbfc96,"TRIAGED_VIEW_RE_KCLUSTER_COV.csv
TRIAGED_VIEW_TOYOTA_38XD_COV.csv","6382383
19374443","
UI core components are not holding or handling with any secret data.
"
b6f5d01c5fc497c85cbd8e989af1e4b9,"TRIAGED_VIEW_RE_KCLUSTER_COV.csv
TRIAGED_VIEW_TOYOTA_38XD_COV.csv","6382401
19374873","
UI core components are not holding or handling with any secret data.
"
1f7227f6b9e8f66ece95ad5cadfae40d,"TRIAGED_VIEW_RE_KCLUSTER_COV.csv
TRIAGED_VIEW_TOYOTA_38XD_COV.csv","6382419
19743257","
UI core components are not holding or handling with any secret data.
"
7a422fafeb8d29ac1c1f01377f520f7b,"TRIAGED_VIEW_RE_KCLUSTER_COV.csv
TRIAGED_VIEW_TOYOTA_38XD_COV.csv","6382420
19398098","
UI core components are not holding or handling with any secret data.
"
02a84f2d2609bfc9f06c7e037a27e592,"TRIAGED_VIEW_RE_KCLUSTER_COV.csv
TRIAGED_VIEW_TOYOTA_38XD_COV.csv","6382430
19374887","
UI core components are not holding or handling with any secret data.
"
6644fefbb06c3dc60cbd0fb46ddb8ed8,"TRIAGED_VIEW_RE_KCLUSTER_COV.csv
TRIAGED_VIEW_TOYOTA_38XD_COV.csv","6382446
19398157","
UI core components are not holding or handling with any secret data.
"
23486c4a5be75df20692dd4cf71c8600,"TRIAGED_VIEW_RE_KCLUSTER_COV.csv
TRIAGED_VIEW_TOYOTA_38XD_COV.csv","6382470
19374916","
UI core components are not holding or handling with any secret data.
"
4d3fc95368328b747dc404235fa248e4,"TRIAGED_VIEW_RE_KCLUSTER_COV.csv
TRIAGED_VIEW_TOYOTA_38XD_COV.csv","6382471
19374917","
UI core components are not holding or handling with any secret data.
"
db434eeea00fcb9f7ac68dc3ecf9b8b2,"TRIAGED_VIEW_RE_KCLUSTER_COV.csv
TRIAGED_VIEW_TOYOTA_38XD_COV.csv","6382485
19398162","
UI core components are not holding or handling with any secret data.
"
b4fb95f82492a75a7644b0718740177d,"TRIAGED_VIEW_RE_KCLUSTER_COV.csv
TRIAGED_VIEW_TOYOTA_38XD_COV.csv","6382492
19374512","
UI core components are not holding or handling with any secret data.
"
fce4a4b8b315bc513cb9058a9f837f11,"TRIAGED_VIEW_RE_KCLUSTER_COV.csv
TRIAGED_VIEW_TOYOTA_38XD_COV.csv","6382500
19398170","
UI core components are not holding or handling with any secret data.
"
5f33af00703386968698b448632dad64,"TRIAGED_VIEW_RE_KCLUSTER_COV.csv
TRIAGED_VIEW_TOYOTA_38XD_COV.csv","6382524
19374966","
UI core components are not holding or handling with any secret data.
"
9561d7c541680387f07543fae79fd0bc,"TRIAGED_VIEW_RE_KCLUSTER_COV.csv
TRIAGED_VIEW_TOYOTA_38XD_COV.csv","6382528
19374968","
UI core components are not holding or handling with any secret data.
"
051784097873dd3c2c5bfcf2433bb9dc,"TRIAGED_VIEW_RE_KCLUSTER_COV.csv
TRIAGED_VIEW_TOYOTA_38XD_COV.csv","6382529
19374521","
UI core components are not holding or handling with any secret data.
"
fa110f274f1bd93851c472d6300832aa,"TRIAGED_VIEW_RE_KCLUSTER_COV.csv
TRIAGED_VIEW_TOYOTA_38XD_COV.csv","6382530
19374969","
UI core components are not holding or handling with any secret data.
"
e0be0f61d7e329f5092e9dbb645729c7,TRIAGED_VIEW_RE_KCLUSTER_COV.csv,6382534,
fd864907bd4d083c02f7b9e9b300e143,"TRIAGED_VIEW_RE_KCLUSTER_COV.csv
TRIAGED_VIEW_TOYOTA_38XD_COV.csv","6382546
19374980","
UI core components are not holding or handling with any secret data.
"
c71b5f09830a0228b072d4972bb04993,"TRIAGED_VIEW_RE_KCLUSTER_COV.csv
TRIAGED_VIEW_TOYOTA_38XD_COV.csv","6382552
19374965","
UI core components are not holding or handling with any secret data.
"
472fddfde11e38e1a3e3563f00ab9d9d,"TRIAGED_VIEW_RE_KCLUSTER_COV.csv
TRIAGED_VIEW_TOYOTA_38XD_COV.csv","6382555
19374984","
UI core components are not holding or handling with any secret data.
"
666bc3b2ec1907b2e8ce9eb40560e615,"TRIAGED_VIEW_RE_KCLUSTER_COV.csv
TRIAGED_VIEW_TOYOTA_38XD_COV.csv","6382556
19374554","
UI core components are not holding or handling with any secret data.
"
703b119353b5a08bcf9af5915d34523d,TRIAGED_VIEW_RE_KCLUSTER_COV.csv,6382579,
b97d439aceffe001091c6e634b71d57c,TRIAGED_VIEW_RE_KCLUSTER_COV.csv,6382585,
9e3a62fbe1256e4b086a7a4b2c3a71b6,"TRIAGED_VIEW_RE_KCLUSTER_COV.csv
TRIAGED_VIEW_TOYOTA_38XD_COV.csv","6382588
19374553","
UI core components are not holding or handling with any secret data.
"
f31b0ede00685479cc4ae9d78303ed14,"TRIAGED_VIEW_RE_KCLUSTER_COV.csv
TRIAGED_VIEW_TOYOTA_38XD_COV.csv","6382589
19374989","
UI core components are not holding or handling with any secret data.
"
93c68cf6a7dab879afc43ef7502e4ee5,"TRIAGED_VIEW_RE_KCLUSTER_COV.csv
TRIAGED_VIEW_TOYOTA_38XD_COV.csv","6382613
19374566","
UI core components are not holding or handling with any secret data.
"
3fda494f61ae9bc6ed4051557e287dd9,"TRIAGED_VIEW_RE_KCLUSTER_COV.csv
TRIAGED_VIEW_TOYOTA_38XD_COV.csv","6382628
19374590","
UI core components are not holding or handling with any secret data.
"
705ace575587084931320d697c2f3c9e,"TRIAGED_VIEW_RE_KCLUSTER_COV.csv
TRIAGED_VIEW_TOYOTA_38XD_COV.csv","6382633
19374593","
UI core components are not holding or handling with any secret data.
"
1184aebe9c47884fa2d9ff758826d72f,"TRIAGED_VIEW_RE_KCLUSTER_COV.csv
TRIAGED_VIEW_TOYOTA_38XD_COV.csv","6382650
19375010","
UI core components are not holding or handling with any secret data.
"
754f98fcf4d3d9e4cf797650358d1d97,"TRIAGED_VIEW_RE_KCLUSTER_COV.csv
TRIAGED_VIEW_TOYOTA_38XD_COV.csv","6382652
19375018","
UI core components are not holding or handling with any secret data.
"
ce175cf5a92e228172238bece1b61f67,TRIAGED_VIEW_RE_KCLUSTER_COV.csv,6382657,
309673e68eeb3c72694b7b994871c684,"TRIAGED_VIEW_RE_KCLUSTER_COV.csv
TRIAGED_VIEW_TOYOTA_38XD_COV.csv","6382697
19375035","
UI core components are not holding or handling with any secret data.
"
46d1ec82ac99ac85f6300100364c8207,TRIAGED_VIEW_RE_KCLUSTER_COV.csv,6382706,
f0f9786373354df862ded50c54a2259b,"TRIAGED_VIEW_RE_KCLUSTER_COV.csv
TRIAGED_VIEW_TOYOTA_38XD_COV.csv","6382718
19743189","
UI core components are not holding or handling with any secret data.
"
3d5cec50d225a5898394d460d51bad04,TRIAGED_VIEW_RE_KCLUSTER_COV.csv,6382728,
85385c4ecac8c5af676920e1c4da6691,"TRIAGED_VIEW_RE_KCLUSTER_COV.csv
TRIAGED_VIEW_TOYOTA_38XD_COV.csv","6382748
19374648","
UI core components are not holding or handling with any secret data.
"
980c871f230ee4b2dde9d302448acb12,"TRIAGED_VIEW_RE_KCLUSTER_COV.csv
TRIAGED_VIEW_TOYOTA_38XD_COV.csv","6382754
19374659","
UI core components are not holding or handling with any secret data.
"
c4367370d142467db91a8f4b044775ff,"TRIAGED_VIEW_RE_KCLUSTER_COV.csv
TRIAGED_VIEW_TOYOTA_38XD_COV.csv","6382775
19374644","
UI core components are not holding or handling with any secret data.
"
dfb80e827c6db27dcde35a818f5a5e94,"TRIAGED_VIEW_RE_KCLUSTER_COV.csv
TRIAGED_VIEW_TOYOTA_38XD_COV.csv","6382789
19374650","
UI core components are not holding or handling with any secret data.
"
09dcd7af6bd7ac143af13cd8729d1b52,"TRIAGED_VIEW_RE_KCLUSTER_COV.csv
TRIAGED_VIEW_TOYOTA_38XD_COV.csv","6382793
19375118","
UI core components are not holding or handling with any secret data.
"
b521a856d7e415fdfe89e25ed5c95816,"TRIAGED_VIEW_RE_KCLUSTER_COV.csv
TRIAGED_VIEW_TOYOTA_38XD_COV.csv","6382798
19374675","
UI core components are not holding or handling with any secret data.
"
c3a54df69ff6772f809a2d07cc171e3a,"TRIAGED_VIEW_RE_KCLUSTER_COV.csv
TRIAGED_VIEW_TOYOTA_38XD_COV.csv","6382805
19374691","
UI core components are not holding or handling with any secret data.
"
5532f18b00d2e0ec97e69e2c37e034df,"TRIAGED_VIEW_RE_KCLUSTER_COV.csv
TRIAGED_VIEW_TOYOTA_38XD_COV.csv","6382814
19374695","
UI core components are not holding or handling with any secret data.
"
f2f43e400954e2b2090c8bf5a489f1f2,"TRIAGED_VIEW_RE_KCLUSTER_COV.csv
TRIAGED_VIEW_TOYOTA_38XD_COV.csv","6382839
19375141","
UI core components are not holding or handling with any secret data.
"
4b0933ea5c03fcded68a56ca7ad3d284,"TRIAGED_VIEW_RE_KCLUSTER_COV.csv
TRIAGED_VIEW_TOYOTA_38XD_COV.csv","6382842
19375160","
UI core components are not holding or handling with any secret data.
"
2342f59b00193059df0a75e3c1d253db,"TRIAGED_VIEW_RE_KCLUSTER_COV.csv
TRIAGED_VIEW_TOYOTA_38XD_COV.csv","6382871
19374725","
UI core components are not holding or handling with any secret data.
"
60ac3136ca585a8db69179603ff4caf1,"TRIAGED_VIEW_RE_KCLUSTER_COV.csv
TRIAGED_VIEW_TOYOTA_38XD_COV.csv","6382882
19375181","
UI core components are not holding or handling with any secret data.
"
23e5efe240174f24cfba0765e5c1fe57,"TRIAGED_VIEW_RE_KCLUSTER_COV.csv
TRIAGED_VIEW_TOYOTA_38XD_COV.csv","6382888
19375188","
UI core components are not holding or handling with any secret data.
"
4b982e034438bb69d7395d6aaf578ddd,TRIAGED_VIEW_RE_KCLUSTER_COV.csv,6382890,
9848a14774d713eb816398522fb24b9e,"TRIAGED_VIEW_RE_KCLUSTER_COV.csv
TRIAGED_VIEW_TOYOTA_38XD_COV.csv","6382897
19375156","
UI core components are not holding or handling with any secret data.
"
a42853a1023d1b16bbd0f0e76107729e,"TRIAGED_VIEW_RE_KCLUSTER_COV.csv
TRIAGED_VIEW_TOYOTA_38XD_COV.csv","6382901
19398140","
UI core components are not holding or handling with any secret data.
"
2a5ed665adf12ab1a0b742e3bb6198b3,"TRIAGED_VIEW_RE_KCLUSTER_COV.csv
TRIAGED_VIEW_TOYOTA_38XD_COV.csv","6382911
19374764","
UI core components are not holding or handling with any secret data.
"
5e4f89a0d9c3257ce38690f3ad5899d0,"TRIAGED_VIEW_RE_KCLUSTER_COV.csv
TRIAGED_VIEW_TOYOTA_38XD_COV.csv","6382917
19398138","
UI core components are not holding or handling with any secret data.
"
e82bd5dcc0b09153dacae4b7dfd9a169,"TRIAGED_VIEW_RE_KCLUSTER_COV.csv
TRIAGED_VIEW_TOYOTA_38XD_COV.csv","6382923
19375165","
UI core components are not holding or handling with any secret data.
"
b3072ac2de8187e6304311d24313e982,"TRIAGED_VIEW_RE_KCLUSTER_COV.csv
TRIAGED_VIEW_TOYOTA_38XD_COV.csv","6382930
19398207","
UI core components are not holding or handling with any secret data.
"
4fde08d30a66aa3403b498019923ee31,"TRIAGED_VIEW_RE_KCLUSTER_COV.csv
TRIAGED_VIEW_TOYOTA_38XD_COV.csv","6382935
19375200","
UI core components are not holding or handling with any secret data.
"
d8d4822391c864e55b12dbb87eff0966,"TRIAGED_VIEW_RE_KCLUSTER_COV.csv
TRIAGED_VIEW_TOYOTA_38XD_COV.csv","6382966
19375218","
UI core components are not holding or handling with any secret data.
"
f158720a9298a50b73de0f2e1dd59560,"TRIAGED_VIEW_RE_KCLUSTER_COV.csv
TRIAGED_VIEW_TOYOTA_38XD_COV.csv","6383001
19398147","
UI core components are not holding or handling with any secret data.
"
e1724c77af5b79bc2151c75105e65c0d,TRIAGED_VIEW_RE_KCLUSTER_COV.csv,6383016,
96b973ac781a54716531be934a37168f,TRIAGED_VIEW_RE_KCLUSTER_COV.csv,6383020,
54addb37f3de1ec764c780a861f986bd,TRIAGED_VIEW_RE_KCLUSTER_COV.csv,10161428,
aa032cab12d31a5b73f6a03154d34ece,"TRIAGED_VIEW_RE_KCLUSTER_COV.csv
TRIAGED_VIEW_TOYOTA_38XD_COV.csv","10417153
19709867","
UI core components are not holding or handling with any secret data.
"
af6d6ca13da0143ad93f961fab6d3983,"TRIAGED_VIEW_RE_KCLUSTER_COV.csv
TRIAGED_VIEW_TOYOTA_38XD_COV.csv","10417155
19709869","
UI core components are not holding or handling with any secret data.
"
1ce58a0fd94c8ae6dbb5a5cf30738d39,"TRIAGED_VIEW_RE_KCLUSTER_COV.csv
TRIAGED_VIEW_TOYOTA_38XD_COV.csv","10417156
19709906","
UI core components are not holding or handling with any secret data.
"
d5901d6f9b7f108dc9cbd172e962b5f1,"TRIAGED_VIEW_RE_KCLUSTER_COV.csv
TRIAGED_VIEW_TOYOTA_38XD_COV.csv","10417157
19709870","
UI core components are not holding or handling with any secret data.
"
382d6d00728f4d5b813ef83f24529f62,"TRIAGED_VIEW_RE_KCLUSTER_COV.csv
TRIAGED_VIEW_TOYOTA_38XD_COV.csv","10417161
19709846","
UI core components are not holding or handling with any secret data.
"
ed280c974ec13ed638e25d5836621cf5,"TRIAGED_VIEW_RE_KCLUSTER_COV.csv
TRIAGED_VIEW_TOYOTA_38XD_COV.csv","10417169
19709851","
UI core components are not holding or handling with any secret data.
"
22f1598718182ab584352f12ab32ffd1,"TRIAGED_VIEW_RE_KCLUSTER_COV.csv
TRIAGED_VIEW_TOYOTA_38XD_COV.csv","10417170
19374516","
UI core components are not holding or handling with any secret data.
"
fc0772c903759ce42165defe9b704adf,"TRIAGED_VIEW_RE_KCLUSTER_COV.csv
TRIAGED_VIEW_TOYOTA_38XD_COV.csv","10417173
19709854","
UI core components are not holding or handling with any secret data.
"
9eeeba8e7d8b46237487266ecefa8511,"TRIAGED_VIEW_RE_KCLUSTER_COV.csv
TRIAGED_VIEW_TOYOTA_38XD_COV.csv","10417174
19709916","
UI core components are not holding or handling with any secret data.
"
98fd344e8a66f05e893d26646116b93d,TRIAGED_VIEW_RE_KCLUSTER_COV.csv,10417175,
9065fd8bb4d92bd880c3c6d85a62a1be,"TRIAGED_VIEW_RE_KCLUSTER_COV.csv
TRIAGED_VIEW_TOYOTA_38XD_COV.csv","10417176
19374973","
UI core components are not holding or handling with any secret data.
"
8f68933668e2b875f203d80c2b0019fe,"TRIAGED_VIEW_RE_KCLUSTER_COV.csv
TRIAGED_VIEW_TOYOTA_38XD_COV.csv","10417177
19709878","
UI core components are not holding or handling with any secret data.
"
1e19963ff770deaf76d4bcd8aa7fea47,TRIAGED_VIEW_RE_KCLUSTER_COV.csv,10417181,
9b06b211bc2cf7e6d3be646a8d877dce,TRIAGED_VIEW_RE_KCLUSTER_COV.csv,10417182,
8c58c65f641ae0ae690f8b65f5ad8de9,"TRIAGED_VIEW_RE_KCLUSTER_COV.csv
TRIAGED_VIEW_TOYOTA_38XD_COV.csv","10417183
19709894","
UI core components are not holding or handling with any secret data.
"
17d44ffb940ac3ba62345bc839d42540,"TRIAGED_VIEW_RE_KCLUSTER_COV.csv
TRIAGED_VIEW_TOYOTA_38XD_COV.csv","10417185
19709879","
UI core components are not holding or handling with any secret data.
"
3b5fe0080a441a16d495a033b2834098,"TRIAGED_VIEW_RE_KCLUSTER_COV.csv
TRIAGED_VIEW_TOYOTA_38XD_COV.csv","10417186
19375040","
UI core components are not holding or handling with any secret data.
"
9fa57abecc4bda69291a5e646148cb29,"TRIAGED_VIEW_RE_KCLUSTER_COV.csv
TRIAGED_VIEW_TOYOTA_38XD_COV.csv","10417189
19709881","
UI core components are not holding or handling with any secret data.
"
95850f64b550c03c4b71ebf6c34f9703,"TRIAGED_VIEW_RE_KCLUSTER_COV.csv
TRIAGED_VIEW_TOYOTA_38XD_COV.csv","10417192
19709857","
UI core components are not holding or handling with any secret data.
"
139ed891b9115641da00794cb6e7335b,"TRIAGED_VIEW_RE_KCLUSTER_COV.csv
TRIAGED_VIEW_TOYOTA_38XD_COV.csv","10417193
19709922","
UI core components are not holding or handling with any secret data.
"
6e48b02b46479cbcb07f659eb873f0fc,"TRIAGED_VIEW_RE_KCLUSTER_COV.csv
TRIAGED_VIEW_TOYOTA_38XD_COV.csv","10417194
19709882","
UI core components are not holding or handling with any secret data.
"
7598e29ad14b25be8077e1ea3b641388,"TRIAGED_VIEW_RE_KCLUSTER_COV.csv
TRIAGED_VIEW_TOYOTA_38XD_COV.csv","10417198
19709924","
UI core components are not holding or handling with any secret data.
"
2161a477fe0ecd8c139b5b40b5f6907f,"TRIAGED_VIEW_RE_KCLUSTER_COV.csv
TRIAGED_VIEW_TOYOTA_38XD_COV.csv","10417200
19709926","
UI core components are not holding or handling with any secret data.
"
3ab3bc95f0c88d9accee7a553f054afd,"TRIAGED_VIEW_RE_KCLUSTER_COV.csv
TRIAGED_VIEW_TOYOTA_38XD_COV.csv","10417201
19709859","
UI core components are not holding or handling with any secret data.
"
92c23a48e6acb20029b70083cf0a9e49,"TRIAGED_VIEW_RE_KCLUSTER_COV.csv
TRIAGED_VIEW_TOYOTA_38XD_COV.csv","10417202
19709899","
UI core components are not holding or handling with any secret data.
"
7aeaea55fef95b7dbd1b7642fef76580,"TRIAGED_VIEW_RE_KCLUSTER_COV.csv
TRIAGED_VIEW_TOYOTA_38XD_COV.csv","10417203
19709884","
UI core components are not holding or handling with any secret data.
"
9f1a9d4ea931abd3e30e77265a05a5a3,"TRIAGED_VIEW_RE_KCLUSTER_COV.csv
TRIAGED_VIEW_TOYOTA_38XD_COV.csv","10417204
19709860","
UI core components are not holding or handling with any secret data.
"
c619a2a04860dcf5913fb7e7dca3c1c2,"TRIAGED_VIEW_RE_KCLUSTER_COV.csv
TRIAGED_VIEW_TOYOTA_38XD_COV.csv","10417205
19709861","
UI core components are not holding or handling with any secret data.
"
e30e988847f2531070a7ac228bd05601,"TRIAGED_VIEW_RE_KCLUSTER_COV.csv
TRIAGED_VIEW_TOYOTA_38XD_COV.csv","10417207
19709928","
UI core components are not holding or handling with any secret data.
"
ba10880633c7c7905061502f67d6366a,"TRIAGED_VIEW_RE_KCLUSTER_COV.csv
TRIAGED_VIEW_TOYOTA_38XD_COV.csv","10417212
19709929","
UI core components are not holding or handling with any secret data.
"
4005520d896a9370b4e580af4fa9ed4a,"TRIAGED_VIEW_RE_KCLUSTER_COV.csv
TRIAGED_VIEW_TOYOTA_38XD_COV.csv","10417215
19709904","
UI core components are not holding or handling with any secret data.
"
4306c4437b9abf321ed7ae68a9503516,"TRIAGED_VIEW_RE_KCLUSTER_COV.csv
TRIAGED_VIEW_TOYOTA_38XD_COV.csv","10417217
19709862","
UI core components are not holding or handling with any secret data.
"
248da426b187ec7d7858becc0f4ff591,"TRIAGED_VIEW_RE_KCLUSTER_COV.csv
TRIAGED_VIEW_TOYOTA_38XD_COV.csv","10417219
19709934","
UI core components are not holding or handling with any secret data.
"
f6f7ba681b517645f72e8ae1fc815494,"TRIAGED_VIEW_RE_KCLUSTER_COV.csv
TRIAGED_VIEW_TOYOTA_38XD_COV.csv","10723452
19622210","
UI core components are not holding or handling with any secret data.
Matlab Autogen file"
ecedf83ac747c8019368cd17953a7de0,"TRIAGED_VIEW_RE_KCLUSTER_COV.csv
TRIAGED_VIEW_TOYOTA_38XD_COV.csv","10723462
19400703","
UI core components are not holding or handling with any secret data.
"
6c2110dc03fb6f17f1e21c00244d339b,"TRIAGED_VIEW_RE_KCLUSTER_COV.csv
TRIAGED_VIEW_TOYOTA_38XD_COV.csv","10723466
19622211","
UI core components are not holding or handling with any secret data.
"
2d5b082ffd71ae8c14b3556b03c53040,TRIAGED_VIEW_RE_KCLUSTER_COV.csv,10723483,
6e95cb4901550f710d7cce5bf2365ad5,"TRIAGED_VIEW_RE_KCLUSTER_COV.csv
TRIAGED_VIEW_TOYOTA_38XD_COV.csv","10723494
19400707","
UI core components are not holding or handling with any secret data.
"
0ac571791c30b61490fba97d26e6429c,TRIAGED_VIEW_RE_KCLUSTER_COV.csv,10723501,
9e740ba09f558bf9cadf8ad9964ddb75,"TRIAGED_VIEW_RE_KCLUSTER_COV.csv
TRIAGED_VIEW_TOYOTA_38XD_COV.csv","10723502
19622213","
UI core components are not holding or handling with any secret data.
"
c4f8ac2ca73e0db0bab066819e463081,"TRIAGED_VIEW_RE_KCLUSTER_COV.csv
TRIAGED_VIEW_TOYOTA_38XD_COV.csv","10723512
19622214","
UI core components are not holding or handling with any secret data.
"
af5fc2734c6497a16ce222dc166014d6,"TRIAGED_VIEW_RE_KCLUSTER_COV.csv
TRIAGED_VIEW_TOYOTA_38XD_COV.csv","10723524
19842959","
UI core components are not holding or handling with any secret data.
"
25f600da49a7800495a713e15cf1e551,TRIAGED_VIEW_RE_KCLUSTER_COV.csv,10723527,
5a64cebf8fd7bec06b547bfeae352780,"TRIAGED_VIEW_RE_KCLUSTER_COV.csv
TRIAGED_VIEW_TOYOTA_38XD_COV.csv","10723543
19622216","
UI core components are not holding or handling with any secret data.
"
3fc8a783dd3ed842ad918d03f510159d,TRIAGED_VIEW_RE_KCLUSTER_COV.csv,10723559,
3b802ad21e3935516e9937ba9e44438f,TRIAGED_VIEW_RE_KCLUSTER_COV.csv,10723574,
bc37dff4411b1dc737f0e46649c2bf1e,"TRIAGED_VIEW_RE_KCLUSTER_COV.csv
TRIAGED_VIEW_TOYOTA_38XD_COV.csv","10723622
19400717","
UI core components are not holding or handling with any secret data.
"
28930490922c16bf83e2d3ebd9b8c855,"TRIAGED_VIEW_RE_KCLUSTER_COV.csv
TRIAGED_VIEW_TOYOTA_38XD_COV.csv","10723628
19622219","
UI core components are not holding or handling with any secret data.
"
9b5132d7a04bd3592724782f4b574b7f,"TRIAGED_VIEW_RE_KCLUSTER_COV.csv
TRIAGED_VIEW_TOYOTA_38XD_COV.csv","10723632
19622220","
UI core components are not holding or handling with any secret data.
"
fe3e53f188a1a681206de09e790e0596,"TRIAGED_VIEW_RE_KCLUSTER_COV.csv
TRIAGED_VIEW_TOYOTA_38XD_COV.csv","10723642
19622221","
UI core components are not holding or handling with any secret data.
"
033a4f73646f83801eb2f7d28e7f6f75,"TRIAGED_VIEW_RE_KCLUSTER_COV.csv
TRIAGED_VIEW_TOYOTA_38XD_COV.csv","10723647
19622222","
UI core components are not holding or handling with any secret data.
"
b3357be5a88c1e6f367856aef9e82de9,"TRIAGED_VIEW_RE_KCLUSTER_COV.csv
TRIAGED_VIEW_TOYOTA_38XD_COV.csv","10723656
19622223","
UI core components are not holding or handling with any secret data.
"
ec791dd67683dbc336c45ec5b5165ed8,TRIAGED_VIEW_RE_KCLUSTER_COV.csv,10723667,
9178b56323ab478b58abc32824b44a02,"TRIAGED_VIEW_RE_KCLUSTER_COV.csv
TRIAGED_VIEW_TOYOTA_38XD_COV.csv","10723677
19690258","
UI core components are not holding or handling with any secret data.
"
2112ef58714cd83be5dd19b7ab15a49f,"TRIAGED_VIEW_RE_KCLUSTER_COV.csv
TRIAGED_VIEW_TOYOTA_38XD_COV.csv","10723736
19374522","
UI core components are not holding or handling with any secret data.
"
0550ebd0073db6d6ee56a934b5b412f0,"TRIAGED_VIEW_RE_KCLUSTER_COV.csv
TRIAGED_VIEW_TOYOTA_38XD_COV.csv","10723747
19400730","
UI core components are not holding or handling with any secret data.
"
10caa62a5910c618711210f76573aaa4,"TRIAGED_VIEW_RE_KCLUSTER_COV.csv
TRIAGED_VIEW_TOYOTA_38XD_COV.csv","10723804
19622228","
UI core components are not holding or handling with any secret data.
"
3deb0a413d8e9fe4b8d3bdc1f33d58a1,TRIAGED_VIEW_RE_KCLUSTER_COV.csv,10723819,
e2b41bb652f51cc65036304e207aca61,TRIAGED_VIEW_RE_KCLUSTER_COV.csv,10723837,
8781a9c43038a2615b4e1036211d898e,TRIAGED_VIEW_RE_KCLUSTER_COV.csv,10723838,
9397a708cf0b2b192753462aea2abb77,"TRIAGED_VIEW_RE_KCLUSTER_COV.csv
TRIAGED_VIEW_TOYOTA_38XD_COV.csv","10723873
19400736","
UI core components are not holding or handling with any secret data.
"
84c669de6d0d5da088edd86853c24225,"TRIAGED_VIEW_RE_KCLUSTER_COV.csv
TRIAGED_VIEW_TOYOTA_38XD_COV.csv","10723876
19622232","
UI core components are not holding or handling with any secret data.
"
3688b08d04ef2c3d2d2366ffccd9f6b6,"TRIAGED_VIEW_RE_KCLUSTER_COV.csv
TRIAGED_VIEW_TOYOTA_38XD_COV.csv","10723895
19400739","
UI core components are not holding or handling with any secret data.
"
209d1ddc3f819dbbff6c86eb7480f357,"TRIAGED_VIEW_RE_KCLUSTER_COV.csv
TRIAGED_VIEW_TOYOTA_38XD_COV.csv","10723910
19842970","
UI core components are not holding or handling with any secret data.
"
09e1c398c8a5b69ef10425ec76802ff7,"TRIAGED_VIEW_RE_KCLUSTER_COV.csv
TRIAGED_VIEW_TOYOTA_38XD_COV.csv","10723912
19622235","
UI core components are not holding or handling with any secret data.
"
2c6125df9ba5628a6073359a198065f7,"TRIAGED_VIEW_RE_KCLUSTER_COV.csv
TRIAGED_VIEW_TOYOTA_38XD_COV.csv","10723921
19622237","
UI core components are not holding or handling with any secret data.
"
13f5b56735292ab74107b6376639a273,TRIAGED_VIEW_RE_KCLUSTER_COV.csv,10723937,
1fb38eb41c80a6f2baeb3ba05ebe194e,"TRIAGED_VIEW_RE_KCLUSTER_COV.csv
TRIAGED_VIEW_TOYOTA_38XD_COV.csv","10723938
19400742","
UI core components are not holding or handling with any secret data.
"
8f4dc360bec5a717d18977c758bb1fea,"TRIAGED_VIEW_RE_KCLUSTER_COV.csv
TRIAGED_VIEW_TOYOTA_38XD_COV.csv","10723954
19622239","
UI core components are not holding or handling with any secret data.
"
d6eb8b809c6534e111aaa48595dd5530,"TRIAGED_VIEW_RE_KCLUSTER_COV.csv
TRIAGED_VIEW_TOYOTA_38XD_COV.csv","10723960
19622240","
UI core components are not holding or handling with any secret data.
"
941f8a34dc4b3a8914c07bd56c95e1bf,TRIAGED_VIEW_RE_KCLUSTER_COV.csv,10723963,
50a1d6c37d2a513d145669d51676d06d,"TRIAGED_VIEW_RE_KCLUSTER_COV.csv
TRIAGED_VIEW_TOYOTA_38XD_COV.csv","10723979
19555861","
UI core components are not holding or handling with any secret data.
"
9bfbe230a31ab231dafa743709224f2a,"TRIAGED_VIEW_RE_KCLUSTER_COV.csv
TRIAGED_VIEW_TOYOTA_38XD_COV.csv","10723996
19622241","
UI core components are not holding or handling with any secret data.
"
74f5bcc7c570c415e3f3b52bfbc12667,"TRIAGED_VIEW_RE_KCLUSTER_COV.csv
TRIAGED_VIEW_TOYOTA_38XD_COV.csv","10724019
19622242","
UI core components are not holding or handling with any secret data.
"
c522da160fee853f1ea69191eaa7f467,"TRIAGED_VIEW_RE_KCLUSTER_COV.csv
TRIAGED_VIEW_TOYOTA_38XD_COV.csv","10724040
19842972","
UI core components are not holding or handling with any secret data.
"
a76f6bb49d4e0ec9646a3385f6450c72,"TRIAGED_VIEW_RE_KCLUSTER_COV.csv
TRIAGED_VIEW_TOYOTA_38XD_COV.csv","10724042
19622243","
UI core components are not holding or handling with any secret data.
"
c57864c45115ba58e85a9bd1268e0886,"TRIAGED_VIEW_RE_KCLUSTER_COV.csv
TRIAGED_VIEW_TOYOTA_38XD_COV.csv","10724052
19622244","
UI core components are not holding or handling with any secret data.
Matlab Autogen file"
082ca0bb2a55e67f7c64e3c138630097,"TRIAGED_VIEW_RE_KCLUSTER_COV.csv
TRIAGED_VIEW_TOYOTA_38XD_COV.csv","10724090
19374685","
UI core components are not holding or handling with any secret data.
"
0de97226a0bebd508812b64e17e4ca64,"TRIAGED_VIEW_RE_KCLUSTER_COV.csv
TRIAGED_VIEW_TOYOTA_38XD_COV.csv","10724118
19622247","
UI core components are not holding or handling with any secret data.
"
b0472b81c6d26e28f713040441600f9b,"TRIAGED_VIEW_RE_KCLUSTER_COV.csv
TRIAGED_VIEW_TOYOTA_38XD_COV.csv","10724119
19622248","
UI core components are not holding or handling with any secret data.
"
4ea63b841c2e1671c8a7311dbd24b988,TRIAGED_VIEW_RE_KCLUSTER_COV.csv,10724141,
a60898cf9eea0b4c6319239c91f24618,"TRIAGED_VIEW_RE_KCLUSTER_COV.csv
TRIAGED_VIEW_TOYOTA_38XD_COV.csv","10724142
19622254","
UI core components are not holding or handling with any secret data.
"
519bd786dd5c53ab79ac18646a21207c,"TRIAGED_VIEW_RE_KCLUSTER_COV.csv
TRIAGED_VIEW_TOYOTA_38XD_COV.csv","10724151
19690183","
UI core components are not holding or handling with any secret data.
"
f5ea58a66052afb131f53f6b6cf79e6b,"TRIAGED_VIEW_RE_KCLUSTER_COV.csv
TRIAGED_VIEW_TOYOTA_38XD_COV.csv","10724161
19622250","
UI core components are not holding or handling with any secret data.
"
cb4ceb1431b91a9f00bb1440ca50c00b,"TRIAGED_VIEW_RE_KCLUSTER_COV.csv
TRIAGED_VIEW_TOYOTA_38XD_COV.csv","10724164
19622251","
UI core components are not holding or handling with any secret data.
"
c1fc20a19827e136df12fbd0d8a3dcc6,TRIAGED_VIEW_RE_KCLUSTER_COV.csv,10724178,
a7bf231382b532659e685c081971d1df,"TRIAGED_VIEW_RE_KCLUSTER_COV.csv
TRIAGED_VIEW_TOYOTA_38XD_COV.csv","10724207
19622255","
UI core components are not holding or handling with any secret data.
"
adfc4e27e9bbf1bc75065537e631302d,TRIAGED_VIEW_RE_KCLUSTER_COV.csv,10724209,
8009a768d1e9cfa89bcde5108be85f60,"TRIAGED_VIEW_RE_KCLUSTER_COV.csv
TRIAGED_VIEW_TOYOTA_38XD_COV.csv","10724232
19374733","
UI core components are not holding or handling with any secret data.
"
25c44007929e71201d61dcb9fb2e556b,"TRIAGED_VIEW_RE_KCLUSTER_COV.csv
TRIAGED_VIEW_TOYOTA_38XD_COV.csv","10724246
19622256","
UI core components are not holding or handling with any secret data.
"
fe1254718bf25a4d3ac40d50b7ee2814,"TRIAGED_VIEW_RE_KCLUSTER_COV.csv
TRIAGED_VIEW_TOYOTA_38XD_COV.csv","10724250
19690276","
UI core components are not holding or handling with any secret data.
"
d297dc4424a7a96cfecb560e614a1588,"TRIAGED_VIEW_RE_KCLUSTER_COV.csv
TRIAGED_VIEW_TOYOTA_38XD_COV.csv","10724251
19622257","
UI core components are not holding or handling with any secret data.
"
985e308437892e4dbf026e899d2d39b7,"TRIAGED_VIEW_RE_KCLUSTER_COV.csv
TRIAGED_VIEW_TOYOTA_38XD_COV.csv","10724262
19743217","
UI core components are not holding or handling with any secret data.
"
a0de24fede1205f9aeffd6e652f26ded,TRIAGED_VIEW_RE_KCLUSTER_COV.csv,10724270,
a3a26818fd8daa1ee5e857c0b74ff30d,"TRIAGED_VIEW_RE_KCLUSTER_COV.csv
TRIAGED_VIEW_TOYOTA_38XD_COV.csv","10724281
19622259","
UI core components are not holding or handling with any secret data.
"
25df3585fa06b7d4375321731b0d88b5,"TRIAGED_VIEW_RE_KCLUSTER_COV.csv
TRIAGED_VIEW_TOYOTA_38XD_COV.csv","10724285
19622261","
UI core components are not holding or handling with any secret data.
"
e0f4c73460ed05cfe9ac25678282bfed,"TRIAGED_VIEW_RE_KCLUSTER_COV.csv
TRIAGED_VIEW_TOYOTA_38XD_COV.csv","10724301
19400772","
UI core components are not holding or handling with any secret data.
"
7b88a04d4e090f9a84a4642470e25feb,"TRIAGED_VIEW_RE_KCLUSTER_COV.csv
TRIAGED_VIEW_TOYOTA_38XD_COV.csv","10724303
19622262","
UI core components are not holding or handling with any secret data.
"
1f3835cef3a5d2128f3b7c1d1853569b,"TRIAGED_VIEW_RE_KCLUSTER_COV.csv
TRIAGED_VIEW_TOYOTA_38XD_COV.csv","10724309
19400773","
UI core components are not holding or handling with any secret data.
"
01affdc59395a0b1f9317800bbdb7c31,"TRIAGED_VIEW_RE_KCLUSTER_COV.csv
TRIAGED_VIEW_TOYOTA_38XD_COV.csv","10724331
19622263","
UI core components are not holding or handling with any secret data.
"
004c3c7a80c33e1af89356e5af2f5cb6,TRIAGED_VIEW_RE_KCLUSTER_COV.csv,10724350,
55d5ae7df40ff4b8bcb27b25a5dac8ea,TRIAGED_VIEW_RE_KCLUSTER_COV.csv,10724367,
20a637cbe8e7d0d2db293a197e175fa1,TRIAGED_VIEW_RE_KCLUSTER_COV.csv,10724396,
069c19965d3d4319cf2067ce44b76855,"TRIAGED_VIEW_RE_KCLUSTER_COV.csv
TRIAGED_VIEW_TOYOTA_38XD_COV.csv","10724404
19842951","
UI core components are not holding or handling with any secret data.
"
6c07e60c4289fd69985ca7190eebccb2,TRIAGED_VIEW_RE_KCLUSTER_COV.csv,10724407,
140aa32a6b703b228dba8f657c4e0926,"TRIAGED_VIEW_RE_KCLUSTER_COV.csv
TRIAGED_VIEW_TOYOTA_38XD_COV.csv","10724423
19398146","
UI core components are not holding or handling with any secret data.
"
68a57c046aec06aace834829858f22d6,TRIAGED_VIEW_RE_KCLUSTER_COV.csv,10724428,
ad5a5532e6c733b5e8c5e261e98eb59e,"TRIAGED_VIEW_RE_KCLUSTER_COV.csv
TRIAGED_VIEW_TOYOTA_38XD_COV.csv","10724433
19622265","
UI core components are not holding or handling with any secret data.
"
98d0b7664a55e2a821420ea46a279c70,"TRIAGED_VIEW_RE_KCLUSTER_COV.csv
TRIAGED_VIEW_TOYOTA_38XD_COV.csv","10724477
19622268","
UI core components are not holding or handling with any secret data.
"
cfa75cbc8a2559e2d8f897cc81657a73,"TRIAGED_VIEW_RE_KCLUSTER_COV.csv
TRIAGED_VIEW_TOYOTA_38XD_COV.csv","10724492
19374814","
UI core components are not holding or handling with any secret data.
"
cfea6c8b53d4848111cf625f0d87c012,TRIAGED_VIEW_RE_KCLUSTER_COV.csv,10724508,
9cfcf895165b043dadb230e24d7ee0e3,"TRIAGED_VIEW_RE_KCLUSTER_COV.csv
TRIAGED_VIEW_TOYOTA_38XD_COV.csv","10724516
19622269","
UI core components are not holding or handling with any secret data.
"
02114a40e388f7be5523f5eb0d49381e,TRIAGED_VIEW_RE_KCLUSTER_COV.csv,10724518,
2c98623642dcf06c58288b6e1721a600,"TRIAGED_VIEW_RE_KCLUSTER_COV.csv
TRIAGED_VIEW_TOYOTA_38XD_COV.csv","10724520
19622270","
UI core components are not holding or handling with any secret data.
"
9ebe0153f975b79a5348347e1870f951,TRIAGED_VIEW_RE_KCLUSTER_COV.csv,10724521,
913549993e55ab162ed5ab0ed92f4eda,"TRIAGED_VIEW_RE_KCLUSTER_COV.csv
TRIAGED_VIEW_TOYOTA_38XD_COV.csv","10724530
19622271","
UI core components are not holding or handling with any secret data.
"
d3e67f5ac8012937abf1f230a8c2a6df,"TRIAGED_VIEW_RE_KCLUSTER_COV.csv
TRIAGED_VIEW_TOYOTA_38XD_COV.csv","10724565
19622273","
UI core components are not holding or handling with any secret data.
"
eb9b91982eedfba984d431a42a40faa3,"TRIAGED_VIEW_RE_KCLUSTER_COV.csv
TRIAGED_VIEW_TOYOTA_38XD_COV.csv","10724578
19690294","
UI core components are not holding or handling with any secret data.
"
a7329e1ae1e61aff994bfe3cf43082bc,"TRIAGED_VIEW_RE_KCLUSTER_COV.csv
TRIAGED_VIEW_TOYOTA_38XD_COV.csv","10724584
19622274","
UI core components are not holding or handling with any secret data.
"
c654a3212d5be658a798af429a8c4ba8,"TRIAGED_VIEW_RE_KCLUSTER_COV.csv
TRIAGED_VIEW_TOYOTA_38XD_COV.csv","10724609
19398156","
UI core components are not holding or handling with any secret data.
"
bd162cd360409f31297ac8478222b9a0,"TRIAGED_VIEW_RE_KCLUSTER_COV.csv
TRIAGED_VIEW_TOYOTA_38XD_COV.csv","10724615
19690298","
UI core components are not holding or handling with any secret data.
"
962815ce20bf734c7dc7d463b64aca9a,TRIAGED_VIEW_RE_KCLUSTER_COV.csv,10724630,
e3094b3b6fe0b1c819a2e7bc924a7cab,"TRIAGED_VIEW_RE_KCLUSTER_COV.csv
TRIAGED_VIEW_TOYOTA_38XD_COV.csv","10724635
19374926","
UI core components are not holding or handling with any secret data.
"
18c347e79e3fd8889f53959fcfd12320,"TRIAGED_VIEW_RE_KCLUSTER_COV.csv
TRIAGED_VIEW_TOYOTA_38XD_COV.csv","10724651
19622281","
UI core components are not holding or handling with any secret data.
"
2231ab3db16d5c2f144e3253fc92260f,"TRIAGED_VIEW_RE_KCLUSTER_COV.csv
TRIAGED_VIEW_TOYOTA_38XD_COV.csv","10724657
19842963","
UI core components are not holding or handling with any secret data.
"
5d99088f6281820be1ade9ae5302993d,TRIAGED_VIEW_RE_KCLUSTER_COV.csv,10724677,
1808df8a0f2a6216b7713571fed6cf90,"TRIAGED_VIEW_RE_KCLUSTER_COV.csv
TRIAGED_VIEW_TOYOTA_38XD_COV.csv","10724698
19622279","
UI core components are not holding or handling with any secret data.
"
c3f7391d35ee8531e431bbc6acbe243f,"TRIAGED_VIEW_RE_KCLUSTER_COV.csv
TRIAGED_VIEW_TOYOTA_38XD_COV.csv","10724722
19622283","
UI core components are not holding or handling with any secret data.
"
31cf6358954a377ad70c3d4834698b2b,"TRIAGED_VIEW_RE_KCLUSTER_COV.csv
TRIAGED_VIEW_TOYOTA_38XD_COV.csv","10724742
19622284","
UI core components are not holding or handling with any secret data.
Matlab Autogen file"
7981aaf23fac318c5a17cf75f7ba8f0a,TRIAGED_VIEW_RE_KCLUSTER_COV.csv,10724746,
c6ff099c38865e6b9bb618f24972efbd,TRIAGED_VIEW_RE_KCLUSTER_COV.csv,10724759,
49bf9e444fc858824aafd9520af1eed5,"TRIAGED_VIEW_RE_KCLUSTER_COV.csv
TRIAGED_VIEW_TOYOTA_38XD_COV.csv","10724763
19400805","
UI core components are not holding or handling with any secret data.
"
d5c8117253405aecd8a4c7a34ed2d2ac,"TRIAGED_VIEW_RE_KCLUSTER_COV.csv
TRIAGED_VIEW_TOYOTA_38XD_COV.csv","10724764
19622285","
UI core components are not holding or handling with any secret data.
"
ce54f71444d6512a364e01a89daaf2fc,"TRIAGED_VIEW_RE_KCLUSTER_COV.csv
TRIAGED_VIEW_TOYOTA_38XD_COV.csv","10724778
19622287","
UI core components are not holding or handling with any secret data.
"
659957824dd9be0589bf4bf88d9a6ebe,"TRIAGED_VIEW_RE_KCLUSTER_COV.csv
TRIAGED_VIEW_TOYOTA_38XD_COV.csv","10724781
19690304","
UI core components are not holding or handling with any secret data.
"
12c8b1b83b1f5a3fbdb15dc8f049a7cd,"TRIAGED_VIEW_RE_KCLUSTER_COV.csv
TRIAGED_VIEW_TOYOTA_38XD_COV.csv","10724799
19400812","
UI core components are not holding or handling with any secret data.
"
14f052dd2941f38585967382bea36d8a,TRIAGED_VIEW_RE_KCLUSTER_COV.csv,10724801,
6d652025b93592e287caa42ede960782,TRIAGED_VIEW_RE_KCLUSTER_COV.csv,10724804,
1c6633fe5f50cd1c2444db796c988645,"TRIAGED_VIEW_RE_KCLUSTER_COV.csv
TRIAGED_VIEW_TOYOTA_38XD_COV.csv","10724821
19622288","
UI core components are not holding or handling with any secret data.
"
04176f65c14e9e4925f86887b8b681b2,"TRIAGED_VIEW_RE_KCLUSTER_COV.csv
TRIAGED_VIEW_TOYOTA_38XD_COV.csv","10724829
19690308","
UI core components are not holding or handling with any secret data.
"
fc0f6e9eaace20f1cc023669bdfd1b1b,"TRIAGED_VIEW_RE_KCLUSTER_COV.csv
TRIAGED_VIEW_TOYOTA_38XD_COV.csv","10724835
19622289","
UI core components are not holding or handling with any secret data.
"
c6c7d84b01b509fcf321f1a6a72575cb,TRIAGED_VIEW_RE_KCLUSTER_COV.csv,10724854,
e97b14d2b8d2cdf5a7924e96c2635cc3,TRIAGED_VIEW_RE_KCLUSTER_COV.csv,10724855,
b74034e64d53a3a638a8f844c7b6ccaa,"TRIAGED_VIEW_RE_KCLUSTER_COV.csv
TRIAGED_VIEW_TOYOTA_38XD_COV.csv","10724871
19622291","
UI core components are not holding or handling with any secret data.
"
1cba1338361ede1d92e0ed40a23d2bb6,TRIAGED_VIEW_RE_KCLUSTER_COV.csv,10724872,
fed3074adcebae4052118a9df88a580a,"TRIAGED_VIEW_RE_KCLUSTER_COV.csv
TRIAGED_VIEW_TOYOTA_38XD_COV.csv","10724885
19622292","
UI core components are not holding or handling with any secret data.
Matlab Autogen file"
9226b1afa96f2bd2e5ae5e7a72a146bb,"TRIAGED_VIEW_RE_KCLUSTER_COV.csv
TRIAGED_VIEW_TOYOTA_38XD_COV.csv","10724909
19690221","
UI core components are not holding or handling with any secret data.
"
fd951a2fa8eba9e888825bac5048fce7,TRIAGED_VIEW_RE_KCLUSTER_COV.csv,10724922,
fb85bd9ed34e83ada2baf27c61844f44,TRIAGED_VIEW_RE_KCLUSTER_COV.csv,10724933,
f9e322a8cb04c09d0181bde52742379e,"TRIAGED_VIEW_RE_KCLUSTER_COV.csv
TRIAGED_VIEW_TOYOTA_38XD_COV.csv","10724940
19400821","
UI core components are not holding or handling with any secret data.
"
5fd31a62e9b853ef587351f3c77f418d,"TRIAGED_VIEW_RE_KCLUSTER_COV.csv
TRIAGED_VIEW_TOYOTA_38XD_COV.csv","10724958
19622296","
UI core components are not holding or handling with any secret data.
"
65339929ef1de5f614696bfdd01d3145,"TRIAGED_VIEW_RE_KCLUSTER_COV.csv
TRIAGED_VIEW_TOYOTA_38XD_COV.csv","10724961
19400829","
UI core components are not holding or handling with any secret data.
"
982a911f02aa8b057d4449e5d933064d,"TRIAGED_VIEW_RE_KCLUSTER_COV.csv
TRIAGED_VIEW_TOYOTA_38XD_COV.csv","10724965
19400826","
UI core components are not holding or handling with any secret data.
"
320950f121310523db0671189e2d51da,"TRIAGED_VIEW_RE_KCLUSTER_COV.csv
TRIAGED_VIEW_TOYOTA_38XD_COV.csv","10724970
19400831","
UI core components are not holding or handling with any secret data.
"
d7ed9eabcfbf7e9cad27207e96abe7a3,"TRIAGED_VIEW_RE_KCLUSTER_COV.csv
TRIAGED_VIEW_TOYOTA_38XD_COV.csv","10724986
19622297","
UI core components are not holding or handling with any secret data.
"
fe47321e2f2098675b6657240859842c,"TRIAGED_VIEW_RE_KCLUSTER_COV.csv
TRIAGED_VIEW_TOYOTA_38XD_COV.csv","10725017
19622300","
UI core components are not holding or handling with any secret data.
"
dcb9d62ed7a8d37e28a9b03707dd3888,"TRIAGED_VIEW_RE_KCLUSTER_COV.csv
TRIAGED_VIEW_TOYOTA_38XD_COV.csv","10725036
19622301","
UI core components are not holding or handling with any secret data.
"
f2df6d2b7a373a1b69cc1337364a3062,"TRIAGED_VIEW_RE_KCLUSTER_COV.csv
TRIAGED_VIEW_TOYOTA_38XD_COV.csv","10725049
19622302","
UI core components are not holding or handling with any secret data.
Matlab Autogen file"
7f736f0720682cf6090648c9a36e9b5a,TRIAGED_VIEW_RE_KCLUSTER_COV.csv,10725072,
1b4a59a844efce738b1617b74365cc25,"TRIAGED_VIEW_RE_KCLUSTER_COV.csv
TRIAGED_VIEW_TOYOTA_38XD_COV.csv","10725074
19400838","
UI core components are not holding or handling with any secret data.
"
7d5508a1948e5e0b1ff4ad9ef3139b4c,"TRIAGED_VIEW_RE_KCLUSTER_COV.csv
TRIAGED_VIEW_TOYOTA_38XD_COV.csv","10725080
19400839","
UI core components are not holding or handling with any secret data.
"
5aee048bbc20783bed0a6c1d6566b253,"TRIAGED_VIEW_RE_KCLUSTER_COV.csv
TRIAGED_VIEW_TOYOTA_38XD_COV.csv","10725090
19622303","
UI core components are not holding or handling with any secret data.
"
9f1e3aef371a7981045067f84750b271,TRIAGED_VIEW_RE_KCLUSTER_COV.csv,10725116,
c0fee9e21d7980eb45036e4de050055e,"TRIAGED_VIEW_RE_KCLUSTER_COV.csv
TRIAGED_VIEW_TOYOTA_38XD_COV.csv","10725119
19622305","
UI core components are not holding or handling with any secret data.
"
56942cb32984327a03ac821a1086507c,"TRIAGED_VIEW_RE_KCLUSTER_COV.csv
TRIAGED_VIEW_TOYOTA_38XD_COV.csv","10725124
19622306","
UI core components are not holding or handling with any secret data.
"
39588b39d5d688969b5d5173cc9e4996,"TRIAGED_VIEW_RE_KCLUSTER_COV.csv
TRIAGED_VIEW_TOYOTA_38XD_COV.csv","10725137
19622307","
UI core components are not holding or handling with any secret data.
"
83cc98c4a5236014388ee514ff5f81e6,"TRIAGED_VIEW_RE_KCLUSTER_COV.csv
TRIAGED_VIEW_TOYOTA_38XD_COV.csv","10725141
19690325","
UI core components are not holding or handling with any secret data.
"
6d31c73221868b127c391c4ed892e7e8,"TRIAGED_VIEW_RE_KCLUSTER_COV.csv
TRIAGED_VIEW_TOYOTA_38XD_COV.csv","10725142
19622308","
UI core components are not holding or handling with any secret data.
"
89abfab4c82744b6fadb0c02e0d40260,"TRIAGED_VIEW_RE_KCLUSTER_COV.csv
TRIAGED_VIEW_TOYOTA_38XD_COV.csv","10725223
19622310","
UI core components are not holding or handling with any secret data.
Matlab Autogen file"
23b4f822a458bb8f6719caa0584362af,"TRIAGED_VIEW_RE_KCLUSTER_COV.csv
TRIAGED_VIEW_TOYOTA_38XD_COV.csv","10725239
19690237","
UI core components are not holding or handling with any secret data.
"
da25a2c0688e07f976481cdf151ef8aa,"TRIAGED_VIEW_RE_KCLUSTER_COV.csv
TRIAGED_VIEW_TOYOTA_38XD_COV.csv","10725246
19622312","
UI core components are not holding or handling with any secret data.
"
e4df0c7b9be7ccfe8bd723098532b8e4,"TRIAGED_VIEW_RE_KCLUSTER_COV.csv
TRIAGED_VIEW_TOYOTA_38XD_COV.csv","10725274
19622317","
UI core components are not holding or handling with any secret data.
"
fae4dc11cfe9717030aef3a5432c05e1,TRIAGED_VIEW_RE_KCLUSTER_COV.csv,10725282,
431185884ea40da1566ce6882154a862,"TRIAGED_VIEW_RE_KCLUSTER_COV.csv
TRIAGED_VIEW_TOYOTA_38XD_COV.csv","10725283
19375182","
UI core components are not holding or handling with any secret data.
"
2be7d7cc87e3ecc2badf91f2a0123947,"TRIAGED_VIEW_RE_KCLUSTER_COV.csv
TRIAGED_VIEW_TOYOTA_38XD_COV.csv","10725306
19400857","
UI core components are not holding or handling with any secret data.
"
d4353e96c410ce1541a955a03829c514,"TRIAGED_VIEW_RE_KCLUSTER_COV.csv
TRIAGED_VIEW_TOYOTA_38XD_COV.csv","10725310
19622319","
UI core components are not holding or handling with any secret data.
"
8b7feecaba8197374d65239c2b04bd34,"TRIAGED_VIEW_RE_KCLUSTER_COV.csv
TRIAGED_VIEW_TOYOTA_38XD_COV.csv","10725340
19622320","
UI core components are not holding or handling with any secret data.
"
93d107f0d14182b55601ec8c98d990e3,"TRIAGED_VIEW_RE_KCLUSTER_COV.csv
TRIAGED_VIEW_TOYOTA_38XD_COV.csv","10725350
19622322","
UI core components are not holding or handling with any secret data.
"
d6a840c77561aabc18002d5277c38b26,"TRIAGED_VIEW_RE_KCLUSTER_COV.csv
TRIAGED_VIEW_TOYOTA_38XD_COV.csv","10725362
19622323","
UI core components are not holding or handling with any secret data.
"
db90f5bab82015d0ea886696879cac57,"TRIAGED_VIEW_RE_KCLUSTER_COV.csv
TRIAGED_VIEW_TOYOTA_38XD_COV.csv","10725377
19622324","
UI core components are not holding or handling with any secret data.
"
ca84e43f5e44c5e3c831eabc6d6857a7,"TRIAGED_VIEW_RE_KCLUSTER_COV.csv
TRIAGED_VIEW_TOYOTA_38XD_COV.csv","10725379
19375237","
UI core components are not holding or handling with any secret data.
"
0720ba6f0d616a35ebb88fed2bc83f57,"TRIAGED_VIEW_RE_KCLUSTER_COV.csv
TRIAGED_VIEW_TOYOTA_38XD_COV.csv","10725382
19690245","
UI core components are not holding or handling with any secret data.
"
7f470bec8f9e70f7a5081c4117fda5f6,TRIAGED_VIEW_RE_KCLUSTER_COV.csv,10725394,
30d839f3203dcc8ffd24706588d42125,TRIAGED_VIEW_RE_KCLUSTER_COV.csv,10725413,
27e3d2476db17ea92642afb5b3590e60,"TRIAGED_VIEW_RE_KCLUSTER_COV.csv
TRIAGED_VIEW_TOYOTA_38XD_COV.csv","10725424
19400866","
UI core components are not holding or handling with any secret data.
"
09c7cea418ff866cc856023c9b3f0992,TRIAGED_VIEW_RE_KCLUSTER_COV.csv,10749491,
47c9e5b24f727fc3fc62356423bbb72d,TRIAGED_VIEW_RE_KCLUSTER_COV.csv,10749599,
0160be2c6c351f2b6d7fa152c661758c,TRIAGED_VIEW_RE_KCLUSTER_COV.csv,10749604,
236deea05198cbadde842043c5df17cc,TRIAGED_VIEW_RE_KCLUSTER_COV.csv,10749681,
c13d013c3ef1d1042e2e7b69635009c7,TRIAGED_VIEW_RE_KCLUSTER_COV.csv,10749733,
b8c6e68039842f6bacdc7d34f566c4f9,TRIAGED_VIEW_RE_KCLUSTER_COV.csv,10749829,
1c4da9d5a3af12323fff9fc802de6719,TRIAGED_VIEW_RE_KCLUSTER_COV.csv,10749883,
ffbad9c86df2182f161510436c8db13d,TRIAGED_VIEW_RE_KCLUSTER_COV.csv,10749891,
1855a27355f1e8f70cfe04ceb398dace,TRIAGED_VIEW_RE_KCLUSTER_COV.csv,10749908,
93b387699ee4e43b578622770fe1a544,TRIAGED_VIEW_RE_KCLUSTER_COV.csv,10749935,
6a39e2d3473a8537ca9536bb6fa83e10,TRIAGED_VIEW_RE_KCLUSTER_COV.csv,10749942,
02f32d8b0b736ae3d4b9113962c5b539,TRIAGED_VIEW_RE_KCLUSTER_COV.csv,10749945,
1fff861a90c8e2256ffc0d5b4a3dd33d,TRIAGED_VIEW_RE_KCLUSTER_COV.csv,10749950,
5006ad6ec99a219f575fffce2f2d1f0f,TRIAGED_VIEW_RE_KCLUSTER_COV.csv,10750021,
2dd70e4cb2a0b82f410542291f792458,TRIAGED_VIEW_RE_KCLUSTER_COV.csv,10750037,
240047c0669d89024d4572454d40a969,TRIAGED_VIEW_RE_KCLUSTER_COV.csv,10750064,
ae409ad85047d9d5425a9930a5cd9895,TRIAGED_VIEW_RE_KCLUSTER_COV.csv,10750107,
5d9011803010e00909ab9fd7b2010864,TRIAGED_VIEW_RE_KCLUSTER_COV.csv,10750117,
45f3b6c6433eddf6f933240344ccc8b9,TRIAGED_VIEW_RE_KCLUSTER_COV.csv,10750133,
8e4fea3bdca3597cbfea488cc736667a,TRIAGED_VIEW_RE_KCLUSTER_COV.csv,10750281,
ef1f764437f487cffa32faaef8f2d328,TRIAGED_VIEW_RE_KCLUSTER_COV.csv,10750535,
23d2968a1bb9d3a6b116a834547a22f3,TRIAGED_VIEW_RE_KCLUSTER_COV.csv,10750683,
86fe1723940910f16f081df9b3acd31b,TRIAGED_VIEW_RE_KCLUSTER_COV.csv,10750751,
b7d20d14452ed40c4512e906448e7243,TRIAGED_VIEW_RE_KCLUSTER_COV.csv,10750835,
5eefbc64e32c765d5876b8dfc686f130,"TRIAGED_VIEW_RE_KCLUSTER_COV.csv
TRIAGED_VIEW_TOYOTA_38XD_COV.csv","10978560
19400787","
UI core components are not holding or handling with any secret data.
"
1c5fe2b57cf78ffda32222d6bf57fdbc,TRIAGED_VIEW_RE_KCLUSTER_COV.csv,11116546,
d2ce6706f96b882420df3ca0c567c161,"TRIAGED_VIEW_RE_KCLUSTER_COV.csv
TRIAGED_VIEW_TOYOTA_38XD_COV.csv","11116985
19690214","
UI core components are not holding or handling with any secret data.
"
d417132e8636d5b5d0ad3ffef9ec218e,"TRIAGED_VIEW_RE_KCLUSTER_COV.csv
TRIAGED_VIEW_TOYOTA_38XD_COV.csv","16285214
19400824","
UI core components are not holding or handling with any secret data.
"
fddd8b709a84ea000cacdbd32381d8ec,TRIAGED_VIEW_RE_KCLUSTER_COV.csv,16285219,
08265608ccd0aa0d20701de6784d5196,TRIAGED_VIEW_RE_KCLUSTER_COV.csv,16285271,
bbfee59d98d4ad978d1551543b6b3e09,TRIAGED_VIEW_RE_KCLUSTER_COV.csv,16285278,
5720157b10e431b60adbfe8d3e6201a0,TRIAGED_VIEW_RE_KCLUSTER_COV.csv,16369004,
9df3ea7b6e718c32a320bc375b4ed60f,TRIAGED_VIEW_RE_KCLUSTER_COV.csv,16369730,
f0f98a6f59265f59ce2af75e58b8dc9e,TRIAGED_VIEW_RE_KCLUSTER_COV.csv,16370012,
0cbc8fba8e65fdb09ecb31b46b24ad56,TRIAGED_VIEW_RE_KCLUSTER_COV.csv,16370683,
c9645a34d09cfbcd447519e793e71482,TRIAGED_VIEW_RE_KCLUSTER_COV.csv,16371701,
b3a059c2b1c76b08647f9c56337f85d9,TRIAGED_VIEW_RE_KCLUSTER_COV.csv,16371782,
80126ea3e308cbb95f153c99f80568fb,TRIAGED_VIEW_RE_KCLUSTER_COV.csv,16372046,
1c9d502be93cd8a782b65fdb4197171b,TRIAGED_VIEW_RE_KCLUSTER_COV.csv,16372626,
95ec9a4ce1f54ab27a7cfaab3711159c,TRIAGED_VIEW_RE_KCLUSTER_COV.csv,16372838,
c265fdef573fa655a7560137231df5ca,TRIAGED_VIEW_RE_KCLUSTER_COV.csv,16373946,
7125c4dddcdd915d191c5d7b7a8ebba7,TRIAGED_VIEW_RE_KCLUSTER_COV.csv,16374361,
f97c472c6b944fd594b0b972b1466284,TRIAGED_VIEW_RE_KCLUSTER_COV.csv,16375861,
a60e656093f4d2d0220f492f32f2e547,TRIAGED_VIEW_RE_KCLUSTER_COV.csv,16376019,
09e8e0c5a0a00fbf26a5f0382a15cc0c,TRIAGED_VIEW_RE_KCLUSTER_COV.csv,16376064,
c5c7ea01492208ef8dc292ec51bf1a05,TRIAGED_VIEW_RE_KCLUSTER_COV.csv,16376713,
7d74691085e96ac24112e3d0264d3484,TRIAGED_VIEW_RE_KCLUSTER_COV.csv,16379091,
52b3f9d235e2b5c8dbf6e7aad1bbd01a,TRIAGED_VIEW_RE_KCLUSTER_COV.csv,16379131,
db11c53244c89273cfef3e21df79712b,TRIAGED_VIEW_RE_KCLUSTER_COV.csv,16379249,
9e7ce78ef0e495a1aa2863d94a5fff1f,TRIAGED_VIEW_RE_KCLUSTER_COV.csv,16380036,
9297f348895317d2aa4c8ff0c7e2f13a,TRIAGED_VIEW_RE_KCLUSTER_COV.csv,16381398,
f495a1a62eb3e9b843292a10579d431d,TRIAGED_VIEW_RE_KCLUSTER_COV.csv,16382163,
e8d3717fad3024aeb4aff22332b298b3,TRIAGED_VIEW_RE_KCLUSTER_COV.csv,16382224,
7d1a9139d1ccb7addcf60c9cf1de66c5,TRIAGED_VIEW_RE_KCLUSTER_COV.csv,16382267,
3ed3ae2bbb7d59f2d24e6d2d4472df42,TRIAGED_VIEW_RE_KCLUSTER_COV.csv,16382572,
faaa22f429158006a4153669299bd3ce,TRIAGED_VIEW_RE_KCLUSTER_COV.csv,16383745,
13e5307f25d4c509860c40bb23c2e4a0,TRIAGED_VIEW_RE_KCLUSTER_COV.csv,16383998,
0bda57cff52ecedafe194ab9e28431f3,TRIAGED_VIEW_RE_KCLUSTER_COV.csv,16384022,
88693db90b81537b53214d30d249598d,TRIAGED_VIEW_RE_KCLUSTER_COV.csv,16384241,
681caf96867a811ec589535efb05eba3,TRIAGED_VIEW_RE_KCLUSTER_COV.csv,16384588,
8a8ce7ffeae4b928c95edcf7812bb0d8,TRIAGED_VIEW_RE_KCLUSTER_COV.csv,16385307,
1ba2e39bb4f750a16fc88e01d48ad2cc,TRIAGED_VIEW_RE_KCLUSTER_COV.csv,16387184,
236f7d214b21331538f92b7ad669866e,TRIAGED_VIEW_RE_KCLUSTER_COV.csv,16387207,
eb90e8f7c600db7955d4d89c1bd5bbeb,TRIAGED_VIEW_RE_KCLUSTER_COV.csv,16387290,
7bd2ac44e25b2906aafd498e0a87fa4a,TRIAGED_VIEW_RE_KCLUSTER_COV.csv,16388191,
2199f0202f88f4da05e96cdc22fdf212,TRIAGED_VIEW_RE_KCLUSTER_COV.csv,16388324,
25ff0715c756d06ee7020c76ccbb78b0,TRIAGED_VIEW_RE_KCLUSTER_COV.csv,16388421,
5cfe77dea5584245ae52bd614b1e0ef3,TRIAGED_VIEW_RE_KCLUSTER_COV.csv,16388535,
684674c727470677cb2d6f9664494526,TRIAGED_VIEW_RE_KCLUSTER_COV.csv,16389018,
f5e58648bf7faecc6f3fcebe656e17fe,TRIAGED_VIEW_RE_KCLUSTER_COV.csv,16390520,
d0152547f914d999ab894460cd514297,TRIAGED_VIEW_RE_KCLUSTER_COV.csv,16394054,
d0c330197b3a8c47ddbe70882a6f5cc0,TRIAGED_VIEW_RE_KCLUSTER_COV.csv,16394566,
f55916f8d9804fa431c1c81d49fa23e4,TRIAGED_VIEW_RE_KCLUSTER_COV.csv,16394997,
a18380f4950f9c140bee7d08c7bf2816,TRIAGED_VIEW_RE_KCLUSTER_COV.csv,16394999,
5af4c3bd84a3804befe94168ee2db399,TRIAGED_VIEW_RE_KCLUSTER_COV.csv,16395236,
b2d7eb4650bd3ff784d3fe24ee2a715e,TRIAGED_VIEW_RE_KCLUSTER_COV.csv,16395301,
d0ce2f21dc1e489ea0c14d9e8802bbd4,TRIAGED_VIEW_RE_KCLUSTER_COV.csv,16395672,
a86b77f60200990e00c2b5822143a9c5,TRIAGED_VIEW_RE_KCLUSTER_COV.csv,16396337,
5d064548eccb85d9fa62c42fb4f1c0aa,TRIAGED_VIEW_RE_KCLUSTER_COV.csv,16397134,
6071212960a6719cfeb601fd8160cfb3,TRIAGED_VIEW_RE_KCLUSTER_COV.csv,16397735,
4f207759dbb283eadfdb73a1834e9c9c,TRIAGED_VIEW_RE_KCLUSTER_COV.csv,16398342,
5135f0e9b02a7104c6b22ea943cfda3f,TRIAGED_VIEW_RE_KCLUSTER_COV.csv,16398898,
f8a8c747b8151a910eb1dd94ca85c067,TRIAGED_VIEW_RE_KCLUSTER_COV.csv,16399815,
5103d8a08ef2b53ee27e2e9890e5651e,TRIAGED_VIEW_RE_KCLUSTER_COV.csv,16400153,
89b0df662ae118f91d26814121df45fd,TRIAGED_VIEW_RE_KCLUSTER_COV.csv,16401532,
8a5dc16d7b8bb1023de9bdd971abe3cb,TRIAGED_VIEW_RE_KCLUSTER_COV.csv,16404377,
0b2cfe1e1e9a666a45cb4156ee29846a,TRIAGED_VIEW_RE_KCLUSTER_COV.csv,16405223,
503e893740549809250ae8c272b3cc41,TRIAGED_VIEW_RE_KCLUSTER_COV.csv,16405713,
23ca58333aa354be3b6e6bcf70ca5499,TRIAGED_VIEW_RE_KCLUSTER_COV.csv,16405837,
86e93c4c45f4a8324d10b440c204688e,TRIAGED_VIEW_RE_KCLUSTER_COV.csv,16406328,
53901233712303003547bdced9939e4d,TRIAGED_VIEW_RE_KCLUSTER_COV.csv,16407244,
f6066b9cfbbdbc317e2ee54d70bd97cd,TRIAGED_VIEW_RE_KCLUSTER_COV.csv,16407678,
890ebbf5e09160a644b5c3043676a84a,TRIAGED_VIEW_RE_KCLUSTER_COV.csv,16407884,
6f8ef206a0e7e3ff42616277197e5e2a,TRIAGED_VIEW_RE_KCLUSTER_COV.csv,16408009,
98a0944850cd776069463aff0a55206e,TRIAGED_VIEW_RE_KCLUSTER_COV.csv,16408461,
0ff5fade8c553b08ed7b96e022e951e9,TRIAGED_VIEW_RE_KCLUSTER_COV.csv,16408545,
0e3455892ebfe8bb412a1b79d4d96f2a,TRIAGED_VIEW_RE_KCLUSTER_COV.csv,16408957,
31e83bcd377113851f637d5280f0749b,TRIAGED_VIEW_RE_KCLUSTER_COV.csv,16408975,
344c153df9d539f4ebae827afdd1debd,TRIAGED_VIEW_RE_KCLUSTER_COV.csv,16409260,
f4abb0f7f18b65807408d9c969781a81,TRIAGED_VIEW_RE_KCLUSTER_COV.csv,16409722,
fbaa58868fe8f88dca72063463748917,TRIAGED_VIEW_RE_KCLUSTER_COV.csv,16410030,
b7267acf366353d8409028ac4be2ef12,TRIAGED_VIEW_RE_KCLUSTER_COV.csv,16410239,
b9ad6b174389d011bd755ad43bad233c,TRIAGED_VIEW_RE_KCLUSTER_COV.csv,16410383,
daa1b5c4d4720b707ed15e9d232a5c4a,TRIAGED_VIEW_RE_KCLUSTER_COV.csv,16410391,
ec58e161776d894778a271ecd941f345,TRIAGED_VIEW_RE_KCLUSTER_COV.csv,16410813,
2060dc2876ae1dad58728e8ff33fbd98,TRIAGED_VIEW_RE_KCLUSTER_COV.csv,16411904,
bfc4d99c903276455786b47b0e6afb53,TRIAGED_VIEW_RE_KCLUSTER_COV.csv,16411976,
47097f5cc8b35b3ef0e358f81582ca4d,TRIAGED_VIEW_RE_KCLUSTER_COV.csv,16412234,
072d8507cf74813038aacede59545424,TRIAGED_VIEW_RE_KCLUSTER_COV.csv,16412732,
915b66e03d4c9a70409cfbfbb658a91a,TRIAGED_VIEW_RE_KCLUSTER_COV.csv,16413520,
0867bc2635ef3618d1b95fb0ff95f6f6,TRIAGED_VIEW_RE_KCLUSTER_COV.csv,16414682,
13b9a850a5aee58fe3b61e8c06bfa784,TRIAGED_VIEW_RE_KCLUSTER_COV.csv,16417576,
028a0745093153f32532d8c5f648378d,TRIAGED_VIEW_RE_KCLUSTER_COV.csv,16419730,
3ce354cf40b90f1ecf09006014ab6165,TRIAGED_VIEW_RE_KCLUSTER_COV.csv,16420250,
daaed7d716eeab809450b0f5e2b3f723,TRIAGED_VIEW_RE_KCLUSTER_COV.csv,16420510,
23637c3f76a3de6611eb5fbce5acdb79,TRIAGED_VIEW_RE_KCLUSTER_COV.csv,16421276,
b867a0e1d11c42523dbbc251c04dc8fe,TRIAGED_VIEW_RE_KCLUSTER_COV.csv,16422526,
0df50093495312392cdc218e02ddb48f,TRIAGED_VIEW_RE_KCLUSTER_COV.csv,16422945,
70be5dd3ec22b129b1263e4c278be8d5,TRIAGED_VIEW_RE_KCLUSTER_COV.csv,16422972,
7a119a5c254ffe263a0e9182f4d5204f,TRIAGED_VIEW_RE_KCLUSTER_COV.csv,16423773,
6c6a0d95999a51ac0a31fbe3b6c71a0d,TRIAGED_VIEW_RE_KCLUSTER_COV.csv,16424939,
0e0c9cf585850bcae69bd91ca28cc9cf,TRIAGED_VIEW_RE_KCLUSTER_COV.csv,16425925,
146ae0b775408763ddb09b42622a8b74,TRIAGED_VIEW_RE_KCLUSTER_COV.csv,16425946,
db7c732f57f15eefe1e8301f1c874934,TRIAGED_VIEW_RE_KCLUSTER_COV.csv,16426160,
3e3047a3cf36b0d314db0ee082c4580d,TRIAGED_VIEW_RE_KCLUSTER_COV.csv,16426894,
613b17a83721a4c6609bbd44c1fc5348,TRIAGED_VIEW_RE_KCLUSTER_COV.csv,16427646,
c504d333969e8a64aee2fe572941d5c2,TRIAGED_VIEW_RE_KCLUSTER_COV.csv,16427965,
8fde39ceececf010dd5dbfe634598f34,TRIAGED_VIEW_RE_KCLUSTER_COV.csv,16428072,
096b26e751d756f336d301981be1ad83,TRIAGED_VIEW_RE_KCLUSTER_COV.csv,16430552,
d1043d03f3f2c6f9de577c1eccd63b14,TRIAGED_VIEW_RE_KCLUSTER_COV.csv,16430909,
23499e2e37cf9170c6363688206663a8,TRIAGED_VIEW_RE_KCLUSTER_COV.csv,16432065,
b3bb4719c5b43fd90727a1db84ec1fc7,TRIAGED_VIEW_RE_KCLUSTER_COV.csv,16433272,
ca18e67961ae6312600ef13288ee94d0,TRIAGED_VIEW_RE_KCLUSTER_COV.csv,16434925,
2b1930f602241cde867b8251f729922a,TRIAGED_VIEW_RE_KCLUSTER_COV.csv,16436197,
89922866352542cace06c987d6ab6aa4,TRIAGED_VIEW_RE_KCLUSTER_COV.csv,16436756,
be9a996452e2d6ec4dfd130da379dd98,TRIAGED_VIEW_RE_KCLUSTER_COV.csv,16437528,
b07449c06c8495c3f844562b2fb35ea3,TRIAGED_VIEW_RE_KCLUSTER_COV.csv,16438392,
c46ab95404d6fe69b7cece43012eea2b,TRIAGED_VIEW_RE_KCLUSTER_COV.csv,16439243,
02cb397f9c29d2f1a75e4fc9acaf5c73,TRIAGED_VIEW_RE_KCLUSTER_COV.csv,16440951,
267a948f3c45e2f7e0d0f0299c7a6624,TRIAGED_VIEW_RE_KCLUSTER_COV.csv,16441114,
d23f9ec708b97444d0b5033f5de57dbd,TRIAGED_VIEW_RE_KCLUSTER_COV.csv,16441701,
f7e51be2f7a81d781538d2f6cf47f4fc,TRIAGED_VIEW_RE_KCLUSTER_COV.csv,16442552,
77e204c9065c284581270629d2ae8a0f,TRIAGED_VIEW_RE_KCLUSTER_COV.csv,16443074,
0c9d4b3fe304cc6f3d762bff72fdc735,TRIAGED_VIEW_RE_KCLUSTER_COV.csv,16445753,
1e777908deecf90acdb6c24088fc4545,TRIAGED_VIEW_RE_KCLUSTER_COV.csv,16447121,
da5c559b74d4126b302da16cb643677e,TRIAGED_VIEW_RE_KCLUSTER_COV.csv,16447140,
2f5462251b80c79921471bfce24a31fd,TRIAGED_VIEW_RE_KCLUSTER_COV.csv,16447239,
976a0031119d97d6045be6744dea1d5c,TRIAGED_VIEW_RE_KCLUSTER_COV.csv,16447870,
dba5a4d46aac4f496877d7a7721523a4,TRIAGED_VIEW_RE_KCLUSTER_COV.csv,16448525,
be0b367e65523c4617625fe82ca88c2e,TRIAGED_VIEW_RE_KCLUSTER_COV.csv,16448862,
c01622cd4d78caba772d17217204a534,TRIAGED_VIEW_RE_KCLUSTER_COV.csv,16449051,
bf18634b361e234639c5436854ebbe81,TRIAGED_VIEW_RE_KCLUSTER_COV.csv,16450033,
6973cbef8a92bca72c77deaa16454400,TRIAGED_VIEW_RE_KCLUSTER_COV.csv,16451753,
d1370f58365853998c3de85190be3b2e,TRIAGED_VIEW_RE_KCLUSTER_COV.csv,16452072,
85e4f58df1abab8ae2d87fef94a1ae51,TRIAGED_VIEW_RE_KCLUSTER_COV.csv,16454420,
1d20c5a69e31eddc66ac4204a9838d59,TRIAGED_VIEW_RE_KCLUSTER_COV.csv,16454451,
d37c051aff92eaf8dc0d0d3dd75c57d1,TRIAGED_VIEW_RE_KCLUSTER_COV.csv,16454985,
c5decacdacf7e5cc855ba65f52c5ccd9,TRIAGED_VIEW_RE_KCLUSTER_COV.csv,16455422,
a482e08313bfea30564c03698d13571e,TRIAGED_VIEW_RE_KCLUSTER_COV.csv,16455464,
91213d9e200ee27f841055b00605ee15,TRIAGED_VIEW_RE_KCLUSTER_COV.csv,16456033,
95ffc1857a486db24174cac236d55406,TRIAGED_VIEW_RE_KCLUSTER_COV.csv,16456610,
cbeef1c925fc9002aa9814514e933d7b,TRIAGED_VIEW_RE_KCLUSTER_COV.csv,16457108,
193d673a257eae0091a519d93b171b0c,TRIAGED_VIEW_RE_KCLUSTER_COV.csv,16457618,
91e8f093de88017147a6a64b794dbc17,TRIAGED_VIEW_RE_KCLUSTER_COV.csv,16457724,
fe16dd9234ba27b96b9d591210518e59,TRIAGED_VIEW_RE_KCLUSTER_COV.csv,16457814,
7d76b82a6413823b2ac2e0fda5fd6489,TRIAGED_VIEW_RE_KCLUSTER_COV.csv,16457932,
57c44cd3a9566b10486d083d1ca97efe,TRIAGED_VIEW_RE_KCLUSTER_COV.csv,16458623,
52369b65f153fe597d793c68f815d4f8,TRIAGED_VIEW_RE_KCLUSTER_COV.csv,16458833,
b57ffea10a1d03c5989941d9d6c03600,TRIAGED_VIEW_RE_KCLUSTER_COV.csv,16459003,
bc82f17773b6819c99a2ade53889401c,TRIAGED_VIEW_RE_KCLUSTER_COV.csv,16459471,
1fc458b1318d00e13ca2197400b76080,TRIAGED_VIEW_RE_KCLUSTER_COV.csv,16459630,
d178171154c68ca9314fcb405bf811da,TRIAGED_VIEW_RE_KCLUSTER_COV.csv,16461216,
db1ad64dddb0f488a28806747100f14c,TRIAGED_VIEW_RE_KCLUSTER_COV.csv,16461449,
31350b6fa6fecdb76e76d94a65963721,TRIAGED_VIEW_RE_KCLUSTER_COV.csv,16461982,
cc934d1fc8c61264dd69cc96543e4ae4,TRIAGED_VIEW_RE_KCLUSTER_COV.csv,16462028,
4cc76dca543dd61413c3935d9fe6638b,TRIAGED_VIEW_RE_KCLUSTER_COV.csv,16462908,
8f26ffbcfc7672e7eee533ded8a49902,TRIAGED_VIEW_RE_KCLUSTER_COV.csv,16463932,
b810ebea81bba831f5f7164efc02925f,TRIAGED_VIEW_RE_KCLUSTER_COV.csv,16467328,
160582decb931a2fee275858cee8cadd,TRIAGED_VIEW_RE_KCLUSTER_COV.csv,16467440,
2c9ec96767e5ccf41b9819e5f22c5aa6,TRIAGED_VIEW_RE_KCLUSTER_COV.csv,16467745,
c56cd4ed07f1b380f283e6c81cce579f,TRIAGED_VIEW_RE_KCLUSTER_COV.csv,16468033,
dc7bb9c63c83a68faafae15b4d38716a,TRIAGED_VIEW_RE_KCLUSTER_COV.csv,16468588,
cbec7b18c760964a380ac92c608dfae4,TRIAGED_VIEW_RE_KCLUSTER_COV.csv,16469552,
6b2d29130b60f63109ac91faf9ad56a0,TRIAGED_VIEW_RE_KCLUSTER_COV.csv,16469937,
588df3516bb0c0971366b61df88d182e,TRIAGED_VIEW_RE_KCLUSTER_COV.csv,16470826,
b929438a0504d799701bb9921fff3882,TRIAGED_VIEW_RE_KCLUSTER_COV.csv,16471230,
a6453162d4e835afcc291d30f114a100,TRIAGED_VIEW_RE_KCLUSTER_COV.csv,16473196,
d8b9efb19cfca2f9a5cf3e22b52f4aa6,TRIAGED_VIEW_RE_KCLUSTER_COV.csv,16473648,
d5411dfb14f740f9ab2d0a780eb09fed,TRIAGED_VIEW_RE_KCLUSTER_COV.csv,16474410,
13780d4a6c730d0d5e67095fc2b63c27,TRIAGED_VIEW_RE_KCLUSTER_COV.csv,16474732,
0957fc984c6cb4226add7decefb30d42,TRIAGED_VIEW_RE_KCLUSTER_COV.csv,16475011,
a9714383ccbc0063e7bce8f58a789bfe,TRIAGED_VIEW_RE_KCLUSTER_COV.csv,16475303,
ad0e055726f524a43658eb97e76a9b21,TRIAGED_VIEW_RE_KCLUSTER_COV.csv,16475589,
a5620df8d859027d616c7c8875199ffc,TRIAGED_VIEW_RE_KCLUSTER_COV.csv,16475996,
3916bcf772610d9cc8ad0284e5b57fc5,TRIAGED_VIEW_RE_KCLUSTER_COV.csv,16476950,
6140cf0bd39ccd4f4995a20fe719a564,TRIAGED_VIEW_RE_KCLUSTER_COV.csv,16477365,
309e563b89f44080402bd720b6329248,TRIAGED_VIEW_RE_KCLUSTER_COV.csv,16477477,
7087d6a2f9af7cd11e44520c99f25c54,TRIAGED_VIEW_RE_KCLUSTER_COV.csv,16478140,
90b21b6084c2e6f09990c4197f8d3ec6,TRIAGED_VIEW_RE_KCLUSTER_COV.csv,16479314,
7339f757f675b760e6cc579e1fa9b252,TRIAGED_VIEW_RE_KCLUSTER_COV.csv,16479427,
75b76bd41ec77432138d24eee970720d,TRIAGED_VIEW_RE_KCLUSTER_COV.csv,16480086,
09775c36c7534814269c7191a2a0cc3c,TRIAGED_VIEW_RE_KCLUSTER_COV.csv,16480201,
ac5092bd2fd2791a2d106d8f20983427,TRIAGED_VIEW_RE_KCLUSTER_COV.csv,16481009,
e082593c4b93d96666e4933564db757a,TRIAGED_VIEW_RE_KCLUSTER_COV.csv,16483362,
4626adfa95e2cf7ae7957ad37b26c56f,TRIAGED_VIEW_RE_KCLUSTER_COV.csv,16483827,
e07fa5219d607e9e38fbcf4f4fb2ff91,TRIAGED_VIEW_RE_KCLUSTER_COV.csv,16484170,
0d6ef1e6f41c08d49abab3212e3356e1,TRIAGED_VIEW_RE_KCLUSTER_COV.csv,16484427,
bb797b23b046d17badd1d482bf74cca7,TRIAGED_VIEW_RE_KCLUSTER_COV.csv,16485365,
e6714f8eaab3cc8b816b80948401b0ee,TRIAGED_VIEW_RE_KCLUSTER_COV.csv,16485516,
f3a5d3ac66c3827bb8fb79c152209e46,TRIAGED_VIEW_RE_KCLUSTER_COV.csv,16485725,
4b51b8289dfc170641ca8c7972c2ae7b,TRIAGED_VIEW_RE_KCLUSTER_COV.csv,16485994,
25982317f59b043b9ff992afd3fa7f20,TRIAGED_VIEW_RE_KCLUSTER_COV.csv,16486301,
b3c3260171255ed508c440a0ac7d7058,TRIAGED_VIEW_RE_KCLUSTER_COV.csv,16486322,
caf908fb2d443abe96898d11d3c06a86,TRIAGED_VIEW_RE_KCLUSTER_COV.csv,16486391,
e914bb95d2dad6621791f9381dcfdde3,TRIAGED_VIEW_RE_KCLUSTER_COV.csv,16487411,
5a32220700ed7bd1d01b023d6cc1166c,TRIAGED_VIEW_RE_KCLUSTER_COV.csv,16487536,
a1127fb499f77881a22f7cb03a3855a0,TRIAGED_VIEW_RE_KCLUSTER_COV.csv,16487683,
f854f050bdd09e80c6f569e8f6230bef,TRIAGED_VIEW_RE_KCLUSTER_COV.csv,16487796,
451f31b5b69a8d6b0c3ccf49a777a43b,TRIAGED_VIEW_RE_KCLUSTER_COV.csv,16487823,
e3f3887407bb97217774a37dbf3fc0d7,TRIAGED_VIEW_RE_KCLUSTER_COV.csv,16487842,
80004d0967e972ec937e5da956c116d7,TRIAGED_VIEW_RE_KCLUSTER_COV.csv,16488453,
4e22370966cdf3a4e21506a20d203af0,TRIAGED_VIEW_RE_KCLUSTER_COV.csv,16488655,
ab9282230dd69aa92946cfeed8a80606,TRIAGED_VIEW_RE_KCLUSTER_COV.csv,16489622,
579f859a2d1c4f14250bcb11aef242e8,TRIAGED_VIEW_RE_KCLUSTER_COV.csv,16489741,
bff6f3cb6dcef95f7b5ab1af66ede438,TRIAGED_VIEW_RE_KCLUSTER_COV.csv,16489960,
aeeb3954e2e9bc64a08844fd598e18db,TRIAGED_VIEW_RE_KCLUSTER_COV.csv,16490182,
12d793cc2c90a01545f7733a8e93527f,TRIAGED_VIEW_RE_KCLUSTER_COV.csv,16490559,
40f7ce82d3f76ddd56174aca9f6c6274,TRIAGED_VIEW_RE_KCLUSTER_COV.csv,16490714,
724bb01d6b0e21921e843f3b4e78b295,TRIAGED_VIEW_RE_KCLUSTER_COV.csv,16490964,
b84d93ce45817b5ce1723ab4649b5131,TRIAGED_VIEW_RE_KCLUSTER_COV.csv,16491348,
d449f80b2fe06d157a9f4a112279d6cb,TRIAGED_VIEW_RE_KCLUSTER_COV.csv,16491363,
b601d092877c131f1d5d0910a87bd3a7,TRIAGED_VIEW_RE_KCLUSTER_COV.csv,16493503,
5d9389c70d37dc6a67a717aedf523d81,TRIAGED_VIEW_RE_KCLUSTER_COV.csv,16493629,
f706cfe679a2e145d8bad6cc8f447e1e,TRIAGED_VIEW_RE_KCLUSTER_COV.csv,16495082,
2299ce3ee76c62dc4dd276fdf4809a8e,TRIAGED_VIEW_RE_KCLUSTER_COV.csv,16495222,
1728c91c040747a37e0ae5bf692b2567,TRIAGED_VIEW_RE_KCLUSTER_COV.csv,16495873,
f48b1920bf409196a48664d070147de8,TRIAGED_VIEW_RE_KCLUSTER_COV.csv,16497174,
95b5167c45d6ba66f89bcf10ac381f3a,TRIAGED_VIEW_RE_KCLUSTER_COV.csv,16498666,
4ce0fca82f7ee0e2788157e9e3accf8f,TRIAGED_VIEW_RE_KCLUSTER_COV.csv,16499168,
d4062e026fae3a79db3e2b0b159c3129,TRIAGED_VIEW_RE_KCLUSTER_COV.csv,16500386,
25494f50405b7162e3e4082c83e735d8,TRIAGED_VIEW_RE_KCLUSTER_COV.csv,16501508,
e5f351b3e1b3c9b9f0725d7954ccaeb5,TRIAGED_VIEW_RE_KCLUSTER_COV.csv,16502730,
965aac4760b1cfff0f47797e9c6db05e,TRIAGED_VIEW_RE_KCLUSTER_COV.csv,16503195,
109e20d13122b163fd3b7a4085e2db95,TRIAGED_VIEW_RE_KCLUSTER_COV.csv,16503474,
817409e9c0c35c60ca9709182f9b740c,TRIAGED_VIEW_RE_KCLUSTER_COV.csv,16503970,
6be31649a8f171d45e44793972570fe5,TRIAGED_VIEW_RE_KCLUSTER_COV.csv,16505187,
a8d0253c478f9ad7ca4379e7033c84e3,TRIAGED_VIEW_RE_KCLUSTER_COV.csv,16505342,
988e98af50491d4612227cf6dc6b3dba,TRIAGED_VIEW_RE_KCLUSTER_COV.csv,16505704,
aec0875e9910c553c84a7feb7a82f15e,TRIAGED_VIEW_RE_KCLUSTER_COV.csv,16506610,
22a04a0dc2b5d00a9b193b05c3e3aca3,TRIAGED_VIEW_RE_KCLUSTER_COV.csv,16507464,
6b140939c99d2be52a64aad4a815b93c,TRIAGED_VIEW_RE_KCLUSTER_COV.csv,16507829,
3bbeab2e1622ffba67037e610b161247,TRIAGED_VIEW_RE_KCLUSTER_COV.csv,16508253,
daf52046683ecca06e0b3db29e1978cf,TRIAGED_VIEW_RE_KCLUSTER_COV.csv,16508417,
da4ae21f93b78497d466133a74d45fcd,TRIAGED_VIEW_RE_KCLUSTER_COV.csv,16510103,
6a00f09f6b7e1100cea7e195cc6f5eaa,TRIAGED_VIEW_RE_KCLUSTER_COV.csv,16510619,
27458db8a383c7232a2fcc304de69f19,TRIAGED_VIEW_RE_KCLUSTER_COV.csv,16511155,
2cd535b042efbc3e53733af977053ee9,TRIAGED_VIEW_RE_KCLUSTER_COV.csv,16511474,
171d4e54d30478909a4905a91d0abde5,TRIAGED_VIEW_RE_KCLUSTER_COV.csv,16511739,
0853643447766e38ee72e3b4b253fef5,TRIAGED_VIEW_RE_KCLUSTER_COV.csv,16511880,
fd2cce9c0f4de5ae23bb9478c5cf943a,TRIAGED_VIEW_RE_KCLUSTER_COV.csv,16512994,
28253cedacb05180fa3e8176226e41f3,TRIAGED_VIEW_RE_KCLUSTER_COV.csv,16513977,
f0506e0c1e2c13b1cbd34ca90e4ad4aa,TRIAGED_VIEW_RE_KCLUSTER_COV.csv,18197568,
4bb713911c51d636d034073f42549a13,TRIAGED_VIEW_RE_KCLUSTER_COV.csv,24658318,
1650828b4643fab904fe1256d90bb7ad,TRIAGED_VIEW_RE_KCLUSTER_COV.csv,24658319,
0c0eca80171e5062ef60d9ca5f184677,TRIAGED_VIEW_RE_KCLUSTER_COV.csv,24658340,
383fdd390e8076e69757cfb7b0de981b,TRIAGED_VIEW_RE_KCLUSTER_COV.csv,24658357,
eab5a87ac07d6aad725f8acf6ce02551,"TRIAGED_VIEW_RE_KCLUSTER_COV.csv
TRIAGED_VIEW_TOYOTA_38XD_COV.csv","24658427
19374958","
UI core components are not holding or handling with any secret data.
"
fd38813e97eaafb712561cd716ebdf6b,"TRIAGED_VIEW_RE_KCLUSTER_COV.csv
TRIAGED_VIEW_TOYOTA_38XD_COV.csv","24658503
19765297","
UI core components are not holding or handling with any secret data.
"
7aa9082a80fe557e8e3cba5b45989eb6,"TRIAGED_VIEW_RE_KCLUSTER_COV.csv
TRIAGED_VIEW_TOYOTA_38XD_COV.csv","24658533
19375068","
UI core components are not holding or handling with any secret data.
"
21fb5ae5a58b115fe1bc51a659ca9908,TRIAGED_VIEW_RE_KCLUSTER_COV.csv,24658580,
f3940183cccedcb656b32afe6168c5e7,"TRIAGED_VIEW_RE_KCLUSTER_COV.csv
TRIAGED_VIEW_TOYOTA_38XD_COV.csv","24658590
19374679","
UI core components are not holding or handling with any secret data.
"
5807e6eb5e1cb04ca6f4f0da3ebebd6f,TRIAGED_VIEW_RE_KCLUSTER_COV.csv,24658638,
3e3c7aa32456ce02bec9bebf95e294e4,TRIAGED_VIEW_RE_KCLUSTER_COV.csv,25884990,
7751cc1f25f11cac9822cf508048dcf2,TRIAGED_VIEW_RE_KCLUSTER_COV.csv,25884991,
f4f4202f733fa2d279393390a0cce6e1,TRIAGED_VIEW_RE_KCLUSTER_COV.csv,25884994,
f52bae141527b98cd37284448e1527bd,TRIAGED_VIEW_RE_KCLUSTER_COV.csv,25884996,
3d14ab1c763724e6eceaa83a29c8968d,TRIAGED_VIEW_RE_KCLUSTER_COV.csv,25884997,
68ec1f032cd38c178397fe1aadf0c1ea,TRIAGED_VIEW_RE_KCLUSTER_COV.csv,25885000,
acc2cb09d961e8aee3f18e3db7fad5d1,TRIAGED_VIEW_RE_KCLUSTER_COV.csv,25885008,
39fe9d0179873a120a587f2caae0427e,TRIAGED_VIEW_RE_KCLUSTER_COV.csv,25885010,
224ebe13c0d126a519278541d5d889fa,TRIAGED_VIEW_RE_KCLUSTER_COV.csv,25885016,
c02d3ed2f04f114dd09ec4cf39a750bf,TRIAGED_VIEW_RE_KCLUSTER_COV.csv,25885021,
15bdf80310d6a06339502a623bb567e6,TRIAGED_VIEW_RE_KCLUSTER_COV.csv,25885022,
fc61cf858fc57baec25ba7f7e6377071,TRIAGED_VIEW_RE_KCLUSTER_COV.csv,25885029,
40c975934a6b787939330f2634a4a934,TRIAGED_VIEW_RE_KCLUSTER_COV.csv,25885036,
b4996733e43b4a4567626becbc16d974,TRIAGED_VIEW_RE_KCLUSTER_COV.csv,25885045,
926f0f9d49219acba77049b57d54b4c9,TRIAGED_VIEW_RE_KCLUSTER_COV.csv,25885051,
118d8e12df2acbfc23fe2f96b9a0f3ed,TRIAGED_VIEW_RE_KCLUSTER_COV.csv,25885052,
d9df4918457494ce3a5b49c9049d1c78,TRIAGED_VIEW_RE_KCLUSTER_COV.csv,25885055,
423d3993ae93caea79fc8885badbb529,TRIAGED_VIEW_RE_KCLUSTER_COV.csv,25885062,
3c92b09a8e730c20b0f5ff251116ff9e,TRIAGED_VIEW_RE_KCLUSTER_COV.csv,25885064,
d6797589fd894cec0e5f57803829273d,TRIAGED_VIEW_RE_KCLUSTER_COV.csv,25885065,
e6bbd2760198e59a32973ef5aaf3ed69,TRIAGED_VIEW_RE_KCLUSTER_COV.csv,25885087,
b461290747b0806efd6f4727dbbd9f63,TRIAGED_VIEW_RE_KCLUSTER_COV.csv,25885089,
0e706e9ee8eab8a7f14c22024741d0e9,TRIAGED_VIEW_RE_KCLUSTER_COV.csv,25885091,
fc439406c937d115485a64487380870d,TRIAGED_VIEW_RE_KCLUSTER_COV.csv,25885101,
7eec4a01ab3ea938445f3ab8bdd4c3be,TRIAGED_VIEW_RE_KCLUSTER_COV.csv,25885104,
19db25bbc7e9eb293c57d14b4704a160,TRIAGED_VIEW_RE_KCLUSTER_COV.csv,25885107,
61d4e69ba440eb256de3c9066c851444,TRIAGED_VIEW_RE_KCLUSTER_COV.csv,25885143,
9284c9351575710d65536a5f7b00d614,TRIAGED_VIEW_RE_KCLUSTER_COV.csv,25885145,
709f933d1a32b26df833742566b8e7ff,TRIAGED_VIEW_RE_KCLUSTER_COV.csv,25885147,
0794765fcb4f81a7496de1cb432a855e,TRIAGED_VIEW_RE_KCLUSTER_COV.csv,25885151,
07500699c3852ddac3c329f9c1919567,TRIAGED_VIEW_RE_KCLUSTER_COV.csv,25885152,
7155ab20ebd2077b4fadf50f96cd9f35,TRIAGED_VIEW_RE_KCLUSTER_COV.csv,25885153,
b39d2b9d81075209a05fbef99767740b,TRIAGED_VIEW_RE_KCLUSTER_COV.csv,25885156,
540f968258148a534f8243b3a2e5c677,TRIAGED_VIEW_RE_KCLUSTER_COV.csv,25885162,
c8bb204e244fa273fe2a76fbcbb3d5b5,TRIAGED_VIEW_RE_KCLUSTER_COV.csv,25885176,
8cbedcebb47a9de485e2e16fe9ef1864,TRIAGED_VIEW_RE_KCLUSTER_COV.csv,25885186,
830c08516532de8c7a3bed2867f2710a,TRIAGED_VIEW_RE_KCLUSTER_COV.csv,25885187,
97de543a5ad692f73e59fc76191079e5,TRIAGED_VIEW_RE_KCLUSTER_COV.csv,25885188,
3b13bc166734f84c990564f056479cec,TRIAGED_VIEW_RE_KCLUSTER_COV.csv,25885192,
7b000aba0369e248a2937f373b0706d3,TRIAGED_VIEW_RE_KCLUSTER_COV.csv,25885197,
6c5c5a7933463b3f2442bf5b48588462,TRIAGED_VIEW_RE_KCLUSTER_COV.csv,25885199,
1c14482e108385de335916af7e27056a,TRIAGED_VIEW_RE_KCLUSTER_COV.csv,25885221,
8865318808575844f24354c0232e4a6f,TRIAGED_VIEW_RE_KCLUSTER_COV.csv,25885238,
2b2998d3c1f8c85ee50563f82ebbafc9,TRIAGED_VIEW_RE_KCLUSTER_COV.csv,25885242,
340da5d4c9b64da77c0e99234376daa9,TRIAGED_VIEW_RE_KCLUSTER_COV.csv,25885263,
e8f5e4fae20232f217d4e4cc935305bb,TRIAGED_VIEW_RE_KCLUSTER_COV.csv,25885268,
36ae46706dc4a82d432d0f03afe9a2a5,TRIAGED_VIEW_RE_KCLUSTER_COV.csv,25885274,
a5dd2102ccac9e693a4fc5223490b96c,TRIAGED_VIEW_RE_KCLUSTER_COV.csv,25885293,
ca57a2c566974741de11b8940acb15b6,TRIAGED_VIEW_RE_KCLUSTER_COV.csv,25885295,
cf2a1f68952be76c8a63f221f1657473,TRIAGED_VIEW_RE_KCLUSTER_COV.csv,25885302,
7e376d6c35d3d9cd41d68ec539dc8820,TRIAGED_VIEW_RE_KCLUSTER_COV.csv,25885309,
393e641093375922854477bf0e29c38a,TRIAGED_VIEW_RE_KCLUSTER_COV.csv,25885310,
95b73e855f00aaf4c00b47e382f03c9a,TRIAGED_VIEW_RE_KCLUSTER_COV.csv,25885313,
615aed6a6abf8578611524b0c8dba3a5,TRIAGED_VIEW_RE_KCLUSTER_COV.csv,25885316,
0545921c81b6a88115c78b469a40de1c,TRIAGED_VIEW_RE_KCLUSTER_COV.csv,25885325,
6d886e5d59e7e98dbdcb192ee4b59f89,TRIAGED_VIEW_RE_KCLUSTER_COV.csv,25885334,
f57570eae368a68642f82e5c9045031a,TRIAGED_VIEW_RE_KCLUSTER_COV.csv,25885336,
212def6909e16bfa0cfb4a410d52fa2d,TRIAGED_VIEW_RE_KCLUSTER_COV.csv,25885339,
c95b90555316e17d040e1b431c661c9b,TRIAGED_VIEW_RE_KCLUSTER_COV.csv,25885367,
cba2b350c3dd0866ecd71069c8eb4121,TRIAGED_VIEW_RE_KCLUSTER_COV.csv,25885373,
c8088b103c2b33e3b15b9381b2b77e20,TRIAGED_VIEW_RE_KCLUSTER_COV.csv,25885382,
d17d5940186a4a19fb192452c678a649,TRIAGED_VIEW_RE_KCLUSTER_COV.csv,25885387,
49bdbdcece21c847fb76e1eb3f43cc83,TRIAGED_VIEW_RE_KCLUSTER_COV.csv,25885390,
8243e1ffc22ff354fdeeba02d1c74bab,TRIAGED_VIEW_RE_KCLUSTER_COV.csv,25885403,
614d31bcd8045290a94b9972959baf49,TRIAGED_VIEW_RE_KCLUSTER_COV.csv,25885405,
f35d947c24a1cc37a32992ee4f3e55e5,TRIAGED_VIEW_RE_KCLUSTER_COV.csv,25885408,
c63ef82dc66b25a4dec83aa3e76f224e,TRIAGED_VIEW_RE_KCLUSTER_COV.csv,25885423,
217650ab459dd24e6d8e7746191629c7,TRIAGED_VIEW_RE_KCLUSTER_COV.csv,25885429,
616f6112d8efe47bd2fc5f7d6b251bc5,TRIAGED_VIEW_RE_KCLUSTER_COV.csv,25885431,
8a15693d7362dad687299ea117de9aba,TRIAGED_VIEW_RE_KCLUSTER_COV.csv,25885436,
752cf9c693acf0cdc21d9cec39ae8eef,TRIAGED_VIEW_RE_KCLUSTER_COV.csv,25885444,
f48967d46ab1b4a78d5d41ee1d8c82f9,TRIAGED_VIEW_RE_KCLUSTER_COV.csv,25885447,
ccd9405c5150971da93e2ab429b0fd75,TRIAGED_VIEW_RE_KCLUSTER_COV.csv,25885452,
0012f143cc00a3f71a61456afa30e4d6,TRIAGED_VIEW_RE_KCLUSTER_COV.csv,25885463,
5c5281d092358e93cb38dae74669eb59,TRIAGED_VIEW_RE_KCLUSTER_COV.csv,25885471,
44d0ec365dd1cb77dd25cb3a4dbba014,TRIAGED_VIEW_RE_KCLUSTER_COV.csv,25885486,
d75d2b94d43934a30e2b1b7c054f6af1,TRIAGED_VIEW_RE_KCLUSTER_COV.csv,25885492,
2c8a6111bc47490f2c36e63e832e63be,TRIAGED_VIEW_RE_KCLUSTER_COV.csv,25885496,
33e9791527b558a43b3e7d29aea682b5,TRIAGED_VIEW_RE_KCLUSTER_COV.csv,25885501,
3455bd3e72f34a74341b3626a8a2f528,TRIAGED_VIEW_RE_KCLUSTER_COV.csv,25885511,
b6dadfeebb0af1b9890415345f57bbb0,TRIAGED_VIEW_RE_KCLUSTER_COV.csv,25885515,
05bd3a17ed941160cf9fdd580d5a2f28,TRIAGED_VIEW_RE_KCLUSTER_COV.csv,25885517,
c7ddd8010de51ccd5890057847190020,TRIAGED_VIEW_RE_KCLUSTER_COV.csv,25885522,
6aece603e56250a61bb41c6efe4e7bbc,TRIAGED_VIEW_RE_KCLUSTER_COV.csv,25885525,
c56906dcc468bd7be0edd405e4d2f91d,TRIAGED_VIEW_RE_KCLUSTER_COV.csv,25885529,
d7ee95b9f06613763ad6d1c3e818bec9,TRIAGED_VIEW_RE_KCLUSTER_COV.csv,25885539,
c005400b9360fc9bf4bc6b355f61551c,TRIAGED_VIEW_RE_KCLUSTER_COV.csv,25885540,
9aad8bbed85bcc54b330fb311ce4109b,TRIAGED_VIEW_RE_KCLUSTER_COV.csv,25885542,
549d1f0188a3b62f585364185a37147a,TRIAGED_VIEW_RE_KCLUSTER_COV.csv,25885544,
53374994296147ef75e2b8375d8d83f9,TRIAGED_VIEW_RE_KCLUSTER_COV.csv,25885546,
4ba2894cb99613af21c7caac43a7d31b,TRIAGED_VIEW_RE_KCLUSTER_COV.csv,25885580,
915b971de85e33e196f832011dee2f3f,TRIAGED_VIEW_RE_KCLUSTER_COV.csv,25885591,
738ac5d19eab49cbb95898a62208df13,TRIAGED_VIEW_RE_KCLUSTER_COV.csv,25885592,
015d45bb2133f3d307dd7742cd8392d5,TRIAGED_VIEW_RE_KCLUSTER_COV.csv,25885597,
5865578ae34a265a0252e6b233d0f8ad,TRIAGED_VIEW_RE_KCLUSTER_COV.csv,25885598,
dab4a54fab85adac226114805d19b52c,TRIAGED_VIEW_RE_KCLUSTER_COV.csv,25885599,
5318472f5109162cafb2b076556e1920,TRIAGED_VIEW_RE_KCLUSTER_COV.csv,25885603,
e7e4afab12e61fa87722ffa04ffa68ad,TRIAGED_VIEW_RE_KCLUSTER_COV.csv,25885604,
a8c0c0c42a352ba5793ab9934902c73f,TRIAGED_VIEW_RE_KCLUSTER_COV.csv,25885610,
7aa518ae21add16c11816ca31586f716,TRIAGED_VIEW_RE_KCLUSTER_COV.csv,25885620,
c29bc10ba7b4c89a91d5a44344b45a76,TRIAGED_VIEW_RE_KCLUSTER_COV.csv,25885623,
cd6bdedd20a7f331338be4684cf5d2ed,TRIAGED_VIEW_RE_KCLUSTER_COV.csv,25885629,
9d7a2dc21d4c41bdebd849c7c83a76a7,TRIAGED_VIEW_RE_KCLUSTER_COV.csv,25885638,
022e0de00baf41daa1be0395fc2b9745,TRIAGED_VIEW_RE_KCLUSTER_COV.csv,25885640,
5a2fec9438157e11800dd9925427c7f5,TRIAGED_VIEW_RE_KCLUSTER_COV.csv,25885649,
1c826151164f711b8eeb82fe9aa549f7,TRIAGED_VIEW_RE_KCLUSTER_COV.csv,25885659,
37e7de7320afee123591bfbe6cf44561,TRIAGED_VIEW_RE_KCLUSTER_COV.csv,25885685,
30bde1b0539619cfec9de24876d4748f,TRIAGED_VIEW_RE_KCLUSTER_COV.csv,25885692,
be23ef7e96f8a676ec711c94229247d6,TRIAGED_VIEW_RE_KCLUSTER_COV.csv,25885696,
7b8e0859ce7cfd2c74a33d54592b3df1,TRIAGED_VIEW_RE_KCLUSTER_COV.csv,25885706,
1516324ead71ff2940f9f73a84142d30,TRIAGED_VIEW_RE_KCLUSTER_COV.csv,25885716,
8db8cc292b160fc4fc0b55619aaeceaf,TRIAGED_VIEW_RE_KCLUSTER_COV.csv,25885717,
c63896baee1b514663f5bfc635cba8ef,TRIAGED_VIEW_RE_KCLUSTER_COV.csv,25885719,
f096294a3b394d1801df7dff7ab74620,TRIAGED_VIEW_RE_KCLUSTER_COV.csv,25885720,
573001cbe098a080306f57c864cff86d,TRIAGED_VIEW_RE_KCLUSTER_COV.csv,25885729,
9a15e6a3894887a003a6bf2f45e1de17,TRIAGED_VIEW_RE_KCLUSTER_COV.csv,25885730,
1e1b2123526df271d6b02d3042041442,TRIAGED_VIEW_RE_KCLUSTER_COV.csv,25885731,
b5c2f799603f2cc20d5f395df21061a3,TRIAGED_VIEW_RE_KCLUSTER_COV.csv,25885733,
e3e0911021818b9c70cfa6ad195d6129,TRIAGED_VIEW_RE_KCLUSTER_COV.csv,25885734,
388b209b701c0e9f7fc54171f1e5332f,TRIAGED_VIEW_RE_KCLUSTER_COV.csv,25885735,
bfefa50252cdf6ef0669505927ae92f3,TRIAGED_VIEW_RE_KCLUSTER_COV.csv,25885742,
94c3a0869df7aa002509e254ed78f1a3,TRIAGED_VIEW_RE_KCLUSTER_COV.csv,25885743,
84e1fd3ed0531db7cbb9dc339fdba1ff,TRIAGED_VIEW_RE_KCLUSTER_COV.csv,25885745,
2a8d2e6e471f7c6ff50b1b9ae082793b,TRIAGED_VIEW_RE_KCLUSTER_COV.csv,25885748,
b015861517270d5f684be281284608ac,TRIAGED_VIEW_RE_KCLUSTER_COV.csv,25885765,
788587b72e830434420e0a891bbd84fd,TRIAGED_VIEW_RE_KCLUSTER_COV.csv,25885770,
624e45271aa043601fc8c726d342de50,TRIAGED_VIEW_RE_KCLUSTER_COV.csv,25885772,
663e243acc2315558bec55a43c1867cc,TRIAGED_VIEW_RE_KCLUSTER_COV.csv,25885776,
fb0c214be8b72e4916a95f90490468e3,TRIAGED_VIEW_RE_KCLUSTER_COV.csv,25885783,
13cb10de62f0c5afe56bc97664e8dae8,TRIAGED_VIEW_RE_KCLUSTER_COV.csv,25885786,
4131b9c077d072fd526549abc5d032ce,TRIAGED_VIEW_RE_KCLUSTER_COV.csv,25885788,
28803fc3b19e7a7862a433b7b43114e7,TRIAGED_VIEW_RE_KCLUSTER_COV.csv,25885811,
71b52b5553c2f4ed33cee8c0551a17f0,TRIAGED_VIEW_RE_KCLUSTER_COV.csv,25885812,
ddc883fc8a114be9887607ec04816878,TRIAGED_VIEW_RE_KCLUSTER_COV.csv,25885814,
6ef7a51f6be86eb0122a9d571af63180,TRIAGED_VIEW_RE_KCLUSTER_COV.csv,25885816,
1dfe3f4943e81d659ab1cab8bec44531,TRIAGED_VIEW_RE_KCLUSTER_COV.csv,25885828,
1752a005020d783c5f1ee9cf84af62a5,TRIAGED_VIEW_RE_KCLUSTER_COV.csv,25885830,
7472c000baf82ece04e9d07c149f8bfe,TRIAGED_VIEW_RE_KCLUSTER_COV.csv,25885842,
d3b88cf9a92262153ba84b09e7db605d,TRIAGED_VIEW_RE_KCLUSTER_COV.csv,25885855,
33a50a6786f37b53e42bf1e43a3c2a27,TRIAGED_VIEW_RE_KCLUSTER_COV.csv,25885868,
1c67735b166afb5842f22944cc31f767,TRIAGED_VIEW_RE_KCLUSTER_COV.csv,25885877,
6ce9ec1f7991d851087c79ce3dfb4726,TRIAGED_VIEW_RE_KCLUSTER_COV.csv,25885882,
a28381f2feccc93338a52efa478f87ba,TRIAGED_VIEW_RE_KCLUSTER_COV.csv,25885897,
68b1643bf412c677a6816febc7f2a493,TRIAGED_VIEW_RE_KCLUSTER_COV.csv,25885900,
e519506f1aebdcac4edcc3553275e6ea,TRIAGED_VIEW_RE_KCLUSTER_COV.csv,25885908,
22a7da48f19c45914e05a2d1e2aa1ce5,TRIAGED_VIEW_RE_KCLUSTER_COV.csv,25885913,
feb5a9c7be3b182ecf136586d3e9b1fb,TRIAGED_VIEW_RE_KCLUSTER_COV.csv,25885917,
ca01ca120d5fb0866848a80147736652,TRIAGED_VIEW_RE_KCLUSTER_COV.csv,25885919,
5e0523c14a5eb91cce26d586dfe50dfe,TRIAGED_VIEW_RE_KCLUSTER_COV.csv,25885924,
1e842e6e98a91cda4c81b248ccf81dde,TRIAGED_VIEW_RE_KCLUSTER_COV.csv,25885934,
5dea1af36bf6ceb5ddb57c97439b35f0,TRIAGED_VIEW_RE_KCLUSTER_COV.csv,25885937,
7918caebce166ed6a9fee2e8e7d6951a,TRIAGED_VIEW_RE_KCLUSTER_COV.csv,25885940,
5df3b5e867168daa26d490148808174e,TRIAGED_VIEW_RE_KCLUSTER_COV.csv,25885941,
a45ed60d310c11cf8b31ab3f4fd0cd3d,TRIAGED_VIEW_RE_KCLUSTER_COV.csv,25885942,
81d4d39bf310b439d028babdd3499017,TRIAGED_VIEW_RE_KCLUSTER_COV.csv,25885953,
f64d6e056e156d56e93e54cd0c5b8f2e,TRIAGED_VIEW_RE_KCLUSTER_COV.csv,25885968,
446a9f0a219f044e7535babdbeadbf38,TRIAGED_VIEW_RE_KCLUSTER_COV.csv,25885980,
90a3bd61f3ba05efa7902146583c65a3,TRIAGED_VIEW_RE_KCLUSTER_COV.csv,25885982,
4f85c6d8760ac3c6e9a3796024f3cc3a,TRIAGED_VIEW_RE_KCLUSTER_COV.csv,25885990,
6580be4dfad25be012f59f10db63022d,TRIAGED_VIEW_RE_KCLUSTER_COV.csv,25885991,
f048e012b63344a51bb69f91029f532a,TRIAGED_VIEW_RE_KCLUSTER_COV.csv,25886005,
611f558b6ac12d4a402081b8507faf51,TRIAGED_VIEW_RE_KCLUSTER_COV.csv,25886019,
396c8e211e0d9b90381d16636401df79,TRIAGED_VIEW_RE_KCLUSTER_COV.csv,25886025,
b6d9d1e47be6f4c08284035750253fec,TRIAGED_VIEW_RE_KCLUSTER_COV.csv,25886051,
c5d86fa27856f53aec7cf1640ecd1c65,TRIAGED_VIEW_RE_KCLUSTER_COV.csv,25886059,
23472b7277478efe0d609ed468be942f,TRIAGED_VIEW_RE_KCLUSTER_COV.csv,25886083,
34e884ebf09dcb29beea9f95e2bba5f9,TRIAGED_VIEW_RE_KCLUSTER_COV.csv,25886089,
438d1732e5954e5d80a0821805075b56,TRIAGED_VIEW_RE_KCLUSTER_COV.csv,25886118,
2060fe1120cfc86a32098e96698dab60,TRIAGED_VIEW_RE_KCLUSTER_COV.csv,25886124,
e24765c5955a9930834047354de8c3d9,TRIAGED_VIEW_RE_KCLUSTER_COV.csv,25886136,
5fa3014fb090a8bf3b16d770f0c35fc6,TRIAGED_VIEW_RE_KCLUSTER_COV.csv,25886151,
e6e7f9edce2509a7fac47ac003631137,TRIAGED_VIEW_RE_KCLUSTER_COV.csv,25886173,
6a72f48ada59feb84cfccb14ab5eb44f,TRIAGED_VIEW_RE_KCLUSTER_COV.csv,25886182,
0ef01e5a02b708563d6375eebdf33af6,TRIAGED_VIEW_RE_KCLUSTER_COV.csv,25886187,
83a68fe57a1912c9c292340843e28b5f,TRIAGED_VIEW_RE_KCLUSTER_COV.csv,25886188,
5dd10e50bdd875c622a2c2d72137559e,TRIAGED_VIEW_RE_KCLUSTER_COV.csv,25886191,
72ebd8ad9688f2409fe1c6e549fdd10c,TRIAGED_VIEW_RE_KCLUSTER_COV.csv,25886195,
de9e650c24ea4c4ab7aea045ace704bb,TRIAGED_VIEW_RE_KCLUSTER_COV.csv,25886203,
bacae403143991637aa4ec29e5476051,TRIAGED_VIEW_RE_KCLUSTER_COV.csv,25886208,
3691d5af60fa8e855d6f0cbd65aeb55f,TRIAGED_VIEW_RE_KCLUSTER_COV.csv,25886213,
d3b55b9bd4274486a75d8b14ae71cba0,TRIAGED_VIEW_RE_KCLUSTER_COV.csv,25886215,
1030599889cfaf6e5940959274927b62,TRIAGED_VIEW_RE_KCLUSTER_COV.csv,25886221,
676bd676cb2cd8b8253a925fe3229b58,TRIAGED_VIEW_RE_KCLUSTER_COV.csv,25886223,
8dc5f8ae9e2f2b4a5c62d56ddc843e2d,TRIAGED_VIEW_RE_KCLUSTER_COV.csv,25886238,
a913a712948dca62a7be9e264950f74b,TRIAGED_VIEW_RE_KCLUSTER_COV.csv,25886248,
dd84b294923b58236bc7a59d5fb2f08d,TRIAGED_VIEW_RE_KCLUSTER_COV.csv,25886252,
0707ce3df805ba6ab602957458ab7a6d,TRIAGED_VIEW_RE_KCLUSTER_COV.csv,25886263,
2708015f40351c4fa22718a6b0914698,TRIAGED_VIEW_RE_KCLUSTER_COV.csv,25886270,
15d0a7694d89c5bd1a7c3adcc4425198,TRIAGED_VIEW_RE_KCLUSTER_COV.csv,25886272,
efddcaa20cc66c901aba330b04bd6c49,TRIAGED_VIEW_RE_KCLUSTER_COV.csv,25886287,
0d73d1bc87f68bc0b6b4b3680220819c,TRIAGED_VIEW_RE_KCLUSTER_COV.csv,25886291,
20ac9578e3319f3846a69c04bd40eff8,TRIAGED_VIEW_RE_KCLUSTER_COV.csv,25886295,
1ceec9b9a8232e5525d1a8d83700a7f1,TRIAGED_VIEW_RE_KCLUSTER_COV.csv,25886297,
1533022bedfdccc4290f84925e375369,TRIAGED_VIEW_RE_KCLUSTER_COV.csv,25886302,
1d8a63bf50e88aef579ad2e7b6700578,TRIAGED_VIEW_RE_KCLUSTER_COV.csv,25886303,
1a82d7fd85a850773715153a8a08cd6e,TRIAGED_VIEW_RE_KCLUSTER_COV.csv,25886306,
9f4dc64468aef15cee199ea13cdc2d86,TRIAGED_VIEW_RE_KCLUSTER_COV.csv,25886328,
35ea1d29f0dbfb31d8f2c5d6f9fa1de8,TRIAGED_VIEW_RE_KCLUSTER_COV.csv,25886331,
11e7cdf43f54b8c570239e9a79483926,TRIAGED_VIEW_RE_KCLUSTER_COV.csv,25886333,
984746d350fd19faeb53569982a9d2c1,TRIAGED_VIEW_RE_KCLUSTER_COV.csv,25886334,
1e73b03e81917c142a21256fdcff181e,TRIAGED_VIEW_RE_KCLUSTER_COV.csv,25886335,
2306afdfa5953cf37254fa4b811e30a2,TRIAGED_VIEW_RE_KCLUSTER_COV.csv,25886349,
625a89eaa747a8bef039f48e792f1a4e,TRIAGED_VIEW_RE_KCLUSTER_COV.csv,25886366,
9e2a899a34ccd6b87cc4bafeda8d2c3e,TRIAGED_VIEW_RE_KCLUSTER_COV.csv,25886371,
d0ca9a62e207c52b7d11597423e86de3,TRIAGED_VIEW_RE_KCLUSTER_COV.csv,25886389,
418f230a5f737cad703872de2a07fc90,TRIAGED_VIEW_RE_KCLUSTER_COV.csv,25886393,
2bf0582960009b461db335e80ddfeb26,TRIAGED_VIEW_RE_KCLUSTER_COV.csv,25886396,
c3c443e796762f2952180304098d9ea2,TRIAGED_VIEW_RE_KCLUSTER_COV.csv,25886398,
2f184966af2678ea9ba81c8a1ab4490e,TRIAGED_VIEW_RE_KCLUSTER_COV.csv,25886402,
78e1fac1b7d1f09c9f342f6b7f01d981,TRIAGED_VIEW_RE_KCLUSTER_COV.csv,25886427,
e773fe13f5f13ea84a45b15d0c1f0944,TRIAGED_VIEW_RE_KCLUSTER_COV.csv,25886437,
b47e26910ef4e7634cda5a0183f8add0,TRIAGED_VIEW_RE_KCLUSTER_COV.csv,25886445,
9300ea1ec9b381bb5dfefbc355a4bc20,TRIAGED_VIEW_RE_KCLUSTER_COV.csv,25886463,
815ea0d81b5c84f9790a28fde67511b5,TRIAGED_VIEW_RE_KCLUSTER_COV.csv,25886467,
885c62cc2cfd4a49815ad133a4aec83b,TRIAGED_VIEW_RE_KCLUSTER_COV.csv,25886479,
8d454beaf4e1abf21592fe9aed2a62bb,TRIAGED_VIEW_RE_KCLUSTER_COV.csv,25886484,
671ec88e22adf6bc4b3b65a6ffc9bf09,TRIAGED_VIEW_RE_KCLUSTER_COV.csv,25886492,
65bfef7667af13c7a41f73cc25512a0d,TRIAGED_VIEW_RE_KCLUSTER_COV.csv,25886496,
dd5ad137ebce6e52316d554610abb6c1,TRIAGED_VIEW_RE_KCLUSTER_COV.csv,25886497,
df462837a0396091199e7f5c10b31c48,TRIAGED_VIEW_RE_KCLUSTER_COV.csv,25886512,
6173f14e94e95668525288012d639cb3,TRIAGED_VIEW_RE_KCLUSTER_COV.csv,25886518,
55a212cf9d16eef98f95b09a18aa8f00,TRIAGED_VIEW_RE_KCLUSTER_COV.csv,25886524,
42282beab333d7d50ee2db73265730ff,TRIAGED_VIEW_RE_KCLUSTER_COV.csv,25886532,
c257ab55e447e9320409802b1c2a0723,TRIAGED_VIEW_RE_KCLUSTER_COV.csv,25886534,
955ec7c5709d0f22cf38a3990a18cbeb,TRIAGED_VIEW_RE_KCLUSTER_COV.csv,25886556,
2ed2e77385733988ff1420f1d1a1dae2,TRIAGED_VIEW_RE_KCLUSTER_COV.csv,25886558,
91e706eec948c3916d8a09b9f3b09171,TRIAGED_VIEW_RE_KCLUSTER_COV.csv,25886561,
1ad74d08962ca19e1a628f4f98afecc3,TRIAGED_VIEW_RE_KCLUSTER_COV.csv,25886565,
05f218e2ae576032a106e074f186f6f9,TRIAGED_VIEW_RE_KCLUSTER_COV.csv,25886567,
2cabfae911d0473b88bd6a2f1db2db1c,TRIAGED_VIEW_RE_KCLUSTER_COV.csv,25886583,
dfbe46958c3484fa7b9e5dfeb01a7a0d,TRIAGED_VIEW_RE_KCLUSTER_COV.csv,25886585,
27340b5f99ea8e54a9899e9dd91b3d05,TRIAGED_VIEW_RE_KCLUSTER_COV.csv,25886590,
a57a681556088af9f76295ee6583bc59,TRIAGED_VIEW_RE_KCLUSTER_COV.csv,25886591,
1a046f11f7f40c79678b8fe2db851aee,TRIAGED_VIEW_RE_KCLUSTER_COV.csv,25886596,
57ae9849b55b91208a4420753d0cc13c,TRIAGED_VIEW_RE_KCLUSTER_COV.csv,25886602,
c27e0c17787e2cedf3f973ceedf67b47,TRIAGED_VIEW_RE_KCLUSTER_COV.csv,25886605,
d3c456e17c2ff7a871571c78cb315fce,TRIAGED_VIEW_RE_KCLUSTER_COV.csv,25886609,
79dd9e3809320ca6bd2404152f272f8d,TRIAGED_VIEW_RE_KCLUSTER_COV.csv,25886610,
dbdd92738beb41fe0d2a6e655a6c53d2,TRIAGED_VIEW_RE_KCLUSTER_COV.csv,25886618,
561ab75caf8f6ab49cdd2e29f6b41c14,TRIAGED_VIEW_RE_KCLUSTER_COV.csv,25886628,
64dfeadc49cf19be06600eec013e98e9,TRIAGED_VIEW_RE_KCLUSTER_COV.csv,25886640,
72b411a6af26d9c9a862bb0bea3c355b,TRIAGED_VIEW_RE_KCLUSTER_COV.csv,25886641,
f1a7ba3a17f3c9c8ea9f30ca5580d5a7,TRIAGED_VIEW_RE_KCLUSTER_COV.csv,25886646,
2db8081feadda08bfecfbcff92cc6d64,TRIAGED_VIEW_RE_KCLUSTER_COV.csv,25886648,
e55883e1080e4edf9babecebc3349d0c,TRIAGED_VIEW_RE_KCLUSTER_COV.csv,25886652,
e986148cd1129caa320400d4be8df9df,TRIAGED_VIEW_RE_KCLUSTER_COV.csv,25886653,
2b4df551761d4de077c1e193b8beabcc,TRIAGED_VIEW_RE_KCLUSTER_COV.csv,25886667,
0444ddb59d47836ec336d3e810473ce8,TRIAGED_VIEW_RE_KCLUSTER_COV.csv,25886688,
c21c2ca7d0694a1ed171ef15d9131132,TRIAGED_VIEW_RE_KCLUSTER_COV.csv,25886689,
081d8c5d8765417999cad79031107780,TRIAGED_VIEW_RE_KCLUSTER_COV.csv,25886691,
62201a6816ca9316c68f10930b92a34b,TRIAGED_VIEW_RE_KCLUSTER_COV.csv,25886706,
ff5e557c2325f955584cc28b535071eb,TRIAGED_VIEW_RE_KCLUSTER_COV.csv,25886708,
c536cfc560c980a7d73434523e8acc49,TRIAGED_VIEW_RE_KCLUSTER_COV.csv,25886711,
4be013b46e30751d8eceb0340d2bec04,TRIAGED_VIEW_RE_KCLUSTER_COV.csv,25886719,
b8dced281624731f843155af76cae5b4,TRIAGED_VIEW_RE_KCLUSTER_COV.csv,25886723,
d4509ef5d5f57110852af8d28e4d5e2f,TRIAGED_VIEW_RE_KCLUSTER_COV.csv,25886729,
3bafa5caa47200b1c388b5e0a59afac2,TRIAGED_VIEW_RE_KCLUSTER_COV.csv,25886733,
b91682fd16f4073c3d5c711f468ab63c,TRIAGED_VIEW_RE_KCLUSTER_COV.csv,25886745,
8bd53915c3c1f9afc1dd09e9a9dadad1,TRIAGED_VIEW_RE_KCLUSTER_COV.csv,25886749,
2702ac3723c29519754ae9a0ecf67ec9,TRIAGED_VIEW_RE_KCLUSTER_COV.csv,25886753,
cbef949518d8c49daf25dd4b41f65f35,TRIAGED_VIEW_RE_KCLUSTER_COV.csv,25886758,
794b51fb8a17656a3d2c857a594328e2,TRIAGED_VIEW_RE_KCLUSTER_COV.csv,25886768,
da2379b926443e5aca0fdaaea0218b09,TRIAGED_VIEW_RE_KCLUSTER_COV.csv,25886772,
4225bb2a62bf600c7e193d046e80ba91,TRIAGED_VIEW_RE_KCLUSTER_COV.csv,25886775,
1b9a8e5e1f657f469accc0ca90ad8be6,TRIAGED_VIEW_RE_KCLUSTER_COV.csv,25886785,
a428743938c3bac2dc6b6988ce503d2c,TRIAGED_VIEW_RE_KCLUSTER_COV.csv,25886790,
5b40d21f849fc1eafab6ce9c7e135c8e,TRIAGED_VIEW_RE_KCLUSTER_COV.csv,25886796,
5a6bab79941db0f2617241790348d1a3,TRIAGED_VIEW_RE_KCLUSTER_COV.csv,25886799,
ae33e8c03e70435ef2c23fc936361e4a,TRIAGED_VIEW_RE_KCLUSTER_COV.csv,25886800,
2b2e3795e5a63b10848cda0faf5fa458,TRIAGED_VIEW_RE_KCLUSTER_COV.csv,25886812,
7bc8179e8f50da424a0f9b1a1bc4976e,TRIAGED_VIEW_RE_KCLUSTER_COV.csv,25886825,
d424fe4975220d8486fcb1d5044c5067,TRIAGED_VIEW_RE_KCLUSTER_COV.csv,25886830,
4723c8b9da8a1d18099a62083c66e37a,TRIAGED_VIEW_RE_KCLUSTER_COV.csv,25886833,
44748e7f9b15979b06becf2dcfee3e23,TRIAGED_VIEW_RE_KCLUSTER_COV.csv,25886841,
c45b92e0c147b5f2f4c7822a015bff4a,TRIAGED_VIEW_RE_KCLUSTER_COV.csv,25886843,
2b9fcb3a779756603b79c091b5a186e0,TRIAGED_VIEW_RE_KCLUSTER_COV.csv,25886846,
baef7aff23cf2aa90caf090a9ab168d7,TRIAGED_VIEW_RE_KCLUSTER_COV.csv,25886851,
062a4c85c4531f9a01bd6a30dc21ff1a,TRIAGED_VIEW_RE_KCLUSTER_COV.csv,25886858,
5e1889288efa32ccf2a4e155936db86e,TRIAGED_VIEW_RE_KCLUSTER_COV.csv,25886859,
753f6f04e1605df1c6db1659b898dd8e,TRIAGED_VIEW_RE_KCLUSTER_COV.csv,25886866,
9868ae6222a59b5c9293fbc4e5b2ab88,TRIAGED_VIEW_RE_KCLUSTER_COV.csv,25886878,
c3cec7efc1633626c623663e8a13c765,TRIAGED_VIEW_RE_KCLUSTER_COV.csv,25886883,
d691f9d6764e1f22d2c398c62465e2a1,TRIAGED_VIEW_RE_KCLUSTER_COV.csv,25886890,
a3e0590e62f29c6ad3321b14affb332b,TRIAGED_VIEW_RE_KCLUSTER_COV.csv,25886894,
f7c188a8da19f0b61a0f176393fd54d8,TRIAGED_VIEW_RE_KCLUSTER_COV.csv,25886896,
761d9b2f203b32d145f7828639ebe345,TRIAGED_VIEW_RE_KCLUSTER_COV.csv,25886904,
664c9f04e9ac087cb0eaa19fe16b861e,TRIAGED_VIEW_RE_KCLUSTER_COV.csv,25886905,
ee343c5132e7594d508b0ed80c935019,TRIAGED_VIEW_RE_KCLUSTER_COV.csv,25886910,
86474a046f09b04004dba344bb69e5e4,TRIAGED_VIEW_RE_KCLUSTER_COV.csv,25886918,
60b37cc02d5781ae76d85d6989f37728,TRIAGED_VIEW_RE_KCLUSTER_COV.csv,25886934,
48f3eedb21f0caccdbb547546d238a51,TRIAGED_VIEW_RE_KCLUSTER_COV.csv,25886937,
0099cb5f1d22c48b4b22a4210db12287,TRIAGED_VIEW_RE_KCLUSTER_COV.csv,25886941,
a3d13f9e5dea4f1165c22e1ba7442192,TRIAGED_VIEW_RE_KCLUSTER_COV.csv,25886949,
5d364bbb9e5bb6020c7e544771b00a2a,TRIAGED_VIEW_RE_KCLUSTER_COV.csv,25886950,
1bb33f42edef4138168d966a3f637257,TRIAGED_VIEW_RE_KCLUSTER_COV.csv,25886981,
6e18425f4a6177429a64dabc2c6a47c8,TRIAGED_VIEW_RE_KCLUSTER_COV.csv,25886992,
406ce2c727df4e6fdd05eedbb925a5cd,TRIAGED_VIEW_RE_KCLUSTER_COV.csv,25886999,
d67d61971e736f298bfeaa0941275240,TRIAGED_VIEW_RE_KCLUSTER_COV.csv,25887006,
963acddfac29b10d3df21b5967e53e04,TRIAGED_VIEW_RE_KCLUSTER_COV.csv,25887008,
4ac287cd72df3346c27b2473af3023c0,TRIAGED_VIEW_RE_KCLUSTER_COV.csv,25887013,
faa09f0d144493a31f6feab48ec636ea,TRIAGED_VIEW_RE_KCLUSTER_COV.csv,25887014,
e29da0478f2376d1e8e2517ff2634152,TRIAGED_VIEW_RE_KCLUSTER_COV.csv,25887019,
aca9a890f674d3e9ccf25a33dcec3066,TRIAGED_VIEW_RE_KCLUSTER_COV.csv,25887020,
d26424540878ded4faebabbe999bdb2a,TRIAGED_VIEW_RE_KCLUSTER_COV.csv,25887024,
7da646f2cc635d517ef22a52283bb01a,TRIAGED_VIEW_RE_KCLUSTER_COV.csv,25887028,
a0f9fd24032efadba95a6384ffdac7f4,TRIAGED_VIEW_RE_KCLUSTER_COV.csv,25887032,
50535558a169b4636e5c4acea89374d3,TRIAGED_VIEW_RE_KCLUSTER_COV.csv,25887033,
3b9c38fb7e68b32ac3bd65a4af540851,TRIAGED_VIEW_RE_KCLUSTER_COV.csv,25887038,
f3eefaef7d29ca693aafb8e4995d270e,TRIAGED_VIEW_RE_KCLUSTER_COV.csv,25887060,
d66596d08041d997d33bd457585a6921,TRIAGED_VIEW_RE_KCLUSTER_COV.csv,25887061,
7185697272cc8cd8637a74d47b2b5166,TRIAGED_VIEW_RE_KCLUSTER_COV.csv,25887075,
068021296996fe9121df74fc7944e8f4,TRIAGED_VIEW_RE_KCLUSTER_COV.csv,25887078,
4ef7773a61091a1e3ceffe238473b75b,TRIAGED_VIEW_RE_KCLUSTER_COV.csv,25887083,
5e181abea9d2d798bae3f3cf205e1339,TRIAGED_VIEW_RE_KCLUSTER_COV.csv,25887085,
b810fbb530226497a11905b3597aa516,TRIAGED_VIEW_RE_KCLUSTER_COV.csv,25887109,
548ffca51060de85573b80d12c0fe067,TRIAGED_VIEW_RE_KCLUSTER_COV.csv,25887114,
9a8c30d8e0611d6a2ebadb64e444dd8b,TRIAGED_VIEW_RE_KCLUSTER_COV.csv,25887121,
4a2b331c26ace4b5503a964167b63d77,TRIAGED_VIEW_RE_KCLUSTER_COV.csv,25887134,
9da2950e5b9ffd4503ce8a714346dff2,TRIAGED_VIEW_RE_KCLUSTER_COV.csv,25887140,
4ff35c62eb008abca791e9463c67a410,TRIAGED_VIEW_RE_KCLUSTER_COV.csv,25887142,
8835b535c9d4b3281dfec8b69c9b1516,TRIAGED_VIEW_RE_KCLUSTER_COV.csv,25887143,
b72c863036636908038d67b667283d42,TRIAGED_VIEW_RE_KCLUSTER_COV.csv,25887145,
ff24674b69bf0dd6f9a77fe1cc2eb8a4,TRIAGED_VIEW_RE_KCLUSTER_COV.csv,25887149,
a915fbe4551f738fa89a5150a9c7b165,TRIAGED_VIEW_RE_KCLUSTER_COV.csv,25887151,
61de567f2913fdadd3de0b336f1df5be,TRIAGED_VIEW_RE_KCLUSTER_COV.csv,25887155,
b63361425169ee645f57015818faeb4b,TRIAGED_VIEW_RE_KCLUSTER_COV.csv,25887188,
4870a50c344145a5bd437f55c7aecd6c,TRIAGED_VIEW_RE_KCLUSTER_COV.csv,25887195,
ab168e9aacb77bd79e4182c2a1800a17,TRIAGED_VIEW_RE_KCLUSTER_COV.csv,25887198,
ccb22f07a2fe4e4564fc041a31d43c9a,TRIAGED_VIEW_RE_KCLUSTER_COV.csv,25887207,
814f3cfd5e13cd89d5ede6c40020b967,TRIAGED_VIEW_RE_KCLUSTER_COV.csv,25887209,
719d0d3433b4387cdf7e527a4a192d54,TRIAGED_VIEW_RE_KCLUSTER_COV.csv,25887210,
f4d688fec912ac958481168a4da1b099,TRIAGED_VIEW_RE_KCLUSTER_COV.csv,25887217,
063ce79c8db064a2a101d232bb729da5,TRIAGED_VIEW_RE_KCLUSTER_COV.csv,25887221,
f951c6bb66ccf1a22da0519aed2f6c5e,TRIAGED_VIEW_RE_KCLUSTER_COV.csv,25887222,
983e4e5044ed49d13f2058c053fe0523,TRIAGED_VIEW_RE_KCLUSTER_COV.csv,25887227,
7f4015dbfa385b92321f836b0fec3d03,TRIAGED_VIEW_RE_KCLUSTER_COV.csv,25887244,
efe8f38a8a4e8faef05d4cc94b5d6420,TRIAGED_VIEW_RE_KCLUSTER_COV.csv,25887247,
c56b2f9e4269d5eaea904b3952e1d625,TRIAGED_VIEW_RE_KCLUSTER_COV.csv,25887249,
c45f79d6732a47f77efe93152c7d8185,TRIAGED_VIEW_RE_KCLUSTER_COV.csv,25887264,
a70651888147b58428688c8afc1e510b,TRIAGED_VIEW_RE_KCLUSTER_COV.csv,25887292,
4b1cca0c81e649ce9ce22188ecfa55c7,TRIAGED_VIEW_RE_KCLUSTER_COV.csv,25887294,
1d8ecb63eb0d78cb49a45f8051c93736,TRIAGED_VIEW_RE_KCLUSTER_COV.csv,25887295,
ff1c0e88589fe5462dc5862ec577ca62,TRIAGED_VIEW_RE_KCLUSTER_COV.csv,25887298,
63e7fd1afaf04f357fcbed96cf50f196,TRIAGED_VIEW_RE_KCLUSTER_COV.csv,25887300,
f62a8edd89f49522ab9e1e85f8345816,TRIAGED_VIEW_RE_KCLUSTER_COV.csv,25887305,
b10f5bfa9faa83740fc9caa584fed73b,TRIAGED_VIEW_RE_KCLUSTER_COV.csv,25887311,
aa2841dc8b202495ce543bcb94d3ee3a,TRIAGED_VIEW_RE_KCLUSTER_COV.csv,25887314,
3d6940acbd2e2022545b17c9d4cdc771,TRIAGED_VIEW_RE_KCLUSTER_COV.csv,25887321,
7410a150110f15bc1700016ab4344916,TRIAGED_VIEW_RE_KCLUSTER_COV.csv,25887324,
1a0fc45387a96b1f5fc74dc49a5d0c0c,TRIAGED_VIEW_RE_KCLUSTER_COV.csv,25887332,
83607124c50188e17ba119f24da2ca4a,TRIAGED_VIEW_RE_KCLUSTER_COV.csv,25887345,
6d0e1db0eacbe0d2e7dac1d377f090ba,TRIAGED_VIEW_RE_KCLUSTER_COV.csv,25887349,
3ad0ad756d4dd59062ca2466dfcdd401,TRIAGED_VIEW_RE_KCLUSTER_COV.csv,25887366,
664ee982a24e559f8e71691ad9604b8e,TRIAGED_VIEW_RE_KCLUSTER_COV.csv,25887375,
0e40f55e6f88c0bf1a1fe1e86f8ca9d3,TRIAGED_VIEW_RE_KCLUSTER_COV.csv,25887384,
8dbb6ebef437ecc73a8f699b76412275,TRIAGED_VIEW_RE_KCLUSTER_COV.csv,25887385,
5750ebbfd5859f666e8efa37e27f2276,TRIAGED_VIEW_RE_KCLUSTER_COV.csv,25887395,
e6e126760d58890487a746aab81d2c9e,TRIAGED_VIEW_RE_KCLUSTER_COV.csv,25887401,
0b696cc04643f5d50ea0dd22c7ac9d8f,TRIAGED_VIEW_RE_KCLUSTER_COV.csv,25887405,
afd8e1084255759732826e62e1758bc1,TRIAGED_VIEW_RE_KCLUSTER_COV.csv,25887425,
dd7c87fd1c5da880767cab6685a1ad32,TRIAGED_VIEW_RE_KCLUSTER_COV.csv,25887435,
2059c244ee68372921ed48b8cd42e59a,TRIAGED_VIEW_RE_KCLUSTER_COV.csv,25887436,
bddecb6865cd2d4d4dd9d871f874b090,TRIAGED_VIEW_RE_KCLUSTER_COV.csv,25887438,
c0c3cb384e8de9fcfeb8cc646f46b9ba,TRIAGED_VIEW_RE_KCLUSTER_COV.csv,25887448,
7fbe0cac4bdda8fc1491c4249bf466d5,TRIAGED_VIEW_RE_KCLUSTER_COV.csv,25887455,
70f88ebc2a9f73ea354c3a4e39f34a76,TRIAGED_VIEW_RE_KCLUSTER_COV.csv,25887463,
359d3d54a4fb28a07e3c11217977f607,TRIAGED_VIEW_RE_KCLUSTER_COV.csv,25887465,
a45904a7646bf5fb8e1c66e4924366ea,TRIAGED_VIEW_RE_KCLUSTER_COV.csv,25887466,
57fce4ba7f0d23a64a18b1a05601fbed,TRIAGED_VIEW_RE_KCLUSTER_COV.csv,25887467,
c5588bfc8e89802059bd4ccaaecea9a3,TRIAGED_VIEW_RE_KCLUSTER_COV.csv,25887468,
e93b0cfad23c16a38bd52ba8bf4387b3,TRIAGED_VIEW_RE_KCLUSTER_COV.csv,25887476,
0c92ef01097b109d8f7b624f3fec562d,TRIAGED_VIEW_RE_KCLUSTER_COV.csv,25887481,
8b6cbe9f78d4fba64cb400f144a691ce,TRIAGED_VIEW_RE_KCLUSTER_COV.csv,25887489,
a21c59f6f01099afd9305584b467b2cd,TRIAGED_VIEW_RE_KCLUSTER_COV.csv,25887491,
94b4adbced5b0ce8bd5378c3e75bf698,TRIAGED_VIEW_RE_KCLUSTER_COV.csv,25887495,
655350249a27e0f34694eb5a563c260a,TRIAGED_VIEW_RE_KCLUSTER_COV.csv,25887503,
1904d80519a9fe53b9894a62bf584f7a,TRIAGED_VIEW_RE_KCLUSTER_COV.csv,25887505,
32129ddcf7bb281980bf109a9d9a17e5,TRIAGED_VIEW_RE_KCLUSTER_COV.csv,25887510,
cd22e58c7f6aa972f590a81c3d723c7b,TRIAGED_VIEW_RE_KCLUSTER_COV.csv,25887514,
4669b68b15aec49bf1d27aee6f083b2d,TRIAGED_VIEW_RE_KCLUSTER_COV.csv,25887517,
a15fb9a5734992874a557c85594d90d8,TRIAGED_VIEW_RE_KCLUSTER_COV.csv,25887524,
b1b8d0bbd314596c00c9f7dda3e786eb,TRIAGED_VIEW_RE_KCLUSTER_COV.csv,25887531,
a06d59b7467886bad0193d0c959b304a,TRIAGED_VIEW_RE_KCLUSTER_COV.csv,25887534,
f2ab503bc4790b4c1a1697131e75c959,TRIAGED_VIEW_RE_KCLUSTER_COV.csv,25887540,
92c1a58ef810c28ae0793e66acde3295,TRIAGED_VIEW_RE_KCLUSTER_COV.csv,25887556,
6055212af381dd71a8e08de93643d056,TRIAGED_VIEW_RE_KCLUSTER_COV.csv,25887578,
ee4a36db217b24d2b10b1f78f21a77bb,TRIAGED_VIEW_RE_KCLUSTER_COV.csv,25887581,
989fa2cdb1930d647358203f6d779d5d,TRIAGED_VIEW_RE_KCLUSTER_COV.csv,25887583,
1b9f8ca57ac3e150f0ad8e842d9d25cd,TRIAGED_VIEW_RE_KCLUSTER_COV.csv,25887599,
ece22edde0783aaa4c5b3c444b579ec4,TRIAGED_VIEW_RE_KCLUSTER_COV.csv,25887607,
bef7e160d294c3df62ddaa40ea476c67,TRIAGED_VIEW_RE_KCLUSTER_COV.csv,25887614,
a6cab89068fe5d9d4ef62d6a9bb77f9b,TRIAGED_VIEW_RE_KCLUSTER_COV.csv,25887616,
5d93dcff591369308740e251f5adf628,TRIAGED_VIEW_RE_KCLUSTER_COV.csv,25887631,
a133edcfe125d6506531dee91ec84ef8,TRIAGED_VIEW_RE_KCLUSTER_COV.csv,25887632,
28aa7512036b2218844b0dd9a9385fcd,TRIAGED_VIEW_RE_KCLUSTER_COV.csv,25887635,
61a2f8342eaf5837ad9ba8b1dedce3a0,TRIAGED_VIEW_RE_KCLUSTER_COV.csv,25887644,
16ee27856e1f8b22772e5141987d60d8,TRIAGED_VIEW_RE_KCLUSTER_COV.csv,25887649,
cced7e5ae8eca347a9076c1ee965d7cb,TRIAGED_VIEW_RE_KCLUSTER_COV.csv,25887652,
57a21a15fbbc22a626a9b65c87d51517,TRIAGED_VIEW_RE_KCLUSTER_COV.csv,25887681,
ec9abd99f0a2183d90a5cc47c54828cd,TRIAGED_VIEW_RE_KCLUSTER_COV.csv,25887685,
57f81f02083816e135b72375f2670d16,TRIAGED_VIEW_RE_KCLUSTER_COV.csv,25887691,
42618ff2e3a07468e7a6eac5ea0f191c,TRIAGED_VIEW_RE_KCLUSTER_COV.csv,25887692,
3d6b63749f91ecf2fc264123df1cb14e,TRIAGED_VIEW_RE_KCLUSTER_COV.csv,25887696,
daaf7e681f6c6835759d677b292e12fb,TRIAGED_VIEW_RE_KCLUSTER_COV.csv,25887712,
11bab368085573afae844d2131fe2106,TRIAGED_VIEW_RE_KCLUSTER_COV.csv,25887726,
81ca5ff8b72c85c17a337dc94d034141,TRIAGED_VIEW_RE_KCLUSTER_COV.csv,25887731,
3a238e37697e7dbb0939bb4797747c5d,TRIAGED_VIEW_RE_KCLUSTER_COV.csv,25887733,
5952baf131e3dec9f1de2e5ed3457f43,TRIAGED_VIEW_RE_KCLUSTER_COV.csv,25887736,
ac631ad6d1b456bf6f460cbf2f782693,TRIAGED_VIEW_RE_KCLUSTER_COV.csv,25887738,
bcb8349563565181b9e64d68faee95be,TRIAGED_VIEW_RE_KCLUSTER_COV.csv,25887745,
cfce603d542cd1ddefb731fc6c876988,TRIAGED_VIEW_RE_KCLUSTER_COV.csv,25887749,
f597da33584a522bdbebb3ac86e5ec78,TRIAGED_VIEW_RE_KCLUSTER_COV.csv,25887750,
0c1803ef89bc54d26ecbb80433e36fd1,TRIAGED_VIEW_RE_KCLUSTER_COV.csv,25887753,
27334bb5365538a3ee1bc7e65ad32cef,TRIAGED_VIEW_RE_KCLUSTER_COV.csv,25887756,
d343d5afb95e1e7f66568d51fea6b97c,TRIAGED_VIEW_RE_KCLUSTER_COV.csv,25887766,
c513b56f475a70d991cb99a1454f48c4,TRIAGED_VIEW_RE_KCLUSTER_COV.csv,25887767,
1ce724d2611dff22b30c33c25dcd71fd,TRIAGED_VIEW_RE_KCLUSTER_COV.csv,25887768,
47bba2157bd5e5709f58fda5f36ac7c8,TRIAGED_VIEW_RE_KCLUSTER_COV.csv,25887771,
ea192b6cf68cfa93e6997448fb6cabb6,TRIAGED_VIEW_RE_KCLUSTER_COV.csv,25887777,
f4f5c65678cf9d651f51d4892be494e0,TRIAGED_VIEW_RE_KCLUSTER_COV.csv,25887782,
aeab99b22e70728c9018214d1df9f93c,TRIAGED_VIEW_RE_KCLUSTER_COV.csv,25887786,
f7ccd4163f6d03c0189d22f9f818e9cd,TRIAGED_VIEW_RE_KCLUSTER_COV.csv,25887825,
3247273078c5c0d7d46723603eb675e4,TRIAGED_VIEW_RE_KCLUSTER_COV.csv,25887827,
73b271afd871328eca336e392890a808,TRIAGED_VIEW_RE_KCLUSTER_COV.csv,25887829,
a534fdebca3b34ff27435ce8cde4aef3,TRIAGED_VIEW_RE_KCLUSTER_COV.csv,25887832,
92ba489695a528100097d722e0daf84c,TRIAGED_VIEW_RE_KCLUSTER_COV.csv,25887838,
858b6ae1e332dec8d8e92fe66cf274a6,TRIAGED_VIEW_RE_KCLUSTER_COV.csv,25887854,
2cbc9496ee3df02ca443999d26ebf442,TRIAGED_VIEW_RE_KCLUSTER_COV.csv,25887860,
936ea7890b1a1a89bd0e78cc950177ea,TRIAGED_VIEW_RE_KCLUSTER_COV.csv,25887861,
1a1c3c6d6efb37a1d4d17c84cbcb442b,TRIAGED_VIEW_RE_KCLUSTER_COV.csv,25887862,
336438dd47f66d2977c1edd6ecb8f86d,TRIAGED_VIEW_RE_KCLUSTER_COV.csv,25887870,
2300cf3acb4b4e297a3793c0ac8d7a8f,TRIAGED_VIEW_RE_KCLUSTER_COV.csv,25887875,
81ef996e188f5cbe6d1fb828d81444b1,TRIAGED_VIEW_RE_KCLUSTER_COV.csv,25887877,
7ce4d82c51323f1610f3027c659b57b3,TRIAGED_VIEW_RE_KCLUSTER_COV.csv,25887894,
9a06f0c26348eb2d489fc23d272f6ce1,TRIAGED_VIEW_RE_KCLUSTER_COV.csv,25887913,
86e6f2401f9812d40ea14d31c72e7461,TRIAGED_VIEW_RE_KCLUSTER_COV.csv,25887918,
98cb678fb42fd72865d5dde586962e4b,TRIAGED_VIEW_RE_KCLUSTER_COV.csv,25887922,
6a361d762db2d6a639871d2765a138e6,TRIAGED_VIEW_RE_KCLUSTER_COV.csv,25887932,
21d3f8a393aa142615acff5ce259997a,TRIAGED_VIEW_RE_KCLUSTER_COV.csv,25887939,
1689e6358c5235c8a25a69aad31d4fd3,TRIAGED_VIEW_RE_KCLUSTER_COV.csv,25887950,
266ffc753d38c3ba5f67b7c6d0b51086,TRIAGED_VIEW_RE_KCLUSTER_COV.csv,25887951,
844735067c6812574f48af6b5553f1c1,TRIAGED_VIEW_RE_KCLUSTER_COV.csv,25887957,
2d2133af61594c738e7a25eb6b9d2d66,TRIAGED_VIEW_RE_KCLUSTER_COV.csv,25887959,
46fbc1a34f236dc9534d0f2bc09edc7f,TRIAGED_VIEW_RE_KCLUSTER_COV.csv,25887961,
c8fbf43851ac0118f326c6d198e58637,TRIAGED_VIEW_RE_KCLUSTER_COV.csv,25887964,
8d5e79fb337396575fcf1c27b586401a,TRIAGED_VIEW_RE_KCLUSTER_COV.csv,25887976,
cb8179e5667382c4b6fb56392c0d9721,TRIAGED_VIEW_RE_KCLUSTER_COV.csv,25887987,
49d8be761b5995cad67730fb71e75133,TRIAGED_VIEW_RE_KCLUSTER_COV.csv,25887988,
abcc03c95a04bdeba615f3a748d22f12,TRIAGED_VIEW_RE_KCLUSTER_COV.csv,25887993,
53df3c1d7a3c0483e69618ad2e224c58,TRIAGED_VIEW_RE_KCLUSTER_COV.csv,25887997,
1cd8fe96f333bcf1a7eab1a62813290e,TRIAGED_VIEW_RE_KCLUSTER_COV.csv,25888001,
f947625988b01f5296e11aa98abf8281,TRIAGED_VIEW_RE_KCLUSTER_COV.csv,25888002,
d4ee89e409a12f75c24dcc4f66d21d1b,TRIAGED_VIEW_RE_KCLUSTER_COV.csv,25888012,
1d5a84584ab1f8872e8e8788befff26f,TRIAGED_VIEW_RE_KCLUSTER_COV.csv,25888021,
ae60485a18f0ce7373225607b78d446e,TRIAGED_VIEW_RE_KCLUSTER_COV.csv,25888025,
d98d11d60a64e961a3bf73a21368fd8a,TRIAGED_VIEW_RE_KCLUSTER_COV.csv,25888032,
f1dedd853a79b5fb280df6e3c4b5f89f,TRIAGED_VIEW_RE_KCLUSTER_COV.csv,25888033,
7e9850530c41b81d55f5922e62178896,TRIAGED_VIEW_RE_KCLUSTER_COV.csv,25888042,
a7c756e469f009374a87840e2b3d8fcf,TRIAGED_VIEW_RE_KCLUSTER_COV.csv,25888053,
acbddf12f11839bc15f54718038f03ac,TRIAGED_VIEW_RE_KCLUSTER_COV.csv,25888054,
5468087640a7de91ba19e5c5d4df21d8,TRIAGED_VIEW_RE_KCLUSTER_COV.csv,25888055,
cb2e2514117bcdfd16535fe7f9345c2c,TRIAGED_VIEW_RE_KCLUSTER_COV.csv,25888072,
b8119f93ad5647c68d9cdde10f79ad58,TRIAGED_VIEW_RE_KCLUSTER_COV.csv,25888081,
1b9b2a6b629cc7c0a9d71c089cd4e2d2,TRIAGED_VIEW_RE_KCLUSTER_COV.csv,25888084,
80a365636d31f524c8b028871fb1680c,TRIAGED_VIEW_RE_KCLUSTER_COV.csv,25888089,
ee5109d5282915b88199bdb414720b0d,TRIAGED_VIEW_RE_KCLUSTER_COV.csv,25888110,
dfc7e09d1cf896d3524ae246a8cf90e9,TRIAGED_VIEW_RE_KCLUSTER_COV.csv,25888113,
766e3db3f5f2433dadf69b68c499e701,TRIAGED_VIEW_RE_KCLUSTER_COV.csv,25888119,
f65f2598ba63625689ff68272e3e4b34,TRIAGED_VIEW_RE_KCLUSTER_COV.csv,25888127,
926a8bbd8a6493f3e2346c4e91628663,TRIAGED_VIEW_RE_KCLUSTER_COV.csv,25888128,
21ca591bfecc46ca875f871b9a23dcf9,TRIAGED_VIEW_RE_KCLUSTER_COV.csv,25888136,
6cd63c5a8efcecde799ae26d3032f53b,TRIAGED_VIEW_RE_KCLUSTER_COV.csv,25888148,
099622eb5380cb5e403491f3043416b8,TRIAGED_VIEW_RE_KCLUSTER_COV.csv,25888153,
66f8cab303c7b9a98b6d57f433d929ca,TRIAGED_VIEW_RE_KCLUSTER_COV.csv,25888157,
12701d3196178d39b7aba14e861abd83,TRIAGED_VIEW_RE_KCLUSTER_COV.csv,25888158,
a713ae0a6f4120e9124bd6a2d906dac4,TRIAGED_VIEW_RE_KCLUSTER_COV.csv,25888164,
e2c5a155e8241282813a691fafb43ae7,TRIAGED_VIEW_RE_KCLUSTER_COV.csv,25888166,
6264258ad50b8f097382026440fbdab2,TRIAGED_VIEW_RE_KCLUSTER_COV.csv,25888179,
486eb8950addf56dcf310fd94d791d68,TRIAGED_VIEW_RE_KCLUSTER_COV.csv,25888191,
c1bb38cf17d88089f9046aa8e3cd6f25,TRIAGED_VIEW_RE_KCLUSTER_COV.csv,25888192,
08a2859753777ee883c38446e3409474,TRIAGED_VIEW_RE_KCLUSTER_COV.csv,25888193,
e3a55e2f01ad3d95ace5237a7b8b941d,TRIAGED_VIEW_RE_KCLUSTER_COV.csv,25888211,
aa42b444b5443c3f16c48c721ae820bc,TRIAGED_VIEW_RE_KCLUSTER_COV.csv,25888230,
fd2ff4f22c85e31af64e0970e58fd887,TRIAGED_VIEW_RE_KCLUSTER_COV.csv,25888240,
edfc2e0c7eef55011c026b599c829a0c,TRIAGED_VIEW_RE_KCLUSTER_COV.csv,25888273,
c3740dcb69d1bff4c9b195de7e63fac6,TRIAGED_VIEW_RE_KCLUSTER_COV.csv,25888276,
da7e6aae5fab91b6405b4450af20104c,TRIAGED_VIEW_RE_KCLUSTER_COV.csv,25888285,
591221178fe12433c14c025cc15b0ac0,TRIAGED_VIEW_RE_KCLUSTER_COV.csv,25888287,
f8b0fa053022780db8e8dab325ae315d,TRIAGED_VIEW_RE_KCLUSTER_COV.csv,25888288,
2699a5d026cca4834cd17d2b5a61ce9a,TRIAGED_VIEW_RE_KCLUSTER_COV.csv,25888302,
59eba809706b75a8888c464ac09485aa,TRIAGED_VIEW_RE_KCLUSTER_COV.csv,25888308,
d3083b904d4bfa7cb2f2a9c060063575,TRIAGED_VIEW_RE_KCLUSTER_COV.csv,25888335,
261e2bef403de25003bc4edb24d71106,TRIAGED_VIEW_RE_KCLUSTER_COV.csv,25888339,
ac037f1fb7068c4daf1cc807b6bbb298,TRIAGED_VIEW_RE_KCLUSTER_COV.csv,25888344,
90aab6b7d96f7f4b9c002543c77e0b0a,TRIAGED_VIEW_RE_KCLUSTER_COV.csv,25888356,
f99e2c11b9dd0c21700e9cd3872e97a0,TRIAGED_VIEW_RE_KCLUSTER_COV.csv,25888371,
d0845ea8d0cbf4bc8dcc607bc5e71df9,TRIAGED_VIEW_RE_KCLUSTER_COV.csv,25888376,
5dd38b8efea83ae290680eddfafbd7ae,TRIAGED_VIEW_RE_KCLUSTER_COV.csv,25888382,
ab8af6fdf46095a40011cf0560bfa08d,TRIAGED_VIEW_RE_KCLUSTER_COV.csv,25888383,
306b96a864b30a116b8afb576dc66114,TRIAGED_VIEW_RE_KCLUSTER_COV.csv,25888384,
f3a861956ea1b4b3028c90321f491162,TRIAGED_VIEW_RE_KCLUSTER_COV.csv,25888395,
b6fdc1d5a1b970efbf6e5dbc66e2a985,TRIAGED_VIEW_RE_KCLUSTER_COV.csv,25888405,
7c59f28d49a0bb54697309cceba4032c,TRIAGED_VIEW_RE_KCLUSTER_COV.csv,25888420,
5134dcff35444352299d525e5b6b3c5b,TRIAGED_VIEW_RE_KCLUSTER_COV.csv,25888426,
f8fb29632467455a634caf676e089701,TRIAGED_VIEW_RE_KCLUSTER_COV.csv,25888434,
0893da494df553e8e458111b8fa9b698,TRIAGED_VIEW_RE_KCLUSTER_COV.csv,25888445,
4593857b2e12bb73f384435d56dba493,TRIAGED_VIEW_RE_KCLUSTER_COV.csv,25888446,
9749abc3f20ccc6067a56f676db49247,TRIAGED_VIEW_RE_KCLUSTER_COV.csv,25888449,
c729136853c5cb0f7bf7ba57b3704a76,TRIAGED_VIEW_RE_KCLUSTER_COV.csv,25888453,
a79073b0fa58f0305718a108bccf8d79,TRIAGED_VIEW_RE_KCLUSTER_COV.csv,25888454,
aa3c1e210cbba6e8b263c8bc4a9104df,TRIAGED_VIEW_RE_KCLUSTER_COV.csv,25888458,
74ac8f65e124387928691747d0617335,TRIAGED_VIEW_RE_KCLUSTER_COV.csv,25888464,
1611ee9c9f19e13f5497532b6d01a0fd,TRIAGED_VIEW_RE_KCLUSTER_COV.csv,25888492,
1ebf5a005960a33a68f1ff932cd4ddeb,TRIAGED_VIEW_RE_KCLUSTER_COV.csv,25888493,
c47804d98d960de32a991379ef8c2a0f,TRIAGED_VIEW_RE_KCLUSTER_COV.csv,25888494,
e60ffcf445e6c1c0dea5e82f5330530f,TRIAGED_VIEW_RE_KCLUSTER_COV.csv,25888498,
112e99033fb287b870c36eb889d3d412,TRIAGED_VIEW_RE_KCLUSTER_COV.csv,25888501,
d2fcc86607942c2bec5ea268d8e90162,TRIAGED_VIEW_RE_KCLUSTER_COV.csv,25888506,
af7dadb56e28367540bca79cf73153fa,TRIAGED_VIEW_RE_KCLUSTER_COV.csv,25888518,
3bb93ed0ee4cef2ba126bf2d83bb3fc5,TRIAGED_VIEW_RE_KCLUSTER_COV.csv,25888531,
ec3334cc7003d70427c61db7a68d858c,TRIAGED_VIEW_RE_KCLUSTER_COV.csv,25888536,
10467914efaace742e4866235b9dff97,TRIAGED_VIEW_RE_KCLUSTER_COV.csv,25888537,
95690038f71e6318524c5e660af13370,TRIAGED_VIEW_RE_KCLUSTER_COV.csv,25888539,
a6edae1dc0d16ecbcb722c5c9532c1c4,TRIAGED_VIEW_RE_KCLUSTER_COV.csv,25888557,
9c42b1ab8a5e2124eb2e5891616bc734,TRIAGED_VIEW_RE_KCLUSTER_COV.csv,25888567,
9f522ba6e7eddba72e38825ebb4ed28d,TRIAGED_VIEW_RE_KCLUSTER_COV.csv,25888576,
d3c7cbb35d69912d19423fc0b4704b1a,TRIAGED_VIEW_RE_KCLUSTER_COV.csv,25888586,
a48b9b45ccd3bb25e75647b1b4bd91c6,TRIAGED_VIEW_RE_KCLUSTER_COV.csv,25888594,
751c317b063a4d99ea660f8eb63e0ced,TRIAGED_VIEW_RE_KCLUSTER_COV.csv,25888613,
be3e9bb99eceeeeb18d72b81f189ebee,TRIAGED_VIEW_RE_KCLUSTER_COV.csv,25888617,
9d5bbd32a0c75053d6c6a95bc35d884d,TRIAGED_VIEW_RE_KCLUSTER_COV.csv,25888639,
be2958c648fc156ab63ae1e75640934c,TRIAGED_VIEW_RE_KCLUSTER_COV.csv,25888641,
ac133fc6d7798de770dae84c6888fae8,TRIAGED_VIEW_RE_KCLUSTER_COV.csv,25888648,
c7b7ee7a3b8da369138ad1859c8186de,TRIAGED_VIEW_RE_KCLUSTER_COV.csv,25888650,
18fcd7e2445389903cf145e95b9a7599,TRIAGED_VIEW_RE_KCLUSTER_COV.csv,25888652,
4ffa8e7aaad8f8d09561df3eee79c5a1,TRIAGED_VIEW_RE_KCLUSTER_COV.csv,25888653,
69102a7cf803ae6065abf5e13de83ee8,TRIAGED_VIEW_RE_KCLUSTER_COV.csv,25888656,
cd71dec62d63e84fe454d1626d1ebd0f,TRIAGED_VIEW_RE_KCLUSTER_COV.csv,25888659,
48ab67a721a45b65856faf625896257e,TRIAGED_VIEW_RE_KCLUSTER_COV.csv,25888681,
f5877598a9cc9069bdaaa2516615160e,TRIAGED_VIEW_RE_KCLUSTER_COV.csv,25888687,
6a6b3407a18c1b85a3a5242d86b14212,TRIAGED_VIEW_RE_KCLUSTER_COV.csv,25888690,
357349755729e32c0cd2f97337a264e9,TRIAGED_VIEW_RE_KCLUSTER_COV.csv,25888695,
5cb237542ceae6e752c3f045e6c720c8,TRIAGED_VIEW_RE_KCLUSTER_COV.csv,25888703,
1dfd7e7223f5c1793eb3a25f21d0066e,TRIAGED_VIEW_RE_KCLUSTER_COV.csv,25888711,
1ce054b490053753986624fa22df42b7,TRIAGED_VIEW_RE_KCLUSTER_COV.csv,25888713,
3e1d32f8c39c0159ba0263461d8c23fb,TRIAGED_VIEW_RE_KCLUSTER_COV.csv,25888718,
afb44d3f7e4e84a44f89eb2e39c88afe,TRIAGED_VIEW_RE_KCLUSTER_COV.csv,25888721,
e1f06a98813baffe0fa7aec341fe0dcc,TRIAGED_VIEW_RE_KCLUSTER_COV.csv,25888738,
bd5ecd6e73026c7e23733d087912e8cb,TRIAGED_VIEW_RE_KCLUSTER_COV.csv,25888740,
c89674e136df9c1a748afcaee4dca2b5,TRIAGED_VIEW_RE_KCLUSTER_COV.csv,25888751,
bfad3ffd42b591e58f63381885107a73,TRIAGED_VIEW_RE_KCLUSTER_COV.csv,25888757,
43dcd223ecc8962f518a53241a5b0554,TRIAGED_VIEW_RE_KCLUSTER_COV.csv,25888760,
07590053529b273cb76680d46dc4d8e6,TRIAGED_VIEW_RE_KCLUSTER_COV.csv,25888767,
4d49d2f2e34aa503dca741f0c541d3a3,TRIAGED_VIEW_RE_KCLUSTER_COV.csv,25888775,
c1ef62b12ada1b54bd304da8c8c016c7,TRIAGED_VIEW_RE_KCLUSTER_COV.csv,25888782,
57d5377de0ae11194845d489fd23fbde,TRIAGED_VIEW_RE_KCLUSTER_COV.csv,25888793,
8cca3945aa8010604e3292ec48082cb1,TRIAGED_VIEW_RE_KCLUSTER_COV.csv,25888799,
b2487c1cc89b189529147e1a6e06bef5,TRIAGED_VIEW_RE_KCLUSTER_COV.csv,25888804,
6ed6fb78e540a4a8623f528b1c5f6efe,TRIAGED_VIEW_RE_KCLUSTER_COV.csv,25888808,
d8138cb85511b3d50a72731aedb9b1b7,TRIAGED_VIEW_RE_KCLUSTER_COV.csv,25888819,
e6f55c47bffaa6f459104486e202111b,TRIAGED_VIEW_RE_KCLUSTER_COV.csv,25888820,
9feb3a6c98daf7d653f1f9a5b4357e6d,TRIAGED_VIEW_RE_KCLUSTER_COV.csv,25888822,
f1ad355118219394f04ff806d3893e08,TRIAGED_VIEW_RE_KCLUSTER_COV.csv,25888827,
8e7f76ae9e962b44324f305dcabb8cf3,TRIAGED_VIEW_RE_KCLUSTER_COV.csv,25888829,
69ecd3a9aca45414b298407a8d38e9bc,TRIAGED_VIEW_RE_KCLUSTER_COV.csv,25888848,
5df5bd8de90cf0c228d9b98d990651c3,TRIAGED_VIEW_RE_KCLUSTER_COV.csv,25888849,
13da35e17f4eb2b32cf681dd7e941d0f,TRIAGED_VIEW_RE_KCLUSTER_COV.csv,25888852,
a46a5cc1f29637e29f986ffd14e0c95f,TRIAGED_VIEW_RE_KCLUSTER_COV.csv,25888855,
be3a4d58c1375201db4326eabc3897a3,TRIAGED_VIEW_RE_KCLUSTER_COV.csv,25888858,
f703f0e67d4a20b2a1c5be724a44d7bf,TRIAGED_VIEW_RE_KCLUSTER_COV.csv,25888862,
f251e8e9669dc05623ca31c038a224c9,TRIAGED_VIEW_RE_KCLUSTER_COV.csv,25888865,
067b0a21634c31a311be9e318b2a97f3,TRIAGED_VIEW_RE_KCLUSTER_COV.csv,25888870,
94c9bee8899c256d3a54ec049d10a801,TRIAGED_VIEW_RE_KCLUSTER_COV.csv,25888871,
09c43764200e32e6f2d41335db70e507,TRIAGED_VIEW_RE_KCLUSTER_COV.csv,25888876,
f398a75a3d5293860e7a2ad2487dc8d5,TRIAGED_VIEW_RE_KCLUSTER_COV.csv,25888878,
95b7403eb93e5dfc575d8c27ae1f5fed,TRIAGED_VIEW_RE_KCLUSTER_COV.csv,25888886,
d79ec7bfc4690e8c7c040e2a2b27feca,TRIAGED_VIEW_RE_KCLUSTER_COV.csv,25888889,
5ad4441540cf371ddf635cc33679e871,TRIAGED_VIEW_RE_KCLUSTER_COV.csv,25888890,
3635f34de30a1443147dc97a4488f203,TRIAGED_VIEW_RE_KCLUSTER_COV.csv,25888898,
25a0c4b718dc8aa5c089a186114d16b0,TRIAGED_VIEW_RE_KCLUSTER_COV.csv,25888903,
ec22f4244e9fa82a4d0083689d39d0ff,TRIAGED_VIEW_RE_KCLUSTER_COV.csv,25888908,
3f11f64d92fdde7f17888decde9d58bc,TRIAGED_VIEW_RE_KCLUSTER_COV.csv,25888914,
f5408d5d0abc39a25e923a4107c861ba,TRIAGED_VIEW_RE_KCLUSTER_COV.csv,25888915,
fc38a1f7fd5b42081bfd356d128b4362,TRIAGED_VIEW_RE_KCLUSTER_COV.csv,25888921,
2b3970aadeec722d4e4c39732995d69e,TRIAGED_VIEW_RE_KCLUSTER_COV.csv,25888924,
e969feb244f930ca5981d69c5eac0314,TRIAGED_VIEW_RE_KCLUSTER_COV.csv,25888925,
23d29d28eeccf430bf0717586ef09fe0,TRIAGED_VIEW_RE_KCLUSTER_COV.csv,25888933,
3bed62e750a6674c74b3f9cd943b4604,TRIAGED_VIEW_RE_KCLUSTER_COV.csv,25888957,
2854b7ea9ac91c4b6249b53a2fed56d4,TRIAGED_VIEW_RE_KCLUSTER_COV.csv,25888964,
9a339056c8fdf5c57c1c1b3bf436a08c,TRIAGED_VIEW_RE_KCLUSTER_COV.csv,25889003,
672aee68a87f427c533392e946ece043,TRIAGED_VIEW_RE_KCLUSTER_COV.csv,25889012,
2d09ed401bff1ef9aacd89113b161060,TRIAGED_VIEW_RE_KCLUSTER_COV.csv,25889015,
3c9da66132ac812bf626b61bcb6630f2,TRIAGED_VIEW_RE_KCLUSTER_COV.csv,25889025,
abb24c87622a596d1ff4a083a41d0f99,TRIAGED_VIEW_RE_KCLUSTER_COV.csv,25889041,
5d0a443841ed475c61f5891c1d6a4bae,TRIAGED_VIEW_RE_KCLUSTER_COV.csv,25889044,
20e0ea009cd133c0788c29bb1572cd4c,TRIAGED_VIEW_RE_KCLUSTER_COV.csv,25889066,
151840abf811558962f81a38fb127428,TRIAGED_VIEW_RE_KCLUSTER_COV.csv,25889078,
62857a505980f9a61a032363346f346e,TRIAGED_VIEW_RE_KCLUSTER_COV.csv,25889084,
4618223ebca4cecd6e33d55dbd396eaf,TRIAGED_VIEW_RE_KCLUSTER_COV.csv,25889094,
c5eb3307c9d400f34aec30615d388160,TRIAGED_VIEW_RE_KCLUSTER_COV.csv,25889115,
8039a542ce34357fa78160264309ba14,TRIAGED_VIEW_RE_KCLUSTER_COV.csv,25889128,
99083cd8f82be93dd003fdce7eb79d32,TRIAGED_VIEW_RE_KCLUSTER_COV.csv,25889129,
eab7895564aadd90c6e6711d1ae87c33,TRIAGED_VIEW_RE_KCLUSTER_COV.csv,25889130,
288a45b492788b541a89be95776cc489,TRIAGED_VIEW_RE_KCLUSTER_COV.csv,25889141,
9fa5671bdcd03148c9dbbae4beab0c79,TRIAGED_VIEW_RE_KCLUSTER_COV.csv,25889151,
44cc2cdca91ecaaf368354ca5ed92265,TRIAGED_VIEW_RE_KCLUSTER_COV.csv,25889158,
71bdf91d8b08bb7877f69b2d17ae73dd,TRIAGED_VIEW_RE_KCLUSTER_COV.csv,25889161,
7127a0ca3ff6b1fa6cf340c884daf7a0,TRIAGED_VIEW_RE_KCLUSTER_COV.csv,25889166,
96799e617fb36fafd65e03e1d67f3115,TRIAGED_VIEW_RE_KCLUSTER_COV.csv,25889192,
fa39cc7fe52e9e0a907d4d8fded74860,TRIAGED_VIEW_RE_KCLUSTER_COV.csv,25889194,
eedc945f632c1457b9ecc74c0a6e7adf,TRIAGED_VIEW_RE_KCLUSTER_COV.csv,25889196,
3c04a3208f42e9016cecfe71f9a56613,TRIAGED_VIEW_RE_KCLUSTER_COV.csv,25889200,
6f6ea2fc1f7c8c37a8e1c8ad87485123,TRIAGED_VIEW_RE_KCLUSTER_COV.csv,25889266,
1f9941ce10a2b66f431c60062a01e190,"TRIAGED_VIEW_RE_KCLUSTER_COV.csv
TRIAGED_VIEW_TOYOTA_38XD_COV.csv","25889289
19627411","
UI core components are not holding or handling with any secret data.
"
1d235981f11e040d0b00e29f9eca5d4a,TRIAGED_VIEW_RE_KCLUSTER_COV.csv,25889482,
3e6a22e418537213fffdb69d8afa211c,TRIAGED_VIEW_RE_KCLUSTER_COV.csv,25889530,
853524698157ca3dc91a5adae47cc423,TRIAGED_VIEW_RE_KCLUSTER_COV.csv,25889611,
04eecd683c648b3a8cb0e5ebc70dd369,TRIAGED_VIEW_RE_KCLUSTER_COV.csv,25889697,
9b74d366ed7e04f9d42a46b4765cc312,TRIAGED_VIEW_RE_KCLUSTER_COV.csv,25889715,
36e37a316f3732749a330986fe43a5e0,TRIAGED_VIEW_RE_KCLUSTER_COV.csv,10750853,"From the calling functions, the layer is validated and passed, so valid id will be used to dereference l_active_popup_id, so no issue"
1a0243760be6f02aa6f2244691757926,"TRIAGED_VIEW_RE_KCLUSTER_COV.csv
TRIAGED_VIEW_TOYOTA_38XD_COV.csv","24136162
19622238","Menu id is validated, so absolute index  fl_get_itm_absl_indx_U16 will hold a valid value
menu_id < TOTAL_MENU_ID check is done before calling this function so no issue"
24172cf73e25d884cc06aeb328a7dc87,TRIAGED_VIEW_RE_KCLUSTER_COV.csv,25885202,"MessageID is validated and passed to this function, so no issue in indexing it "
bc157ad71c2f674eec800072c90ec91b,TRIAGED_VIEW_RE_KCLUSTER_COV.csv,16371544,Third party files
551a34c7429d782a6e2f25f151994343,TRIAGED_VIEW_RE_KCLUSTER_COV.csv,16371592,Third party files
5740e4110912ddc33d05e543b3ef09ab,TRIAGED_VIEW_RE_KCLUSTER_COV.csv,16373150,Third party files
645e5bc59fa9eb0a72be679266aa5f1f,TRIAGED_VIEW_RE_KCLUSTER_COV.csv,16387826,Third party files
c89db880ee227c66bb5e6467cd1ced98,TRIAGED_VIEW_RE_KCLUSTER_COV.csv,16391826,Third party files
a443d009b1507b7d6dc4b09aaeb642b0,TRIAGED_VIEW_RE_KCLUSTER_COV.csv,16393987,Third party files
0e4ace06e4bba807047a5e8a0ce50519,TRIAGED_VIEW_RE_KCLUSTER_COV.csv,16395197,Third party files
9ffff5858e09c95bc85e16bcccd543df,TRIAGED_VIEW_RE_KCLUSTER_COV.csv,16400954,Third party files
f7899e1a4e4aaafe04c0c1e65e71e762,TRIAGED_VIEW_RE_KCLUSTER_COV.csv,16405368,Third party files
c2fa3ca858a79fad3fc07db8d21da356,TRIAGED_VIEW_RE_KCLUSTER_COV.csv,16407237,Third party files
7e7ece36e8447fc356cb790c3fcaa335,TRIAGED_VIEW_RE_KCLUSTER_COV.csv,16409659,Third party files
c83950e13c2be7b65f606f046635a495,TRIAGED_VIEW_RE_KCLUSTER_COV.csv,16415385,Third party files
220878d337246b41ae2ced20aca9903d,TRIAGED_VIEW_RE_KCLUSTER_COV.csv,16420700,Third party files
c46efc6e194833c2245a649c1b1bc490,TRIAGED_VIEW_RE_KCLUSTER_COV.csv,16429511,Third party files
0ecbda7dc741b408fa8aba0bd00ea387,TRIAGED_VIEW_RE_KCLUSTER_COV.csv,16430682,Third party files
715a9544ace55f32a9e4db4211a04fcd,TRIAGED_VIEW_RE_KCLUSTER_COV.csv,16441327,Third party files
2777270830d4c676e9b1c0c864528009,TRIAGED_VIEW_RE_KCLUSTER_COV.csv,16442156,Third party files
7fb7fd31f67fcd8ffcb3c479d88a5560,TRIAGED_VIEW_RE_KCLUSTER_COV.csv,16451928,Third party files
21aaa3291ec9174b3b775d598b96c5ec,TRIAGED_VIEW_RE_KCLUSTER_COV.csv,16453100,Third party files
fea32cd201e2424f0fa8df0d53112fe6,TRIAGED_VIEW_RE_KCLUSTER_COV.csv,16458513,Third party files
391c94952317deebed8d7feee2d1a843,TRIAGED_VIEW_RE_KCLUSTER_COV.csv,16467298,Third party files
1239a9b65b920996c29a7d48823bc480,TRIAGED_VIEW_RE_KCLUSTER_COV.csv,16467999,Third party files
14b9bb83830b76a66a030f693383810a,TRIAGED_VIEW_RE_KCLUSTER_COV.csv,16468779,Third party files
2326c076c81e25710a938f6a17614bba,TRIAGED_VIEW_RE_KCLUSTER_COV.csv,16488880,Third party files
1f383c66ec529934743dd7f8d86b7eb0,TRIAGED_VIEW_RE_KCLUSTER_COV.csv,16490597,Third party files
fd5e0556d2ac15b80c0f6f71bc9679c9,TRIAGED_VIEW_RE_KCLUSTER_COV.csv,16492397,Third party files
a9cfe2992bc6c67278607e630db2a4a5,TRIAGED_VIEW_RE_KCLUSTER_COV.csv,16509040,Third party files
d6c48c5355a302ee2e1b599e289a83eb,TRIAGED_VIEW_RE_KCLUSTER_COV.csv,16511615,Third party files
2ca1abd55a4586896d16eda16ff80f40,TRIAGED_VIEW_RE_KCLUSTER_COV.csv,25885012,Third party files
a331c7a25ed79eacda3f0a771753f504,TRIAGED_VIEW_RE_KCLUSTER_COV.csv,25885027,Third party files
abe8b64ab884dac2b384825f7fc40216,TRIAGED_VIEW_RE_KCLUSTER_COV.csv,25885290,Third party files
bfd997df62605d2f62645c730c331759,TRIAGED_VIEW_RE_KCLUSTER_COV.csv,25885315,Third party files
e99ac3a896bbdc78fe4882fc52daf105,TRIAGED_VIEW_RE_KCLUSTER_COV.csv,25885626,Third party files
c7adac58093d9038c4312748b2c712e7,TRIAGED_VIEW_RE_KCLUSTER_COV.csv,25885679,Third party files
54521330a69c81fd5d4e3209531d2716,TRIAGED_VIEW_RE_KCLUSTER_COV.csv,25885703,Third party files
7e3f7eca96680e37df36e1858e5941f8,TRIAGED_VIEW_RE_KCLUSTER_COV.csv,25885832,Third party files
841b1539fb5519ba8fe259f191a60673,TRIAGED_VIEW_RE_KCLUSTER_COV.csv,25885844,Third party files
36fdd533eebc0a9ea3530e17028c99c8,TRIAGED_VIEW_RE_KCLUSTER_COV.csv,25885881,Third party files
e3e264b38d66f8467cd5a96d509c60c0,TRIAGED_VIEW_RE_KCLUSTER_COV.csv,25886193,Third party files
a7a01f3a28f04800f4873ead76c6ac52,TRIAGED_VIEW_RE_KCLUSTER_COV.csv,25886814,Third party files
94905f08fb36c3d5a409cd880ad7d0ae,TRIAGED_VIEW_RE_KCLUSTER_COV.csv,25887628,Third party files
bc54e0400a1f033ad8e77a9294b730ec,TRIAGED_VIEW_RE_KCLUSTER_COV.csv,25887710,Third party files
4a900f5a65b3afd745bc8b8ab11cbf0f,TRIAGED_VIEW_RE_KCLUSTER_COV.csv,25887791,Third party files
07aabdb1d9a9b03a0c57002b78258ab3,TRIAGED_VIEW_RE_KCLUSTER_COV.csv,25887834,Third party files
ebadf562d707e2f918d0bf8ff190d871,TRIAGED_VIEW_RE_KCLUSTER_COV.csv,25887944,Third party files
47c6c289a14586463fcb94e93002c098,TRIAGED_VIEW_RE_KCLUSTER_COV.csv,25888016,Third party files
8ff63843d534088543b16653a072c36c,TRIAGED_VIEW_RE_KCLUSTER_COV.csv,25888559,Third party files
4ef3aa94f429464a1aa83e97c63bff6d,TRIAGED_VIEW_RE_KCLUSTER_COV.csv,25889203,Third party files
a564b7e40702751a5252df22ccef320b,TRIAGED_VIEW_RE_KCLUSTER_COV.csv,25889208,Third party files
0e313b793ad0908d79720eaf214556db,TRIAGED_VIEW_RE_KCLUSTER_COV.csv,25889210,Third party files
13bbf284ec29c5ec298033013e50efd3,TRIAGED_VIEW_RE_KCLUSTER_COV.csv,25889214,Third party files
5de7d997fa217b72736cbee05f3adb23,TRIAGED_VIEW_RE_KCLUSTER_COV.csv,25889215,Third party files
9a20d6359ac48b95b5638d1b50b302be,TRIAGED_VIEW_RE_KCLUSTER_COV.csv,25889216,Third party files
8e71c48f2e90c686d7eebd5c4964f176,TRIAGED_VIEW_RE_KCLUSTER_COV.csv,25889221,Third party files
e7634e320bd8732c7d462b9f1a586044,TRIAGED_VIEW_RE_KCLUSTER_COV.csv,25889222,Third party files
7c757ce2ddb08fa8eb98dca81d4b5d6f,TRIAGED_VIEW_RE_KCLUSTER_COV.csv,25889229,Third party files
242dd98cc74438a407603ad3a8402eb2,TRIAGED_VIEW_RE_KCLUSTER_COV.csv,25889232,Third party files
8735479b79114f23ecf486f47d94acb8,TRIAGED_VIEW_RE_KCLUSTER_COV.csv,25889234,Third party files
43f390a192e53ac322e17028ca25bd44,TRIAGED_VIEW_RE_KCLUSTER_COV.csv,25889244,Third party files
7c76de92e615879f751a39fc92ca65d3,TRIAGED_VIEW_RE_KCLUSTER_COV.csv,25889245,Third party files
6d8fec9454be1fedaa6b1ccedb6c5e32,TRIAGED_VIEW_RE_KCLUSTER_COV.csv,25889256,Third party files
f154448fad7f64d873fa1ca1fd1143e4,TRIAGED_VIEW_RE_KCLUSTER_COV.csv,25889264,Third party files
061516d1915c3e83b5f1c4a33e2e9928,TRIAGED_VIEW_RE_KCLUSTER_COV.csv,25889265,Third party files
6ad0f5dd9873af804176513c0e5408e6,TRIAGED_VIEW_RE_KCLUSTER_COV.csv,25889273,Third party files
b1fd3b705a17af5eb033787dd0760379,TRIAGED_VIEW_RE_KCLUSTER_COV.csv,25889275,Third party files
390c7ee1b2467b3274717a8e6613fcb5,TRIAGED_VIEW_RE_KCLUSTER_COV.csv,25889284,Third party files
ad03e4c2bac0a5eef2c7711ed7e8276c,TRIAGED_VIEW_RE_KCLUSTER_COV.csv,25889285,Third party files
abfa9c7d922e201fdae759053c8377e8,TRIAGED_VIEW_RE_KCLUSTER_COV.csv,25889287,Third party files
6bc79f0f3a33b6b3c2a321f266cbdc1f,TRIAGED_VIEW_RE_KCLUSTER_COV.csv,25889291,Third party files
5fbb07a40ffaae6d6e21cefd3d57b733,TRIAGED_VIEW_RE_KCLUSTER_COV.csv,25889300,Third party files
f6680e105fa890d0bf289ea62d508334,TRIAGED_VIEW_RE_KCLUSTER_COV.csv,25889302,Third party files
38fef4e2920c4dba0da4df5570fbb18f,TRIAGED_VIEW_RE_KCLUSTER_COV.csv,25889307,Third party files
cc242fb67a8f5bbdd61524bb98f29856,TRIAGED_VIEW_RE_KCLUSTER_COV.csv,25889316,Third party files
3e867b45cd9d3916850aefc338eb87f9,TRIAGED_VIEW_RE_KCLUSTER_COV.csv,25889322,Third party files
ebe9b357dc4903edefd62131e8c71b24,TRIAGED_VIEW_RE_KCLUSTER_COV.csv,25889330,Third party files
f0e567e220fbe40fbdaa7ab3e56cb13e,TRIAGED_VIEW_RE_KCLUSTER_COV.csv,25889331,Third party files
80a91843e7a841165cf14395e16132c0,TRIAGED_VIEW_RE_KCLUSTER_COV.csv,25889338,Third party files
0144bf14baee734b2df348eab3379290,TRIAGED_VIEW_RE_KCLUSTER_COV.csv,25889346,Third party files
a67c5fa6f4e60602ec55c6e048890e61,TRIAGED_VIEW_RE_KCLUSTER_COV.csv,25889349,Third party files
ac5a01d688daba39cd44436dc933501b,TRIAGED_VIEW_RE_KCLUSTER_COV.csv,25889366,Third party files
af8cc947e42cf33d020c4aa04611b95d,TRIAGED_VIEW_RE_KCLUSTER_COV.csv,25889375,Third party files
88a1627af7757782ebc166d316b4a819,TRIAGED_VIEW_RE_KCLUSTER_COV.csv,25889380,Third party files
a5c668e7247a66f7a65eea693c5f21cc,TRIAGED_VIEW_RE_KCLUSTER_COV.csv,25889404,Third party files
b6fc404becf261cc71d3336e4350bdb8,TRIAGED_VIEW_RE_KCLUSTER_COV.csv,25889412,Third party files
22f9bce91b441384e609efb5c56a7687,TRIAGED_VIEW_RE_KCLUSTER_COV.csv,25889432,Third party files
b0f566157b960a128e45de1f55b75c58,TRIAGED_VIEW_RE_KCLUSTER_COV.csv,25889434,Third party files
1b7baf7f12f64f5f871f9b30a3b2dbbc,TRIAGED_VIEW_RE_KCLUSTER_COV.csv,25889435,Third party files
9d5166bf2594254eaa1cf5974918df42,TRIAGED_VIEW_RE_KCLUSTER_COV.csv,25889439,Third party files
f131bf98c67177f254a9fec1227038c0,TRIAGED_VIEW_RE_KCLUSTER_COV.csv,25889442,Third party files
4e1d009bc8cf48be114e177e3983bc8a,TRIAGED_VIEW_RE_KCLUSTER_COV.csv,25889445,Third party files
dd56164c7d39ae3fdf63714c11fc374f,TRIAGED_VIEW_RE_KCLUSTER_COV.csv,25889446,Third party files
ab48a49ccd99112c37c0ff1ab18620ce,TRIAGED_VIEW_RE_KCLUSTER_COV.csv,25889456,Third party files
5ede977a778ae0ecd188ec7fd9fd42bc,TRIAGED_VIEW_RE_KCLUSTER_COV.csv,25889486,Third party files
bfb06891490904c3f99dc6490afa9c2d,TRIAGED_VIEW_RE_KCLUSTER_COV.csv,25889491,Third party files
46fb488225b5a28e6e4aceef9dc5623b,TRIAGED_VIEW_RE_KCLUSTER_COV.csv,25889498,Third party files
ff8c5b00811ea79a46f21e5918e4aa19,TRIAGED_VIEW_RE_KCLUSTER_COV.csv,25889502,Third party files
b3d494766f8309b0621b34efacfc7400,TRIAGED_VIEW_RE_KCLUSTER_COV.csv,25889528,Third party files
c5b6b10f91c0d12623fc658893d3232f,TRIAGED_VIEW_RE_KCLUSTER_COV.csv,25889531,Third party files
0defd1fbeda0a17e536b4e4b6f72720a,TRIAGED_VIEW_RE_KCLUSTER_COV.csv,25889532,Third party files
42bec037a6012b45408bd999b127eb6f,TRIAGED_VIEW_RE_KCLUSTER_COV.csv,25889547,Third party files
fed119bcb820beb38b977473991589f1,TRIAGED_VIEW_RE_KCLUSTER_COV.csv,25889549,Third party files
899176b387fe179fa284abe121a6af0e,TRIAGED_VIEW_RE_KCLUSTER_COV.csv,25889551,Third party files
60d0818644282268b08e2c36b6a32df3,TRIAGED_VIEW_RE_KCLUSTER_COV.csv,25889560,Third party files
a8b8a313c2a6cdbf6207c2e1376a9745,TRIAGED_VIEW_RE_KCLUSTER_COV.csv,25889562,Third party files
83ed4ff851c81714f7d5cc508d139e6c,TRIAGED_VIEW_RE_KCLUSTER_COV.csv,25889563,Third party files
fb2a2ae4d4e6d1675b61b830a3b3b3b1,TRIAGED_VIEW_RE_KCLUSTER_COV.csv,25889571,Third party files
737e8ce7b69a0a709d562798412d855e,TRIAGED_VIEW_RE_KCLUSTER_COV.csv,25889582,Third party files
b839d197c1ccf762ac7e280468225d0e,TRIAGED_VIEW_RE_KCLUSTER_COV.csv,25889584,Third party files
ace5c07bb116103243f7f7c0f6b48535,TRIAGED_VIEW_RE_KCLUSTER_COV.csv,25889593,Third party files
a2ddf76ef4f41c8ba7b637dc733afb17,TRIAGED_VIEW_RE_KCLUSTER_COV.csv,25889598,Third party files
8725bede4eaa7631c0a6ba552d53b07a,TRIAGED_VIEW_RE_KCLUSTER_COV.csv,25889599,Third party files
1c08df12c81e286428e4530a6280fa24,TRIAGED_VIEW_RE_KCLUSTER_COV.csv,25889602,Third party files
a12d6e0467a4015f41b19017297e8bf2,TRIAGED_VIEW_RE_KCLUSTER_COV.csv,25889608,Third party files
c1d035cd41162398dbb8ffe73c150cb2,TRIAGED_VIEW_RE_KCLUSTER_COV.csv,25889620,Third party files
a3eab498b3e5eec072403da4389ea524,TRIAGED_VIEW_RE_KCLUSTER_COV.csv,25889632,Third party files
b0a5e5f5b88246f829e59f96bed61578,TRIAGED_VIEW_RE_KCLUSTER_COV.csv,25889639,Third party files
16bfbee1ed02ed3581f9ab826c5843cc,TRIAGED_VIEW_RE_KCLUSTER_COV.csv,25889643,Third party files
39fd9f26c57ee02f571f8c64384cd38d,TRIAGED_VIEW_RE_KCLUSTER_COV.csv,25889664,Third party files
b8c4d2d9983d47b74f418559fd1ab829,TRIAGED_VIEW_RE_KCLUSTER_COV.csv,25889667,Third party files
a9d887dd52fad001f5e1ea9659a117a0,TRIAGED_VIEW_RE_KCLUSTER_COV.csv,25889678,Third party files
20883210144755fb6237ea90c0c9e021,TRIAGED_VIEW_RE_KCLUSTER_COV.csv,25889684,Third party files
abb9ae5a8b753278bccf1ec7e7b8ba7e,TRIAGED_VIEW_RE_KCLUSTER_COV.csv,25889686,Third party files
36883a4194e54f6749d0d397400d1f31,TRIAGED_VIEW_RE_KCLUSTER_COV.csv,25889702,Third party files
14cacafd9e6d7e380a236cf1d7dde675,TRIAGED_VIEW_RE_KCLUSTER_COV.csv,25889711,Third party files
6dc3bd91d8236a5bd6d48f18ce81b4b2,TRIAGED_VIEW_RE_KCLUSTER_COV.csv,25889712,Third party files
58bba57f99d0131a0d6ba6680b914886,TRIAGED_VIEW_RE_KCLUSTER_COV.csv,25889716,Third party files
4450e44c434549543354d51a824e1363,TRIAGED_VIEW_RE_KCLUSTER_COV.csv,25889735,Third party files
d21893c37413a5b4460bacae0cbbcd1f,TRIAGED_VIEW_RE_KCLUSTER_COV.csv,25889736,Third party files
d37177719e33393a32c6cd5090215981,TRIAGED_VIEW_RE_KCLUSTER_COV.csv,25889739,Third party files
1fca1084fc59ad4946f2f847313ff3c1,TRIAGED_VIEW_RE_KCLUSTER_COV.csv,25889745,Third party files
fb2ddc604f0b020eb1e9a0a52ad8d53a,TRIAGED_VIEW_RE_KCLUSTER_COV.csv,25889755,Third party files
5bd9b9117477e7b3481c277397208012,TRIAGED_VIEW_RE_KCLUSTER_COV.csv,25889758,Third party files
e7aa3e564364917f817f6bc85f35741f,TRIAGED_VIEW_RE_KCLUSTER_COV.csv,25889759,Third party files
3d3709e9d5672d34e28aa9644d288b95,TRIAGED_VIEW_RE_KCLUSTER_COV.csv,25889762,Third party files
33bb1b57914b62509747799f4a684713,TRIAGED_VIEW_RE_KCLUSTER_COV.csv,25889763,Third party files
c0aadfdd9ad049bc4d6a66bac78d8666,TRIAGED_VIEW_RE_KCLUSTER_COV.csv,25889764,Third party files
de446f65c7ec27485ee4e242002dac4c,TRIAGED_VIEW_RE_KCLUSTER_COV.csv,25889771,Third party files
c0f6ccd21afcad9c21c739148a30fc76,TRIAGED_VIEW_RE_KCLUSTER_COV.csv,25889774,Third party files
543c56f23ebd1bbeefea8a2da8d6e1d0,TRIAGED_VIEW_RE_KCLUSTER_COV.csv,25889784,Third party files
46bd0a3d056e004f81cba074bf95c94f,TRIAGED_VIEW_RE_KCLUSTER_COV.csv,25889789,Third party files
255662aa33415929b5f6282846ab0f71,TRIAGED_VIEW_RE_KCLUSTER_COV.csv,25889792,Third party files
037e5b787abe684f2f8241c6bb08a0c3,TRIAGED_VIEW_RE_KCLUSTER_COV.csv,25889795,Third party files
51ec7ce80016d3747102e63c3c9d6cc3,TRIAGED_VIEW_RE_KCLUSTER_COV.csv,25889807,Third party files
65dcb8993b7033ab47fa0f3dab291557,TRIAGED_VIEW_RE_KCLUSTER_COV.csv,25889819,Third party files
5a3c4a828402c693e7c6355403efc034,TRIAGED_VIEW_RE_KCLUSTER_COV.csv,25889842,Third party files
c6e752d3e7b9aaf8815cec3678031284,TRIAGED_VIEW_RE_KCLUSTER_COV.csv,25889846,Third party files
f3cc8db3285257527cc4e15c10665a17,TRIAGED_VIEW_RE_KCLUSTER_COV.csv,25889857,Third party files
58cd2e105396152d7c3773e0a5590eb3,TRIAGED_VIEW_RE_KCLUSTER_COV.csv,25889859,Third party files
03cedd62a2b636cbd6a55b860cf5dbca,TRIAGED_VIEW_RE_KCLUSTER_COV.csv,25889864,Third party files
bfb8f6c391816b974c469242c2ef01f2,TRIAGED_VIEW_RE_KCLUSTER_COV.csv,25889867,Third party files
02dcef4ec45373e8b641a52b9309b628,TRIAGED_VIEW_RE_KCLUSTER_COV.csv,25889872,Third party files
690de485a3a29b94306380cab4cb5f07,TRIAGED_VIEW_RE_KCLUSTER_COV.csv,25889880,Third party files
7dbfc8f27068ef879ddabdd061cd957a,TRIAGED_VIEW_RE_KCLUSTER_COV.csv,25889882,Third party files
5ba674491bf1c9ed369a266399f28776,TRIAGED_VIEW_RE_KCLUSTER_COV.csv,25889895,Third party files
b44fbd82dd80d9a192efd71581a0c609,TRIAGED_VIEW_RE_KCLUSTER_COV.csv,25889901,Third party files
f9a5cb37525c0008d43e99031df71383,TRIAGED_VIEW_RE_KCLUSTER_COV.csv,25889903,Third party files
48d891c0f3d8e6cac426ce297d80834b,TRIAGED_VIEW_RE_KCLUSTER_COV.csv,25889906,Third party files
f96b5d864d3fcd51516ec6a414984361,TRIAGED_VIEW_RE_KCLUSTER_COV.csv,25889929,Third party files
90a21e18a432f25f650f2f774f01bd08,TRIAGED_VIEW_RE_KCLUSTER_COV.csv,25889932,Third party files
85516834c2d81edd4eee62dbc2cefdec,TRIAGED_VIEW_RE_KCLUSTER_COV.csv,25889941,Third party files
c3e531f1f425496d4d414d4bd062350d,TRIAGED_VIEW_RE_KCLUSTER_COV.csv,25889961,Third party files
0f3f69ae1e847d1f7e9c574d5e5d9c4a,TRIAGED_VIEW_RE_KCLUSTER_COV.csv,25889966,Third party files
1b51d0d300a31e2a9ad95cc3c8d87637,TRIAGED_VIEW_RE_KCLUSTER_COV.csv,25889968,Third party files
fdd65307fb41887bdc985e9b91fc70b4,TRIAGED_VIEW_RE_KCLUSTER_COV.csv,25889973,Third party files
cb0dca9417909b88543207d2cd808497,TRIAGED_VIEW_RE_KCLUSTER_COV.csv,25889976,Third party files
b8e1370c118c0212ddb8ba31595e6c9e,TRIAGED_VIEW_RE_KCLUSTER_COV.csv,25889977,Third party files
71162a97af61be727a5f88cd670b9b48,TRIAGED_VIEW_RE_KCLUSTER_COV.csv,25889992,Third party files
37a35462e7d5d0fd01c48317d1b8ce65,TRIAGED_VIEW_RE_KCLUSTER_COV.csv,25889994,Third party files
f9049aa89b36216014f76b516ef43637,TRIAGED_VIEW_RE_KCLUSTER_COV.csv,25889999,Third party files
192d2eafd276fcfe11297ad7f7c31706,TRIAGED_VIEW_RE_KCLUSTER_COV.csv,25890010,Third party files
bf71627b8d926f83778dbebd6fb8d31c,TRIAGED_VIEW_RE_KCLUSTER_COV.csv,25890011,Third party files
50c4a2152bb04cadea3b393f2ec4d60d,TRIAGED_VIEW_RE_KCLUSTER_COV.csv,25890012,Third party files
98edb873047df6dbfa1aa90829124d8f,TRIAGED_VIEW_RE_KCLUSTER_COV.csv,25890032,Third party files
97a33a4a50a04c7fadff1e91c2b1ea5a,TRIAGED_VIEW_RE_KCLUSTER_COV.csv,25890036,Third party files
e3d0f9ade3ac78e5617b106043840738,TRIAGED_VIEW_RE_KCLUSTER_COV.csv,25890041,Third party files
3bc270afbaf4375b7a547e2f7ce0661e,TRIAGED_VIEW_RE_KCLUSTER_COV.csv,25890051,Third party files
b77c35968459e4350246d8f10a7f36ec,TRIAGED_VIEW_RE_KCLUSTER_COV.csv,25890072,Third party files
f29f032ebdbd2ed5b94ac858f6090672,TRIAGED_VIEW_RE_KCLUSTER_COV.csv,25890077,Third party files
16796f75c3c5cce4697f386b2b8f6734,TRIAGED_VIEW_RE_KCLUSTER_COV.csv,25890078,Third party files
e4a25659424d91d9fb10c2714ed02521,TRIAGED_VIEW_RE_KCLUSTER_COV.csv,25890079,Third party files
b82033b4182d309f85cc6df6ac51689c,TRIAGED_VIEW_RE_KCLUSTER_COV.csv,25890082,Third party files
3483f19ca022b918f44dd8dd0af63c0c,TRIAGED_VIEW_RE_KCLUSTER_COV.csv,25890085,Third party files
55c998a1928b08c14906297a6a256b4e,TRIAGED_VIEW_RE_KCLUSTER_COV.csv,25890087,Third party files
900559af2d1475195bc852936052f920,TRIAGED_VIEW_RE_KCLUSTER_COV.csv,25890105,Third party files
4b984ee265254adba815067c549d93f4,TRIAGED_VIEW_RE_KCLUSTER_COV.csv,25890120,Third party files
1b7ca8e47c7e013664bc49bc6dd208ef,TRIAGED_VIEW_RE_KCLUSTER_COV.csv,25890123,Third party files
07dac8e4754c999adb453e47a1c51156,TRIAGED_VIEW_RE_KCLUSTER_COV.csv,25890128,Third party files
e055665b9f269497cdfb5a18406b9f1d,TRIAGED_VIEW_RE_KCLUSTER_COV.csv,25890129,Third party files
cf03cb875c0ea1559b647a289c4480c8,TRIAGED_VIEW_RE_KCLUSTER_COV.csv,25890148,Third party files
4ed07939268612eb36b411458b3bb24a,TRIAGED_VIEW_RE_KCLUSTER_COV.csv,25890154,Third party files
30d563a20727de63a5d13ebe4a9a2e6c,TRIAGED_VIEW_RE_KCLUSTER_COV.csv,25890165,Third party files
44474f44fa8b300d586fcffd2bf16107,TRIAGED_VIEW_RE_KCLUSTER_COV.csv,25890169,Third party files
ff017b3ed40432733a12a4d09ca04ca8,TRIAGED_VIEW_RE_KCLUSTER_COV.csv,25890177,Third party files
9ccdd9ef7cf467725502f818bf6f4186,TRIAGED_VIEW_RE_KCLUSTER_COV.csv,25890181,Third party files
bbed54c6757d55440923a57105f011f3,TRIAGED_VIEW_RE_KCLUSTER_COV.csv,25890185,Third party files
85ade3c3bbc7134f565f0f243e445c89,TRIAGED_VIEW_RE_KCLUSTER_COV.csv,25890187,Third party files
076610b24bb8d4a863864dc64e17bccf,TRIAGED_VIEW_RE_KCLUSTER_COV.csv,25890190,Third party files
d00561b1f987231841e937a5a5ca4667,TRIAGED_VIEW_RE_KCLUSTER_COV.csv,25890193,Third party files
e985c3d339f287e3cfd31b22f424d1ff,TRIAGED_VIEW_RE_KCLUSTER_COV.csv,25890202,Third party files
4f038fcddbb26ac2079dc90111d10e65,TRIAGED_VIEW_RE_KCLUSTER_COV.csv,25890211,Third party files
5d0df72dc802f75954e31b5af73969da,TRIAGED_VIEW_RE_KCLUSTER_COV.csv,25890214,Third party files
f50b582b34be0f9c5e25d1300c1a717c,TRIAGED_VIEW_RE_KCLUSTER_COV.csv,25890227,Third party files
e55307fc51ee8edee25d32a254af72bf,TRIAGED_VIEW_RE_KCLUSTER_COV.csv,25890231,Third party files
7864da8696a3dd7394f69d612dd2564a,TRIAGED_VIEW_RE_KCLUSTER_COV.csv,25890236,Third party files
2fee2e8d8638d32e401b32d05ab09f77,TRIAGED_VIEW_RE_KCLUSTER_COV.csv,25890244,Third party files
db0eaa83099a17dbb01d3d92e1d84504,TRIAGED_VIEW_RE_KCLUSTER_COV.csv,25890245,Third party files
e31cd6daa04d310ca6a995cca0bcdffd,TRIAGED_VIEW_RE_KCLUSTER_COV.csv,25890248,Third party files
60f802717c667066758258931a0be29c,TRIAGED_VIEW_RE_KCLUSTER_COV.csv,25890253,Third party files
fb4795903a918f310e159bf939162556,TRIAGED_VIEW_RE_KCLUSTER_COV.csv,25890261,Third party files
95b4b64d5dc0c67869df12cd66223954,TRIAGED_VIEW_RE_KCLUSTER_COV.csv,25890262,Third party files
a31cf860be404007f309833b00c1bd5a,TRIAGED_VIEW_RE_KCLUSTER_COV.csv,25890265,Third party files
a97e7dcf583181a56008fe7eaa2c5eb3,TRIAGED_VIEW_RE_KCLUSTER_COV.csv,25890275,Third party files
2ebc83794dab5036d6c16b96198f6a78,TRIAGED_VIEW_RE_KCLUSTER_COV.csv,25890278,Third party files
ee800ff14d4edf537746e74fcd3666fa,TRIAGED_VIEW_RE_KCLUSTER_COV.csv,25890293,Third party files
e165629fd83877f961820e91ffe0a9d0,TRIAGED_VIEW_RE_KCLUSTER_COV.csv,25890294,Third party files
0a82284d11fa29032ba4112830a11656,TRIAGED_VIEW_RE_KCLUSTER_COV.csv,25890297,Third party files
fd5e8c9d5cde762a9e21ca90fac3c7e5,TRIAGED_VIEW_RE_KCLUSTER_COV.csv,25890299,Third party files
1aff7c06ffb1eb610d91ba7509bd688e,TRIAGED_VIEW_RE_KCLUSTER_COV.csv,25890307,Third party files
ccb681cac053168ef0d0f3cf41b4c86a,TRIAGED_VIEW_RE_KCLUSTER_COV.csv,25890326,Third party files
ffc994f5b6ac399202118960182d05f8,TRIAGED_VIEW_RE_KCLUSTER_COV.csv,25890329,Third party files
ec5ece6edfce8c2e02e04ae4f0115ebb,TRIAGED_VIEW_RE_KCLUSTER_COV.csv,25890330,Third party files
32b1b0abe5ce84f509dc2202f95a3b97,TRIAGED_VIEW_RE_KCLUSTER_COV.csv,25890331,Third party files
d71e01b31daf10c946b9b012f79ed199,TRIAGED_VIEW_RE_KCLUSTER_COV.csv,25890337,Third party files
787baea1b008d9f7ff1f6be183ba394f,TRIAGED_VIEW_RE_KCLUSTER_COV.csv,25890339,Third party files
5da1a78989013f7126ec9fce5fd74505,TRIAGED_VIEW_RE_KCLUSTER_COV.csv,25890355,Third party files
83566568293ce24aaee1a0fb52052f27,TRIAGED_VIEW_RE_KCLUSTER_COV.csv,25890360,Third party files
f5db8093a8acb388ade52499638f51de,TRIAGED_VIEW_RE_KCLUSTER_COV.csv,25890368,Third party files
7e4f5ffce5071c0cae46931dc1d832a7,TRIAGED_VIEW_RE_KCLUSTER_COV.csv,25890369,Third party files
ff6182f3d4c0be8bdfca66f108549ffe,TRIAGED_VIEW_RE_KCLUSTER_COV.csv,25890378,Third party files
acb79a63bc1795c7f1d28d732844e786,TRIAGED_VIEW_RE_KCLUSTER_COV.csv,25890385,Third party files
a2a6f2f86475f9e3aed0d65a8db91803,TRIAGED_VIEW_RE_KCLUSTER_COV.csv,25890400,Third party files
6816c28ef1d47e9662f796b767e316ab,TRIAGED_VIEW_RE_KCLUSTER_COV.csv,25890405,Third party files
4b2dc0189ac78aa6ea450c9827e3429f,TRIAGED_VIEW_RE_KCLUSTER_COV.csv,25890408,Third party files
69040ce84801a64eb2579fd2d25880ad,TRIAGED_VIEW_RE_KCLUSTER_COV.csv,25890417,Third party files
61479256669348ca841fd773363f2216,TRIAGED_VIEW_RE_KCLUSTER_COV.csv,25890436,Third party files
ff8c4ae55488dde955b84d2283d878dc,TRIAGED_VIEW_RE_KCLUSTER_COV.csv,25890465,Third party files
bc64b6d5d24c531c50e56748678d32e2,TRIAGED_VIEW_RE_KCLUSTER_COV.csv,25890472,Third party files
cf358bbd7bc70af8a25425327401684d,TRIAGED_VIEW_RE_KCLUSTER_COV.csv,25890475,Third party files
9c436e35a3de111e74ca0a12c4c9ebbd,TRIAGED_VIEW_RE_KCLUSTER_COV.csv,25890490,Third party files
a7d0016757ef87b81206ffb2d850bc9e,TRIAGED_VIEW_RE_KCLUSTER_COV.csv,25890499,Third party files
3631b214f2f65f33c76312167c5027bd,TRIAGED_VIEW_RE_KCLUSTER_COV.csv,25890503,Third party files
9895412274a8d8c74813c37552c30690,TRIAGED_VIEW_RE_KCLUSTER_COV.csv,25890509,Third party files
85fc1e194590092a36f2038e014930dd,TRIAGED_VIEW_RE_KCLUSTER_COV.csv,25890523,Third party files
0ced1a05c4dc5c730a317cbba9d67e3b,TRIAGED_VIEW_RE_KCLUSTER_COV.csv,25890524,Third party files
515cdc283880fa5271b3afa127fa0d28,TRIAGED_VIEW_RE_KCLUSTER_COV.csv,25890534,Third party files
fd3924354d2bdede180d0a6f356e38ed,TRIAGED_VIEW_RE_KCLUSTER_COV.csv,25890539,Third party files
d7e4217dc4eb2c859e3660670566f658,TRIAGED_VIEW_RE_KCLUSTER_COV.csv,25890548,Third party files
1b7a94e3d828f9967fe3fd24d08da3a0,TRIAGED_VIEW_RE_KCLUSTER_COV.csv,10750865,VALID_GROUP_PRIORITY validates the priority. so its not an issue to index using this priority
78d6ca8d48879001d5268a28bbdf9aa2,TRIAGED_VIEW_RE_KCLUSTER_COV.csv,24658281,enums cannot be avoided 
6429dea8c3163c2d692153a33e083e64,TRIAGED_VIEW_RE_KCLUSTER_COV.csv,24658393,enums cannot be avoided 
ec36cfacac1296eb38bec1a2c985bbff,TRIAGED_VIEW_RE_KCLUSTER_COV.csv,24658505,enums cannot be avoided 
271a2af1dc1f98e5b956de1ac145568e,TRIAGED_VIEW_RE_KCLUSTER_COV.csv,24658584,enums cannot be avoided 
24a38306be38c1b84d149d95eff03ce1,TRIAGED_VIEW_RE_KCLUSTER_COV.csv,24658688,enums cannot be avoided 
d8410d78ca5e41f6d57a31f56a56c728,TRIAGED_VIEW_RE_KCLUSTER_COV.csv,24658691,enums cannot be avoided 
fa03095416462750ad24bca58b2aa30d,TRIAGED_VIEW_RE_KCLUSTER_COV.csv,10749446,"fl_layer_index_U8 < POPUP_MAX_LAYERS is done in hmi_popup_core_get_popup_layer, so valid layer id will be returned"
260db69fdbe9cc5ac3b26e20a449f5da,TRIAGED_VIEW_RE_KCLUSTER_COV.csv,10750555,"hmi_popup_core_get_popup_layer validates and returns a valid layer id, so no impact"
6e73839f4bb72b91729f29b22e6cab38,"TRIAGED_VIEW_RE_KCLUSTER_COV.csv
TRIAGED_VIEW_TOYOTA_38XD_COV.csv","24136164
19622321","menu id is validated and passed from calling function so no issue in indexing this array 
Absoulte index is checked within the bounds of total entry, so no issue"
09f2e5721ba082f278996a4a6264902b,TRIAGED_VIEW_RE_KCLUSTER_COV.csv,25887873,"messageID is validated on the first if, so no issue in indexing the   Seq_NewMsgQTimeout_U8 with a valid index"
c2173a8fe9ebb5b11cdf0f56f7dd4f56,TRIAGED_VIEW_RE_KCLUSTER_COV.csv,25887910,not applicable for this program
716a5c03916a6a2a26a690ff4eef94d1,TRIAGED_VIEW_RE_KCLUSTER_COV.csv,1315547,recursive function calls cannot be avoided
e6d439721e73d9c11fcbf8ec597e9c1e,"TRIAGED_VIEW_RE_KCLUSTER_COV.csv
TRIAGED_VIEW_TOYOTA_38XD_COV.csv","14692424
19622277","valid index will be returned from hmi_menu_logic_get_item_indx_frm_prnt_submenu, so no issue in indexing 
valid item entry is returned from hmi_menu_logic_get_item_indx_frm_prnt_submenu . hence no issue "
ecc820208809ca89baa65d8fb636d19b,"TRIAGED_VIEW_RE_KCLUSTER_COV.csv
TRIAGED_VIEW_TOYOTA_38XD_COV.csv","6298710
19375050","valid layer id will be indexed here, since logic state is valided, so no issue in indexing lc_lsh_dpm_config_SA which is autogenerated

UI core components are not holding or handling with any secret data.
"
0d05f8141c4222ae58aa45d14ad9c972,"TRIAGED_VIEW_RE_KCLUSTER_COV.csv
TRIAGED_VIEW_TOYOTA_38XD_COV.csv","6298809
19374820","valid layer id will be indexed here, since logic state is valided, so no issue in indexing lc_lsh_dpm_config_SA which is autogenerated

UI core components are not holding or handling with any secret data.
"
4bdb1124c7183f13b450fef74c63a6dd,"TRIAGED_VIEW_RE_KCLUSTER_COV.csv
TRIAGED_VIEW_TOYOTA_38XD_COV.csv","6298842
19375078","valid layer id will be indexed here, since logic state is valided, so no issue in indexing lc_lsh_dpm_config_SA which is autogenerated. Priority is also autogenerated for the layer, so no issue in indexing using priority

UI core components are not holding or handling with any secret data.
"
e6425f84fd8266771f7e07bd4e7c056e,TRIAGED_VIEW_RE_KCLUSTER_COV.csv,10749799,valid layer id will be passed from calling functions
d4959dd819125fdbbeafabc351246e1c,TRIAGED_VIEW_RE_KCLUSTER_COV.csv,10750123,"valid layer id will be passed from calling functions, so no issue in indexing using it 
"
64086f31493053d64768ea43097b0524,TRIAGED_VIEW_RE_KCLUSTER_COV.csv,10750129,"valid layer id will be passed from calling functions, so no issue in indexing using it 
"
089d99a2cf081e3c2551bfee04f33f33,TRIAGED_VIEW_RE_KCLUSTER_COV.csv,10749882,"valid popup is passed from calling function , so no issue in indexing using it
"
154b6692f62f1cc98e167546ed04a46d,TRIAGED_VIEW_TOYOTA_38XD_COV.csv,19625184,object id is generated from tool
8627ac68dd40ea2e48aa8cfdb655e23a,TRIAGED_VIEW_TOYOTA_38XD_COV.csv,19622230,"hmi_menu_logic_get_menu_inst_no will be called in this flow before reaching this function which validates menu id < number of menus, so no issue"
d536d61f88d9c40b654324d142efd607,TRIAGED_VIEW_TOYOTA_38XD_COV.csv,19375007,fl_mid_U16 < fl_high_U16 < table_size
587bb9f2aa50f0adc25a8eaf45b5f74c,TRIAGED_VIEW_TOYOTA_38XD_COV.csv,19374911,fl_mid_U16 < fl_high_U16 < table_size
cf325f9468b9769502c5ea9bb6e00e89,TRIAGED_VIEW_TOYOTA_38XD_COV.csv,19622218,"fl_focus_entry_U16 is validated , so  fl_get_absl_index_U16  will hold a valid index, so no issue"
223abc02e8a3fb33aacfaa25d6f7d43e,TRIAGED_VIEW_TOYOTA_38XD_COV.csv,19626116,base id is generated from tool
0cc2d56015fd7370369f0254e386b8cd,TRIAGED_VIEW_TOYOTA_38XD_COV.csv,19626120,Usage of Recursive function call cannot be avoided.
e44713cf8a1d8433581891ff75a32ee4,TRIAGED_VIEW_TOYOTA_38XD_COV.csv,3108927,Usage of Recursive function call cannot be avoided.
8de36f13923f7e85f5b4bf2ea9fdc56b,TRIAGED_VIEW_TOYOTA_38XD_COV.csv,3108923,Usage of Recursive function call cannot be avoided.
1d7a399d343aefb1349bcbce24a7530e,TRIAGED_VIEW_TOYOTA_38XD_COV.csv,19909114,"UI core components are not holding or handling with any secret data.
"
a98a658e83f058aa7653c96d5325acea,TRIAGED_VIEW_TOYOTA_38XD_COV.csv,19765720,"UI core components are not holding or handling with any secret data.
"
21b06671c559522f30e139f239d7da99,TRIAGED_VIEW_TOYOTA_38XD_COV.csv,19765710,"UI core components are not holding or handling with any secret data.
"
21083f77ed05b040ce8d9daff68cee75,TRIAGED_VIEW_TOYOTA_38XD_COV.csv,19765709,"UI core components are not holding or handling with any secret data.
"
29aff52fe6021bd9c33799bb3155afe2,TRIAGED_VIEW_TOYOTA_38XD_COV.csv,19765686,"UI core components are not holding or handling with any secret data.
"
e9b5980f130af6975e33a8ebe020c456,TRIAGED_VIEW_TOYOTA_38XD_COV.csv,19765609,"UI core components are not holding or handling with any secret data.
"
b8f1a5afdb73ef5658d08b519b7141a2,TRIAGED_VIEW_TOYOTA_38XD_COV.csv,19765470,"UI core components are not holding or handling with any secret data.
"
017b84c003b22e7d92db168765b9d23e,TRIAGED_VIEW_TOYOTA_38XD_COV.csv,19765449,"UI core components are not holding or handling with any secret data.
"
24baa0db1a6cff8d836939e08ab11e80,TRIAGED_VIEW_TOYOTA_38XD_COV.csv,19765445,"UI core components are not holding or handling with any secret data.
"
8504d6494846525919c6a87c8d8d8dd9,TRIAGED_VIEW_TOYOTA_38XD_COV.csv,19765410,"UI core components are not holding or handling with any secret data.
"
cc014b36c930dc460c8f46e40616fe58,TRIAGED_VIEW_TOYOTA_38XD_COV.csv,19765395,"UI core components are not holding or handling with any secret data.
"
efabcffad616af688f4ac98b4e44188c,TRIAGED_VIEW_TOYOTA_38XD_COV.csv,19765279,"UI core components are not holding or handling with any secret data.
"
d4994077ad3f6bd96e4ff2985738f8b3,TRIAGED_VIEW_TOYOTA_38XD_COV.csv,19765182,"UI core components are not holding or handling with any secret data.
"
6e51ccdd53d3d7eb837082d00ec26bd9,TRIAGED_VIEW_TOYOTA_38XD_COV.csv,19765158,"UI core components are not holding or handling with any secret data.
"
62771f7b2f9fa9e43f9ba24889dd13dc,TRIAGED_VIEW_TOYOTA_38XD_COV.csv,19765059,"UI core components are not holding or handling with any secret data.
"
2b81ac229bc62ed8b7a2df3f2ef5f138,TRIAGED_VIEW_TOYOTA_38XD_COV.csv,19765043,"UI core components are not holding or handling with any secret data.
"
8e6210fc02766a2ab4bab9c474586d4b,TRIAGED_VIEW_TOYOTA_38XD_COV.csv,19765030,"UI core components are not holding or handling with any secret data.
"
104e66530a372f1b236d2dec0dafa9d2,TRIAGED_VIEW_TOYOTA_38XD_COV.csv,19764794,"UI core components are not holding or handling with any secret data.
"
b7f03e025518c6267674345fd1142ef6,TRIAGED_VIEW_TOYOTA_38XD_COV.csv,19764791,"UI core components are not holding or handling with any secret data.
"
3f8bb815c0a94cc43bdd0514cfb87210,TRIAGED_VIEW_TOYOTA_38XD_COV.csv,19764724,"UI core components are not holding or handling with any secret data.
"
588fa3e5e62f2bf57bcf1e2e47329e37,TRIAGED_VIEW_TOYOTA_38XD_COV.csv,19709931,"UI core components are not holding or handling with any secret data.
"
093c7081acb35ee141aa0c88dc3b1392,TRIAGED_VIEW_TOYOTA_38XD_COV.csv,19709925,"UI core components are not holding or handling with any secret data.
"
c0443599d03b034ac5111d38088458f2,TRIAGED_VIEW_TOYOTA_38XD_COV.csv,19709923,"UI core components are not holding or handling with any secret data.
"
a1bb00773d6850bbf074d91233055da4,TRIAGED_VIEW_TOYOTA_38XD_COV.csv,19709919,"UI core components are not holding or handling with any secret data.
"
243087a35e0dfe677587ff1ad21b5d00,TRIAGED_VIEW_TOYOTA_38XD_COV.csv,19709908,"UI core components are not holding or handling with any secret data.
"
056129535c7b9b4a4bb9fdd3651d9315,TRIAGED_VIEW_TOYOTA_38XD_COV.csv,19709900,"UI core components are not holding or handling with any secret data.
"
7491258e7a9896169d63ea1f08648a69,TRIAGED_VIEW_TOYOTA_38XD_COV.csv,19709893,"UI core components are not holding or handling with any secret data.
"
7299454d556e733352e043cb56c4a801,TRIAGED_VIEW_TOYOTA_38XD_COV.csv,19690282,"UI core components are not holding or handling with any secret data.
"
bbaa010f441b6e0e0b007447d63b805b,TRIAGED_VIEW_TOYOTA_38XD_COV.csv,19690267,"UI core components are not holding or handling with any secret data.
"
e5eb32053db645d69cc4c1f8202a20a0,TRIAGED_VIEW_TOYOTA_38XD_COV.csv,19690261,"UI core components are not holding or handling with any secret data.
"
2375afde69ac3ed25b67a4716301b144,TRIAGED_VIEW_TOYOTA_38XD_COV.csv,19627738,"UI core components are not holding or handling with any secret data.
"
e1b6f3a1d2096dc55978d083f3f4bfc8,TRIAGED_VIEW_TOYOTA_38XD_COV.csv,19627310,"UI core components are not holding or handling with any secret data.
"
b1a7712d35d7dac8af26e4c03824e686,TRIAGED_VIEW_TOYOTA_38XD_COV.csv,19626864,"UI core components are not holding or handling with any secret data.
"
f8fa8482e6afbc451bb1bf055a257a19,TRIAGED_VIEW_TOYOTA_38XD_COV.csv,19626248,"UI core components are not holding or handling with any secret data.
"
862e9cbb126b7c33b877002a323d39f0,TRIAGED_VIEW_TOYOTA_38XD_COV.csv,19626147,"UI core components are not holding or handling with any secret data.
"
85100ca1222b67c4deb29671b76a2eaa,TRIAGED_VIEW_TOYOTA_38XD_COV.csv,19625815,"UI core components are not holding or handling with any secret data.
"
5b4f9ef99ea7d1b149759ada52843f5f,TRIAGED_VIEW_TOYOTA_38XD_COV.csv,19625792,"UI core components are not holding or handling with any secret data.
"
dfe22a29e844abcb74be4aab7dae5118,TRIAGED_VIEW_TOYOTA_38XD_COV.csv,19622293,"UI core components are not holding or handling with any secret data.
"
473173c8b6ec805d2a3e40f475dd7784,TRIAGED_VIEW_TOYOTA_38XD_COV.csv,19622286,"UI core components are not holding or handling with any secret data.
"
1e6693c072f309bc015c12f697588a24,TRIAGED_VIEW_TOYOTA_38XD_COV.csv,19622267,"UI core components are not holding or handling with any secret data.
"
6dca199c4a63697ed2273cb38343b72f,TRIAGED_VIEW_TOYOTA_38XD_COV.csv,19622266,"UI core components are not holding or handling with any secret data.
"
e97350e80cf69cf7dcf546a5da819c59,TRIAGED_VIEW_TOYOTA_38XD_COV.csv,19622231,"UI core components are not holding or handling with any secret data.
"
7cc7e40ee34cad1a4e28ba7066d5fb1b,TRIAGED_VIEW_TOYOTA_38XD_COV.csv,19622229,"UI core components are not holding or handling with any secret data.
"
19dc4663dedd27ef83296afa9257b4b8,TRIAGED_VIEW_TOYOTA_38XD_COV.csv,19622227,"UI core components are not holding or handling with any secret data.
"
d376cfe4d56e3c36a44ea1cece159db4,TRIAGED_VIEW_TOYOTA_38XD_COV.csv,19622225,"UI core components are not holding or handling with any secret data.
"
555cb73547b16e9904083cd62c4db093,TRIAGED_VIEW_TOYOTA_38XD_COV.csv,19400779,"UI core components are not holding or handling with any secret data.
"
5ffa1fdbf716d4e2c55abea8f5d6e2fe,TRIAGED_VIEW_TOYOTA_38XD_COV.csv,19398209,"UI core components are not holding or handling with any secret data.
"
e0303c3a2e7de42d46b5978a23206276,TRIAGED_VIEW_TOYOTA_38XD_COV.csv,19398197,"UI core components are not holding or handling with any secret data.
"
3997d3618085d58cab7a4a76325bc483,TRIAGED_VIEW_TOYOTA_38XD_COV.csv,19398194,"UI core components are not holding or handling with any secret data.
"
d394b010f3a01b70fc3e6d45bdce82fc,TRIAGED_VIEW_TOYOTA_38XD_COV.csv,19398191,"UI core components are not holding or handling with any secret data.
"
2a7f920928e149390905bfd80d5d93c1,TRIAGED_VIEW_TOYOTA_38XD_COV.csv,19398190,"UI core components are not holding or handling with any secret data.
"
79eecdf4240dfcaa5985eb16d5b71328,TRIAGED_VIEW_TOYOTA_38XD_COV.csv,19398189,"UI core components are not holding or handling with any secret data.
"
ba894f19bfd184d30940d14fa6e269c4,TRIAGED_VIEW_TOYOTA_38XD_COV.csv,19398180,"UI core components are not holding or handling with any secret data.
"
fc4ddaa7cabb57cb2e543910fd1b0a56,TRIAGED_VIEW_TOYOTA_38XD_COV.csv,19398179,"UI core components are not holding or handling with any secret data.
"
85ea3d04743066f71275868d9eb78135,TRIAGED_VIEW_TOYOTA_38XD_COV.csv,19398177,"UI core components are not holding or handling with any secret data.
"
52a35fb97f9f05a40a3e0b57df349c05,TRIAGED_VIEW_TOYOTA_38XD_COV.csv,19398171,"UI core components are not holding or handling with any secret data.
"
0c69182363967332ac6a04bb57ff6a9b,TRIAGED_VIEW_TOYOTA_38XD_COV.csv,19398148,"UI core components are not holding or handling with any secret data.
"
1fbd48b7eee7b0f4966feecaf97bbd38,TRIAGED_VIEW_TOYOTA_38XD_COV.csv,19398142,"UI core components are not holding or handling with any secret data.
"
145fb15fcf1244df6c7d7e7dbc63bd76,TRIAGED_VIEW_TOYOTA_38XD_COV.csv,19398141,"UI core components are not holding or handling with any secret data.
"
71054b0c88bcbe966bb158b25397b8aa,TRIAGED_VIEW_TOYOTA_38XD_COV.csv,19398139,"UI core components are not holding or handling with any secret data.
"
3f92b51971f791789121bb78d20e0996,TRIAGED_VIEW_TOYOTA_38XD_COV.csv,19398135,"UI core components are not holding or handling with any secret data.
"
0585e1cc0c5b923c5ae5696ec12c9d16,TRIAGED_VIEW_TOYOTA_38XD_COV.csv,19398132,"UI core components are not holding or handling with any secret data.
"
980ad368e573b79c0c95b38e7f4fb153,TRIAGED_VIEW_TOYOTA_38XD_COV.csv,19398130,"UI core components are not holding or handling with any secret data.
"
14658d54493e700f2c213d761385d8e9,TRIAGED_VIEW_TOYOTA_38XD_COV.csv,19398126,"UI core components are not holding or handling with any secret data.
"
e114f1b7faed8cdc9f8adc6af951ce57,TRIAGED_VIEW_TOYOTA_38XD_COV.csv,19398123,"UI core components are not holding or handling with any secret data.
"
06961fc62452a32d5352bedf67afac4b,TRIAGED_VIEW_TOYOTA_38XD_COV.csv,19398119,"UI core components are not holding or handling with any secret data.
"
8062352a8a38f721ba33b8aeae33ad81,TRIAGED_VIEW_TOYOTA_38XD_COV.csv,19398101,"UI core components are not holding or handling with any secret data.
"
3df7cdb3f473e5a31e48a066854c35b8,TRIAGED_VIEW_TOYOTA_38XD_COV.csv,19398100,"UI core components are not holding or handling with any secret data.
"
8063bfc934af9af3833e58d74edc2424,TRIAGED_VIEW_TOYOTA_38XD_COV.csv,19375234,"UI core components are not holding or handling with any secret data.
"
3458f7fcf934a7807bcab6f1c46cb444,TRIAGED_VIEW_TOYOTA_38XD_COV.csv,19375166,"UI core components are not holding or handling with any secret data.
"
dbaa5ce273e6b5c98929c5220ec4b87c,TRIAGED_VIEW_TOYOTA_38XD_COV.csv,19375161,"UI core components are not holding or handling with any secret data.
"
556c0d98a1b7397ccfe9d74f931fb793,TRIAGED_VIEW_TOYOTA_38XD_COV.csv,19374964,"UI core components are not holding or handling with any secret data.
"
8ef41d49edca821b8b5ed77d8edabe75,TRIAGED_VIEW_TOYOTA_38XD_COV.csv,19374963,"UI core components are not holding or handling with any secret data.
"
f6af63670872c8a78030d472130b0cd7,TRIAGED_VIEW_TOYOTA_38XD_COV.csv,19374960,"UI core components are not holding or handling with any secret data.
"
5e7db5ff7c66ec0c455b677b93615cb2,TRIAGED_VIEW_TOYOTA_38XD_COV.csv,19374790,"UI core components are not holding or handling with any secret data.
"
6e027803d228de0291d7ba18451a785a,TRIAGED_VIEW_TOYOTA_38XD_COV.csv,19374781,"UI core components are not holding or handling with any secret data.
"
ac831c5fbfec675b504f0f9361e28bf1,TRIAGED_VIEW_TOYOTA_38XD_COV.csv,19374714,"UI core components are not holding or handling with any secret data.
"
35ba2e09eb06bff62c0dea77602fcf03,TRIAGED_VIEW_TOYOTA_38XD_COV.csv,19374677,"UI core components are not holding or handling with any secret data.
"
10cef0550f31f51209426ac2949dc0c5,TRIAGED_VIEW_TOYOTA_38XD_COV.csv,19374666,"UI core components are not holding or handling with any secret data.
"
c3389238d8b2f05c8a23706217791e5e,TRIAGED_VIEW_TOYOTA_38XD_COV.csv,19374630,"UI core components are not holding or handling with any secret data.
"
fedea2cc6fb03f202c87ee01577fb750,TRIAGED_VIEW_TOYOTA_38XD_COV.csv,19374456,"UI core components are not holding or handling with any secret data.
"
cf6f23be1824e8f0c80780ef0072e1dc,TRIAGED_VIEW_TOYOTA_38XD_COV.csv,19374427,"UI core components are not holding or handling with any secret data.
"
48d15137c252f3ca1a44d06b067679d6,TRIAGED_VIEW_TOYOTA_38XD_COV.csv,19374410,"UI core components are not holding or handling with any secret data.
"
5ead5dc72ea373ffa7629c21b034c1d0,TRIAGED_VIEW_TOYOTA_38XD_COV.csv,932491,This file is autogenerated from MATLAB. Can not be modified
6915b184c8238fdcb1d83f44ee4c0bd5,TRIAGED_VIEW_TOYOTA_38XD_COV.csv,19375005,"This file is autogenerated from MATLAB, so cannot be modified"
4b693af6d9462d9009af2d1381fde901,TRIAGED_VIEW_TOYOTA_38XD_COV.csv,19765100,"Third party monotype library files, thus ignoring for now"
688b558804769bf52d792e1ee70b87fd,TRIAGED_VIEW_TOYOTA_38XD_COV.csv,19709907,"Third party monotype library files, thus ignoring for now"
6481ec9c3370b996eaf18acbe92ee9ac,TRIAGED_VIEW_TOYOTA_38XD_COV.csv,19375041,"Third party monotype library files, thus ignoring for now"
8b745b42a36f6ad8628ed4a6b4fdbcc1,TRIAGED_VIEW_TOYOTA_38XD_COV.csv,19374967,"Third party monotype library files, thus ignoring for now"
608b6e7a4391d74c4fcb0dd7ef3db657,TRIAGED_VIEW_TOYOTA_38XD_COV.csv,19374749,"Third party monotype library files, thus ignoring for now"
40c8d3a69308d31d8c1616111b518c43,TRIAGED_VIEW_TOYOTA_38XD_COV.csv,19765679,No functional impact
36c67103b08b2289e217dd39144c9213,TRIAGED_VIEW_TOYOTA_38XD_COV.csv,19765593,No functional impact
490833a7211c545defd98c2665345fab,TRIAGED_VIEW_TOYOTA_38XD_COV.csv,19765509,No functional impact
6e2dfe2be743388402ef6d3cd7c2b1bf,TRIAGED_VIEW_TOYOTA_38XD_COV.csv,19765212,No functional impact
c2c962b1423f71e72939dcb2033fe856,TRIAGED_VIEW_TOYOTA_38XD_COV.csv,19765144,No functional impact
5f8fa6e78454db25d7958aba0cc4753a,TRIAGED_VIEW_TOYOTA_38XD_COV.csv,19764957,No functional impact
659b32eed29a401e6f2a996b178f6025,TRIAGED_VIEW_TOYOTA_38XD_COV.csv,19764852,No functional impact
dd08f83f43fda17f25ef34c4b2ca6c76,TRIAGED_VIEW_TOYOTA_38XD_COV.csv,19764841,No functional impact
81db21df54e74b5594d3ea4f1bbc2aaa,TRIAGED_VIEW_TOYOTA_38XD_COV.csv,19743177,No functional impact
c354964fb942ff2f3115177bbcc6e552,TRIAGED_VIEW_TOYOTA_38XD_COV.csv,19625776,IMAGE ID is generated from tool
