Version=9.0.10.I20200514-rhp901
Rhp_version=3.6.1.v20200406-1326
[2024-08-06 13:07:24];[INFO];Evaluation of JCI_C_Generator
[2024-08-06 13:07:25];[INFO];[Gen Info] Generation started: Tue Aug 06 13:07:25 IST 2024
[2024-08-06 13:07:25];[INFO];

[2024-08-06 13:07:25];[INFO];[Gen Info] ===================================================================
[2024-08-06 13:07:25];[INFO];

[2024-08-06 13:07:25];[INFO];[Gen Info]  Project name          : E40_Platform
[2024-08-06 13:07:25];[INFO];

[2024-08-06 13:07:25];[INFO];[Gen Info] -------------------------------------------------------------------
[2024-08-06 13:07:25];[INFO];

[2024-08-06 13:07:25];[INFO];[Gen Info]  Generator version     : V3.0.27
[2024-08-06 13:07:25];[INFO];

[2024-08-06 13:07:25];[INFO];[Gen Info]  Generator date        : 11/12/2014 12:04:26,40
[2024-08-06 13:07:25];[INFO];

[2024-08-06 13:07:25];[INFO];[Gen Info]  Debug level           : 2
[2024-08-06 13:07:25];[INFO];

[2024-08-06 13:07:25];[INFO];[Gen Info] [Gen Debug] |Starting checker...
[2024-08-06 13:07:25];[INFO];

[2024-08-06 13:07:25];[INFO];[Gen Info] ===================================================================
[2024-08-06 13:07:25];[INFO];

[2024-08-06 13:07:28];[INFO];[Gen Info] [Gen Debug] |New/changed data in the file E40_Platform.properties
[2024-08-06 13:07:28];[INFO];

[2024-08-06 13:07:28];[INFO];Generating E40_Platform_out\E40_Platform.properties
[2024-08-06 13:07:28];[INFO];[Gen Info] [Gen Debug] |Processing packages...
[2024-08-06 13:07:28];[INFO];

[2024-08-06 13:07:28];[INFO];[Gen Info] [Gen Debug] |Processing package A2T_Profile...
[2024-08-06 13:07:28];[INFO];

[2024-08-06 13:07:28];[INFO];[Gen Info] [Gen Debug] |Processing package JCI_Profile...
[2024-08-06 13:07:28];[INFO];

[2024-08-06 13:07:28];[INFO];[Gen Info] [Gen Debug] |Processing package visteon_dm_profile...
[2024-08-06 13:07:28];[INFO];

[2024-08-06 13:07:28];[INFO];[Gen Info] [Gen Debug] |Processing package CGCompatibilityPre901Cpp...
[2024-08-06 13:07:28];[INFO];

[2024-08-06 13:07:28];[INFO];[Gen Info] [Gen Debug] |Processing package E40_Platform...
[2024-08-06 13:07:28];[INFO];

[2024-08-06 13:07:28];[INFO];[Gen Info] [Gen Debug] |Processing package C_GlobalDesign...
[2024-08-06 13:07:28];[INFO];

[2024-08-06 13:07:28];[INFO];[Gen Info] [Gen Debug] |New/changed data in the file C_GlobalDesign.properties
[2024-08-06 13:07:28];[INFO];

[2024-08-06 13:07:28];[INFO];Generating E40_Platform_out\C_GlobalDesign\C_GlobalDesign.properties
[2024-08-06 13:07:28];[INFO];[Gen Info] [Gen Debug] |Processing package SW_Classes...
[2024-08-06 13:07:28];[INFO];

[2024-08-06 13:07:28];[INFO];[Gen Info] [Gen Debug] |Processing package E40_Platform_System...
[2024-08-06 13:07:28];[INFO];

[2024-08-06 13:07:28];[INFO];[Gen Info] [Gen Debug] |New/changed data in the file E40_Platform_System.properties
[2024-08-06 13:07:28];[INFO];

[2024-08-06 13:07:28];[INFO];Generating E40_Platform_out\C_GlobalDesign\SW_Classes\E40_Platform_System\E40_Platform_System.properties
[2024-08-06 13:07:28];[INFO];[Gen Info] [Gen Debug] |New/changed data in the file E40_Platform_System_G.h
[2024-08-06 13:07:28];[INFO];

[2024-08-06 13:07:28];[INFO];Generating E40_Platform_out\C_GlobalDesign\SW_Classes\E40_Platform_System\E40_Platform_System_G.h
[2024-08-06 13:07:28];[INFO];[Gen Info] [Gen Debug] |Processing package E40_Platform_CMN_SYSTEM...
[2024-08-06 13:07:28];[INFO];

[2024-08-06 13:07:28];[INFO];[Gen Info] [Gen Debug] |New/changed data in the file E40_Platform_CMN_SYSTEM_G.h
[2024-08-06 13:07:28];[INFO];

[2024-08-06 13:07:28];[INFO];Generating E40_Platform_out\C_GlobalDesign\SW_Classes\E40_Platform_System\E40_Platform_CMN_SYSTEM\E40_Platform_CMN_SYSTEM_G.h
[2024-08-06 13:07:28];[INFO];[Gen Info] [Gen Debug] |New/changed data in the file E40_Platform_CMN_SYSTEM_Types_G.h
[2024-08-06 13:07:28];[INFO];

[2024-08-06 13:07:28];[INFO];Generating E40_Platform_out\C_GlobalDesign\SW_Classes\E40_Platform_System\E40_Platform_CMN_SYSTEM\E40_Platform_CMN_SYSTEM_Types_G.h
[2024-08-06 13:07:28];[INFO];[Gen Info] [Gen Debug] |Processing class E40_Platform_System...
[2024-08-06 13:07:28];[INFO];

[2024-08-06 13:07:28];[INFO];[Gen Info] [Gen Debug] |Processing package CDD_PACKAGES...
[2024-08-06 13:07:28];[INFO];

[2024-08-06 13:07:28];[INFO];[Gen Info] [Gen Debug] |Processing package BacklightCdd...
[2024-08-06 13:07:28];[INFO];

[2024-08-06 13:07:28];[INFO];[Gen Info] [Gen Debug] |New/changed data in the file BacklightCdd.properties
[2024-08-06 13:07:28];[INFO];

[2024-08-06 13:07:28];[INFO];Generating E40_Platform_out\C_GlobalDesign\SW_Classes\CDD_PACKAGES\BacklightCdd\BacklightCdd.properties
[2024-08-06 13:07:28];[INFO];[Gen Info] [Gen Debug] |New/changed data in the file BacklightCdd_G.h
[2024-08-06 13:07:28];[INFO];

[2024-08-06 13:07:28];[INFO];Generating E40_Platform_out\C_GlobalDesign\SW_Classes\CDD_PACKAGES\BacklightCdd\BacklightCdd_G.h
[2024-08-06 13:07:28];[INFO];[Gen Info] [Gen Debug] |New/changed data in the file BacklightCdd_Types_G.h
[2024-08-06 13:07:28];[INFO];

[2024-08-06 13:07:28];[INFO];Generating E40_Platform_out\C_GlobalDesign\SW_Classes\CDD_PACKAGES\BacklightCdd\BacklightCdd_Types_G.h
[2024-08-06 13:07:28];[INFO];[Gen Info] [Gen Debug] |Processing class Backlight_Cdd...
[2024-08-06 13:07:28];[INFO];

[2024-08-06 13:07:28];[INFO];[Gen Info] [Gen Debug] |Processing package P_Backlight_Cdd...
[2024-08-06 13:07:28];[INFO];

[2024-08-06 13:07:28];[INFO];[Gen Info] [Gen Debug] |Processing package DisplayCdd...
[2024-08-06 13:07:28];[INFO];

[2024-08-06 13:07:28];[INFO];[Gen Info] [Gen Debug] |New/changed data in the file DisplayCdd.properties
[2024-08-06 13:07:28];[INFO];

[2024-08-06 13:07:28];[INFO];Generating E40_Platform_out\C_GlobalDesign\SW_Classes\CDD_PACKAGES\DisplayCdd\DisplayCdd.properties
[2024-08-06 13:07:28];[INFO];[Gen Info] [Gen Debug] |New/changed data in the file DisplayCdd_G.h
[2024-08-06 13:07:28];[INFO];

[2024-08-06 13:07:28];[INFO];Generating E40_Platform_out\C_GlobalDesign\SW_Classes\CDD_PACKAGES\DisplayCdd\DisplayCdd_G.h
[2024-08-06 13:07:28];[INFO];[Gen Info] [Gen Debug] |New/changed data in the file DisplayCdd_Types_G.h
[2024-08-06 13:07:28];[INFO];

[2024-08-06 13:07:28];[INFO];Generating E40_Platform_out\C_GlobalDesign\SW_Classes\CDD_PACKAGES\DisplayCdd\DisplayCdd_Types_G.h
[2024-08-06 13:07:28];[INFO];[Gen Info] [Gen Debug] |Processing class Display_Cdd...
[2024-08-06 13:07:28];[INFO];

[2024-08-06 13:07:28];[INFO];[Gen Info] [Gen Debug] |Processing package P_Display_Cdd...
[2024-08-06 13:07:28];[INFO];

[2024-08-06 13:07:28];[INFO];[Gen Info] [Gen Debug] |Processing package UclProxyCdd...
[2024-08-06 13:07:28];[INFO];

[2024-08-06 13:07:28];[INFO];[Gen Info] [Gen Debug] |New/changed data in the file UclProxyCdd.properties
[2024-08-06 13:07:28];[INFO];

[2024-08-06 13:07:28];[INFO];Generating E40_Platform_out\C_GlobalDesign\SW_Classes\CDD_PACKAGES\UclProxyCdd\UclProxyCdd.properties
[2024-08-06 13:07:28];[INFO];[Gen Info] [Gen Debug] |New/changed data in the file UclProxyCdd_G.h
[2024-08-06 13:07:28];[INFO];

[2024-08-06 13:07:28];[INFO];Generating E40_Platform_out\C_GlobalDesign\SW_Classes\CDD_PACKAGES\UclProxyCdd\UclProxyCdd_G.h
[2024-08-06 13:07:28];[INFO];[Gen Info] [Gen Debug] |New/changed data in the file UclProxyCdd_Types_G.h
[2024-08-06 13:07:28];[INFO];

[2024-08-06 13:07:28];[INFO];Generating E40_Platform_out\C_GlobalDesign\SW_Classes\CDD_PACKAGES\UclProxyCdd\UclProxyCdd_Types_G.h
[2024-08-06 13:07:29];[INFO];[Gen Info] [Gen Debug] |New/changed data in the file UclProxyCdd_Typedefs_G.h
[2024-08-06 13:07:29];[INFO];

[2024-08-06 13:07:29];[INFO];Generating E40_Platform_out\C_GlobalDesign\SW_Classes\CDD_PACKAGES\UclProxyCdd\UclProxyCdd_Typedefs_G.h
[2024-08-06 13:07:29];[INFO];[Gen Info] [Gen Debug] |Processing class UCL_PROXY_CDD...
[2024-08-06 13:07:29];[INFO];

[2024-08-06 13:07:29];[INFO];[Gen Info] [Gen Debug] |Processing class UclInitShutdown...
[2024-08-06 13:07:29];[INFO];

[2024-08-06 13:07:29];[INFO];[Gen Info] [Gen Debug] |New/changed data in the file UclInitShutdown.c
[2024-08-06 13:07:29];[INFO];

[2024-08-06 13:07:29];[INFO];Generating E40_Platform_rpy\C_GlobalDesign\SW_Classes\CDD_PACKAGES\UclProxyCdd\UclInitShutdown.c
[2024-08-06 13:07:29];[INFO];[Gen Info] [Gen Debug] |New/changed data in the file UclInitShutdown_G.h
[2024-08-06 13:07:29];[INFO];

[2024-08-06 13:07:29];[INFO];Generating E40_Platform_out\C_GlobalDesign\SW_Classes\CDD_PACKAGES\UclProxyCdd\UclInitShutdown_G.h
[2024-08-06 13:07:29];[INFO];[Gen Info] [Gen Debug] |Processing class PowerSystemState...
[2024-08-06 13:07:29];[INFO];

[2024-08-06 13:07:29];[INFO];[Gen Info] [Gen Debug] |New/changed data in the file PowerSystemState_G.h
[2024-08-06 13:07:29];[INFO];

[2024-08-06 13:07:29];[INFO];Generating E40_Platform_out\C_GlobalDesign\SW_Classes\CDD_PACKAGES\UclProxyCdd\PowerSystemState_G.h
[2024-08-06 13:07:29];[INFO];[Gen Info] [Gen Debug] |Processing class PowerExtendShutdownTime_Q...
[2024-08-06 13:07:29];[INFO];

[2024-08-06 13:07:29];[INFO];[Gen Info] [Gen Debug] |New/changed data in the file PowerExtendShutdownTime_Q_G.h
[2024-08-06 13:07:29];[INFO];

[2024-08-06 13:07:29];[INFO];Generating E40_Platform_out\C_GlobalDesign\SW_Classes\CDD_PACKAGES\UclProxyCdd\PowerExtendShutdownTime_Q_G.h
[2024-08-06 13:07:29];[INFO];[Gen Info] [Gen Debug] |Processing class PowerKeepSystemAwake_Q...
[2024-08-06 13:07:29];[INFO];

[2024-08-06 13:07:29];[INFO];[Gen Info] [Gen Debug] |New/changed data in the file PowerKeepSystemAwake_Q_G.h
[2024-08-06 13:07:29];[INFO];

[2024-08-06 13:07:29];[INFO];Generating E40_Platform_out\C_GlobalDesign\SW_Classes\CDD_PACKAGES\UclProxyCdd\PowerKeepSystemAwake_Q_G.h
[2024-08-06 13:07:29];[INFO];[Gen Info] [Gen Debug] |Processing class HealthDomainHeartbeat_Q...
[2024-08-06 13:07:29];[INFO];

[2024-08-06 13:07:29];[INFO];[Gen Info] [Gen Debug] |New/changed data in the file HealthDomainHeartbeat_Q_G.h
[2024-08-06 13:07:29];[INFO];

[2024-08-06 13:07:29];[INFO];Generating E40_Platform_out\C_GlobalDesign\SW_Classes\CDD_PACKAGES\UclProxyCdd\HealthDomainHeartbeat_Q_G.h
[2024-08-06 13:07:29];[INFO];[Gen Info] [Gen Debug] |Processing class HealthDomainFatalError_Q...
[2024-08-06 13:07:29];[INFO];

[2024-08-06 13:07:29];[INFO];[Gen Info] [Gen Debug] |New/changed data in the file HealthDomainFatalError_Q_G.h
[2024-08-06 13:07:29];[INFO];

[2024-08-06 13:07:29];[INFO];Generating E40_Platform_out\C_GlobalDesign\SW_Classes\CDD_PACKAGES\UclProxyCdd\HealthDomainFatalError_Q_G.h
[2024-08-06 13:07:29];[INFO];[Gen Info] [Gen Debug] |Processing class PowerSystemStateReqChange...
[2024-08-06 13:07:29];[INFO];

[2024-08-06 13:07:29];[INFO];[Gen Info] [Gen Debug] |New/changed data in the file PowerSystemStateReqChange_G.h
[2024-08-06 13:07:29];[INFO];

[2024-08-06 13:07:29];[INFO];Generating E40_Platform_out\C_GlobalDesign\SW_Classes\CDD_PACKAGES\UclProxyCdd\PowerSystemStateReqChange_G.h
[2024-08-06 13:07:29];[INFO];[Gen Info] [Gen Debug] |Processing class UclSystemCallbacks...
[2024-08-06 13:07:29];[INFO];

[2024-08-06 13:07:29];[INFO];[Gen Info] [Gen Debug] |New/changed data in the file UclSystemCallbacks.c
[2024-08-06 13:07:29];[INFO];

[2024-08-06 13:07:29];[INFO];Generating E40_Platform_rpy\C_GlobalDesign\SW_Classes\CDD_PACKAGES\UclProxyCdd\UclSystemCallbacks.c
[2024-08-06 13:07:29];[INFO];[Gen Info] [Gen Debug] |New/changed data in the file UclSystemCallbacks_G.h
[2024-08-06 13:07:29];[INFO];

[2024-08-06 13:07:29];[INFO];Generating E40_Platform_out\C_GlobalDesign\SW_Classes\CDD_PACKAGES\UclProxyCdd\UclSystemCallbacks_G.h
[2024-08-06 13:07:29];[INFO];[Gen Info] [Gen Debug] |Processing class HealthDumpGetHdr_Q...
[2024-08-06 13:07:29];[INFO];

[2024-08-06 13:07:29];[INFO];[Gen Info] [Gen Debug] |New/changed data in the file HealthDumpGetHdr_Q_G.h
[2024-08-06 13:07:29];[INFO];

[2024-08-06 13:07:29];[INFO];Generating E40_Platform_out\C_GlobalDesign\SW_Classes\CDD_PACKAGES\UclProxyCdd\HealthDumpGetHdr_Q_G.h
[2024-08-06 13:07:29];[INFO];[Gen Info] [Gen Debug] |Processing class HealthDumpGetData_Q...
[2024-08-06 13:07:29];[INFO];

[2024-08-06 13:07:29];[INFO];[Gen Info] [Gen Debug] |New/changed data in the file HealthDumpGetData_Q_G.h
[2024-08-06 13:07:29];[INFO];

[2024-08-06 13:07:29];[INFO];Generating E40_Platform_out\C_GlobalDesign\SW_Classes\CDD_PACKAGES\UclProxyCdd\HealthDumpGetData_Q_G.h
[2024-08-06 13:07:29];[INFO];[Gen Info] [Gen Debug] |Processing class HealthDumpHdrInfo_Q...
[2024-08-06 13:07:29];[INFO];

[2024-08-06 13:07:29];[INFO];[Gen Info] [Gen Debug] |New/changed data in the file HealthDumpHdrInfo_Q_G.h
[2024-08-06 13:07:29];[INFO];

[2024-08-06 13:07:29];[INFO];Generating E40_Platform_out\C_GlobalDesign\SW_Classes\CDD_PACKAGES\UclProxyCdd\HealthDumpHdrInfo_Q_G.h
[2024-08-06 13:07:29];[INFO];[Gen Info] [Gen Debug] |Processing class HealthDumpData_Q...
[2024-08-06 13:07:29];[INFO];

[2024-08-06 13:07:29];[INFO];[Gen Info] [Gen Debug] |New/changed data in the file HealthDumpData_Q_G.h
[2024-08-06 13:07:29];[INFO];

[2024-08-06 13:07:29];[INFO];Generating E40_Platform_out\C_GlobalDesign\SW_Classes\CDD_PACKAGES\UclProxyCdd\HealthDumpData_Q_G.h
[2024-08-06 13:07:29];[INFO];[Gen Info] [Gen Debug] |Processing class DiagDIDRequest_Q...
[2024-08-06 13:07:29];[INFO];

[2024-08-06 13:07:30];[INFO];[Gen Info] [Gen Debug] |New/changed data in the file DiagDIDRequest_Q_G.h
[2024-08-06 13:07:30];[INFO];

[2024-08-06 13:07:30];[INFO];Generating E40_Platform_out\C_GlobalDesign\SW_Classes\CDD_PACKAGES\UclProxyCdd\DiagDIDRequest_Q_G.h
[2024-08-06 13:07:30];[INFO];[Gen Info] [Gen Debug] |Processing class DiagRoutineRequest_Q...
[2024-08-06 13:07:30];[INFO];

[2024-08-06 13:07:30];[INFO];[Gen Info] [Gen Debug] |New/changed data in the file DiagRoutineRequest_Q_G.h
[2024-08-06 13:07:30];[INFO];

[2024-08-06 13:07:30];[INFO];Generating E40_Platform_out\C_GlobalDesign\SW_Classes\CDD_PACKAGES\UclProxyCdd\DiagRoutineRequest_Q_G.h
[2024-08-06 13:07:30];[INFO];[Gen Info] [Gen Debug] |Processing class DiagIOCtrlRequest_Q...
[2024-08-06 13:07:30];[INFO];

[2024-08-06 13:07:30];[INFO];[Gen Info] [Gen Debug] |New/changed data in the file DiagIOCtrlRequest_Q_G.h
[2024-08-06 13:07:30];[INFO];

[2024-08-06 13:07:30];[INFO];Generating E40_Platform_out\C_GlobalDesign\SW_Classes\CDD_PACKAGES\UclProxyCdd\DiagIOCtrlRequest_Q_G.h
[2024-08-06 13:07:30];[INFO];[Gen Info] [Gen Debug] |Processing class DiagResponse_Q...
[2024-08-06 13:07:30];[INFO];

[2024-08-06 13:07:30];[INFO];[Gen Info] [Gen Debug] |New/changed data in the file DiagResponse_Q_G.h
[2024-08-06 13:07:30];[INFO];

[2024-08-06 13:07:30];[INFO];Generating E40_Platform_out\C_GlobalDesign\SW_Classes\CDD_PACKAGES\UclProxyCdd\DiagResponse_Q_G.h
[2024-08-06 13:07:30];[INFO];[Gen Info] [Gen Debug] |Processing class IgnState_Q...
[2024-08-06 13:07:30];[INFO];

[2024-08-06 13:07:30];[INFO];[Gen Info] [Gen Debug] |New/changed data in the file IgnState_Q_G.h
[2024-08-06 13:07:30];[INFO];

[2024-08-06 13:07:30];[INFO];Generating E40_Platform_out\C_GlobalDesign\SW_Classes\CDD_PACKAGES\UclProxyCdd\IgnState_Q_G.h
[2024-08-06 13:07:30];[INFO];[Gen Info] [Gen Debug] |Processing class HealthEventRecord_Q...
[2024-08-06 13:07:30];[INFO];

[2024-08-06 13:07:30];[INFO];[Gen Info] [Gen Debug] |New/changed data in the file HealthEventRecord_Q_G.h
[2024-08-06 13:07:30];[INFO];

[2024-08-06 13:07:30];[INFO];Generating E40_Platform_out\C_GlobalDesign\SW_Classes\CDD_PACKAGES\UclProxyCdd\HealthEventRecord_Q_G.h
[2024-08-06 13:07:30];[INFO];[Gen Info] [Gen Debug] |Processing package P_UCL_PROXY_CDD...
[2024-08-06 13:07:30];[INFO];

[2024-08-06 13:07:30];[INFO];[Gen Info] [Gen Debug] |Processing package RTCCdd...
[2024-08-06 13:07:30];[INFO];

[2024-08-06 13:07:30];[INFO];[Gen Info] [Gen Debug] |New/changed data in the file RTCCdd.properties
[2024-08-06 13:07:30];[INFO];

[2024-08-06 13:07:30];[INFO];Generating E40_Platform_out\C_GlobalDesign\SW_Classes\CDD_PACKAGES\RTCCdd\RTCCdd.properties
[2024-08-06 13:07:30];[INFO];[Gen Info] [Gen Debug] |New/changed data in the file RTCCdd_G.h
[2024-08-06 13:07:30];[INFO];

[2024-08-06 13:07:30];[INFO];Generating E40_Platform_out\C_GlobalDesign\SW_Classes\CDD_PACKAGES\RTCCdd\RTCCdd_G.h
[2024-08-06 13:07:30];[INFO];[Gen Info] [Gen Debug] |New/changed data in the file RTCCdd_Types_G.h
[2024-08-06 13:07:30];[INFO];

[2024-08-06 13:07:30];[INFO];Generating E40_Platform_out\C_GlobalDesign\SW_Classes\CDD_PACKAGES\RTCCdd\RTCCdd_Types_G.h
[2024-08-06 13:07:30];[INFO];[Gen Info] [Gen Debug] |Processing class RTC_Cdd...
[2024-08-06 13:07:30];[INFO];

[2024-08-06 13:07:30];[INFO];[Gen Info] [Gen Debug] |Processing package P_RTC_Cdd...
[2024-08-06 13:07:30];[INFO];

[2024-08-06 13:07:30];[INFO];[Gen Info] [Gen Debug] |Processing package BattMdl...
[2024-08-06 13:07:30];[INFO];

[2024-08-06 13:07:30];[INFO];[Gen Info] [Gen Debug] |New/changed data in the file BattMdl.properties
[2024-08-06 13:07:30];[INFO];

[2024-08-06 13:07:30];[INFO];Generating E40_Platform_out\C_GlobalDesign\SW_Classes\CDD_PACKAGES\BattMdl\BattMdl.properties
[2024-08-06 13:07:30];[INFO];[Gen Info] [Gen Debug] |New/changed data in the file BattMdl_G.h
[2024-08-06 13:07:30];[INFO];

[2024-08-06 13:07:30];[INFO];Generating E40_Platform_out\C_GlobalDesign\SW_Classes\CDD_PACKAGES\BattMdl\BattMdl_G.h
[2024-08-06 13:07:30];[INFO];[Gen Info] [Gen Debug] |New/changed data in the file BattMdl_Types_G.h
[2024-08-06 13:07:30];[INFO];

[2024-08-06 13:07:30];[INFO];Generating E40_Platform_out\C_GlobalDesign\SW_Classes\CDD_PACKAGES\BattMdl\BattMdl_Types_G.h
[2024-08-06 13:07:30];[INFO];[Gen Info] [Gen Debug] |Processing class BattMdl...
[2024-08-06 13:07:30];[INFO];

[2024-08-06 13:07:30];[INFO];[Gen Info] [Gen Debug] |Processing package P_BattMdl...
[2024-08-06 13:07:30];[INFO];

[2024-08-06 13:07:30];[INFO];[Gen Info] [Gen Debug] |Processing package EcuPowerM...
[2024-08-06 13:07:30];[INFO];

[2024-08-06 13:07:30];[INFO];[Gen Info] [Gen Debug] |New/changed data in the file EcuPowerM.properties
[2024-08-06 13:07:30];[INFO];

[2024-08-06 13:07:30];[INFO];Generating E40_Platform_out\C_GlobalDesign\SW_Classes\CDD_PACKAGES\EcuPowerM\EcuPowerM.properties
[2024-08-06 13:07:30];[INFO];[Gen Info] [Gen Debug] |New/changed data in the file EcuPowerM_G.h
[2024-08-06 13:07:30];[INFO];

[2024-08-06 13:07:30];[INFO];Generating E40_Platform_out\C_GlobalDesign\SW_Classes\CDD_PACKAGES\EcuPowerM\EcuPowerM_G.h
[2024-08-06 13:07:30];[INFO];[Gen Info] [Gen Debug] |New/changed data in the file EcuPowerM_Types_G.h
[2024-08-06 13:07:30];[INFO];

[2024-08-06 13:07:30];[INFO];Generating E40_Platform_out\C_GlobalDesign\SW_Classes\CDD_PACKAGES\EcuPowerM\EcuPowerM_Types_G.h
[2024-08-06 13:07:30];[INFO];[Gen Info] [Gen Debug] |Processing class CDDEcuPowerM...
[2024-08-06 13:07:30];[INFO];

[2024-08-06 13:07:30];[INFO];[Gen Info] [Gen Debug] |Processing package P_CDDEcuPowerM...
[2024-08-06 13:07:30];[INFO];

[2024-08-06 13:07:30];[INFO];[Gen Info] [Gen Debug] |Processing package SndCdd...
[2024-08-06 13:07:30];[INFO];

[2024-08-06 13:07:30];[INFO];[Gen Info] [Gen Debug] |New/changed data in the file SndCdd.properties
[2024-08-06 13:07:30];[INFO];

[2024-08-06 13:07:30];[INFO];Generating E40_Platform_out\C_GlobalDesign\SW_Classes\CDD_PACKAGES\SndCdd\SndCdd.properties
[2024-08-06 13:07:30];[INFO];[Gen Info] [Gen Debug] |New/changed data in the file SndCdd_G.h
[2024-08-06 13:07:30];[INFO];

[2024-08-06 13:07:30];[INFO];Generating E40_Platform_out\C_GlobalDesign\SW_Classes\CDD_PACKAGES\SndCdd\SndCdd_G.h
[2024-08-06 13:07:30];[INFO];[Gen Info] [Gen Debug] |New/changed data in the file SndCdd_Types_G.h
[2024-08-06 13:07:30];[INFO];

[2024-08-06 13:07:30];[INFO];Generating E40_Platform_out\C_GlobalDesign\SW_Classes\CDD_PACKAGES\SndCdd\SndCdd_Types_G.h
[2024-08-06 13:07:30];[INFO];[Gen Info] [Gen Debug] |Processing class SndCdd...
[2024-08-06 13:07:30];[INFO];

[2024-08-06 13:07:30];[INFO];[Gen Info] [Gen Debug] |Processing package P_SndCdd...
[2024-08-06 13:07:30];[INFO];

[2024-08-06 13:07:30];[INFO];[Gen Info] [Gen Debug] |Processing package IF_PACKAGES...
[2024-08-06 13:07:30];[INFO];

[2024-08-06 13:07:30];[INFO];[Gen Info] [Gen Debug] |Processing package COMMON_IF_PACKAGES...
[2024-08-06 13:07:30];[INFO];

[2024-08-06 13:07:30];[INFO];[Gen Info] [Gen Debug] |Processing package CDD_IF_PACKAGES...
[2024-08-06 13:07:30];[INFO];

[2024-08-06 13:07:30];[INFO];[Gen Info] [Gen Debug] |New/changed data in the file CDD_IF_PACKAGES.properties
[2024-08-06 13:07:30];[INFO];

[2024-08-06 13:07:30];[INFO];Generating E40_Platform_out\C_GlobalDesign\SW_Classes\IF_PACKAGES\COMMON_IF_PACKAGES\CDD_IF_PACKAGES\CDD_IF_PACKAGES.properties
[2024-08-06 13:07:30];[INFO];[Gen Info] [Gen Debug] |New/changed data in the file CDD_IF_PACKAGES_G.h
[2024-08-06 13:07:30];[INFO];

[2024-08-06 13:07:30];[INFO];Generating E40_Platform_out\C_GlobalDesign\SW_Classes\IF_PACKAGES\COMMON_IF_PACKAGES\CDD_IF_PACKAGES\CDD_IF_PACKAGES_G.h
[2024-08-06 13:07:30];[INFO];[Gen Info] [Gen Debug] |New/changed data in the file CDD_IF_PACKAGES_Types_G.h
[2024-08-06 13:07:30];[INFO];

[2024-08-06 13:07:30];[INFO];Generating E40_Platform_out\C_GlobalDesign\SW_Classes\IF_PACKAGES\COMMON_IF_PACKAGES\CDD_IF_PACKAGES\CDD_IF_PACKAGES_Types_G.h
[2024-08-06 13:07:30];[INFO];[Gen Info] [Gen Debug] |New/changed data in the file CDD_IF_PACKAGES_Typedefs_G.h
[2024-08-06 13:07:30];[INFO];

[2024-08-06 13:07:30];[INFO];Generating E40_Platform_out\C_GlobalDesign\SW_Classes\IF_PACKAGES\COMMON_IF_PACKAGES\CDD_IF_PACKAGES\CDD_IF_PACKAGES_Typedefs_G.h
[2024-08-06 13:07:30];[INFO];[Gen Info] [Gen Debug] |Processing class TI_Backlight_NotifyDispaly...
[2024-08-06 13:07:30];[INFO];

[2024-08-06 13:07:30];[INFO];[Gen Info] [Gen Debug] |New/changed data in the file TI_Backlight_NotifyDispaly_G.h
[2024-08-06 13:07:30];[INFO];

[2024-08-06 13:07:30];[INFO];Generating E40_Platform_out\C_GlobalDesign\SW_Classes\IF_PACKAGES\COMMON_IF_PACKAGES\CDD_IF_PACKAGES\TI_Backlight_NotifyDispaly_G.h
[2024-08-06 13:07:30];[INFO];[Gen Info] [Gen Debug] |Processing class TI_Backlight_Service...
[2024-08-06 13:07:30];[INFO];

[2024-08-06 13:07:31];[INFO];[Gen Info] [Gen Debug] |New/changed data in the file TI_Backlight_Service_G.h
[2024-08-06 13:07:31];[INFO];

[2024-08-06 13:07:31];[INFO];Generating E40_Platform_out\C_GlobalDesign\SW_Classes\IF_PACKAGES\COMMON_IF_PACKAGES\CDD_IF_PACKAGES\TI_Backlight_Service_G.h
[2024-08-06 13:07:31];[INFO];[Gen Info] [Gen Debug] |Processing class TI_Backlight_Status...
[2024-08-06 13:07:31];[INFO];

[2024-08-06 13:07:31];[INFO];[Gen Info] [Gen Debug] |New/changed data in the file TI_Backlight_Status_G.h
[2024-08-06 13:07:31];[INFO];

[2024-08-06 13:07:31];[INFO];Generating E40_Platform_out\C_GlobalDesign\SW_Classes\IF_PACKAGES\COMMON_IF_PACKAGES\CDD_IF_PACKAGES\TI_Backlight_Status_G.h
[2024-08-06 13:07:31];[INFO];[Gen Info] [Gen Debug] |Processing class TI_FaultInjectionHandler...
[2024-08-06 13:07:31];[INFO];

[2024-08-06 13:07:31];[INFO];[Gen Info] [Gen Debug] |New/changed data in the file TI_FaultInjectionHandler.c
[2024-08-06 13:07:31];[INFO];

[2024-08-06 13:07:31];[INFO];Generating E40_Platform_rpy\C_GlobalDesign\SW_Classes\IF_PACKAGES\COMMON_IF_PACKAGES\CDD_IF_PACKAGES\TI_FaultInjectionHandler.c
[2024-08-06 13:07:31];[INFO];[Gen Info] [Gen Debug] |New/changed data in the file TI_FaultInjectionHandler_G.h
[2024-08-06 13:07:31];[INFO];

[2024-08-06 13:07:31];[INFO];Generating E40_Platform_out\C_GlobalDesign\SW_Classes\IF_PACKAGES\COMMON_IF_PACKAGES\CDD_IF_PACKAGES\TI_FaultInjectionHandler_G.h
[2024-08-06 13:07:31];[INFO];[Gen Info] [Gen Debug] |Processing class TI_FITDID...
[2024-08-06 13:07:31];[INFO];

[2024-08-06 13:07:31];[INFO];[Gen Info] [Gen Debug] |New/changed data in the file TI_FITDID_G.h
[2024-08-06 13:07:31];[INFO];

[2024-08-06 13:07:31];[INFO];Generating E40_Platform_out\C_GlobalDesign\SW_Classes\IF_PACKAGES\COMMON_IF_PACKAGES\CDD_IF_PACKAGES\TI_FITDID_G.h
[2024-08-06 13:07:31];[INFO];[Gen Info] [Gen Debug] |Processing class TI_EcuPowerM...
[2024-08-06 13:07:31];[INFO];

[2024-08-06 13:07:31];[INFO];[Gen Info] [Gen Debug] |New/changed data in the file TI_EcuPowerM_G.h
[2024-08-06 13:07:31];[INFO];

[2024-08-06 13:07:31];[INFO];Generating E40_Platform_out\C_GlobalDesign\SW_Classes\IF_PACKAGES\COMMON_IF_PACKAGES\CDD_IF_PACKAGES\TI_EcuPowerM_G.h
[2024-08-06 13:07:31];[INFO];[Gen Info] [Gen Debug] |Processing class TI_Display_GammaCorrection...
[2024-08-06 13:07:31];[INFO];

[2024-08-06 13:07:31];[INFO];[Gen Info] [Gen Debug] |New/changed data in the file TI_Display_GammaCorrection_G.h
[2024-08-06 13:07:31];[INFO];

[2024-08-06 13:07:31];[INFO];Generating E40_Platform_out\C_GlobalDesign\SW_Classes\IF_PACKAGES\COMMON_IF_PACKAGES\CDD_IF_PACKAGES\TI_Display_GammaCorrection_G.h
[2024-08-06 13:07:31];[INFO];[Gen Info] [Gen Debug] |Processing class TI_Display_I2cSeqCallback...
[2024-08-06 13:07:31];[INFO];

[2024-08-06 13:07:31];[INFO];[Gen Info] [Gen Debug] |New/changed data in the file TI_Display_I2cSeqCallback_G.h
[2024-08-06 13:07:31];[INFO];

[2024-08-06 13:07:31];[INFO];Generating E40_Platform_out\C_GlobalDesign\SW_Classes\IF_PACKAGES\COMMON_IF_PACKAGES\CDD_IF_PACKAGES\TI_Display_I2cSeqCallback_G.h
[2024-08-06 13:07:31];[INFO];[Gen Info] [Gen Debug] |Processing class TI_Display_Status...
[2024-08-06 13:07:31];[INFO];

[2024-08-06 13:07:31];[INFO];[Gen Info] [Gen Debug] |New/changed data in the file TI_Display_Status_G.h
[2024-08-06 13:07:31];[INFO];

[2024-08-06 13:07:31];[INFO];Generating E40_Platform_out\C_GlobalDesign\SW_Classes\IF_PACKAGES\COMMON_IF_PACKAGES\CDD_IF_PACKAGES\TI_Display_Status_G.h
[2024-08-06 13:07:31];[INFO];[Gen Info] [Gen Debug] |Processing class if_CS_TIRtcServices...
[2024-08-06 13:07:31];[INFO];

[2024-08-06 13:07:31];[INFO];[Gen Info] [Gen Debug] |New/changed data in the file if_CS_TIRtcServices.c
[2024-08-06 13:07:31];[INFO];

[2024-08-06 13:07:31];[INFO];Generating E40_Platform_rpy\C_GlobalDesign\SW_Classes\IF_PACKAGES\COMMON_IF_PACKAGES\CDD_IF_PACKAGES\if_CS_TIRtcServices.c
[2024-08-06 13:07:31];[INFO];[Gen Info] [Gen Debug] |New/changed data in the file if_CS_TIRtcServices_G.h
[2024-08-06 13:07:31];[INFO];

[2024-08-06 13:07:31];[INFO];Generating E40_Platform_out\C_GlobalDesign\SW_Classes\IF_PACKAGES\COMMON_IF_PACKAGES\CDD_IF_PACKAGES\if_CS_TIRtcServices_G.h
[2024-08-06 13:07:31];[INFO];[Gen Info] [Gen Debug] |Processing class TI_BattMdl_AVP...
[2024-08-06 13:07:31];[INFO];

[2024-08-06 13:07:31];[INFO];[Gen Info] [Gen Debug] |New/changed data in the file TI_BattMdl_AVP_G.h
[2024-08-06 13:07:31];[INFO];

[2024-08-06 13:07:31];[INFO];Generating E40_Platform_out\C_GlobalDesign\SW_Classes\IF_PACKAGES\COMMON_IF_PACKAGES\CDD_IF_PACKAGES\TI_BattMdl_AVP_G.h
[2024-08-06 13:07:31];[INFO];[Gen Info] [Gen Debug] |Processing class TI_BattMdl_Voltage...
[2024-08-06 13:07:31];[INFO];

[2024-08-06 13:07:31];[INFO];[Gen Info] [Gen Debug] |New/changed data in the file TI_BattMdl_Voltage_G.h
[2024-08-06 13:07:31];[INFO];

[2024-08-06 13:07:31];[INFO];Generating E40_Platform_out\C_GlobalDesign\SW_Classes\IF_PACKAGES\COMMON_IF_PACKAGES\CDD_IF_PACKAGES\TI_BattMdl_Voltage_G.h
[2024-08-06 13:07:31];[INFO];[Gen Info] [Gen Debug] |Processing class if_CS_SndCdd_AmpDiag...
[2024-08-06 13:07:31];[INFO];

[2024-08-06 13:07:31];[INFO];[Gen Info] [Gen Debug] |New/changed data in the file if_CS_SndCdd_AmpDiag.c
[2024-08-06 13:07:31];[INFO];

[2024-08-06 13:07:31];[INFO];Generating E40_Platform_rpy\C_GlobalDesign\SW_Classes\IF_PACKAGES\COMMON_IF_PACKAGES\CDD_IF_PACKAGES\if_CS_SndCdd_AmpDiag.c
[2024-08-06 13:07:31];[INFO];[Gen Info] [Gen Debug] |New/changed data in the file if_CS_SndCdd_AmpDiag_G.h
[2024-08-06 13:07:31];[INFO];

[2024-08-06 13:07:31];[INFO];Generating E40_Platform_out\C_GlobalDesign\SW_Classes\IF_PACKAGES\COMMON_IF_PACKAGES\CDD_IF_PACKAGES\if_CS_SndCdd_AmpDiag_G.h
[2024-08-06 13:07:31];[INFO];[Gen Info] [Gen Debug] |Processing class if_CS_Sndcdd_Services...
[2024-08-06 13:07:31];[INFO];

[2024-08-06 13:07:32];[INFO];[Gen Info] [Gen Debug] |New/changed data in the file if_CS_Sndcdd_Services.c
[2024-08-06 13:07:32];[INFO];

[2024-08-06 13:07:32];[INFO];Generating E40_Platform_rpy\C_GlobalDesign\SW_Classes\IF_PACKAGES\COMMON_IF_PACKAGES\CDD_IF_PACKAGES\if_CS_Sndcdd_Services.c
[2024-08-06 13:07:32];[INFO];[Gen Info] [Gen Debug] |New/changed data in the file if_CS_Sndcdd_Services_G.h
[2024-08-06 13:07:32];[INFO];

[2024-08-06 13:07:32];[INFO];Generating E40_Platform_out\C_GlobalDesign\SW_Classes\IF_PACKAGES\COMMON_IF_PACKAGES\CDD_IF_PACKAGES\if_CS_Sndcdd_Services_G.h
[2024-08-06 13:07:32];[INFO];[Gen Info] [Gen Debug] |Processing package BSW_IF_PACKAGES...
[2024-08-06 13:07:32];[INFO];

[2024-08-06 13:07:32];[INFO];[Gen Info] [Gen Debug] |New/changed data in the file BSW_IF_PACKAGES.properties
[2024-08-06 13:07:32];[INFO];

[2024-08-06 13:07:32];[INFO];Generating E40_Platform_out\C_GlobalDesign\SW_Classes\IF_PACKAGES\COMMON_IF_PACKAGES\BSW_IF_PACKAGES\BSW_IF_PACKAGES.properties
[2024-08-06 13:07:32];[INFO];[Gen Info] [Gen Debug] |New/changed data in the file BSW_IF_PACKAGES_G.h
[2024-08-06 13:07:32];[INFO];

[2024-08-06 13:07:32];[INFO];Generating E40_Platform_out\C_GlobalDesign\SW_Classes\IF_PACKAGES\COMMON_IF_PACKAGES\BSW_IF_PACKAGES\BSW_IF_PACKAGES_G.h
[2024-08-06 13:07:32];[INFO];[Gen Info] [Gen Debug] |New/changed data in the file BSW_IF_PACKAGES_Types_G.h
[2024-08-06 13:07:32];[INFO];

[2024-08-06 13:07:32];[INFO];Generating E40_Platform_out\C_GlobalDesign\SW_Classes\IF_PACKAGES\COMMON_IF_PACKAGES\BSW_IF_PACKAGES\BSW_IF_PACKAGES_Types_G.h
[2024-08-06 13:07:32];[INFO];[Gen Info] [Gen Debug] |New/changed data in the file BSW_IF_PACKAGES_Typedefs_G.h
[2024-08-06 13:07:32];[INFO];

[2024-08-06 13:07:32];[INFO];Generating E40_Platform_out\C_GlobalDesign\SW_Classes\IF_PACKAGES\COMMON_IF_PACKAGES\BSW_IF_PACKAGES\BSW_IF_PACKAGES_Typedefs_G.h
[2024-08-06 13:07:32];[INFO];[Gen Info] [Gen Debug] |Processing class if_CS_EcuAppM...
[2024-08-06 13:07:32];[INFO];

[2024-08-06 13:07:32];[INFO];[Gen Info] [Gen Debug] |New/changed data in the file if_CS_EcuAppM_G.h
[2024-08-06 13:07:32];[INFO];

[2024-08-06 13:07:32];[INFO];Generating E40_Platform_out\C_GlobalDesign\SW_Classes\IF_PACKAGES\COMMON_IF_PACKAGES\BSW_IF_PACKAGES\if_CS_EcuAppM_G.h
[2024-08-06 13:07:32];[INFO];[Gen Info] [Gen Debug] |Processing class if_CS_ModeOnCommand...
[2024-08-06 13:07:32];[INFO];

[2024-08-06 13:07:32];[INFO];[Gen Info] [Gen Debug] |New/changed data in the file if_CS_ModeOnCommand.c
[2024-08-06 13:07:32];[INFO];

[2024-08-06 13:07:32];[INFO];Generating E40_Platform_rpy\C_GlobalDesign\SW_Classes\IF_PACKAGES\COMMON_IF_PACKAGES\BSW_IF_PACKAGES\if_CS_ModeOnCommand.c
[2024-08-06 13:07:32];[INFO];[Gen Info] [Gen Debug] |New/changed data in the file if_CS_ModeOnCommand_G.h
[2024-08-06 13:07:32];[INFO];

[2024-08-06 13:07:32];[INFO];Generating E40_Platform_out\C_GlobalDesign\SW_Classes\IF_PACKAGES\COMMON_IF_PACKAGES\BSW_IF_PACKAGES\if_CS_ModeOnCommand_G.h
[2024-08-06 13:07:32];[INFO];[Gen Info] [Gen Debug] |Processing class TI_IOHWAB_GetAdc...
[2024-08-06 13:07:32];[INFO];

[2024-08-06 13:07:32];[INFO];[Gen Info] [Gen Debug] |New/changed data in the file TI_IOHWAB_GetAdc_G.h
[2024-08-06 13:07:32];[INFO];

[2024-08-06 13:07:32];[INFO];Generating E40_Platform_out\C_GlobalDesign\SW_Classes\IF_PACKAGES\COMMON_IF_PACKAGES\BSW_IF_PACKAGES\TI_IOHWAB_GetAdc_G.h
[2024-08-06 13:07:32];[INFO];[Gen Info] [Gen Debug] |Processing class TI_IOHWAB_GetDIn...
[2024-08-06 13:07:32];[INFO];

[2024-08-06 13:07:32];[INFO];[Gen Info] [Gen Debug] |New/changed data in the file TI_IOHWAB_GetDIn_G.h
[2024-08-06 13:07:32];[INFO];

[2024-08-06 13:07:32];[INFO];Generating E40_Platform_out\C_GlobalDesign\SW_Classes\IF_PACKAGES\COMMON_IF_PACKAGES\BSW_IF_PACKAGES\TI_IOHWAB_GetDIn_G.h
[2024-08-06 13:07:32];[INFO];[Gen Info] [Gen Debug] |Processing class TI_IOHWAB_Pulse...
[2024-08-06 13:07:32];[INFO];

[2024-08-06 13:07:32];[INFO];[Gen Info] [Gen Debug] |New/changed data in the file TI_IOHWAB_Pulse_G.h
[2024-08-06 13:07:32];[INFO];

[2024-08-06 13:07:32];[INFO];Generating E40_Platform_out\C_GlobalDesign\SW_Classes\IF_PACKAGES\COMMON_IF_PACKAGES\BSW_IF_PACKAGES\TI_IOHWAB_Pulse_G.h
[2024-08-06 13:07:32];[INFO];[Gen Info] [Gen Debug] |Processing class TI_IOHWAB_PWM...
[2024-08-06 13:07:32];[INFO];

[2024-08-06 13:07:32];[INFO];[Gen Info] [Gen Debug] |New/changed data in the file TI_IOHWAB_PWM_G.h
[2024-08-06 13:07:32];[INFO];

[2024-08-06 13:07:32];[INFO];Generating E40_Platform_out\C_GlobalDesign\SW_Classes\IF_PACKAGES\COMMON_IF_PACKAGES\BSW_IF_PACKAGES\TI_IOHWAB_PWM_G.h
[2024-08-06 13:07:32];[INFO];[Gen Info] [Gen Debug] |Processing class TI_IOHWAB_SetDout...
[2024-08-06 13:07:32];[INFO];

[2024-08-06 13:07:32];[INFO];[Gen Info] [Gen Debug] |New/changed data in the file TI_IOHWAB_SetDout_G.h
[2024-08-06 13:07:32];[INFO];

[2024-08-06 13:07:32];[INFO];Generating E40_Platform_out\C_GlobalDesign\SW_Classes\IF_PACKAGES\COMMON_IF_PACKAGES\BSW_IF_PACKAGES\TI_IOHWAB_SetDout_G.h
[2024-08-06 13:07:32];[INFO];[Gen Info] [Gen Debug] |Processing class TI_EcuMExt_ReleaseRUN...
[2024-08-06 13:07:32];[INFO];

[2024-08-06 13:07:32];[INFO];[Gen Info] [Gen Debug] |New/changed data in the file TI_EcuMExt_ReleaseRUN.c
[2024-08-06 13:07:32];[INFO];

[2024-08-06 13:07:32];[INFO];Generating E40_Platform_rpy\C_GlobalDesign\SW_Classes\IF_PACKAGES\COMMON_IF_PACKAGES\BSW_IF_PACKAGES\TI_EcuMExt_ReleaseRUN.c
[2024-08-06 13:07:32];[INFO];[Gen Info] [Gen Debug] |New/changed data in the file TI_EcuMExt_ReleaseRUN_G.h
[2024-08-06 13:07:32];[INFO];

[2024-08-06 13:07:32];[INFO];Generating E40_Platform_out\C_GlobalDesign\SW_Classes\IF_PACKAGES\COMMON_IF_PACKAGES\BSW_IF_PACKAGES\TI_EcuMExt_ReleaseRUN_G.h
[2024-08-06 13:07:32];[INFO];[Gen Info] [Gen Debug] |Processing class TI_EcuMExt_RequestRUN...
[2024-08-06 13:07:32];[INFO];

[2024-08-06 13:07:32];[INFO];[Gen Info] [Gen Debug] |New/changed data in the file TI_EcuMExt_RequestRUN.c
[2024-08-06 13:07:32];[INFO];

[2024-08-06 13:07:32];[INFO];Generating E40_Platform_rpy\C_GlobalDesign\SW_Classes\IF_PACKAGES\COMMON_IF_PACKAGES\BSW_IF_PACKAGES\TI_EcuMExt_RequestRUN.c
[2024-08-06 13:07:32];[INFO];[Gen Info] [Gen Debug] |New/changed data in the file TI_EcuMExt_RequestRUN_G.h
[2024-08-06 13:07:32];[INFO];

[2024-08-06 13:07:32];[INFO];Generating E40_Platform_out\C_GlobalDesign\SW_Classes\IF_PACKAGES\COMMON_IF_PACKAGES\BSW_IF_PACKAGES\TI_EcuMExt_RequestRUN_G.h
[2024-08-06 13:07:32];[INFO];[Gen Info] [Gen Debug] |Processing class TI_NvMExt_GetErrorStatus...
[2024-08-06 13:07:32];[INFO];

[2024-08-06 13:07:32];[INFO];[Gen Info] [Gen Debug] |New/changed data in the file TI_NvMExt_GetErrorStatus_G.h
[2024-08-06 13:07:32];[INFO];

[2024-08-06 13:07:32];[INFO];Generating E40_Platform_out\C_GlobalDesign\SW_Classes\IF_PACKAGES\COMMON_IF_PACKAGES\BSW_IF_PACKAGES\TI_NvMExt_GetErrorStatus_G.h
[2024-08-06 13:07:32];[INFO];[Gen Info] [Gen Debug] |Processing class TI_NvmExt_GetPendingStatus...
[2024-08-06 13:07:32];[INFO];

[2024-08-06 13:07:33];[INFO];[Gen Info] [Gen Debug] |New/changed data in the file TI_NvmExt_GetPendingStatus_G.h
[2024-08-06 13:07:33];[INFO];

[2024-08-06 13:07:33];[INFO];Generating E40_Platform_out\C_GlobalDesign\SW_Classes\IF_PACKAGES\COMMON_IF_PACKAGES\BSW_IF_PACKAGES\TI_NvmExt_GetPendingStatus_G.h
[2024-08-06 13:07:33];[INFO];[Gen Info] [Gen Debug] |Processing class TI_NvMExt_GetReadAllStatus...
[2024-08-06 13:07:33];[INFO];

[2024-08-06 13:07:33];[INFO];[Gen Info] [Gen Debug] |New/changed data in the file TI_NvMExt_GetReadAllStatus_G.h
[2024-08-06 13:07:33];[INFO];

[2024-08-06 13:07:33];[INFO];Generating E40_Platform_out\C_GlobalDesign\SW_Classes\IF_PACKAGES\COMMON_IF_PACKAGES\BSW_IF_PACKAGES\TI_NvMExt_GetReadAllStatus_G.h
[2024-08-06 13:07:33];[INFO];[Gen Info] [Gen Debug] |Processing class TI_NvmExt_PhaseCompletionNotification...
[2024-08-06 13:07:33];[INFO];

[2024-08-06 13:07:33];[INFO];[Gen Info] [Gen Debug] |New/changed data in the file TI_NvmExt_PhaseCompletionNotification_G.h
[2024-08-06 13:07:33];[INFO];

[2024-08-06 13:07:33];[INFO];Generating E40_Platform_out\C_GlobalDesign\SW_Classes\IF_PACKAGES\COMMON_IF_PACKAGES\BSW_IF_PACKAGES\TI_NvmExt_PhaseCompletionNotification_G.h
[2024-08-06 13:07:33];[INFO];[Gen Info] [Gen Debug] |Processing class TI_NvMExt_ReadBlock...
[2024-08-06 13:07:33];[INFO];

[2024-08-06 13:07:33];[INFO];[Gen Info] [Gen Debug] |New/changed data in the file TI_NvMExt_ReadBlock_G.h
[2024-08-06 13:07:33];[INFO];

[2024-08-06 13:07:33];[INFO];Generating E40_Platform_out\C_GlobalDesign\SW_Classes\IF_PACKAGES\COMMON_IF_PACKAGES\BSW_IF_PACKAGES\TI_NvMExt_ReadBlock_G.h
[2024-08-06 13:07:33];[INFO];[Gen Info] [Gen Debug] |Processing class TI_NvMExt_RestoreBlockDefaults...
[2024-08-06 13:07:33];[INFO];

[2024-08-06 13:07:33];[INFO];[Gen Info] [Gen Debug] |New/changed data in the file TI_NvMExt_RestoreBlockDefaults_G.h
[2024-08-06 13:07:33];[INFO];

[2024-08-06 13:07:33];[INFO];Generating E40_Platform_out\C_GlobalDesign\SW_Classes\IF_PACKAGES\COMMON_IF_PACKAGES\BSW_IF_PACKAGES\TI_NvMExt_RestoreBlockDefaults_G.h
[2024-08-06 13:07:33];[INFO];[Gen Info] [Gen Debug] |Processing class TI_NvMExt_SleepOperations...
[2024-08-06 13:07:33];[INFO];

[2024-08-06 13:07:33];[INFO];[Gen Info] [Gen Debug] |New/changed data in the file TI_NvMExt_SleepOperations_G.h
[2024-08-06 13:07:33];[INFO];

[2024-08-06 13:07:33];[INFO];Generating E40_Platform_out\C_GlobalDesign\SW_Classes\IF_PACKAGES\COMMON_IF_PACKAGES\BSW_IF_PACKAGES\TI_NvMExt_SleepOperations_G.h
[2024-08-06 13:07:33];[INFO];[Gen Info] [Gen Debug] |Processing class TI_NvmExt_StartNvmReadAll...
[2024-08-06 13:07:33];[INFO];

[2024-08-06 13:07:33];[INFO];[Gen Info] [Gen Debug] |New/changed data in the file TI_NvmExt_StartNvmReadAll_G.h
[2024-08-06 13:07:33];[INFO];

[2024-08-06 13:07:33];[INFO];Generating E40_Platform_out\C_GlobalDesign\SW_Classes\IF_PACKAGES\COMMON_IF_PACKAGES\BSW_IF_PACKAGES\TI_NvmExt_StartNvmReadAll_G.h
[2024-08-06 13:07:33];[INFO];[Gen Info] [Gen Debug] |Processing class TI_NvMExt_WakeupStatus...
[2024-08-06 13:07:33];[INFO];

[2024-08-06 13:07:33];[INFO];[Gen Info] [Gen Debug] |New/changed data in the file TI_NvMExt_WakeupStatus_G.h
[2024-08-06 13:07:33];[INFO];

[2024-08-06 13:07:33];[INFO];Generating E40_Platform_out\C_GlobalDesign\SW_Classes\IF_PACKAGES\COMMON_IF_PACKAGES\BSW_IF_PACKAGES\TI_NvMExt_WakeupStatus_G.h
[2024-08-06 13:07:33];[INFO];[Gen Info] [Gen Debug] |Processing class TI_NvMExt_WriteBlock...
[2024-08-06 13:07:33];[INFO];

[2024-08-06 13:07:33];[INFO];[Gen Info] [Gen Debug] |New/changed data in the file TI_NvMExt_WriteBlock_G.h
[2024-08-06 13:07:33];[INFO];

[2024-08-06 13:07:33];[INFO];Generating E40_Platform_out\C_GlobalDesign\SW_Classes\IF_PACKAGES\COMMON_IF_PACKAGES\BSW_IF_PACKAGES\TI_NvMExt_WriteBlock_G.h
[2024-08-06 13:07:33];[INFO];[Gen Info] [Gen Debug] |Processing class TI_If_TmExt_Timer_GetElapsedTime...
[2024-08-06 13:07:33];[INFO];

[2024-08-06 13:07:33];[INFO];[Gen Info] [Gen Debug] |New/changed data in the file TI_If_TmExt_Timer_GetElapsedTime_G.h
[2024-08-06 13:07:33];[INFO];

[2024-08-06 13:07:33];[INFO];Generating E40_Platform_out\C_GlobalDesign\SW_Classes\IF_PACKAGES\COMMON_IF_PACKAGES\BSW_IF_PACKAGES\TI_If_TmExt_Timer_GetElapsedTime_G.h
[2024-08-06 13:07:33];[INFO];[Gen Info] [Gen Debug] |Processing class TI_If_TmExt_Timer_IsElapsed...
[2024-08-06 13:07:33];[INFO];

[2024-08-06 13:07:33];[INFO];[Gen Info] [Gen Debug] |New/changed data in the file TI_If_TmExt_Timer_IsElapsed_G.h
[2024-08-06 13:07:33];[INFO];

[2024-08-06 13:07:33];[INFO];Generating E40_Platform_out\C_GlobalDesign\SW_Classes\IF_PACKAGES\COMMON_IF_PACKAGES\BSW_IF_PACKAGES\TI_If_TmExt_Timer_IsElapsed_G.h
[2024-08-06 13:07:33];[INFO];[Gen Info] [Gen Debug] |Processing class TI_If_TmExt_Timer_IsStarted...
[2024-08-06 13:07:33];[INFO];

[2024-08-06 13:07:33];[INFO];[Gen Info] [Gen Debug] |New/changed data in the file TI_If_TmExt_Timer_IsStarted_G.h
[2024-08-06 13:07:33];[INFO];

[2024-08-06 13:07:33];[INFO];Generating E40_Platform_out\C_GlobalDesign\SW_Classes\IF_PACKAGES\COMMON_IF_PACKAGES\BSW_IF_PACKAGES\TI_If_TmExt_Timer_IsStarted_G.h
[2024-08-06 13:07:33];[INFO];[Gen Info] [Gen Debug] |Processing class TI_If_TmExt_Timer_Start...
[2024-08-06 13:07:33];[INFO];

[2024-08-06 13:07:33];[INFO];[Gen Info] [Gen Debug] |New/changed data in the file TI_If_TmExt_Timer_Start_G.h
[2024-08-06 13:07:33];[INFO];

[2024-08-06 13:07:33];[INFO];Generating E40_Platform_out\C_GlobalDesign\SW_Classes\IF_PACKAGES\COMMON_IF_PACKAGES\BSW_IF_PACKAGES\TI_If_TmExt_Timer_Start_G.h
[2024-08-06 13:07:33];[INFO];[Gen Info] [Gen Debug] |Processing class TI_If_TmExt_Timer_Stop...
[2024-08-06 13:07:33];[INFO];

[2024-08-06 13:07:33];[INFO];[Gen Info] [Gen Debug] |New/changed data in the file TI_If_TmExt_Timer_Stop_G.h
[2024-08-06 13:07:33];[INFO];

[2024-08-06 13:07:33];[INFO];Generating E40_Platform_out\C_GlobalDesign\SW_Classes\IF_PACKAGES\COMMON_IF_PACKAGES\BSW_IF_PACKAGES\TI_If_TmExt_Timer_Stop_G.h
[2024-08-06 13:07:33];[INFO];[Gen Info] [Gen Debug] |Processing class TI_DcmExt_SecLevel1GetSeed...
[2024-08-06 13:07:33];[INFO];

[2024-08-06 13:07:33];[INFO];[Gen Info] [Gen Debug] |New/changed data in the file TI_DcmExt_SecLevel1GetSeed.c
[2024-08-06 13:07:33];[INFO];

[2024-08-06 13:07:33];[INFO];Generating E40_Platform_rpy\C_GlobalDesign\SW_Classes\IF_PACKAGES\COMMON_IF_PACKAGES\BSW_IF_PACKAGES\TI_DcmExt_SecLevel1GetSeed.c
[2024-08-06 13:07:33];[INFO];[Gen Info] [Gen Debug] |New/changed data in the file TI_DcmExt_SecLevel1GetSeed_G.h
[2024-08-06 13:07:33];[INFO];

[2024-08-06 13:07:33];[INFO];Generating E40_Platform_out\C_GlobalDesign\SW_Classes\IF_PACKAGES\COMMON_IF_PACKAGES\BSW_IF_PACKAGES\TI_DcmExt_SecLevel1GetSeed_G.h
[2024-08-06 13:07:33];[INFO];[Gen Info] [Gen Debug] |Processing class TI_DcmExt_SecLevel1CmpKey...
[2024-08-06 13:07:33];[INFO];

[2024-08-06 13:07:33];[INFO];[Gen Info] [Gen Debug] |New/changed data in the file TI_DcmExt_SecLevel1CmpKey.c
[2024-08-06 13:07:33];[INFO];

[2024-08-06 13:07:33];[INFO];Generating E40_Platform_rpy\C_GlobalDesign\SW_Classes\IF_PACKAGES\COMMON_IF_PACKAGES\BSW_IF_PACKAGES\TI_DcmExt_SecLevel1CmpKey.c
[2024-08-06 13:07:33];[INFO];[Gen Info] [Gen Debug] |New/changed data in the file TI_DcmExt_SecLevel1CmpKey_G.h
[2024-08-06 13:07:33];[INFO];

[2024-08-06 13:07:33];[INFO];Generating E40_Platform_out\C_GlobalDesign\SW_Classes\IF_PACKAGES\COMMON_IF_PACKAGES\BSW_IF_PACKAGES\TI_DcmExt_SecLevel1CmpKey_G.h
[2024-08-06 13:07:33];[INFO];[Gen Info] [Gen Debug] |Processing class TI_DcmExt_Service_Iocontrol...
[2024-08-06 13:07:33];[INFO];

[2024-08-06 13:07:33];[INFO];[Gen Info] [Gen Debug] |New/changed data in the file TI_DcmExt_Service_Iocontrol.c
[2024-08-06 13:07:33];[INFO];

[2024-08-06 13:07:33];[INFO];Generating E40_Platform_rpy\C_GlobalDesign\SW_Classes\IF_PACKAGES\COMMON_IF_PACKAGES\BSW_IF_PACKAGES\TI_DcmExt_Service_Iocontrol.c
[2024-08-06 13:07:33];[INFO];[Gen Info] [Gen Debug] |New/changed data in the file TI_DcmExt_Service_Iocontrol_G.h
[2024-08-06 13:07:33];[INFO];

[2024-08-06 13:07:33];[INFO];Generating E40_Platform_out\C_GlobalDesign\SW_Classes\IF_PACKAGES\COMMON_IF_PACKAGES\BSW_IF_PACKAGES\TI_DcmExt_Service_Iocontrol_G.h
[2024-08-06 13:07:33];[INFO];[Gen Info] [Gen Debug] |Processing class TI_DcmExt_Services_CndChk...
[2024-08-06 13:07:33];[INFO];

[2024-08-06 13:07:33];[INFO];[Gen Info] [Gen Debug] |New/changed data in the file TI_DcmExt_Services_CndChk.c
[2024-08-06 13:07:34];[INFO];

[2024-08-06 13:07:34];[INFO];Generating E40_Platform_rpy\C_GlobalDesign\SW_Classes\IF_PACKAGES\COMMON_IF_PACKAGES\BSW_IF_PACKAGES\TI_DcmExt_Services_CndChk.c
[2024-08-06 13:07:34];[INFO];[Gen Info] [Gen Debug] |New/changed data in the file TI_DcmExt_Services_CndChk_G.h
[2024-08-06 13:07:34];[INFO];

[2024-08-06 13:07:34];[INFO];Generating E40_Platform_out\C_GlobalDesign\SW_Classes\IF_PACKAGES\COMMON_IF_PACKAGES\BSW_IF_PACKAGES\TI_DcmExt_Services_CndChk_G.h
[2024-08-06 13:07:34];[INFO];[Gen Info] [Gen Debug] |Processing class TI_DcmExt_Services_DataRead...
[2024-08-06 13:07:34];[INFO];

[2024-08-06 13:07:34];[INFO];[Gen Info] [Gen Debug] |New/changed data in the file TI_DcmExt_Services_DataRead.c
[2024-08-06 13:07:34];[INFO];

[2024-08-06 13:07:34];[INFO];Generating E40_Platform_rpy\C_GlobalDesign\SW_Classes\IF_PACKAGES\COMMON_IF_PACKAGES\BSW_IF_PACKAGES\TI_DcmExt_Services_DataRead.c
[2024-08-06 13:07:34];[INFO];[Gen Info] [Gen Debug] |New/changed data in the file TI_DcmExt_Services_DataRead_G.h
[2024-08-06 13:07:34];[INFO];

[2024-08-06 13:07:34];[INFO];Generating E40_Platform_out\C_GlobalDesign\SW_Classes\IF_PACKAGES\COMMON_IF_PACKAGES\BSW_IF_PACKAGES\TI_DcmExt_Services_DataRead_G.h
[2024-08-06 13:07:34];[INFO];[Gen Info] [Gen Debug] |Processing class TI_DcmExt_Services_DataWrite...
[2024-08-06 13:07:34];[INFO];

[2024-08-06 13:07:34];[INFO];[Gen Info] [Gen Debug] |New/changed data in the file TI_DcmExt_Services_DataWrite.c
[2024-08-06 13:07:34];[INFO];

[2024-08-06 13:07:34];[INFO];Generating E40_Platform_rpy\C_GlobalDesign\SW_Classes\IF_PACKAGES\COMMON_IF_PACKAGES\BSW_IF_PACKAGES\TI_DcmExt_Services_DataWrite.c
[2024-08-06 13:07:34];[INFO];[Gen Info] [Gen Debug] |New/changed data in the file TI_DcmExt_Services_DataWrite_G.h
[2024-08-06 13:07:34];[INFO];

[2024-08-06 13:07:34];[INFO];Generating E40_Platform_out\C_GlobalDesign\SW_Classes\IF_PACKAGES\COMMON_IF_PACKAGES\BSW_IF_PACKAGES\TI_DcmExt_Services_DataWrite_G.h
[2024-08-06 13:07:34];[INFO];[Gen Info] [Gen Debug] |Processing class TI_DcmExt_Services_LenChk...
[2024-08-06 13:07:34];[INFO];

[2024-08-06 13:07:34];[INFO];[Gen Info] [Gen Debug] |New/changed data in the file TI_DcmExt_Services_LenChk.c
[2024-08-06 13:07:34];[INFO];

[2024-08-06 13:07:34];[INFO];Generating E40_Platform_rpy\C_GlobalDesign\SW_Classes\IF_PACKAGES\COMMON_IF_PACKAGES\BSW_IF_PACKAGES\TI_DcmExt_Services_LenChk.c
[2024-08-06 13:07:34];[INFO];[Gen Info] [Gen Debug] |New/changed data in the file TI_DcmExt_Services_LenChk_G.h
[2024-08-06 13:07:34];[INFO];

[2024-08-06 13:07:34];[INFO];Generating E40_Platform_out\C_GlobalDesign\SW_Classes\IF_PACKAGES\COMMON_IF_PACKAGES\BSW_IF_PACKAGES\TI_DcmExt_Services_LenChk_G.h
[2024-08-06 13:07:34];[INFO];[Gen Info] [Gen Debug] |Processing class TI_DcmExt_Services_RoutineResults...
[2024-08-06 13:07:34];[INFO];

[2024-08-06 13:07:34];[INFO];[Gen Info] [Gen Debug] |New/changed data in the file TI_DcmExt_Services_RoutineResults.c
[2024-08-06 13:07:34];[INFO];

[2024-08-06 13:07:34];[INFO];Generating E40_Platform_rpy\C_GlobalDesign\SW_Classes\IF_PACKAGES\COMMON_IF_PACKAGES\BSW_IF_PACKAGES\TI_DcmExt_Services_RoutineResults.c
[2024-08-06 13:07:34];[INFO];[Gen Info] [Gen Debug] |New/changed data in the file TI_DcmExt_Services_RoutineResults_G.h
[2024-08-06 13:07:34];[INFO];

[2024-08-06 13:07:34];[INFO];Generating E40_Platform_out\C_GlobalDesign\SW_Classes\IF_PACKAGES\COMMON_IF_PACKAGES\BSW_IF_PACKAGES\TI_DcmExt_Services_RoutineResults_G.h
[2024-08-06 13:07:34];[INFO];[Gen Info] [Gen Debug] |Processing class TI_DcmExt_Services_RoutineStart...
[2024-08-06 13:07:34];[INFO];

[2024-08-06 13:07:34];[INFO];[Gen Info] [Gen Debug] |New/changed data in the file TI_DcmExt_Services_RoutineStart.c
[2024-08-06 13:07:34];[INFO];

[2024-08-06 13:07:34];[INFO];Generating E40_Platform_rpy\C_GlobalDesign\SW_Classes\IF_PACKAGES\COMMON_IF_PACKAGES\BSW_IF_PACKAGES\TI_DcmExt_Services_RoutineStart.c
[2024-08-06 13:07:34];[INFO];[Gen Info] [Gen Debug] |New/changed data in the file TI_DcmExt_Services_RoutineStart_G.h
[2024-08-06 13:07:34];[INFO];

[2024-08-06 13:07:34];[INFO];Generating E40_Platform_out\C_GlobalDesign\SW_Classes\IF_PACKAGES\COMMON_IF_PACKAGES\BSW_IF_PACKAGES\TI_DcmExt_Services_RoutineStart_G.h
[2024-08-06 13:07:34];[INFO];[Gen Info] [Gen Debug] |Processing class TI_DcmExt_Services_RoutineStop...
[2024-08-06 13:07:34];[INFO];

[2024-08-06 13:07:34];[INFO];[Gen Info] [Gen Debug] |New/changed data in the file TI_DcmExt_Services_RoutineStop.c
[2024-08-06 13:07:34];[INFO];

[2024-08-06 13:07:34];[INFO];Generating E40_Platform_rpy\C_GlobalDesign\SW_Classes\IF_PACKAGES\COMMON_IF_PACKAGES\BSW_IF_PACKAGES\TI_DcmExt_Services_RoutineStop.c
[2024-08-06 13:07:34];[INFO];[Gen Info] [Gen Debug] |New/changed data in the file TI_DcmExt_Services_RoutineStop_G.h
[2024-08-06 13:07:34];[INFO];

[2024-08-06 13:07:34];[INFO];Generating E40_Platform_out\C_GlobalDesign\SW_Classes\IF_PACKAGES\COMMON_IF_PACKAGES\BSW_IF_PACKAGES\TI_DcmExt_Services_RoutineStop_G.h
[2024-08-06 13:07:34];[INFO];[Gen Info] [Gen Debug] |Processing class TI_DemExt_ClearDTC...
[2024-08-06 13:07:34];[INFO];

[2024-08-06 13:07:34];[INFO];[Gen Info] [Gen Debug] |New/changed data in the file TI_DemExt_ClearDTC_G.h
[2024-08-06 13:07:34];[INFO];

[2024-08-06 13:07:34];[INFO];Generating E40_Platform_out\C_GlobalDesign\SW_Classes\IF_PACKAGES\COMMON_IF_PACKAGES\BSW_IF_PACKAGES\TI_DemExt_ClearDTC_G.h
[2024-08-06 13:07:34];[INFO];[Gen Info] [Gen Debug] |Processing class TI_DemExt_GetDebouncingOfEvent...
[2024-08-06 13:07:34];[INFO];

[2024-08-06 13:07:34];[INFO];[Gen Info] [Gen Debug] |New/changed data in the file TI_DemExt_GetDebouncingOfEvent_G.h
[2024-08-06 13:07:34];[INFO];

[2024-08-06 13:07:34];[INFO];Generating E40_Platform_out\C_GlobalDesign\SW_Classes\IF_PACKAGES\COMMON_IF_PACKAGES\BSW_IF_PACKAGES\TI_DemExt_GetDebouncingOfEvent_G.h
[2024-08-06 13:07:34];[INFO];[Gen Info] [Gen Debug] |Processing class TI_DemExt_GetDTCOfEvent...
[2024-08-06 13:07:34];[INFO];

[2024-08-06 13:07:34];[INFO];[Gen Info] [Gen Debug] |New/changed data in the file TI_DemExt_GetDTCOfEvent_G.h
[2024-08-06 13:07:34];[INFO];

[2024-08-06 13:07:34];[INFO];Generating E40_Platform_out\C_GlobalDesign\SW_Classes\IF_PACKAGES\COMMON_IF_PACKAGES\BSW_IF_PACKAGES\TI_DemExt_GetDTCOfEvent_G.h
[2024-08-06 13:07:34];[INFO];[Gen Info] [Gen Debug] |Processing class TI_DemExt_GetDTCSelectionResult...
[2024-08-06 13:07:34];[INFO];

[2024-08-06 13:07:34];[INFO];[Gen Info] [Gen Debug] |New/changed data in the file TI_DemExt_GetDTCSelectionResult_G.h
[2024-08-06 13:07:34];[INFO];

[2024-08-06 13:07:34];[INFO];Generating E40_Platform_out\C_GlobalDesign\SW_Classes\IF_PACKAGES\COMMON_IF_PACKAGES\BSW_IF_PACKAGES\TI_DemExt_GetDTCSelectionResult_G.h
[2024-08-06 13:07:34];[INFO];[Gen Info] [Gen Debug] |Processing class TI_DemExt_GetDTCSelectionResultForClearDTC...
[2024-08-06 13:07:34];[INFO];

[2024-08-06 13:07:34];[INFO];[Gen Info] [Gen Debug] |New/changed data in the file TI_DemExt_GetDTCSelectionResultForClearDTC_G.h
[2024-08-06 13:07:34];[INFO];

[2024-08-06 13:07:34];[INFO];Generating E40_Platform_out\C_GlobalDesign\SW_Classes\IF_PACKAGES\COMMON_IF_PACKAGES\BSW_IF_PACKAGES\TI_DemExt_GetDTCSelectionResultForClearDTC_G.h
[2024-08-06 13:07:34];[INFO];[Gen Info] [Gen Debug] |Processing class TI_DemExt_GetEventExtendedDataRecordEx...
[2024-08-06 13:07:34];[INFO];

[2024-08-06 13:07:34];[INFO];[Gen Info] [Gen Debug] |New/changed data in the file TI_DemExt_GetEventExtendedDataRecordEx_G.h
[2024-08-06 13:07:34];[INFO];

[2024-08-06 13:07:34];[INFO];Generating E40_Platform_out\C_GlobalDesign\SW_Classes\IF_PACKAGES\COMMON_IF_PACKAGES\BSW_IF_PACKAGES\TI_DemExt_GetEventExtendedDataRecordEx_G.h
[2024-08-06 13:07:34];[INFO];[Gen Info] [Gen Debug] |Processing class TI_DemExt_GetEventFreezeFrameDataEx...
[2024-08-06 13:07:34];[INFO];

[2024-08-06 13:07:34];[INFO];[Gen Info] [Gen Debug] |New/changed data in the file TI_DemExt_GetEventFreezeFrameDataEx_G.h
[2024-08-06 13:07:34];[INFO];

[2024-08-06 13:07:34];[INFO];Generating E40_Platform_out\C_GlobalDesign\SW_Classes\IF_PACKAGES\COMMON_IF_PACKAGES\BSW_IF_PACKAGES\TI_DemExt_GetEventFreezeFrameDataEx_G.h
[2024-08-06 13:07:34];[INFO];[Gen Info] [Gen Debug] |Processing class TI_DemExt_GetEventUdsStatus...
[2024-08-06 13:07:34];[INFO];

[2024-08-06 13:07:34];[INFO];[Gen Info] [Gen Debug] |New/changed data in the file TI_DemExt_GetEventUdsStatus_G.h
[2024-08-06 13:07:34];[INFO];

[2024-08-06 13:07:34];[INFO];Generating E40_Platform_out\C_GlobalDesign\SW_Classes\IF_PACKAGES\COMMON_IF_PACKAGES\BSW_IF_PACKAGES\TI_DemExt_GetEventUdsStatus_G.h
[2024-08-06 13:07:34];[INFO];[Gen Info] [Gen Debug] |Processing class TI_DemExt_GetFaultDetectionCounter...
[2024-08-06 13:07:34];[INFO];

[2024-08-06 13:07:34];[INFO];[Gen Info] [Gen Debug] |New/changed data in the file TI_DemExt_GetFaultDetectionCounter_G.h
[2024-08-06 13:07:34];[INFO];

[2024-08-06 13:07:34];[INFO];Generating E40_Platform_out\C_GlobalDesign\SW_Classes\IF_PACKAGES\COMMON_IF_PACKAGES\BSW_IF_PACKAGES\TI_DemExt_GetFaultDetectionCounter_G.h
[2024-08-06 13:07:34];[INFO];[Gen Info] [Gen Debug] |Processing class TI_DemExt_GetNumberOfEventMemoryEntries...
[2024-08-06 13:07:34];[INFO];

[2024-08-06 13:07:34];[INFO];[Gen Info] [Gen Debug] |New/changed data in the file TI_DemExt_GetNumberOfEventMemoryEntries_G.h
[2024-08-06 13:07:34];[INFO];

[2024-08-06 13:07:34];[INFO];Generating E40_Platform_out\C_GlobalDesign\SW_Classes\IF_PACKAGES\COMMON_IF_PACKAGES\BSW_IF_PACKAGES\TI_DemExt_GetNumberOfEventMemoryEntries_G.h
[2024-08-06 13:07:35];[INFO];[Gen Info] [Gen Debug] |Processing class TI_DemExt_GetOperationCycleState...
[2024-08-06 13:07:35];[INFO];

[2024-08-06 13:07:35];[INFO];[Gen Info] [Gen Debug] |New/changed data in the file TI_DemExt_GetOperationCycleState_G.h
[2024-08-06 13:07:35];[INFO];

[2024-08-06 13:07:35];[INFO];Generating E40_Platform_out\C_GlobalDesign\SW_Classes\IF_PACKAGES\COMMON_IF_PACKAGES\BSW_IF_PACKAGES\TI_DemExt_GetOperationCycleState_G.h
[2024-08-06 13:07:35];[INFO];[Gen Info] [Gen Debug] |Processing class TI_DemExt_SelectDTC...
[2024-08-06 13:07:35];[INFO];

[2024-08-06 13:07:35];[INFO];[Gen Info] [Gen Debug] |New/changed data in the file TI_DemExt_SelectDTC_G.h
[2024-08-06 13:07:35];[INFO];

[2024-08-06 13:07:35];[INFO];Generating E40_Platform_out\C_GlobalDesign\SW_Classes\IF_PACKAGES\COMMON_IF_PACKAGES\BSW_IF_PACKAGES\TI_DemExt_SelectDTC_G.h
[2024-08-06 13:07:35];[INFO];[Gen Info] [Gen Debug] |Processing class TI_DemExt_SetEnableCondition...
[2024-08-06 13:07:35];[INFO];

[2024-08-06 13:07:35];[INFO];[Gen Info] [Gen Debug] |New/changed data in the file TI_DemExt_SetEnableCondition_G.h
[2024-08-06 13:07:35];[INFO];

[2024-08-06 13:07:35];[INFO];Generating E40_Platform_out\C_GlobalDesign\SW_Classes\IF_PACKAGES\COMMON_IF_PACKAGES\BSW_IF_PACKAGES\TI_DemExt_SetEnableCondition_G.h
[2024-08-06 13:07:35];[INFO];[Gen Info] [Gen Debug] |Processing class TI_DemExt_SetEventAvailable...
[2024-08-06 13:07:35];[INFO];

[2024-08-06 13:07:35];[INFO];[Gen Info] [Gen Debug] |New/changed data in the file TI_DemExt_SetEventAvailable_G.h
[2024-08-06 13:07:35];[INFO];

[2024-08-06 13:07:35];[INFO];Generating E40_Platform_out\C_GlobalDesign\SW_Classes\IF_PACKAGES\COMMON_IF_PACKAGES\BSW_IF_PACKAGES\TI_DemExt_SetEventAvailable_G.h
[2024-08-06 13:07:35];[INFO];[Gen Info] [Gen Debug] |Processing class TI_DemExt_SetEventStatus...
[2024-08-06 13:07:35];[INFO];

[2024-08-06 13:07:35];[INFO];[Gen Info] [Gen Debug] |New/changed data in the file TI_DemExt_SetEventStatus_G.h
[2024-08-06 13:07:35];[INFO];

[2024-08-06 13:07:35];[INFO];Generating E40_Platform_out\C_GlobalDesign\SW_Classes\IF_PACKAGES\COMMON_IF_PACKAGES\BSW_IF_PACKAGES\TI_DemExt_SetEventStatus_G.h
[2024-08-06 13:07:35];[INFO];[Gen Info] [Gen Debug] |Processing class TI_DemExt_SetOperationCycleState...
[2024-08-06 13:07:35];[INFO];

[2024-08-06 13:07:35];[INFO];[Gen Info] [Gen Debug] |New/changed data in the file TI_DemExt_SetOperationCycleState_G.h
[2024-08-06 13:07:35];[INFO];

[2024-08-06 13:07:35];[INFO];Generating E40_Platform_out\C_GlobalDesign\SW_Classes\IF_PACKAGES\COMMON_IF_PACKAGES\BSW_IF_PACKAGES\TI_DemExt_SetOperationCycleState_G.h
[2024-08-06 13:07:35];[INFO];[Gen Info] [Gen Debug] |Processing class TI_DemExt_SetStorageCondition...
[2024-08-06 13:07:35];[INFO];

[2024-08-06 13:07:35];[INFO];[Gen Info] [Gen Debug] |New/changed data in the file TI_DemExt_SetStorageCondition_G.h
[2024-08-06 13:07:35];[INFO];

[2024-08-06 13:07:35];[INFO];Generating E40_Platform_out\C_GlobalDesign\SW_Classes\IF_PACKAGES\COMMON_IF_PACKAGES\BSW_IF_PACKAGES\TI_DemExt_SetStorageCondition_G.h
[2024-08-06 13:07:35];[INFO];[Gen Info] [Gen Debug] |Processing class TI_DI_Did_Diag_Action...
[2024-08-06 13:07:35];[INFO];

[2024-08-06 13:07:35];[INFO];[Gen Info] [Gen Debug] |New/changed data in the file TI_DI_Did_Diag_Action.c
[2024-08-06 13:07:35];[INFO];

[2024-08-06 13:07:35];[INFO];Generating E40_Platform_rpy\C_GlobalDesign\SW_Classes\IF_PACKAGES\COMMON_IF_PACKAGES\BSW_IF_PACKAGES\TI_DI_Did_Diag_Action.c
[2024-08-06 13:07:35];[INFO];[Gen Info] [Gen Debug] |New/changed data in the file TI_DI_Did_Diag_Action_G.h
[2024-08-06 13:07:35];[INFO];

[2024-08-06 13:07:35];[INFO];Generating E40_Platform_out\C_GlobalDesign\SW_Classes\IF_PACKAGES\COMMON_IF_PACKAGES\BSW_IF_PACKAGES\TI_DI_Did_Diag_Action_G.h
[2024-08-06 13:07:35];[INFO];[Gen Info] [Gen Debug] |Processing class TI_DI_Rid_Diag_Action...
[2024-08-06 13:07:35];[INFO];

[2024-08-06 13:07:35];[INFO];[Gen Info] [Gen Debug] |New/changed data in the file TI_DI_Rid_Diag_Action.c
[2024-08-06 13:07:35];[INFO];

[2024-08-06 13:07:35];[INFO];Generating E40_Platform_rpy\C_GlobalDesign\SW_Classes\IF_PACKAGES\COMMON_IF_PACKAGES\BSW_IF_PACKAGES\TI_DI_Rid_Diag_Action.c
[2024-08-06 13:07:35];[INFO];[Gen Info] [Gen Debug] |New/changed data in the file TI_DI_Rid_Diag_Action_G.h
[2024-08-06 13:07:35];[INFO];

[2024-08-06 13:07:35];[INFO];Generating E40_Platform_out\C_GlobalDesign\SW_Classes\IF_PACKAGES\COMMON_IF_PACKAGES\BSW_IF_PACKAGES\TI_DI_Rid_Diag_Action_G.h
[2024-08-06 13:07:35];[INFO];[Gen Info] [Gen Debug] |Processing class TI_DcmExt_Confirmation...
[2024-08-06 13:07:35];[INFO];

[2024-08-06 13:07:35];[INFO];[Gen Info] [Gen Debug] |New/changed data in the file TI_DcmExt_Confirmation.c
[2024-08-06 13:07:35];[INFO];

[2024-08-06 13:07:35];[INFO];Generating E40_Platform_rpy\C_GlobalDesign\SW_Classes\IF_PACKAGES\COMMON_IF_PACKAGES\BSW_IF_PACKAGES\TI_DcmExt_Confirmation.c
[2024-08-06 13:07:35];[INFO];[Gen Info] [Gen Debug] |New/changed data in the file TI_DcmExt_Confirmation_G.h
[2024-08-06 13:07:35];[INFO];

[2024-08-06 13:07:35];[INFO];Generating E40_Platform_out\C_GlobalDesign\SW_Classes\IF_PACKAGES\COMMON_IF_PACKAGES\BSW_IF_PACKAGES\TI_DcmExt_Confirmation_G.h
[2024-08-06 13:07:35];[INFO];[Gen Info] [Gen Debug] |Processing package SWC_IF_PACKAGES...
[2024-08-06 13:07:35];[INFO];

[2024-08-06 13:07:35];[INFO];[Gen Info] [Gen Debug] |New/changed data in the file SWC_IF_PACKAGES.properties
[2024-08-06 13:07:35];[INFO];

[2024-08-06 13:07:35];[INFO];Generating E40_Platform_out\C_GlobalDesign\SW_Classes\IF_PACKAGES\COMMON_IF_PACKAGES\SWC_IF_PACKAGES\SWC_IF_PACKAGES.properties
[2024-08-06 13:07:35];[INFO];[Gen Info] [Gen Debug] |New/changed data in the file SWC_IF_PACKAGES_G.h
[2024-08-06 13:07:35];[INFO];

[2024-08-06 13:07:35];[INFO];Generating E40_Platform_out\C_GlobalDesign\SW_Classes\IF_PACKAGES\COMMON_IF_PACKAGES\SWC_IF_PACKAGES\SWC_IF_PACKAGES_G.h
[2024-08-06 13:07:35];[INFO];[Gen Info] [Gen Debug] |New/changed data in the file SWC_IF_PACKAGES_Types_G.h
[2024-08-06 13:07:35];[INFO];

[2024-08-06 13:07:35];[INFO];Generating E40_Platform_out\C_GlobalDesign\SW_Classes\IF_PACKAGES\COMMON_IF_PACKAGES\SWC_IF_PACKAGES\SWC_IF_PACKAGES_Types_G.h
[2024-08-06 13:07:35];[INFO];[Gen Info] [Gen Debug] |Processing class If_SR_SleepStatus...
[2024-08-06 13:07:35];[INFO];

[2024-08-06 13:07:35];[INFO];[Gen Info] [Gen Debug] |New/changed data in the file If_SR_SleepStatus_G.h
[2024-08-06 13:07:35];[INFO];

[2024-08-06 13:07:35];[INFO];Generating E40_Platform_out\C_GlobalDesign\SW_Classes\IF_PACKAGES\COMMON_IF_PACKAGES\SWC_IF_PACKAGES\If_SR_SleepStatus_G.h
[2024-08-06 13:07:35];[INFO];[Gen Info] [Gen Debug] |Processing package SPECIFIC_IF_PACKAGES...
[2024-08-06 13:07:35];[INFO];

[2024-08-06 13:07:35];[INFO];[Gen Info] [Gen Debug] |Processing package BSW_IF_PACKAGES...
[2024-08-06 13:07:35];[INFO];

[2024-08-06 13:07:35];[INFO];[Gen Info] [Gen Debug] |Processing package CDD_IF_PACKAGES...
[2024-08-06 13:07:35];[INFO];

[2024-08-06 13:07:35];[INFO];[Gen Info] [Gen Debug] |Processing package SWC_PACKAGES...
[2024-08-06 13:07:35];[INFO];

[2024-08-06 13:07:35];[INFO];[Gen Info] [Gen Debug] |Processing package SWC_CORE...
[2024-08-06 13:07:35];[INFO];

[2024-08-06 13:07:35];[INFO];[Gen Info] [Gen Debug] |Processing package DmnMgr...
[2024-08-06 13:07:35];[INFO];

[2024-08-06 13:07:35];[INFO];[Gen Info] [Gen Debug] |New/changed data in the file DmnMgr.properties
[2024-08-06 13:07:35];[INFO];

[2024-08-06 13:07:35];[INFO];Generating E40_Platform_out\C_GlobalDesign\SW_Classes\SWC_PACKAGES\SWC_CORE\DmnMgr\DmnMgr.properties
[2024-08-06 13:07:35];[INFO];[Gen Info] [Gen Debug] |New/changed data in the file DmnMgr_G.h
[2024-08-06 13:07:35];[INFO];

[2024-08-06 13:07:35];[INFO];Generating E40_Platform_out\C_GlobalDesign\SW_Classes\SWC_PACKAGES\SWC_CORE\DmnMgr\DmnMgr_G.h
[2024-08-06 13:07:35];[INFO];[Gen Info] [Gen Debug] |New/changed data in the file DmnMgr_Types_G.h
[2024-08-06 13:07:35];[INFO];

[2024-08-06 13:07:35];[INFO];Generating E40_Platform_out\C_GlobalDesign\SW_Classes\SWC_PACKAGES\SWC_CORE\DmnMgr\DmnMgr_Types_G.h
[2024-08-06 13:07:35];[INFO];[Gen Info] [Gen Debug] |New/changed data in the file DmnMgr_Typedefs_G.h
[2024-08-06 13:07:35];[INFO];

[2024-08-06 13:07:35];[INFO];Generating E40_Platform_out\C_GlobalDesign\SW_Classes\SWC_PACKAGES\SWC_CORE\DmnMgr\DmnMgr_Typedefs_G.h
[2024-08-06 13:07:35];[INFO];[Gen Info] [Gen Debug] |Processing class SWC_DmnMgr...
[2024-08-06 13:07:35];[INFO];

[2024-08-06 13:07:35];[INFO];[Gen Info] [Gen Debug] |Processing class if_CS_DmnSystemStateChange...
[2024-08-06 13:07:35];[INFO];

[2024-08-06 13:07:35];[INFO];[Gen Info] [Gen Debug] |New/changed data in the file if_CS_DmnSystemStateChange.c
[2024-08-06 13:07:35];[INFO];

[2024-08-06 13:07:35];[INFO];Generating E40_Platform_rpy\C_GlobalDesign\SW_Classes\SWC_PACKAGES\SWC_CORE\DmnMgr\if_CS_DmnSystemStateChange.c
[2024-08-06 13:07:35];[INFO];[Gen Info] [Gen Debug] |New/changed data in the file if_CS_DmnSystemStateChange_G.h
[2024-08-06 13:07:35];[INFO];

[2024-08-06 13:07:35];[INFO];Generating E40_Platform_out\C_GlobalDesign\SW_Classes\SWC_PACKAGES\SWC_CORE\DmnMgr\if_CS_DmnSystemStateChange_G.h
[2024-08-06 13:07:35];[INFO];[Gen Info] [Gen Debug] |Processing class if_SR_DmnInfo...
[2024-08-06 13:07:35];[INFO];

[2024-08-06 13:07:35];[INFO];[Gen Info] [Gen Debug] |New/changed data in the file if_SR_DmnInfo_G.h
[2024-08-06 13:07:35];[INFO];

[2024-08-06 13:07:35];[INFO];Generating E40_Platform_out\C_GlobalDesign\SW_Classes\SWC_PACKAGES\SWC_CORE\DmnMgr\if_SR_DmnInfo_G.h
[2024-08-06 13:07:35];[INFO];[Gen Info] [Gen Debug] |Processing class if_CS_DmnMonitoring...
[2024-08-06 13:07:35];[INFO];

[2024-08-06 13:07:35];[INFO];[Gen Info] [Gen Debug] |New/changed data in the file if_CS_DmnMonitoring.c
[2024-08-06 13:07:35];[INFO];

[2024-08-06 13:07:35];[INFO];Generating E40_Platform_rpy\C_GlobalDesign\SW_Classes\SWC_PACKAGES\SWC_CORE\DmnMgr\if_CS_DmnMonitoring.c
[2024-08-06 13:07:35];[INFO];[Gen Info] [Gen Debug] |New/changed data in the file if_CS_DmnMonitoring_G.h
[2024-08-06 13:07:35];[INFO];

[2024-08-06 13:07:35];[INFO];Generating E40_Platform_out\C_GlobalDesign\SW_Classes\SWC_PACKAGES\SWC_CORE\DmnMgr\if_CS_DmnMonitoring_G.h
[2024-08-06 13:07:36];[INFO];[Gen Info] [Gen Debug] |Processing package P_SWC_DmnMgr...
[2024-08-06 13:07:36];[INFO];

[2024-08-06 13:07:36];[INFO];[Gen Info] [Gen Debug] |Processing package DmnMgr_LLR...
[2024-08-06 13:07:36];[INFO];

[2024-08-06 13:07:36];[INFO];[Gen Info] [Gen Debug] |New/changed data in the file DmnMgr_LLR.properties
[2024-08-06 13:07:36];[INFO];

[2024-08-06 13:07:36];[INFO];Generating E40_Platform_out\C_GlobalDesign\SW_Classes\SWC_PACKAGES\SWC_CORE\DmnMgr_LLR\DmnMgr_LLR.properties
[2024-08-06 13:07:36];[INFO];[Gen Info] [Gen Debug] |New/changed data in the file DmnMgr_LLR_G.h
[2024-08-06 13:07:36];[INFO];

[2024-08-06 13:07:36];[INFO];Generating E40_Platform_out\C_GlobalDesign\SW_Classes\SWC_PACKAGES\SWC_CORE\DmnMgr_LLR\DmnMgr_LLR_G.h
[2024-08-06 13:07:36];[INFO];[Gen Info] [Gen Debug] |New/changed data in the file DmnMgr_LLR_Types_G.h
[2024-08-06 13:07:36];[INFO];

[2024-08-06 13:07:36];[INFO];Generating E40_Platform_out\C_GlobalDesign\SW_Classes\SWC_PACKAGES\SWC_CORE\DmnMgr_LLR\DmnMgr_LLR_Types_G.h
[2024-08-06 13:07:36];[INFO];[Gen Info] [Gen Debug] |Processing class DmnMgr...
[2024-08-06 13:07:36];[INFO];

[2024-08-06 13:07:36];[INFO];[Gen Info] [Gen Debug] |New/changed data in the file DmnMgr_G.h
[2024-08-06 13:07:36];[INFO];

[2024-08-06 13:07:36];[INFO];Generating E40_Platform_out\C_GlobalDesign\SW_Classes\SWC_PACKAGES\SWC_CORE\DmnMgr_LLR\DmnMgr_G.h
[2024-08-06 13:07:36];[INFO];[Gen Info] [Gen Debug] |Processing package SWC_APPS...
[2024-08-06 13:07:36];[INFO];

[2024-08-06 13:07:36];[INFO];[Gen Info] [Gen Debug] |Processing package SWC_APP_STUBS...
[2024-08-06 13:07:36];[INFO];

[2024-08-06 13:07:36];[INFO];[Gen Info] [Gen Debug] |Processing package SleepManager...
[2024-08-06 13:07:36];[INFO];

[2024-08-06 13:07:36];[INFO];[Gen Info] [Gen Debug] |New/changed data in the file SleepManager.properties
[2024-08-06 13:07:36];[INFO];

[2024-08-06 13:07:36];[INFO];Generating E40_Platform_out\C_GlobalDesign\SW_Classes\SWC_PACKAGES\SWC_APP_STUBS\SleepManager\SleepManager.properties
[2024-08-06 13:07:36];[INFO];[Gen Info] [Gen Debug] |New/changed data in the file SleepManager_G.h
[2024-08-06 13:07:36];[INFO];

[2024-08-06 13:07:36];[INFO];Generating E40_Platform_out\C_GlobalDesign\SW_Classes\SWC_PACKAGES\SWC_APP_STUBS\SleepManager\SleepManager_G.h
[2024-08-06 13:07:36];[INFO];[Gen Info] [Gen Debug] |New/changed data in the file SleepManager_Types_G.h
[2024-08-06 13:07:36];[INFO];

[2024-08-06 13:07:36];[INFO];Generating E40_Platform_out\C_GlobalDesign\SW_Classes\SWC_PACKAGES\SWC_APP_STUBS\SleepManager\SleepManager_Types_G.h
[2024-08-06 13:07:36];[INFO];[Gen Info] [Gen Debug] |Processing class SleepManager...
[2024-08-06 13:07:36];[INFO];

[2024-08-06 13:07:36];[INFO];[Gen Info] [Gen Debug] |Processing package P_SleepManager...
[2024-08-06 13:07:36];[INFO];

[2024-08-06 13:07:36];[INFO];[Gen Info] [Gen Debug] |Processing package MemAbstractMdl...
[2024-08-06 13:07:36];[INFO];

[2024-08-06 13:07:36];[INFO];[Gen Info] [Gen Debug] |New/changed data in the file MemAbstractMdl.properties
[2024-08-06 13:07:36];[INFO];

[2024-08-06 13:07:36];[INFO];Generating E40_Platform_out\C_GlobalDesign\SW_Classes\SWC_PACKAGES\MemAbstractMdl\MemAbstractMdl.properties
[2024-08-06 13:07:36];[INFO];[Gen Info] [Gen Debug] |New/changed data in the file MemAbstractMdl_G.h
[2024-08-06 13:07:36];[INFO];

[2024-08-06 13:07:36];[INFO];Generating E40_Platform_out\C_GlobalDesign\SW_Classes\SWC_PACKAGES\MemAbstractMdl\MemAbstractMdl_G.h
[2024-08-06 13:07:36];[INFO];[Gen Info] [Gen Debug] |New/changed data in the file MemAbstractMdl_Types_G.h
[2024-08-06 13:07:36];[INFO];

[2024-08-06 13:07:36];[INFO];Generating E40_Platform_out\C_GlobalDesign\SW_Classes\SWC_PACKAGES\MemAbstractMdl\MemAbstractMdl_Types_G.h
[2024-08-06 13:07:36];[INFO];[Gen Info] [Gen Debug] |New/changed data in the file MemAbstractMdl_Typedefs_G.h
[2024-08-06 13:07:36];[INFO];

[2024-08-06 13:07:36];[INFO];Generating E40_Platform_out\C_GlobalDesign\SW_Classes\SWC_PACKAGES\MemAbstractMdl\MemAbstractMdl_Typedefs_G.h
[2024-08-06 13:07:36];[INFO];[Gen Info] [Gen Debug] |Processing class SWC_MemAbstract...
[2024-08-06 13:07:36];[INFO];

[2024-08-06 13:07:36];[INFO];[Gen Info] [Gen Debug] |Processing class if_CS_MemAbsSet...
[2024-08-06 13:07:36];[INFO];

[2024-08-06 13:07:36];[INFO];[Gen Info] [Gen Debug] |New/changed data in the file if_CS_MemAbsSet_G.h
[2024-08-06 13:07:36];[INFO];

[2024-08-06 13:07:36];[INFO];Generating E40_Platform_out\C_GlobalDesign\SW_Classes\SWC_PACKAGES\MemAbstractMdl\if_CS_MemAbsSet_G.h
[2024-08-06 13:07:36];[INFO];[Gen Info] [Gen Debug] |Processing class if_CS_MemAbsGet...
[2024-08-06 13:07:36];[INFO];

[2024-08-06 13:07:36];[INFO];[Gen Info] [Gen Debug] |New/changed data in the file if_CS_MemAbsGet_G.h
[2024-08-06 13:07:36];[INFO];

[2024-08-06 13:07:36];[INFO];Generating E40_Platform_out\C_GlobalDesign\SW_Classes\SWC_PACKAGES\MemAbstractMdl\if_CS_MemAbsGet_G.h
[2024-08-06 13:07:36];[INFO];[Gen Info] [Gen Debug] |Processing class if_SR_JobStatus...
[2024-08-06 13:07:36];[INFO];

[2024-08-06 13:07:37];[INFO];[Gen Info] [Gen Debug] |New/changed data in the file if_SR_JobStatus_G.h
[2024-08-06 13:07:37];[INFO];

[2024-08-06 13:07:37];[INFO];Generating E40_Platform_out\C_GlobalDesign\SW_Classes\SWC_PACKAGES\MemAbstractMdl\if_SR_JobStatus_G.h
[2024-08-06 13:07:37];[INFO];[Gen Info] [Gen Debug] |Processing class if_CS_MemAbs_NvMWriteStatus...
[2024-08-06 13:07:37];[INFO];

[2024-08-06 13:07:37];[INFO];[Gen Info] [Gen Debug] |New/changed data in the file if_CS_MemAbs_NvMWriteStatus_G.h
[2024-08-06 13:07:37];[INFO];

[2024-08-06 13:07:37];[INFO];Generating E40_Platform_out\C_GlobalDesign\SW_Classes\SWC_PACKAGES\MemAbstractMdl\if_CS_MemAbs_NvMWriteStatus_G.h
[2024-08-06 13:07:37];[INFO];[Gen Info] [Gen Debug] |Processing package P_SWC_MemAbstract...
[2024-08-06 13:07:37];[INFO];

[2024-08-06 13:07:37];[INFO];[Gen Info] [Gen Debug] |Processing package BSW_PACKAGES...
[2024-08-06 13:07:37];[INFO];

[2024-08-06 13:07:37];[INFO];[Gen Info] [Gen Debug] |Processing package BSW_EcumExt...
[2024-08-06 13:07:37];[INFO];

[2024-08-06 13:07:37];[INFO];[Gen Info] [Gen Debug] |New/changed data in the file BSW_EcumExt.properties
[2024-08-06 13:07:37];[INFO];

[2024-08-06 13:07:37];[INFO];Generating E40_Platform_out\C_GlobalDesign\SW_Classes\BSW_PACKAGES\BSW_EcumExt\BSW_EcumExt.properties
[2024-08-06 13:07:37];[INFO];[Gen Info] [Gen Debug] |New/changed data in the file BSW_EcumExt_G.h
[2024-08-06 13:07:37];[INFO];

[2024-08-06 13:07:37];[INFO];Generating E40_Platform_out\C_GlobalDesign\SW_Classes\BSW_PACKAGES\BSW_EcumExt\BSW_EcumExt_G.h
[2024-08-06 13:07:37];[INFO];[Gen Info] [Gen Debug] |New/changed data in the file BSW_EcumExt_Types_G.h
[2024-08-06 13:07:37];[INFO];

[2024-08-06 13:07:37];[INFO];Generating E40_Platform_out\C_GlobalDesign\SW_Classes\BSW_PACKAGES\BSW_EcumExt\BSW_EcumExt_Types_G.h
[2024-08-06 13:07:37];[INFO];[Gen Info] [Gen Debug] |Processing class BSW_EcuMExt...
[2024-08-06 13:07:37];[INFO];

[2024-08-06 13:07:37];[INFO];[Gen Info] [Gen Debug] |Processing package P_BSW_EcuMExt...
[2024-08-06 13:07:37];[INFO];

[2024-08-06 13:07:37];[INFO];[Gen Info] [Gen Debug] |Processing package BSW_EcuAppM...
[2024-08-06 13:07:37];[INFO];

[2024-08-06 13:07:37];[INFO];[Gen Info] [Gen Debug] |New/changed data in the file BSW_EcuAppM.properties
[2024-08-06 13:07:37];[INFO];

[2024-08-06 13:07:37];[INFO];Generating E40_Platform_out\C_GlobalDesign\SW_Classes\BSW_PACKAGES\BSW_EcuAppM\BSW_EcuAppM.properties
[2024-08-06 13:07:37];[INFO];[Gen Info] [Gen Debug] |New/changed data in the file BSW_EcuAppM_G.h
[2024-08-06 13:07:37];[INFO];

[2024-08-06 13:07:37];[INFO];Generating E40_Platform_out\C_GlobalDesign\SW_Classes\BSW_PACKAGES\BSW_EcuAppM\BSW_EcuAppM_G.h
[2024-08-06 13:07:37];[INFO];[Gen Info] [Gen Debug] |New/changed data in the file BSW_EcuAppM_Types_G.h
[2024-08-06 13:07:37];[INFO];

[2024-08-06 13:07:37];[INFO];Generating E40_Platform_out\C_GlobalDesign\SW_Classes\BSW_PACKAGES\BSW_EcuAppM\BSW_EcuAppM_Types_G.h
[2024-08-06 13:07:37];[INFO];[Gen Info] [Gen Debug] |New/changed data in the file BSW_EcuAppM_Typedefs_G.h
[2024-08-06 13:07:37];[INFO];

[2024-08-06 13:07:37];[INFO];Generating E40_Platform_out\C_GlobalDesign\SW_Classes\BSW_PACKAGES\BSW_EcuAppM\BSW_EcuAppM_Typedefs_G.h
[2024-08-06 13:07:37];[INFO];[Gen Info] [Gen Debug] |Processing class BSW_EcuAppM...
[2024-08-06 13:07:37];[INFO];

[2024-08-06 13:07:37];[INFO];[Gen Info] [Gen Debug] |Processing package P_BSW_EcuAppM...
[2024-08-06 13:07:37];[INFO];

[2024-08-06 13:07:37];[INFO];[Gen Info] [Gen Debug] |Processing package BSW_IOHWAB...
[2024-08-06 13:07:37];[INFO];

[2024-08-06 13:07:37];[INFO];[Gen Info] [Gen Debug] |New/changed data in the file BSW_IOHWAB.properties
[2024-08-06 13:07:37];[INFO];

[2024-08-06 13:07:37];[INFO];Generating E40_Platform_out\C_GlobalDesign\SW_Classes\BSW_PACKAGES\BSW_IOHWAB\BSW_IOHWAB.properties
[2024-08-06 13:07:37];[INFO];[Gen Info] [Gen Debug] |New/changed data in the file BSW_IOHWAB_G.h
[2024-08-06 13:07:37];[INFO];

[2024-08-06 13:07:37];[INFO];Generating E40_Platform_out\C_GlobalDesign\SW_Classes\BSW_PACKAGES\BSW_IOHWAB\BSW_IOHWAB_G.h
[2024-08-06 13:07:37];[INFO];[Gen Info] [Gen Debug] |New/changed data in the file BSW_IOHWAB_Types_G.h
[2024-08-06 13:07:37];[INFO];

[2024-08-06 13:07:37];[INFO];Generating E40_Platform_out\C_GlobalDesign\SW_Classes\BSW_PACKAGES\BSW_IOHWAB\BSW_IOHWAB_Types_G.h
[2024-08-06 13:07:37];[INFO];[Gen Info] [Gen Debug] |Processing class SWC_IOHWAB...
[2024-08-06 13:07:37];[INFO];

[2024-08-06 13:07:37];[INFO];[Gen Info] [Gen Debug] |Processing package P_SWC_IOHWAB...
[2024-08-06 13:07:37];[INFO];

[2024-08-06 13:07:37];[INFO];[Gen Info] [Gen Debug] |Processing package BSW_TmExt...
[2024-08-06 13:07:37];[INFO];

[2024-08-06 13:07:37];[INFO];[Gen Info] [Gen Debug] |New/changed data in the file BSW_TmExt.properties
[2024-08-06 13:07:37];[INFO];

[2024-08-06 13:07:37];[INFO];Generating E40_Platform_out\C_GlobalDesign\SW_Classes\BSW_PACKAGES\BSW_TmExt\BSW_TmExt.properties
[2024-08-06 13:07:37];[INFO];[Gen Info] [Gen Debug] |New/changed data in the file BSW_TmExt_G.h
[2024-08-06 13:07:37];[INFO];

[2024-08-06 13:07:37];[INFO];Generating E40_Platform_out\C_GlobalDesign\SW_Classes\BSW_PACKAGES\BSW_TmExt\BSW_TmExt_G.h
[2024-08-06 13:07:37];[INFO];[Gen Info] [Gen Debug] |New/changed data in the file BSW_TmExt_Types_G.h
[2024-08-06 13:07:37];[INFO];

[2024-08-06 13:07:37];[INFO];Generating E40_Platform_out\C_GlobalDesign\SW_Classes\BSW_PACKAGES\BSW_TmExt\BSW_TmExt_Types_G.h
[2024-08-06 13:07:37];[INFO];[Gen Info] [Gen Debug] |Processing class BSW_TmExt...
[2024-08-06 13:07:37];[INFO];

[2024-08-06 13:07:37];[INFO];[Gen Info] [Gen Debug] |Processing package P_BSW_TmExt...
[2024-08-06 13:07:37];[INFO];

[2024-08-06 13:07:37];[INFO];[Gen Info] [Gen Debug] |Processing package BSW_NvmExt...
[2024-08-06 13:07:37];[INFO];

[2024-08-06 13:07:37];[INFO];[Gen Info] [Gen Debug] |New/changed data in the file BSW_NvmExt.properties
[2024-08-06 13:07:37];[INFO];

[2024-08-06 13:07:37];[INFO];Generating E40_Platform_out\C_GlobalDesign\SW_Classes\BSW_PACKAGES\BSW_NvmExt\BSW_NvmExt.properties
[2024-08-06 13:07:37];[INFO];[Gen Info] [Gen Debug] |New/changed data in the file BSW_NvmExt_G.h
[2024-08-06 13:07:37];[INFO];

[2024-08-06 13:07:37];[INFO];Generating E40_Platform_out\C_GlobalDesign\SW_Classes\BSW_PACKAGES\BSW_NvmExt\BSW_NvmExt_G.h
[2024-08-06 13:07:37];[INFO];[Gen Info] [Gen Debug] |New/changed data in the file BSW_NvmExt_Types_G.h
[2024-08-06 13:07:37];[INFO];

[2024-08-06 13:07:37];[INFO];Generating E40_Platform_out\C_GlobalDesign\SW_Classes\BSW_PACKAGES\BSW_NvmExt\BSW_NvmExt_Types_G.h
[2024-08-06 13:07:37];[INFO];[Gen Info] [Gen Debug] |Processing class SWC_NvmExt...
[2024-08-06 13:07:37];[INFO];

[2024-08-06 13:07:37];[INFO];[Gen Info] [Gen Debug] |Processing package P_SWC_NvmExt...
[2024-08-06 13:07:37];[INFO];

[2024-08-06 13:07:37];[INFO];[Gen Info] [Gen Debug] |Processing package BSW_EcuAppM_LLR...
[2024-08-06 13:07:37];[INFO];

[2024-08-06 13:07:37];[INFO];[Gen Info] [Gen Debug] |New/changed data in the file BSW_EcuAppM_LLR.properties
[2024-08-06 13:07:37];[INFO];

[2024-08-06 13:07:37];[INFO];Generating E40_Platform_out\C_GlobalDesign\SW_Classes\BSW_PACKAGES\BSW_EcuAppM_LLR\BSW_EcuAppM_LLR.properties
[2024-08-06 13:07:37];[INFO];[Gen Info] [Gen Debug] |New/changed data in the file BSW_EcuAppM_LLR_G.h
[2024-08-06 13:07:37];[INFO];

[2024-08-06 13:07:37];[INFO];Generating E40_Platform_out\C_GlobalDesign\SW_Classes\BSW_PACKAGES\BSW_EcuAppM_LLR\BSW_EcuAppM_LLR_G.h
[2024-08-06 13:07:37];[INFO];[Gen Info] [Gen Debug] |New/changed data in the file BSW_EcuAppM_LLR_Types_G.h
[2024-08-06 13:07:37];[INFO];

[2024-08-06 13:07:37];[INFO];Generating E40_Platform_out\C_GlobalDesign\SW_Classes\BSW_PACKAGES\BSW_EcuAppM_LLR\BSW_EcuAppM_LLR_Types_G.h
[2024-08-06 13:07:37];[INFO];[Gen Info] [Gen Debug] |Processing class EcuAppM...
[2024-08-06 13:07:37];[INFO];

[2024-08-06 13:07:37];[INFO];[Gen Info] [Gen Debug] |New/changed data in the file EcuAppM_G.h
[2024-08-06 13:07:37];[INFO];

[2024-08-06 13:07:37];[INFO];Generating E40_Platform_out\C_GlobalDesign\SW_Classes\BSW_PACKAGES\BSW_EcuAppM_LLR\EcuAppM_G.h
[2024-08-06 13:07:37];[INFO];[Gen Info] [Gen Debug] |Processing class Private_Interface...
[2024-08-06 13:07:37];[INFO];

[2024-08-06 13:07:38];[INFO];[Gen Info] [Gen Debug] |New/changed data in the file Private_Interface_G.h
[2024-08-06 13:07:38];[INFO];

[2024-08-06 13:07:38];[INFO];Generating E40_Platform_out\C_GlobalDesign\SW_Classes\BSW_PACKAGES\BSW_EcuAppM_LLR\Private_Interface_G.h
[2024-08-06 13:07:38];[INFO];[Gen Info] [Gen Debug] |Processing class Public_Interface...
[2024-08-06 13:07:38];[INFO];

[2024-08-06 13:07:38];[INFO];[Gen Info] [Gen Debug] |New/changed data in the file Public_Interface_G.h
[2024-08-06 13:07:38];[INFO];

[2024-08-06 13:07:38];[INFO];Generating E40_Platform_out\C_GlobalDesign\SW_Classes\BSW_PACKAGES\BSW_EcuAppM_LLR\Public_Interface_G.h
[2024-08-06 13:07:38];[INFO];[Gen Info] [Gen Debug] |Processing class Interface_11...
[2024-08-06 13:07:38];[INFO];

[2024-08-06 13:07:38];[INFO];[Gen Info] [Gen Debug] |New/changed data in the file Interface_11_G.h
[2024-08-06 13:07:38];[INFO];

[2024-08-06 13:07:38];[INFO];Generating E40_Platform_out\C_GlobalDesign\SW_Classes\BSW_PACKAGES\BSW_EcuAppM_LLR\Interface_11_G.h
[2024-08-06 13:07:38];[INFO];[Gen Info] [Gen Debug] |New/changed data in the file build.xml
[2024-08-06 13:07:38];[INFO];

[2024-08-06 13:07:38];[INFO];Generating E40_Platform_out\C_GlobalDesign\SW_Classes\BSW_PACKAGES\BSW_EcuAppM_LLR\EcuAppM\build.xml
[2024-08-06 13:07:38];[INFO];[Gen Info] [Gen Debug] |New/changed data in the file build.incpath
[2024-08-06 13:07:38];[INFO];

[2024-08-06 13:07:38];[INFO];Generating E40_Platform_out\C_GlobalDesign\SW_Classes\BSW_PACKAGES\BSW_EcuAppM_LLR\EcuAppM\build.incpath
[2024-08-06 13:07:38];[INFO];[Gen Info] [Gen Debug] |New/changed data in the file DefaultConfig.properties
[2024-08-06 13:07:38];[INFO];

[2024-08-06 13:07:38];[INFO];Generating E40_Platform_out\C_GlobalDesign\SW_Classes\BSW_PACKAGES\BSW_EcuAppM_LLR\EcuAppM\DefaultConfig.properties
[2024-08-06 13:07:38];[INFO];[Gen Info] [Gen Debug] |New/changed data in the file build.properties
[2024-08-06 13:07:38];[INFO];

[2024-08-06 13:07:38];[INFO];Generating E40_Platform_out\C_GlobalDesign\SW_Classes\BSW_PACKAGES\BSW_EcuAppM_LLR\EcuAppM\build.properties
[2024-08-06 13:07:38];[INFO];[Gen Info] [Gen Debug] |New/changed data in the file build.scope
[2024-08-06 13:07:38];[INFO];

[2024-08-06 13:07:38];[INFO];Generating E40_Platform_out\C_GlobalDesign\SW_Classes\BSW_PACKAGES\BSW_EcuAppM_LLR\EcuAppM\build.scope
[2024-08-06 13:07:38];[INFO];[Gen Info] [Gen Debug] |New/changed data in the file build.log
[2024-08-06 13:07:38];[INFO];

[2024-08-06 13:07:38];[INFO];Generating E40_Platform_out\C_GlobalDesign\SW_Classes\BSW_PACKAGES\BSW_EcuAppM_LLR\EcuAppM\build.log
[2024-08-06 13:07:38];[INFO];[Gen Info] [Gen Debug] |Processing package BSW_DcmExt...
[2024-08-06 13:07:38];[INFO];

[2024-08-06 13:07:38];[INFO];[Gen Info] [Gen Debug] |New/changed data in the file BSW_DcmExt.properties
[2024-08-06 13:07:38];[INFO];

[2024-08-06 13:07:38];[INFO];Generating E40_Platform_out\C_GlobalDesign\SW_Classes\BSW_PACKAGES\BSW_DcmExt\BSW_DcmExt.properties
[2024-08-06 13:07:38];[INFO];[Gen Info] [Gen Debug] |New/changed data in the file BSW_DcmExt_G.h
[2024-08-06 13:07:38];[INFO];

[2024-08-06 13:07:38];[INFO];Generating E40_Platform_out\C_GlobalDesign\SW_Classes\BSW_PACKAGES\BSW_DcmExt\BSW_DcmExt_G.h
[2024-08-06 13:07:38];[INFO];[Gen Info] [Gen Debug] |New/changed data in the file BSW_DcmExt_Types_G.h
[2024-08-06 13:07:38];[INFO];

[2024-08-06 13:07:38];[INFO];Generating E40_Platform_out\C_GlobalDesign\SW_Classes\BSW_PACKAGES\BSW_DcmExt\BSW_DcmExt_Types_G.h
[2024-08-06 13:07:38];[INFO];[Gen Info] [Gen Debug] |Processing class SWC_DcmExt...
[2024-08-06 13:07:38];[INFO];

[2024-08-06 13:07:38];[INFO];[Gen Info] [Gen Debug] |Processing package P_SWC_DcmExt...
[2024-08-06 13:07:38];[INFO];

[2024-08-06 13:07:38];[INFO];[Gen Info] [Gen Debug] |Processing package BSW_DemExt...
[2024-08-06 13:07:38];[INFO];

[2024-08-06 13:07:38];[INFO];[Gen Info] [Gen Debug] |New/changed data in the file BSW_DemExt.properties
[2024-08-06 13:07:38];[INFO];

[2024-08-06 13:07:38];[INFO];Generating E40_Platform_out\C_GlobalDesign\SW_Classes\BSW_PACKAGES\BSW_DemExt\BSW_DemExt.properties
[2024-08-06 13:07:38];[INFO];[Gen Info] [Gen Debug] |New/changed data in the file BSW_DemExt_G.h
[2024-08-06 13:07:38];[INFO];

[2024-08-06 13:07:38];[INFO];Generating E40_Platform_out\C_GlobalDesign\SW_Classes\BSW_PACKAGES\BSW_DemExt\BSW_DemExt_G.h
[2024-08-06 13:07:38];[INFO];[Gen Info] [Gen Debug] |New/changed data in the file BSW_DemExt_Types_G.h
[2024-08-06 13:07:38];[INFO];

[2024-08-06 13:07:38];[INFO];Generating E40_Platform_out\C_GlobalDesign\SW_Classes\BSW_PACKAGES\BSW_DemExt\BSW_DemExt_Types_G.h
[2024-08-06 13:07:38];[INFO];[Gen Info] [Gen Debug] |Processing class SWC_DemExt...
[2024-08-06 13:07:38];[INFO];

[2024-08-06 13:07:38];[INFO];[Gen Info] [Gen Debug] |Processing package P_SWC_DemExt...
[2024-08-06 13:07:38];[INFO];

[2024-08-06 13:07:38];[INFO];[Gen Info] [Gen Debug] |Processing package A2T_TC...
[2024-08-06 13:07:38];[INFO];

[2024-08-06 13:07:38];[INFO];[Gen Info] [Gen Debug] |Processing package A2T_TC_BLD...
[2024-08-06 13:07:38];[INFO];

[2024-08-06 13:07:38];[INFO];[Gen Info] [Gen Debug] |New/changed data in the file A2T_TC_BLD.properties
[2024-08-06 13:07:38];[INFO];

[2024-08-06 13:07:38];[INFO];Generating A2T_TC_out\A2T_TC_BLD\A2T_TC_BLD.properties
[2024-08-06 13:07:38];[INFO];[Gen Info] [Gen Debug] |Processing package A2T_TC_FWK...
[2024-08-06 13:07:38];[INFO];

[2024-08-06 13:07:38];[INFO];[Gen Info] [Gen Debug] |New/changed data in the file A2T_TC_FWK.properties
[2024-08-06 13:07:38];[INFO];

[2024-08-06 13:07:38];[INFO];Generating A2T_TC_out\A2T_TC_FWK\A2T_TC_FWK.properties
[2024-08-06 13:07:38];[INFO];[Gen Info] [Gen Debug] |Processing package A2T_TST...
[2024-08-06 13:07:38];[INFO];

[2024-08-06 13:07:38];[INFO];[Gen Info] [Gen Debug] |New/changed data in the file A2T_TST.properties
[2024-08-06 13:07:38];[INFO];

[2024-08-06 13:07:38];[INFO];Generating A2T_TC_out\A2T_TC_FWK\A2T_TST\A2T_TST.properties
[2024-08-06 13:07:38];[INFO];[Gen Info] [Gen Debug] |New/changed data in the file A2T_TST_G.h
[2024-08-06 13:07:38];[INFO];

[2024-08-06 13:07:38];[INFO];Generating A2T_TC_out\A2T_TC_FWK\A2T_TST\A2T_TST_G.h
[2024-08-06 13:07:38];[INFO];[Gen Info] [Gen Debug] |New/changed data in the file A2T_TST_Types_G.h
[2024-08-06 13:07:38];[INFO];

[2024-08-06 13:07:38];[INFO];Generating A2T_TC_out\A2T_TC_FWK\A2T_TST\A2T_TST_Types_G.h
[2024-08-06 13:07:38];[INFO];[Gen Info] [Gen Debug] |New/changed data in the file A2T_TST_Typedefs_G.h
[2024-08-06 13:07:38];[INFO];

[2024-08-06 13:07:38];[INFO];Generating A2T_TC_out\A2T_TC_FWK\A2T_TST\A2T_TST_Typedefs_G.h
[2024-08-06 13:07:38];[INFO];[Gen Info] [Gen Debug] |Processing class CTstContext...
[2024-08-06 13:07:38];[INFO];

[2024-08-06 13:07:38];[INFO];[Gen Info] [Gen Debug] |New/changed data in the file CTstContext.c
[2024-08-06 13:07:38];[INFO];

[2024-08-06 13:07:38];[INFO];Generating A2T_TC_rpy\A2T_TC_FWK\A2T_TST\CTstContext.c
[2024-08-06 13:07:38];[INFO];[Gen Info] [Gen Debug] |New/changed data in the file CTstContext_G.h
[2024-08-06 13:07:38];[INFO];

[2024-08-06 13:07:38];[INFO];Generating A2T_TC_out\A2T_TC_FWK\A2T_TST\CTstContext_G.h
[2024-08-06 13:07:38];[INFO];[Gen Info] [Gen Debug] |New/changed data in the file CTstContext_G.c
[2024-08-06 13:07:38];[INFO];

[2024-08-06 13:07:38];[INFO];Generating A2T_TC_out\A2T_TC_FWK\A2T_TST\CTstContext_G.c
[2024-08-06 13:07:38];[INFO];[Gen Info] [Gen Debug] |Processing class CTstReporter...
[2024-08-06 13:07:38];[INFO];

[2024-08-06 13:07:38];[INFO];[Gen Info] [Gen Debug] |New/changed data in the file CTstReporter_G.h
[2024-08-06 13:07:38];[INFO];

[2024-08-06 13:07:38];[INFO];Generating A2T_TC_out\A2T_TC_FWK\A2T_TST\CTstReporter_G.h
[2024-08-06 13:07:38];[INFO];[Gen Info] [Gen Debug] |Processing class CTstCampain...
[2024-08-06 13:07:38];[INFO];

[2024-08-06 13:07:38];[INFO];[Gen Info] [Gen Debug] |New/changed data in the file CTstCampain.c
[2024-08-06 13:07:38];[INFO];

[2024-08-06 13:07:38];[INFO];Generating A2T_TC_rpy\A2T_TC_FWK\A2T_TST\CTstCampain.c
[2024-08-06 13:07:38];[INFO];[Gen Info] [Gen Debug] |New/changed data in the file CTstCampain_G.h
[2024-08-06 13:07:38];[INFO];

[2024-08-06 13:07:38];[INFO];Generating A2T_TC_out\A2T_TC_FWK\A2T_TST\CTstCampain_G.h
[2024-08-06 13:07:38];[INFO];[Gen Info] [Gen Debug] |New/changed data in the file CTstCampain_G.c
[2024-08-06 13:07:38];[INFO];

[2024-08-06 13:07:38];[INFO];Generating A2T_TC_out\A2T_TC_FWK\A2T_TST\CTstCampain_G.c
[2024-08-06 13:07:38];[INFO];[Gen Info] [Gen Debug] |Processing class CTstRootCampain...
[2024-08-06 13:07:38];[INFO];

[2024-08-06 13:07:38];[INFO];[Gen Info] [Gen Debug] |New/changed data in the file CTstRootCampain.c
[2024-08-06 13:07:38];[INFO];

[2024-08-06 13:07:38];[INFO];Generating A2T_TC_rpy\A2T_TC_FWK\A2T_TST\CTstRootCampain.c
[2024-08-06 13:07:39];[INFO];[Gen Info] [Gen Debug] |New/changed data in the file CTstRootCampain_G.h
[2024-08-06 13:07:39];[INFO];

[2024-08-06 13:07:39];[INFO];Generating A2T_TC_out\A2T_TC_FWK\A2T_TST\CTstRootCampain_G.h
[2024-08-06 13:07:39];[INFO];[Gen Info] [Gen Debug] |New/changed data in the file CTstRootCampain_G.c
[2024-08-06 13:07:39];[INFO];

[2024-08-06 13:07:39];[INFO];Generating A2T_TC_out\A2T_TC_FWK\A2T_TST\CTstRootCampain_G.c
[2024-08-06 13:07:39];[INFO];[Gen Info] [Gen Debug] |New/changed data in the file build.xml
[2024-08-06 13:07:39];[INFO];

[2024-08-06 13:07:39];[INFO];Generating A2T_TC_out\A2T_TC_FWK\A2T_TST\LIB_A2T_TST_UTEST\build.xml
[2024-08-06 13:07:39];[INFO];[Gen Info] [Gen Debug] |New/changed data in the file build.incpath
[2024-08-06 13:07:39];[INFO];

[2024-08-06 13:07:39];[INFO];Generating A2T_TC_out\A2T_TC_FWK\A2T_TST\LIB_A2T_TST_UTEST\build.incpath
[2024-08-06 13:07:39];[INFO];[Gen Info] [Gen Debug] |New/changed data in the file DefaultConfig.properties
[2024-08-06 13:07:39];[INFO];

[2024-08-06 13:07:39];[INFO];Generating A2T_TC_out\A2T_TC_FWK\A2T_TST\LIB_A2T_TST_UTEST\DefaultConfig.properties
[2024-08-06 13:07:39];[INFO];[Gen Info] [Gen Debug] |New/changed data in the file build.properties
[2024-08-06 13:07:39];[INFO];

[2024-08-06 13:07:39];[INFO];Generating A2T_TC_out\A2T_TC_FWK\A2T_TST\LIB_A2T_TST_UTEST\build.properties
[2024-08-06 13:07:39];[INFO];[Gen Info] [Gen Debug] |New/changed data in the file build.scope
[2024-08-06 13:07:39];[INFO];

[2024-08-06 13:07:39];[INFO];Generating A2T_TC_out\A2T_TC_FWK\A2T_TST\LIB_A2T_TST_UTEST\build.scope
[2024-08-06 13:07:39];[INFO];[Gen Info] [Gen Debug] |New/changed data in the file build.usage
[2024-08-06 13:07:39];[INFO];

[2024-08-06 13:07:39];[INFO];Generating A2T_TC_out\A2T_TC_FWK\A2T_TST\LIB_A2T_TST_UTEST\build.usage
[2024-08-06 13:07:39];[INFO];[Gen Info] [Gen Debug] |New/changed data in the file build.log
[2024-08-06 13:07:39];[INFO];

[2024-08-06 13:07:39];[INFO];Generating A2T_TC_out\A2T_TC_FWK\A2T_TST\LIB_A2T_TST_UTEST\build.log
[2024-08-06 13:07:39];[INFO];[Gen Info] [Gen Debug] |Processing package TstReporter...
[2024-08-06 13:07:39];[INFO];

[2024-08-06 13:07:39];[INFO];[Gen Info] [Gen Debug] |New/changed data in the file TstReporter_G.h
[2024-08-06 13:07:39];[INFO];

[2024-08-06 13:07:39];[INFO];Generating A2T_TC_out\A2T_TC_FWK\A2T_TST\TstReporter\TstReporter_G.h
[2024-08-06 13:07:39];[INFO];[Gen Info] [Gen Debug] |Processing package TstBasicConsoleReporter...
[2024-08-06 13:07:39];[INFO];

[2024-08-06 13:07:39];[INFO];[Gen Info] [Gen Debug] |New/changed data in the file TstBasicConsoleReporter_G.h
[2024-08-06 13:07:39];[INFO];

[2024-08-06 13:07:39];[INFO];Generating A2T_TC_out\A2T_TC_FWK\A2T_TST\TstReporter\TstBasicConsoleReporter\TstBasicConsoleReporter_G.h
[2024-08-06 13:07:39];[INFO];[Gen Info] [Gen Debug] |New/changed data in the file TstBasicConsoleReporter_Types_G.h
[2024-08-06 13:07:39];[INFO];

[2024-08-06 13:07:39];[INFO];Generating A2T_TC_out\A2T_TC_FWK\A2T_TST\TstReporter\TstBasicConsoleReporter\TstBasicConsoleReporter_Types_G.h
[2024-08-06 13:07:39];[INFO];[Gen Info] [Gen Debug] |Processing class CTstBasicConsoleReporter...
[2024-08-06 13:07:39];[INFO];

[2024-08-06 13:07:39];[INFO];[Gen Info] [Gen Debug] |New/changed data in the file CTstBasicConsoleReporter.c
[2024-08-06 13:07:39];[INFO];

[2024-08-06 13:07:39];[INFO];Generating A2T_TC_rpy\A2T_TC_FWK\A2T_TST\TstReporter\TstBasicConsoleReporter\CTstBasicConsoleReporter.c
[2024-08-06 13:07:39];[INFO];[Gen Info] [Gen Debug] |New/changed data in the file CTstBasicConsoleReporter_G.h
[2024-08-06 13:07:39];[INFO];

[2024-08-06 13:07:39];[INFO];Generating A2T_TC_out\A2T_TC_FWK\A2T_TST\TstReporter\TstBasicConsoleReporter\CTstBasicConsoleReporter_G.h
[2024-08-06 13:07:39];[INFO];[Gen Info] [Gen Debug] |New/changed data in the file CTstBasicConsoleReporter_G.c
[2024-08-06 13:07:39];[INFO];

[2024-08-06 13:07:39];[INFO];Generating A2T_TC_out\A2T_TC_FWK\A2T_TST\TstReporter\TstBasicConsoleReporter\CTstBasicConsoleReporter_G.c
[2024-08-06 13:07:39];[INFO];[Gen Info] [Gen Debug] |Processing package TstStdlib...
[2024-08-06 13:07:39];[INFO];

[2024-08-06 13:07:39];[INFO];[Gen Info] [Gen Debug] |New/changed data in the file TstStdlib_G.h
[2024-08-06 13:07:39];[INFO];

[2024-08-06 13:07:39];[INFO];Generating A2T_TC_out\A2T_TC_FWK\A2T_TST\TstReporter\TstStdlib\TstStdlib_G.h
[2024-08-06 13:07:39];[INFO];[Gen Info] [Gen Debug] |Processing package UnitaryTest...
[2024-08-06 13:07:39];[INFO];

[2024-08-06 13:07:39];[INFO];[Gen Info] [Gen Debug] |New/changed data in the file UnitaryTest_G.h
[2024-08-06 13:07:39];[INFO];

[2024-08-06 13:07:39];[INFO];Generating A2T_TC_out\A2T_TC_FWK\A2T_TST\UnitaryTest\UnitaryTest_G.h
[2024-08-06 13:07:39];[INFO];[Gen Info] [Gen Debug] |New/changed data in the file UnitaryTest_Types_G.h
[2024-08-06 13:07:39];[INFO];

[2024-08-06 13:07:39];[INFO];Generating A2T_TC_out\A2T_TC_FWK\A2T_TST\UnitaryTest\UnitaryTest_Types_G.h
[2024-08-06 13:07:39];[INFO];[Gen Info] [Gen Debug] |Processing class CTstRootCampainUTest...
[2024-08-06 13:07:39];[INFO];

[2024-08-06 13:07:39];[INFO];[Gen Info] [Gen Debug] |New/changed data in the file CTstRootCampainUTest.c
[2024-08-06 13:07:39];[INFO];

[2024-08-06 13:07:39];[INFO];Generating A2T_TC_rpy\A2T_TC_FWK\A2T_TST\UnitaryTest\CTstRootCampainUTest.c
[2024-08-06 13:07:39];[INFO];[Gen Info] [Gen Debug] |New/changed data in the file CTstRootCampainUTest_G.h
[2024-08-06 13:07:39];[INFO];

[2024-08-06 13:07:39];[INFO];Generating A2T_TC_out\A2T_TC_FWK\A2T_TST\UnitaryTest\CTstRootCampainUTest_G.h
[2024-08-06 13:07:39];[INFO];[Gen Info] [Gen Debug] |New/changed data in the file CTstRootCampainUTest_G.c
[2024-08-06 13:07:39];[INFO];

[2024-08-06 13:07:39];[INFO];Generating A2T_TC_out\A2T_TC_FWK\A2T_TST\UnitaryTest\CTstRootCampainUTest_G.c
[2024-08-06 13:07:39];[INFO];[Gen Info] [Gen Debug] |New/changed data in the file CTstRootCampainUTest_Cfg.h
[2024-08-06 13:07:39];[INFO];

[2024-08-06 13:07:39];[INFO];Generating A2T_TC_rpy\A2T_TC_FWK\A2T_TST\UnitaryTest\CTstRootCampainUTest_Cfg.h
[2024-08-06 13:07:39];[INFO];[Gen Info] [Gen Debug] |New/changed data in the file CTstRootCampainUTest_Cfg.c
[2024-08-06 13:07:39];[INFO];

[2024-08-06 13:07:39];[INFO];Generating A2T_TC_rpy\A2T_TC_FWK\A2T_TST\UnitaryTest\CTstRootCampainUTest_Cfg.c
[2024-08-06 13:07:39];[INFO];[Gen Info] [Gen Debug] |Processing class CSwcUTest...
[2024-08-06 13:07:39];[INFO];

[2024-08-06 13:07:39];[INFO];[Gen Info] [Gen Debug] |Processing class CUTestSystem...
[2024-08-06 13:07:39];[INFO];

[2024-08-06 13:07:39];[INFO];[Gen Info] [Gen Debug] |Processing package SwcUTestD...
[2024-08-06 13:07:39];[INFO];

[2024-08-06 13:07:39];[INFO];[Gen Info] [Gen Debug] |New/changed data in the file SwcUTestD_G.h
[2024-08-06 13:07:39];[INFO];

[2024-08-06 13:07:39];[INFO];Generating A2T_TC_out\A2T_TC_FWK\A2T_TST\UnitaryTest\SwcUTestD\SwcUTestD_G.h
[2024-08-06 13:07:39];[INFO];[Gen Info] [Gen Debug] |Processing package STM_ENGINE...
[2024-08-06 13:07:39];[INFO];

[2024-08-06 13:07:39];[INFO];[Gen Info] [Gen Debug] |New/changed data in the file STM_ENGINE.properties
[2024-08-06 13:07:39];[INFO];

[2024-08-06 13:07:39];[INFO];Generating A2T_TC_out\A2T_TC_FWK\STM_ENGINE\STM_ENGINE.properties
[2024-08-06 13:07:39];[INFO];[Gen Info] [Gen Debug] |New/changed data in the file STM_ENGINE_G.h
[2024-08-06 13:07:39];[INFO];

[2024-08-06 13:07:39];[INFO];Generating A2T_TC_out\A2T_TC_FWK\STM_ENGINE\STM_ENGINE_G.h
[2024-08-06 13:07:39];[INFO];[Gen Info] [Gen Debug] |New/changed data in the file STM_ENGINE_Types_G.h
[2024-08-06 13:07:39];[INFO];

[2024-08-06 13:07:39];[INFO];Generating A2T_TC_out\A2T_TC_FWK\STM_ENGINE\STM_ENGINE_Types_G.h
[2024-08-06 13:07:39];[INFO];[Gen Info] [Gen Debug] |New/changed data in the file STM_ENGINE_Typedefs_G.h
[2024-08-06 13:07:39];[INFO];

[2024-08-06 13:07:39];[INFO];Generating A2T_TC_out\A2T_TC_FWK\STM_ENGINE\STM_ENGINE_Typedefs_G.h
[2024-08-06 13:07:39];[INFO];[Gen Info] [Gen Debug] |Processing class STMStateVertex...
[2024-08-06 13:07:39];[INFO];

[2024-08-06 13:07:39];[INFO];[Gen Info] [Gen Debug] |New/changed data in the file STMStateVertex_G.h
[2024-08-06 13:07:39];[INFO];

[2024-08-06 13:07:39];[INFO];Generating A2T_TC_out\A2T_TC_FWK\STM_ENGINE\STMStateVertex_G.h
[2024-08-06 13:07:39];[INFO];[Gen Info] [Gen Debug] |New/changed data in the file STMStateVertex_G.c
[2024-08-06 13:07:39];[INFO];

[2024-08-06 13:07:39];[INFO];Generating A2T_TC_out\A2T_TC_FWK\STM_ENGINE\STMStateVertex_G.c
[2024-08-06 13:07:39];[INFO];[Gen Info] [Gen Debug] |Processing class STMState...
[2024-08-06 13:07:39];[INFO];

[2024-08-06 13:07:40];[INFO];[Gen Info] [Gen Debug] |New/changed data in the file STMState_G.h
[2024-08-06 13:07:40];[INFO];

[2024-08-06 13:07:40];[INFO];Generating A2T_TC_out\A2T_TC_FWK\STM_ENGINE\STMState_G.h
[2024-08-06 13:07:40];[INFO];[Gen Info] [Gen Debug] |New/changed data in the file STMState_G.c
[2024-08-06 13:07:40];[INFO];

[2024-08-06 13:07:40];[INFO];Generating A2T_TC_out\A2T_TC_FWK\STM_ENGINE\STMState_G.c
[2024-08-06 13:07:40];[INFO];[Gen Info] [Gen Debug] |Processing class STMCompositeState...
[2024-08-06 13:07:40];[INFO];

[2024-08-06 13:07:40];[INFO];[Gen Info] [Gen Debug] |New/changed data in the file STMCompositeState_G.h
[2024-08-06 13:07:40];[INFO];

[2024-08-06 13:07:40];[INFO];Generating A2T_TC_out\A2T_TC_FWK\STM_ENGINE\STMCompositeState_G.h
[2024-08-06 13:07:40];[INFO];[Gen Info] [Gen Debug] |New/changed data in the file STMCompositeState_G.c
[2024-08-06 13:07:40];[INFO];

[2024-08-06 13:07:40];[INFO];Generating A2T_TC_out\A2T_TC_FWK\STM_ENGINE\STMCompositeState_G.c
[2024-08-06 13:07:40];[INFO];[Gen Info] [Gen Debug] |Processing class STMCompositeHistoryState...
[2024-08-06 13:07:40];[INFO];

[2024-08-06 13:07:40];[INFO];[Gen Info] [Gen Debug] |New/changed data in the file STMCompositeHistoryState_G.h
[2024-08-06 13:07:40];[INFO];

[2024-08-06 13:07:40];[INFO];Generating A2T_TC_out\A2T_TC_FWK\STM_ENGINE\STMCompositeHistoryState_G.h
[2024-08-06 13:07:40];[INFO];[Gen Info] [Gen Debug] |New/changed data in the file STMCompositeHistoryState_G.c
[2024-08-06 13:07:40];[INFO];

[2024-08-06 13:07:40];[INFO];Generating A2T_TC_out\A2T_TC_FWK\STM_ENGINE\STMCompositeHistoryState_G.c
[2024-08-06 13:07:40];[INFO];[Gen Info] [Gen Debug] |Processing class STMAndState...
[2024-08-06 13:07:40];[INFO];

[2024-08-06 13:07:40];[INFO];[Gen Info] [Gen Debug] |New/changed data in the file STMAndState_G.h
[2024-08-06 13:07:40];[INFO];

[2024-08-06 13:07:40];[INFO];Generating A2T_TC_out\A2T_TC_FWK\STM_ENGINE\STMAndState_G.h
[2024-08-06 13:07:40];[INFO];[Gen Info] [Gen Debug] |New/changed data in the file STMAndState_G.c
[2024-08-06 13:07:40];[INFO];

[2024-08-06 13:07:40];[INFO];Generating A2T_TC_out\A2T_TC_FWK\STM_ENGINE\STMAndState_G.c
[2024-08-06 13:07:40];[INFO];[Gen Info] [Gen Debug] |Processing class STMConnector...
[2024-08-06 13:07:40];[INFO];

[2024-08-06 13:07:40];[INFO];[Gen Info] [Gen Debug] |New/changed data in the file STMConnector_G.h
[2024-08-06 13:07:40];[INFO];

[2024-08-06 13:07:40];[INFO];Generating A2T_TC_out\A2T_TC_FWK\STM_ENGINE\STMConnector_G.h
[2024-08-06 13:07:40];[INFO];[Gen Info] [Gen Debug] |New/changed data in the file STMConnector_G.c
[2024-08-06 13:07:40];[INFO];

[2024-08-06 13:07:40];[INFO];Generating A2T_TC_out\A2T_TC_FWK\STM_ENGINE\STMConnector_G.c
[2024-08-06 13:07:40];[INFO];[Gen Info] [Gen Debug] |Processing class STMTransition...
[2024-08-06 13:07:40];[INFO];

[2024-08-06 13:07:40];[INFO];[Gen Info] [Gen Debug] |New/changed data in the file STMTransition_G.h
[2024-08-06 13:07:40];[INFO];

[2024-08-06 13:07:40];[INFO];Generating A2T_TC_out\A2T_TC_FWK\STM_ENGINE\STMTransition_G.h
[2024-08-06 13:07:40];[INFO];[Gen Info] [Gen Debug] |New/changed data in the file STMTransition_G.c
[2024-08-06 13:07:40];[INFO];

[2024-08-06 13:07:40];[INFO];Generating A2T_TC_out\A2T_TC_FWK\STM_ENGINE\STMTransition_G.c
[2024-08-06 13:07:40];[INFO];[Gen Info] [Gen Debug] |Processing class STMStateChart...
[2024-08-06 13:07:40];[INFO];

[2024-08-06 13:07:40];[INFO];[Gen Info] [Gen Debug] |New/changed data in the file STMStateChart_G.h
[2024-08-06 13:07:40];[INFO];

[2024-08-06 13:07:40];[INFO];Generating A2T_TC_out\A2T_TC_FWK\STM_ENGINE\STMStateChart_G.h
[2024-08-06 13:07:40];[INFO];[Gen Info] [Gen Debug] |New/changed data in the file STMStateChart_G.c
[2024-08-06 13:07:40];[INFO];

[2024-08-06 13:07:40];[INFO];Generating A2T_TC_out\A2T_TC_FWK\STM_ENGINE\STMStateChart_G.c
[2024-08-06 13:07:40];[INFO];[Gen Info] [Gen Debug] |Processing class STMRegion...
[2024-08-06 13:07:40];[INFO];

[2024-08-06 13:07:40];[INFO];[Gen Info] [Gen Debug] |New/changed data in the file STMRegion_G.h
[2024-08-06 13:07:40];[INFO];

[2024-08-06 13:07:40];[INFO];Generating A2T_TC_out\A2T_TC_FWK\STM_ENGINE\STMRegion_G.h
[2024-08-06 13:07:40];[INFO];[Gen Info] [Gen Debug] |New/changed data in the file STMRegion_G.c
[2024-08-06 13:07:40];[INFO];

[2024-08-06 13:07:40];[INFO];Generating A2T_TC_out\A2T_TC_FWK\STM_ENGINE\STMRegion_G.c
[2024-08-06 13:07:40];[INFO];[Gen Info] [Gen Debug] |Processing class STMPath...
[2024-08-06 13:07:40];[INFO];

[2024-08-06 13:07:40];[INFO];[Gen Info] [Gen Debug] |New/changed data in the file STMPath_G.h
[2024-08-06 13:07:41];[INFO];

[2024-08-06 13:07:41];[INFO];Generating A2T_TC_out\A2T_TC_FWK\STM_ENGINE\STMPath_G.h
[2024-08-06 13:07:41];[INFO];[Gen Info] [Gen Debug] |New/changed data in the file STMPath_G.c
[2024-08-06 13:07:41];[INFO];

[2024-08-06 13:07:41];[INFO];Generating A2T_TC_out\A2T_TC_FWK\STM_ENGINE\STMPath_G.c
[2024-08-06 13:07:41];[INFO];[Gen Info] [Gen Debug] |New/changed data in the file STMPath_Cfg.h
[2024-08-06 13:07:41];[INFO];

[2024-08-06 13:07:41];[INFO];Generating A2T_TC_rpy\A2T_TC_FWK\STM_ENGINE\STMPath_Cfg.h
[2024-08-06 13:07:41];[INFO];[Gen Info] [Gen Debug] |New/changed data in the file build.xml
[2024-08-06 13:07:41];[INFO];

[2024-08-06 13:07:41];[INFO];Generating A2T_TC_out\A2T_TC_FWK\STM_ENGINE\LIB_STMEngine\build.xml
[2024-08-06 13:07:41];[INFO];[Gen Info] [Gen Debug] |New/changed data in the file build.incpath
[2024-08-06 13:07:41];[INFO];

[2024-08-06 13:07:41];[INFO];Generating A2T_TC_out\A2T_TC_FWK\STM_ENGINE\LIB_STMEngine\build.incpath
[2024-08-06 13:07:41];[INFO];[Gen Info] [Gen Debug] |New/changed data in the file MinGW_Debug.properties
[2024-08-06 13:07:41];[INFO];

[2024-08-06 13:07:41];[INFO];Generating A2T_TC_out\A2T_TC_FWK\STM_ENGINE\LIB_STMEngine\MinGW_Debug.properties
[2024-08-06 13:07:41];[INFO];[Gen Info] [Gen Debug] |New/changed data in the file build.properties
[2024-08-06 13:07:41];[INFO];

[2024-08-06 13:07:41];[INFO];Generating A2T_TC_out\A2T_TC_FWK\STM_ENGINE\LIB_STMEngine\build.properties
[2024-08-06 13:07:41];[INFO];[Gen Info] [Gen Debug] |New/changed data in the file build.scope
[2024-08-06 13:07:41];[INFO];

[2024-08-06 13:07:41];[INFO];Generating A2T_TC_out\A2T_TC_FWK\STM_ENGINE\LIB_STMEngine\build.scope
[2024-08-06 13:07:41];[INFO];[Gen Info] [Gen Debug] |New/changed data in the file build.usage
[2024-08-06 13:07:41];[INFO];

[2024-08-06 13:07:41];[INFO];Generating A2T_TC_out\A2T_TC_FWK\STM_ENGINE\LIB_STMEngine\build.usage
[2024-08-06 13:07:41];[INFO];[Gen Info] [Gen Debug] |New/changed data in the file build.log
[2024-08-06 13:07:41];[INFO];

[2024-08-06 13:07:41];[INFO];Generating A2T_TC_out\A2T_TC_FWK\STM_ENGINE\LIB_STMEngine\build.log
[2024-08-06 13:07:41];[INFO];[Gen Info] [Gen Debug] |Processing package A2T_SYS...
[2024-08-06 13:07:41];[INFO];

[2024-08-06 13:07:41];[INFO];[Gen Info] [Gen Debug] |New/changed data in the file A2T_SYS.properties
[2024-08-06 13:07:41];[INFO];

[2024-08-06 13:07:41];[INFO];Generating A2T_TC_out\A2T_TC_FWK\A2T_SYS\A2T_SYS.properties
[2024-08-06 13:07:41];[INFO];[Gen Info] [Gen Debug] |New/changed data in the file A2T_SYS_G.h
[2024-08-06 13:07:41];[INFO];

[2024-08-06 13:07:41];[INFO];Generating A2T_TC_out\A2T_TC_FWK\A2T_SYS\A2T_SYS_G.h
[2024-08-06 13:07:41];[INFO];[Gen Info] [Gen Debug] |New/changed data in the file A2T_SYS_Types_G.h
[2024-08-06 13:07:41];[INFO];

[2024-08-06 13:07:41];[INFO];Generating A2T_TC_out\A2T_TC_FWK\A2T_SYS\A2T_SYS_Types_G.h
[2024-08-06 13:07:41];[INFO];[Gen Info] [Gen Debug] |New/changed data in the file A2T_SYS_Typedefs_G.h
[2024-08-06 13:07:41];[INFO];

[2024-08-06 13:07:41];[INFO];Generating A2T_TC_out\A2T_TC_FWK\A2T_SYS\A2T_SYS_Typedefs_G.h
[2024-08-06 13:07:41];[INFO];[Gen Info] [Gen Debug] |Processing class ISysEventNotification...
[2024-08-06 13:07:41];[INFO];

[2024-08-06 13:07:41];[INFO];[Gen Info] [Gen Debug] |New/changed data in the file ISysEventNotification_G.h
[2024-08-06 13:07:41];[INFO];

[2024-08-06 13:07:41];[INFO];Generating A2T_TC_out\A2T_TC_FWK\A2T_SYS\ISysEventNotification_G.h
[2024-08-06 13:07:41];[INFO];[Gen Info] [Gen Debug] |Processing class CSysItem...
[2024-08-06 13:07:41];[INFO];

[2024-08-06 13:07:41];[INFO];[Gen Info] [Gen Debug] |New/changed data in the file CSysItem.c
[2024-08-06 13:07:41];[INFO];

[2024-08-06 13:07:41];[INFO];Generating A2T_TC_rpy\A2T_TC_FWK\A2T_SYS\CSysItem.c
[2024-08-06 13:07:41];[INFO];[Gen Info] [Gen Debug] |New/changed data in the file CSysItem_G.h
[2024-08-06 13:07:41];[INFO];

[2024-08-06 13:07:41];[INFO];Generating A2T_TC_out\A2T_TC_FWK\A2T_SYS\CSysItem_G.h
[2024-08-06 13:07:41];[INFO];[Gen Info] [Gen Debug] |New/changed data in the file build.xml
[2024-08-06 13:07:41];[INFO];

[2024-08-06 13:07:41];[INFO];Generating A2T_TC_out\A2T_TC_FWK\A2T_SYS\LIB_A2T_SYS_LIB_MEM\build.xml
[2024-08-06 13:07:41];[INFO];[Gen Info] [Gen Debug] |New/changed data in the file build.incpath
[2024-08-06 13:07:41];[INFO];

[2024-08-06 13:07:41];[INFO];Generating A2T_TC_out\A2T_TC_FWK\A2T_SYS\LIB_A2T_SYS_LIB_MEM\build.incpath
[2024-08-06 13:07:41];[INFO];[Gen Info] [Gen Debug] |New/changed data in the file DefaultConfig.properties
[2024-08-06 13:07:41];[INFO];

[2024-08-06 13:07:41];[INFO];Generating A2T_TC_out\A2T_TC_FWK\A2T_SYS\LIB_A2T_SYS_LIB_MEM\DefaultConfig.properties
[2024-08-06 13:07:41];[INFO];[Gen Info] [Gen Debug] |New/changed data in the file build.properties
[2024-08-06 13:07:41];[INFO];

[2024-08-06 13:07:41];[INFO];Generating A2T_TC_out\A2T_TC_FWK\A2T_SYS\LIB_A2T_SYS_LIB_MEM\build.properties
[2024-08-06 13:07:41];[INFO];[Gen Info] [Gen Debug] |New/changed data in the file build.scope
[2024-08-06 13:07:41];[INFO];

[2024-08-06 13:07:41];[INFO];Generating A2T_TC_out\A2T_TC_FWK\A2T_SYS\LIB_A2T_SYS_LIB_MEM\build.scope
[2024-08-06 13:07:41];[INFO];[Gen Info] [Gen Debug] |New/changed data in the file build.log
[2024-08-06 13:07:41];[INFO];

[2024-08-06 13:07:41];[INFO];Generating A2T_TC_out\A2T_TC_FWK\A2T_SYS\LIB_A2T_SYS_LIB_MEM\build.log
[2024-08-06 13:07:41];[INFO];[Gen Info] [Gen Debug] |New/changed data in the file build.xml
[2024-08-06 13:07:41];[INFO];

[2024-08-06 13:07:41];[INFO];Generating A2T_TC_out\A2T_TC_FWK\A2T_SYS\LIB_A2T_SYS_OSAL\build.xml
[2024-08-06 13:07:41];[INFO];[Gen Info] [Gen Debug] |New/changed data in the file build.incpath
[2024-08-06 13:07:41];[INFO];

[2024-08-06 13:07:41];[INFO];Generating A2T_TC_out\A2T_TC_FWK\A2T_SYS\LIB_A2T_SYS_OSAL\build.incpath
[2024-08-06 13:07:41];[INFO];[Gen Info] [Gen Debug] |New/changed data in the file DefaultConfig.properties
[2024-08-06 13:07:41];[INFO];

[2024-08-06 13:07:41];[INFO];Generating A2T_TC_out\A2T_TC_FWK\A2T_SYS\LIB_A2T_SYS_OSAL\DefaultConfig.properties
[2024-08-06 13:07:41];[INFO];[Gen Info] [Gen Debug] |New/changed data in the file build.properties
[2024-08-06 13:07:41];[INFO];

[2024-08-06 13:07:41];[INFO];Generating A2T_TC_out\A2T_TC_FWK\A2T_SYS\LIB_A2T_SYS_OSAL\build.properties
[2024-08-06 13:07:41];[INFO];[Gen Info] [Gen Debug] |New/changed data in the file build.scope
[2024-08-06 13:07:41];[INFO];

[2024-08-06 13:07:41];[INFO];Generating A2T_TC_out\A2T_TC_FWK\A2T_SYS\LIB_A2T_SYS_OSAL\build.scope
[2024-08-06 13:07:41];[INFO];[Gen Info] [Gen Debug] |New/changed data in the file build.log
[2024-08-06 13:07:41];[INFO];

[2024-08-06 13:07:41];[INFO];Generating A2T_TC_out\A2T_TC_FWK\A2T_SYS\LIB_A2T_SYS_OSAL\build.log
[2024-08-06 13:07:41];[INFO];[Gen Info] [Gen Debug] |New/changed data in the file build.xml
[2024-08-06 13:07:41];[INFO];

[2024-08-06 13:07:41];[INFO];Generating A2T_TC_out\A2T_TC_FWK\A2T_SYS\LIB_A2T_SYS\build.xml
[2024-08-06 13:07:41];[INFO];[Gen Info] [Gen Debug] |New/changed data in the file build.incpath
[2024-08-06 13:07:41];[INFO];

[2024-08-06 13:07:41];[INFO];Generating A2T_TC_out\A2T_TC_FWK\A2T_SYS\LIB_A2T_SYS\build.incpath
[2024-08-06 13:07:41];[INFO];[Gen Info] [Gen Debug] |New/changed data in the file DefaultConfig.properties
[2024-08-06 13:07:41];[INFO];

[2024-08-06 13:07:41];[INFO];Generating A2T_TC_out\A2T_TC_FWK\A2T_SYS\LIB_A2T_SYS\DefaultConfig.properties
[2024-08-06 13:07:41];[INFO];[Gen Info] [Gen Debug] |New/changed data in the file build.properties
[2024-08-06 13:07:41];[INFO];

[2024-08-06 13:07:41];[INFO];Generating A2T_TC_out\A2T_TC_FWK\A2T_SYS\LIB_A2T_SYS\build.properties
[2024-08-06 13:07:41];[INFO];[Gen Info] [Gen Debug] |New/changed data in the file build.scope
[2024-08-06 13:07:41];[INFO];

[2024-08-06 13:07:41];[INFO];Generating A2T_TC_out\A2T_TC_FWK\A2T_SYS\LIB_A2T_SYS\build.scope
[2024-08-06 13:07:41];[INFO];[Gen Info] [Gen Debug] |New/changed data in the file build.log
[2024-08-06 13:07:41];[INFO];

[2024-08-06 13:07:41];[INFO];Generating A2T_TC_out\A2T_TC_FWK\A2T_SYS\LIB_A2T_SYS\build.log
[2024-08-06 13:07:41];[INFO];[Gen Info] [Gen Debug] |Processing package Libs...
[2024-08-06 13:07:41];[INFO];

[2024-08-06 13:07:41];[INFO];[Gen Info] [Gen Debug] |New/changed data in the file Libs_G.h
[2024-08-06 13:07:41];[INFO];

[2024-08-06 13:07:41];[INFO];Generating A2T_TC_out\A2T_TC_FWK\A2T_SYS\Libs\Libs_G.h
[2024-08-06 13:07:41];[INFO];[Gen Info] [Gen Debug] |New/changed data in the file Libs_Types_G.h
[2024-08-06 13:07:41];[INFO];

[2024-08-06 13:07:41];[INFO];Generating A2T_TC_out\A2T_TC_FWK\A2T_SYS\Libs\Libs_Types_G.h
[2024-08-06 13:07:41];[INFO];[Gen Info] [Gen Debug] |Processing class CLibMath...
[2024-08-06 13:07:41];[INFO];

[2024-08-06 13:07:41];[INFO];[Gen Info] [Gen Debug] |New/changed data in the file CLibMath.c
[2024-08-06 13:07:41];[INFO];

[2024-08-06 13:07:41];[INFO];Generating A2T_TC_rpy\A2T_TC_FWK\A2T_SYS\Libs\CLibMath.c
[2024-08-06 13:07:41];[INFO];[Gen Info] [Gen Debug] |New/changed data in the file CLibMath_G.h
[2024-08-06 13:07:41];[INFO];

[2024-08-06 13:07:41];[INFO];Generating A2T_TC_out\A2T_TC_FWK\A2T_SYS\Libs\CLibMath_G.h
[2024-08-06 13:07:41];[INFO];[Gen Info] [Gen Debug] |Processing class CLibMem...
[2024-08-06 13:07:41];[INFO];

[2024-08-06 13:07:41];[INFO];[Gen Info] [Gen Debug] |New/changed data in the file CLibMem.c
[2024-08-06 13:07:41];[INFO];

[2024-08-06 13:07:41];[INFO];Generating A2T_TC_rpy\A2T_TC_FWK\A2T_SYS\Libs\CLibMem.c
[2024-08-06 13:07:41];[INFO];[Gen Info] [Gen Debug] |New/changed data in the file CLibMem_G.h
[2024-08-06 13:07:41];[INFO];

[2024-08-06 13:07:41];[INFO];Generating A2T_TC_out\A2T_TC_FWK\A2T_SYS\Libs\CLibMem_G.h
[2024-08-06 13:07:41];[INFO];[Gen Info] [Gen Debug] |Processing package Osal...
[2024-08-06 13:07:41];[INFO];

[2024-08-06 13:07:41];[INFO];[Gen Info] [Gen Debug] |New/changed data in the file Osal_G.h
[2024-08-06 13:07:41];[INFO];

[2024-08-06 13:07:41];[INFO];Generating A2T_TC_out\A2T_TC_FWK\A2T_SYS\Osal\Osal_G.h
[2024-08-06 13:07:41];[INFO];[Gen Info] [Gen Debug] |New/changed data in the file Osal_Types_G.h
[2024-08-06 13:07:41];[INFO];

[2024-08-06 13:07:41];[INFO];Generating A2T_TC_out\A2T_TC_FWK\A2T_SYS\Osal\Osal_Types_G.h
[2024-08-06 13:07:41];[INFO];[Gen Info] [Gen Debug] |New/changed data in the file Osal_Typedefs_G.h
[2024-08-06 13:07:41];[INFO];

[2024-08-06 13:07:41];[INFO];Generating A2T_TC_out\A2T_TC_FWK\A2T_SYS\Osal\Osal_Typedefs_G.h
[2024-08-06 13:07:41];[INFO];[Gen Info] [Gen Debug] |Processing class CSysContextStatus...
[2024-08-06 13:07:41];[INFO];

[2024-08-06 13:07:41];[INFO];[Gen Info] [Gen Debug] |New/changed data in the file CSysContextStatus_G.h
[2024-08-06 13:07:42];[INFO];

[2024-08-06 13:07:42];[INFO];Generating A2T_TC_out\A2T_TC_FWK\A2T_SYS\Osal\CSysContextStatus_G.h
[2024-08-06 13:07:42];[INFO];[Gen Info] [Gen Debug] |Processing class CSysExclusiveArea...
[2024-08-06 13:07:42];[INFO];

[2024-08-06 13:07:42];[INFO];[Gen Info] [Gen Debug] |New/changed data in the file CSysExclusiveArea_G.h
[2024-08-06 13:07:42];[INFO];

[2024-08-06 13:07:42];[INFO];Generating A2T_TC_out\A2T_TC_FWK\A2T_SYS\Osal\CSysExclusiveArea_G.h
[2024-08-06 13:07:42];[INFO];[Gen Info] [Gen Debug] |Processing class CSysTask...
[2024-08-06 13:07:42];[INFO];

[2024-08-06 13:07:42];[INFO];[Gen Info] [Gen Debug] |New/changed data in the file CSysTask_G.h
[2024-08-06 13:07:42];[INFO];

[2024-08-06 13:07:42];[INFO];Generating A2T_TC_out\A2T_TC_FWK\A2T_SYS\Osal\CSysTask_G.h
[2024-08-06 13:07:42];[INFO];[Gen Info] [Gen Debug] |Processing class ISysTaskNotification...
[2024-08-06 13:07:42];[INFO];

[2024-08-06 13:07:42];[INFO];[Gen Info] [Gen Debug] |New/changed data in the file ISysTaskNotification_G.h
[2024-08-06 13:07:42];[INFO];

[2024-08-06 13:07:42];[INFO];Generating A2T_TC_out\A2T_TC_FWK\A2T_SYS\Osal\ISysTaskNotification_G.h
[2024-08-06 13:07:42];[INFO];[Gen Info] [Gen Debug] |Processing class CSysAlarm...
[2024-08-06 13:07:42];[INFO];

[2024-08-06 13:07:42];[INFO];[Gen Info] [Gen Debug] |New/changed data in the file CSysAlarm_G.h
[2024-08-06 13:07:42];[INFO];

[2024-08-06 13:07:42];[INFO];Generating A2T_TC_out\A2T_TC_FWK\A2T_SYS\Osal\CSysAlarm_G.h
[2024-08-06 13:07:42];[INFO];[Gen Info] [Gen Debug] |Processing package A2T_TC_FWK_OBCINSTANCER...
[2024-08-06 13:07:42];[INFO];

[2024-08-06 13:07:42];[INFO];[Gen Info] [Gen Debug] |New/changed data in the file A2T_TC_FWK_OBCINSTANCER.properties
[2024-08-06 13:07:42];[INFO];

[2024-08-06 13:07:42];[INFO];Generating A2T_TC_out\A2T_TC_FWK_OBCINSTANCER\A2T_TC_FWK_OBCINSTANCER.properties
[2024-08-06 13:07:42];[INFO];[Gen Info] [Gen Debug] |Processing package A2T_OBC...
[2024-08-06 13:07:42];[INFO];

[2024-08-06 13:07:42];[INFO];[Gen Info] [Gen Debug] |New/changed data in the file A2T_OBC.properties
[2024-08-06 13:07:42];[INFO];

[2024-08-06 13:07:42];[INFO];Generating A2T_TC_out\A2T_TC_FWK_OBCINSTANCER\A2T_OBC\A2T_OBC.properties
[2024-08-06 13:07:42];[INFO];[Gen Info] [Gen Debug] |New/changed data in the file A2T_OBC_G.h
[2024-08-06 13:07:42];[INFO];

[2024-08-06 13:07:42];[INFO];Generating A2T_TC_out\A2T_TC_FWK_OBCINSTANCER\A2T_OBC\A2T_OBC_G.h
[2024-08-06 13:07:42];[INFO];[Gen Info] [Gen Debug] |New/changed data in the file A2T_OBC_Typedefs_G.h
[2024-08-06 13:07:42];[INFO];

[2024-08-06 13:07:42];[INFO];Generating A2T_TC_out\A2T_TC_FWK_OBCINSTANCER\A2T_OBC\A2T_OBC_Typedefs_G.h
[2024-08-06 13:07:42];[INFO];[Gen Info] [Gen Debug] |Processing package Osal...
[2024-08-06 13:07:42];[INFO];

[2024-08-06 13:07:42];[INFO];[Gen Info] [Gen Debug] |New/changed data in the file Osal_G.h
[2024-08-06 13:07:42];[INFO];

[2024-08-06 13:07:42];[INFO];Generating A2T_TC_out\A2T_TC_FWK_OBCINSTANCER\A2T_OBC\Osal\Osal_G.h
[2024-08-06 13:07:42];[INFO];[Gen Info] [Gen Debug] |New/changed data in the file Osal_Types_G.h
[2024-08-06 13:07:42];[INFO];

[2024-08-06 13:07:42];[INFO];Generating A2T_TC_out\A2T_TC_FWK_OBCINSTANCER\A2T_OBC\Osal\Osal_Types_G.h
[2024-08-06 13:07:42];[INFO];[Gen Info] [Gen Debug] |Processing class CObcExclusiveArea...
[2024-08-06 13:07:42];[INFO];

[2024-08-06 13:07:42];[INFO];[Gen Info] [Gen Debug] |New/changed data in the file CObcExclusiveArea.c
[2024-08-06 13:07:42];[INFO];

[2024-08-06 13:07:42];[INFO];Generating A2T_TC_rpy\A2T_TC_FWK_OBCINSTANCER\A2T_OBC\Osal\CObcExclusiveArea.c
[2024-08-06 13:07:42];[INFO];[Gen Info] [Gen Debug] |New/changed data in the file CObcExclusiveArea_G.h
[2024-08-06 13:07:42];[INFO];

[2024-08-06 13:07:42];[INFO];Generating A2T_TC_out\A2T_TC_FWK_OBCINSTANCER\A2T_OBC\Osal\CObcExclusiveArea_G.h
[2024-08-06 13:07:42];[INFO];[Gen Info] [Gen Debug] |Processing package GatewayProjectFiles...
[2024-08-06 13:07:42];[INFO];

[2024-08-06 13:07:42];[INFO];[Gen Info] [Gen Debug] |solution.default.component value=E40_Platform::E40_Platform::RhapsodyChecker
[2024-08-06 13:07:42];[INFO];

[2024-08-06 13:07:42];[INFO];[Gen Info] [Gen Debug] |solution.default.configuration value=DefaultConfig
[2024-08-06 13:07:42];[INFO];

[2024-08-06 13:07:42];[INFO];[Gen Info] [Gen Debug] |New/changed data in the file E40_Platform.xml
[2024-08-06 13:07:42];[INFO];

[2024-08-06 13:07:42];[INFO];Generating E40_Platform_out\E40_Platform.xml
[2024-08-06 13:07:42];[INFO];[Gen Info] [Gen Debug] |New/changed data in the file E40_Platform.cmplist
[2024-08-06 13:07:42];[INFO];

[2024-08-06 13:07:42];[INFO];Generating E40_Platform_out\E40_Platform.cmplist
[2024-08-06 13:07:42];[INFO];[Gen Info] ===================================================================
[2024-08-06 13:07:42];[INFO];

[2024-08-06 13:07:42];[INFO];[Gen Info]        Statistics
[2024-08-06 13:07:42];[INFO];

[2024-08-06 13:07:42];[INFO];[Gen Info] -------------------------------------------------------------------
[2024-08-06 13:07:42];[INFO];

[2024-08-06 13:07:42];[INFO];[Gen Info]  New files count       : 326
[2024-08-06 13:07:42];[INFO];

[2024-08-06 13:07:42];[INFO];[Gen Info]  Different files count : 0
[2024-08-06 13:07:42];[INFO];

[2024-08-06 13:07:42];[INFO];[Gen Info]  Failed updates count  : 0
[2024-08-06 13:07:42];[INFO];

[2024-08-06 13:07:42];[INFO];[Gen Info]  100% equal generation : 0
[2024-08-06 13:07:42];[INFO];

[2024-08-06 13:07:42];[INFO];[Gen Info] -------------------------------------------------------------------
[2024-08-06 13:07:42];[INFO];

[2024-08-06 13:07:42];[INFO];[Gen Info]  Processed packages    : 76
[2024-08-06 13:07:42];[INFO];

[2024-08-06 13:07:42];[INFO];[Gen Info]  Processed classes     : 162
[2024-08-06 13:07:42];[INFO];

[2024-08-06 13:07:42];[INFO];[Gen Info] ===================================================================
[2024-08-06 13:07:42];[INFO];

[2024-08-06 13:07:42];[INFO];[Gen Info] Generation completed: Tue Aug 06 13:07:42 IST 2024 (17.405s since start)
[2024-08-06 13:07:42];[INFO];

[2024-08-06 13:07:42];[INFO];[Gen Info] Export started: Tue Aug 06 13:07:42 IST 2024
[2024-08-06 13:07:42];[INFO];

[2024-08-06 13:07:44];[INFO];[Gen Info] --- Initializing types ---
[2024-08-06 13:07:44];[INFO];

[2024-08-06 13:07:44];[INFO];[Gen Info]   Import :E40_Platform
[2024-08-06 13:07:44];[INFO];

[2024-08-06 13:07:44];[INFO];[Gen Info]   Import :autoCreatedTypes
[2024-08-06 13:07:44];[INFO];

[2024-08-06 13:07:44];[INFO];[Gen Info] Package : autoCreatedTypes [Package]
[2024-08-06 13:07:44];[INFO];

[2024-08-06 13:07:44];[INFO];[Gen Info]   Simple type : UnknownDefinition
[2024-08-06 13:07:44];[INFO];

[2024-08-06 13:07:44];[INFO];[Gen Info] --- Initializing Transported Interface ---
[2024-08-06 13:07:44];[INFO];

[2024-08-06 13:07:44];[INFO];[Gen Info] --- Transforming project --- 
[2024-08-06 13:07:44];[INFO];

[2024-08-06 13:07:44];[INFO];[Gen Info] Package : A2T_Profile [Profile]
[2024-08-06 13:07:44];[INFO];

[2024-08-06 13:07:44];[INFO];[Gen Info] Package : JCI_Profile [Profile]
[2024-08-06 13:07:44];[INFO];

[2024-08-06 13:07:44];[INFO];[Gen Info] Package : visteon_dm_profile [Profile]
[2024-08-06 13:07:44];[INFO];

[2024-08-06 13:07:44];[INFO];[Gen Info]   Language : DiagFaultType
[2024-08-06 13:07:44];[INFO];

[2024-08-06 13:07:44];[INFO];[Gen Info]   Language : timer_id
[2024-08-06 13:07:44];[INFO];

[2024-08-06 13:07:44];[INFO];[Gen Info]   Language : SW_TIMER_STATE
[2024-08-06 13:07:44];[INFO];

[2024-08-06 13:07:44];[INFO];[Gen Info]   Enumeration : ReusabilityType
[2024-08-06 13:07:44];[INFO];

[2024-08-06 13:07:44];[INFO];[Gen Info]   Enumeration : ASILType
[2024-08-06 13:07:44];[INFO];

[2024-08-06 13:07:44];[INFO];[Gen Info]   Enumeration : SeverityCriteriaType
[2024-08-06 13:07:44];[INFO];

[2024-08-06 13:07:44];[INFO];[Gen Info]   Enumeration : IterationType
[2024-08-06 13:07:44];[INFO];

[2024-08-06 13:07:44];[INFO];[Gen Info] Package : CGCompatibilityPre901Cpp [Settings]
[2024-08-06 13:07:44];[INFO];

[2024-08-06 13:07:44];[INFO];[Gen Info] Package : E40_Platform [Package]
[2024-08-06 13:07:44];[INFO];

[2024-08-06 13:07:44];[INFO];[Gen Info] Package : C_GlobalDesign [SharedPackage]
[2024-08-06 13:07:44];[INFO];

[2024-08-06 13:07:44];[INFO];[Gen Info]   Import :E40_Platform
[2024-08-06 13:07:44];[INFO];

[2024-08-06 13:07:44];[INFO];[Gen Info] Package : SW_Classes [Package]
[2024-08-06 13:07:44];[INFO];

[2024-08-06 13:07:44];[INFO];[Gen Info]   Import :C_GlobalDesign
[2024-08-06 13:07:44];[INFO];

[2024-08-06 13:07:44];[INFO];[Gen Info] Package : E40_Platform_System [DesignUnit]
[2024-08-06 13:07:44];[INFO];

[2024-08-06 13:07:44];[INFO];[Gen Info]   Import :SW_Classes
[2024-08-06 13:07:44];[INFO];

[2024-08-06 13:07:44];[INFO];[Gen Info] Package : E40_Platform_CMN_SYSTEM [Package]
[2024-08-06 13:07:44];[INFO];

[2024-08-06 13:07:44];[INFO];[Gen Info]   Import :E40_Platform_System
[2024-08-06 13:07:44];[INFO];

[2024-08-06 13:07:44];[INFO];[Gen Info]   Import :A2T_OBC
[2024-08-06 13:07:44];[INFO];

[2024-08-06 13:07:44];[INFO];[Gen Info]   Import :BSW_EcumExt
[2024-08-06 13:07:44];[INFO];

[2024-08-06 13:07:44];[INFO];[Gen Info]   Import :BSW_EcuAppM
[2024-08-06 13:07:44];[INFO];

[2024-08-06 13:07:44];[INFO];[Gen Info]   Import :BacklightCdd
[2024-08-06 13:07:44];[INFO];

[2024-08-06 13:07:44];[INFO];[Gen Info]   Import :BSW_IOHWAB
[2024-08-06 13:07:44];[INFO];

[2024-08-06 13:07:44];[INFO];[Gen Info]   Import :A2T_SYS
[2024-08-06 13:07:44];[INFO];

[2024-08-06 13:07:44];[INFO];[Gen Info]   Import :DisplayCdd
[2024-08-06 13:07:44];[INFO];

[2024-08-06 13:07:44];[INFO];[Gen Info]   Import :BSW_TmExt
[2024-08-06 13:07:44];[INFO];

[2024-08-06 13:07:44];[INFO];[Gen Info]   Import :SleepManager
[2024-08-06 13:07:44];[INFO];

[2024-08-06 13:07:44];[INFO];[Gen Info]   Import :BSW_NvmExt
[2024-08-06 13:07:44];[INFO];

[2024-08-06 13:07:44];[INFO];[Gen Info]   Import :MemAbstractMdl
[2024-08-06 13:07:44];[INFO];

[2024-08-06 13:07:44];[INFO];[Gen Info]   Import :UclProxyCdd
[2024-08-06 13:07:44];[INFO];

[2024-08-06 13:07:44];[INFO];[Gen Info]   Import :DmnMgr
[2024-08-06 13:07:44];[INFO];

[2024-08-06 13:07:44];[INFO];[Gen Info]   Import :RTCCdd
[2024-08-06 13:07:44];[INFO];

[2024-08-06 13:07:44];[INFO];[Gen Info]   Import :EcuPowerM
[2024-08-06 13:07:44];[INFO];

[2024-08-06 13:07:44];[INFO];[Gen Info]   Import :BattMdl
[2024-08-06 13:07:44];[INFO];

[2024-08-06 13:07:44];[INFO];[Gen Info]   Import :SndCdd
[2024-08-06 13:07:44];[INFO];

[2024-08-06 13:07:45];[INFO];[Gen Info]   Import :BSW_DcmExt
[2024-08-06 13:07:45];[INFO];

[2024-08-06 13:07:45];[INFO];[Gen Info]   Import :BSW_DemExt
[2024-08-06 13:07:45];[INFO];

[2024-08-06 13:07:45];[INFO];[Gen Info]   Class E40_Platform_System [Class]
[2024-08-06 13:07:45];[INFO];

[2024-08-06 13:07:45];[INFO];[Gen Info] Relation : EcuAppM [composition]
[2024-08-06 13:07:45];[INFO];

[2024-08-06 13:07:45];[INFO];[Gen Info] Package : BSW_EcuAppM [DesignUnit]
[2024-08-06 13:07:45];[INFO];

[2024-08-06 13:07:45];[INFO];[Gen Info]   Import :BSW_PACKAGES
[2024-08-06 13:07:45];[INFO];

[2024-08-06 13:07:45];[INFO];[Gen Info]   Import :BSW_IF_PACKAGES
[2024-08-06 13:07:45];[INFO];

[2024-08-06 13:07:45];[INFO];[Gen Info]   Import :CDD_IF_PACKAGES
[2024-08-06 13:07:45];[INFO];

[2024-08-06 13:07:45];[INFO];[Gen Info]   Import :SWC_IF_PACKAGES
[2024-08-06 13:07:45];[INFO];

[2024-08-06 13:07:45];[INFO];[Gen Info]   Import :P_BSW_EcuAppM
[2024-08-06 13:07:45];[INFO];

[2024-08-06 13:07:45];[INFO];[Gen Info]   Class BSW_EcuAppM [Class]
[2024-08-06 13:07:45];[INFO];

[2024-08-06 13:07:45];[INFO];[Gen Info] Relation : EcuAppM [composition]
[2024-08-06 13:07:45];[INFO];

[2024-08-06 13:07:45];[INFO];[Gen Info] Package : P_BSW_EcuAppM [Package]
[2024-08-06 13:07:45];[INFO];

[2024-08-06 13:07:45];[INFO];[Gen Info]   Class S_EcuAppM [Class]
[2024-08-06 13:07:45];[INFO];

[2024-08-06 13:07:45];[INFO];[Gen Info]   TI : if_CS_EcuAppM [TransportedInterface]
[2024-08-06 13:07:45];[INFO];

[2024-08-06 13:07:45];[INFO];[Gen Info] DATA_SND_CAN_INVALIDATE
[2024-08-06 13:07:45];[INFO];

[2024-08-06 13:07:45];[INFO];[Gen Info] DATA_SND_IMPLICIT_SEND
[2024-08-06 13:07:45];[INFO];

[2024-08-06 13:07:45];[INFO];[Gen Info] DATA_RCV_IMPLICIT_RECEIVE
[2024-08-06 13:07:45];[INFO];

[2024-08-06 13:07:45];[INFO];[Gen Info] CALL_CLNT_CLIENTMODE
[2024-08-06 13:07:45];[INFO];

[2024-08-06 13:07:45];[INFO];[Gen Info] Package : A2T_SYS [DesignUnit]
[2024-08-06 13:07:45];[INFO];

[2024-08-06 13:07:45];[INFO];[Gen Info]   Import :A2T_TC_FWK
[2024-08-06 13:07:45];[INFO];

[2024-08-06 13:07:45];[INFO];[Gen Info]   Language : unsigned char
[2024-08-06 13:07:45];[INFO];

[2024-08-06 13:07:45];[INFO];[Gen Info]   Simple type : boolean
[2024-08-06 13:07:45];[INFO];

[2024-08-06 13:07:45];[INFO];[Gen Info]   Simple type : boolean_Ref
[2024-08-06 13:07:45];[INFO];

[2024-08-06 13:07:45];[INFO];[Gen Info]   Language : float
[2024-08-06 13:07:45];[INFO];

[2024-08-06 13:07:45];[INFO];[Gen Info]   Simple type : float32
[2024-08-06 13:07:45];[INFO];

[2024-08-06 13:07:45];[INFO];[Gen Info]   Simple type : float32_Ref
[2024-08-06 13:07:45];[INFO];

[2024-08-06 13:07:45];[INFO];[Gen Info]   Language : double
[2024-08-06 13:07:45];[INFO];

[2024-08-06 13:07:45];[INFO];[Gen Info]   Simple type : float64
[2024-08-06 13:07:45];[INFO];

[2024-08-06 13:07:45];[INFO];[Gen Info]   Simple type : float64_Ref
[2024-08-06 13:07:45];[INFO];

[2024-08-06 13:07:45];[INFO];[Gen Info]   Language : short
[2024-08-06 13:07:45];[INFO];

[2024-08-06 13:07:45];[INFO];[Gen Info]   Simple type : sint16
[2024-08-06 13:07:45];[INFO];

[2024-08-06 13:07:45];[INFO];[Gen Info]   Simple type : sint16_Ref
[2024-08-06 13:07:45];[INFO];

[2024-08-06 13:07:45];[INFO];[Gen Info]   Language : long
[2024-08-06 13:07:45];[INFO];

[2024-08-06 13:07:45];[INFO];[Gen Info]   Simple type : sint32
[2024-08-06 13:07:45];[INFO];

[2024-08-06 13:07:45];[INFO];[Gen Info]   Simple type : sint32_Ref
[2024-08-06 13:07:45];[INFO];

[2024-08-06 13:07:45];[INFO];[Gen Info]   Simple type : sint64
[2024-08-06 13:07:45];[INFO];

[2024-08-06 13:07:45];[INFO];[Gen Info]   Simple type : sint64_Ref
[2024-08-06 13:07:45];[INFO];

[2024-08-06 13:07:45];[INFO];[Gen Info]   Language : char
[2024-08-06 13:07:45];[INFO];

[2024-08-06 13:07:45];[INFO];[Gen Info]   Simple type : sint8
[2024-08-06 13:07:45];[INFO];

[2024-08-06 13:07:45];[INFO];[Gen Info]   Simple type : sint8_Ref
[2024-08-06 13:07:45];[INFO];

[2024-08-06 13:07:45];[INFO];[Gen Info]   Language : unsigned short
[2024-08-06 13:07:45];[INFO];

[2024-08-06 13:07:45];[INFO];[Gen Info]   Simple type : uint16
[2024-08-06 13:07:45];[INFO];

[2024-08-06 13:07:45];[INFO];[Gen Info]   Simple type : uint16_Ref
[2024-08-06 13:07:45];[INFO];

[2024-08-06 13:07:45];[INFO];[Gen Info]   Language : unsigned long
[2024-08-06 13:07:45];[INFO];

[2024-08-06 13:07:45];[INFO];[Gen Info]   Simple type : uint32
[2024-08-06 13:07:45];[INFO];

[2024-08-06 13:07:45];[INFO];[Gen Info]   Simple type : uint32_Ref
[2024-08-06 13:07:45];[INFO];

[2024-08-06 13:07:45];[INFO];[Gen Info]   Simple type : uint64
[2024-08-06 13:07:45];[INFO];

[2024-08-06 13:07:45];[INFO];[Gen Info]   Simple type : uint64_Ref
[2024-08-06 13:07:45];[INFO];

[2024-08-06 13:07:45];[INFO];[Gen Info]   Simple type : uint8
[2024-08-06 13:07:45];[INFO];

[2024-08-06 13:07:45];[INFO];[Gen Info]   Simple type : uint8_Ref
[2024-08-06 13:07:45];[INFO];

[2024-08-06 13:07:45];[INFO];[Gen Info]   Language : cFalse
[2024-08-06 13:07:45];[INFO];

[2024-08-06 13:07:45];[INFO];[Gen Info]   Language : cTrue
[2024-08-06 13:07:45];[INFO];

[2024-08-06 13:07:45];[INFO];[Gen Info]   Language : UNREFERENCED_PARAMETER
[2024-08-06 13:07:45];[INFO];

[2024-08-06 13:07:45];[INFO];[Gen Info]   Simple type : EventID
[2024-08-06 13:07:45];[INFO];

[2024-08-06 13:07:45];[INFO];[Gen Info]   Structure : Event
[2024-08-06 13:07:45];[INFO];

[2024-08-06 13:07:45];[INFO];[Gen Info]   Simple type : Event_Ref
[2024-08-06 13:07:45];[INFO];

[2024-08-06 13:07:45];[INFO];[Gen Info]   Enumeration : BOOL_TYPE
[2024-08-06 13:07:45];[INFO];

[2024-08-06 13:07:45];[INFO];[Gen Info]   Language : TRUE
[2024-08-06 13:07:45];[INFO];

[2024-08-06 13:07:45];[INFO];[Gen Info]   Language : FALSE
[2024-08-06 13:07:45];[INFO];

[2024-08-06 13:07:45];[INFO];[Gen Info]   Language : cNumberOfBitsPerByte
[2024-08-06 13:07:45];[INFO];

[2024-08-06 13:07:45];[INFO];[Gen Info]   Simple type : Std_ReturnType
[2024-08-06 13:07:45];[INFO];

[2024-08-06 13:07:45];[INFO];[Gen Info]   Simple type : SysReturnType
[2024-08-06 13:07:45];[INFO];

[2024-08-06 13:07:45];[INFO];[Gen Info]   Language : SysReturn_Fail
[2024-08-06 13:07:45];[INFO];

[2024-08-06 13:07:45];[INFO];[Gen Info]   Language : SysReturn_Ok
[2024-08-06 13:07:45];[INFO];

[2024-08-06 13:07:45];[INFO];[Gen Info]   Language : SysReturn_Wait
[2024-08-06 13:07:45];[INFO];

[2024-08-06 13:07:45];[INFO];[Gen Info]   Language : E_OK
[2024-08-06 13:07:45];[INFO];

[2024-08-06 13:07:45];[INFO];[Gen Info]   Language : E_NOT_OK
[2024-08-06 13:07:45];[INFO];

[2024-08-06 13:07:45];[INFO];[Gen Info]   Language : mIsSysReturnOk
[2024-08-06 13:07:45];[INFO];

[2024-08-06 13:07:45];[INFO];[Gen Info]   Language : mIsSysReturnFail
[2024-08-06 13:07:45];[INFO];

[2024-08-06 13:07:45];[INFO];[Gen Info]   Language : mIsSysReturnWait
[2024-08-06 13:07:45];[INFO];

[2024-08-06 13:07:45];[INFO];[Gen Info]   Language : TypeMinMaxDefines
[2024-08-06 13:07:45];[INFO];

[2024-08-06 13:07:45];[INFO];[Gen Info]   Language : AS_STD_TYPES_PROTECTION
[2024-08-06 13:07:45];[INFO];

[2024-08-06 13:07:45];[INFO];[Gen Info]   Interface : ISysEventNotification [Interface]
[2024-08-06 13:07:45];[INFO];

[2024-08-06 13:07:45];[INFO];[Gen Info]   Class CSysItem [Class]
[2024-08-06 13:07:45];[INFO];

[2024-08-06 13:07:45];[INFO];[Gen Info] Package : Libs [Package]
[2024-08-06 13:07:45];[INFO];

[2024-08-06 13:07:45];[INFO];[Gen Info]   Class CLibMath [Class]
[2024-08-06 13:07:45];[INFO];

[2024-08-06 13:07:45];[INFO];[Gen Info]   Class CLibMem [Class]
[2024-08-06 13:07:45];[INFO];

[2024-08-06 13:07:45];[INFO];[Gen Info] Package : Osal [Package]
[2024-08-06 13:07:45];[INFO];

[2024-08-06 13:07:45];[INFO];[Gen Info]   Simple type : OsTaskIdType
[2024-08-06 13:07:45];[INFO];

[2024-08-06 13:07:45];[INFO];[Gen Info]   Simple type : OsCoreIdType
[2024-08-06 13:07:45];[INFO];

[2024-08-06 13:07:45];[INFO];[Gen Info]   Simple type : OsIsrIdType
[2024-08-06 13:07:45];[INFO];

[2024-08-06 13:07:45];[INFO];[Gen Info]   Simple type : OsContextIdType
[2024-08-06 13:07:45];[INFO];

[2024-08-06 13:07:45];[INFO];[Gen Info]   Class CSysContextStatus [Class]
[2024-08-06 13:07:45];[INFO];

[2024-08-06 13:07:45];[INFO];[Gen Info]   Class CSysExclusiveArea [Class]
[2024-08-06 13:07:45];[INFO];

[2024-08-06 13:07:45];[INFO];[Gen Info]   Class CSysTask [Class]
[2024-08-06 13:07:45];[INFO];

[2024-08-06 13:07:45];[INFO];[Gen Info]   Interface : ISysTaskNotification [Interface]
[2024-08-06 13:07:45];[INFO];

[2024-08-06 13:07:45];[INFO];[Gen Info]   Class CSysAlarm [Class]
[2024-08-06 13:07:45];[INFO];

[2024-08-06 13:07:45];[INFO];[Gen Info] Constraint : Perioidic [Constraint]
[2024-08-06 13:07:45];[INFO];

[2024-08-06 13:07:45];[INFO];[Gen Info] Constraint : Init [if_CS_EcuAppM]
[2024-08-06 13:07:45];[INFO];

[2024-08-06 13:07:45];[INFO];[Gen Info] Tag : SOURCE = if_CS_EcuAppM.Init
[2024-08-06 13:07:45];[INFO];

[2024-08-06 13:07:45];[INFO];[Gen Info] Constraint : EcuAppM_SetWakeupSources [if_CS_EcuAppM]
[2024-08-06 13:07:45];[INFO];

[2024-08-06 13:07:45];[INFO];[Gen Info] Tag : SOURCE = if_CS_EcuAppM.EcuAppM_SetWakeupSources
[2024-08-06 13:07:45];[INFO];

[2024-08-06 13:07:45];[INFO];[Gen Info]   TI : if_CS_ModeOnCommand [TransportedInterface]
[2024-08-06 13:07:45];[INFO];

[2024-08-06 13:07:45];[INFO];[Gen Info] DATA_SND_CAN_INVALIDATE
[2024-08-06 13:07:45];[INFO];

[2024-08-06 13:07:45];[INFO];[Gen Info] DATA_SND_IMPLICIT_SEND
[2024-08-06 13:07:45];[INFO];

[2024-08-06 13:07:45];[INFO];[Gen Info] DATA_RCV_IMPLICIT_RECEIVE
[2024-08-06 13:07:45];[INFO];

[2024-08-06 13:07:45];[INFO];[Gen Info] CALL_CLNT_CLIENTMODE
[2024-08-06 13:07:45];[INFO];

[2024-08-06 13:07:45];[INFO];[Gen Info] Package : BSW_IF_PACKAGES [DesignUnit]
[2024-08-06 13:07:45];[INFO];

[2024-08-06 13:07:45];[INFO];[Gen Info]   Import :COMMON_IF_PACKAGES
[2024-08-06 13:07:45];[INFO];

[2024-08-06 13:07:45];[INFO];[Gen Info]   Enumeration : ECmpCmd
[2024-08-06 13:07:45];[INFO];

[2024-08-06 13:07:45];[INFO];[Gen Info]   Enumeration : eIODutyOutId
[2024-08-06 13:07:45];[INFO];

[2024-08-06 13:07:45];[INFO];[Gen Info]   Enumeration : eIOPulseInputId
[2024-08-06 13:07:45];[INFO];

[2024-08-06 13:07:45];[INFO];[Gen Info]   Enumeration : IoHwAb_AdcSignalIdType
[2024-08-06 13:07:45];[INFO];

[2024-08-06 13:07:45];[INFO];[Gen Info]   Enumeration : IoHwAb_DInGroupIdType
[2024-08-06 13:07:45];[INFO];

[2024-08-06 13:07:45];[INFO];[Gen Info]   Enumeration : IoHwAb_DInSignalIdType
[2024-08-06 13:07:45];[INFO];

[2024-08-06 13:07:45];[INFO];[Gen Info]   Enumeration : IoHwAb_DOutGroupIdType
[2024-08-06 13:07:45];[INFO];

[2024-08-06 13:07:45];[INFO];[Gen Info]   Enumeration : IoHwAb_DOutSignalIdType
[2024-08-06 13:07:45];[INFO];

[2024-08-06 13:07:45];[INFO];[Gen Info]   Enumeration : IoHwAb_ErrorType
[2024-08-06 13:07:45];[INFO];

[2024-08-06 13:07:45];[INFO];[Gen Info]   Enumeration : IoHwAb_PwmSignalIdType
[2024-08-06 13:07:45];[INFO];

[2024-08-06 13:07:45];[INFO];[Gen Info]   Structure : SPulseInputConfigParam
[2024-08-06 13:07:45];[INFO];

[2024-08-06 13:07:45];[INFO];[Gen Info]   Structure : SSpeedCalcParam
[2024-08-06 13:07:45];[INFO];

[2024-08-06 13:07:45];[INFO];[Gen Info]   Simple type : NvM_BlockIdType
[2024-08-06 13:07:45];[INFO];

[2024-08-06 13:07:45];[INFO];[Gen Info]   Simple type : NvM_RequestResultType
[2024-08-06 13:07:45];[INFO];

[2024-08-06 13:07:45];[INFO];[Gen Info]   Enumeration : HTimer
[2024-08-06 13:07:45];[INFO];

[2024-08-06 13:07:45];[INFO];[Gen Info]   Simple type : TPulseClientId
[2024-08-06 13:07:45];[INFO];

[2024-08-06 13:07:45];[INFO];[Gen Info]   Simple type : EcuM_UserType
[2024-08-06 13:07:45];[INFO];

[2024-08-06 13:07:45];[INFO];[Gen Info]   Simple type : Dcm_OpStatusType
[2024-08-06 13:07:45];[INFO];

[2024-08-06 13:07:45];[INFO];[Gen Info]   Simple type : Dcm_DspDidIdentifierTableType
[2024-08-06 13:07:45];[INFO];

[2024-08-06 13:07:45];[INFO];[Gen Info]   Simple type : Dcm_NegativeResponseCodeType
[2024-08-06 13:07:45];[INFO];

[2024-08-06 13:07:45];[INFO];[Gen Info]   Simple type : Dcm_MsgLenType
[2024-08-06 13:07:45];[INFO];

[2024-08-06 13:07:45];[INFO];[Gen Info]   Simple type : Dcm_DspRidIdentifierTableType
[2024-08-06 13:07:45];[INFO];

[2024-08-06 13:07:45];[INFO];[Gen Info]   Simple type : Dcm_MsgItemType
[2024-08-06 13:07:45];[INFO];

[2024-08-06 13:07:45];[INFO];[Gen Info]   Simple type : Dcm_MsgType
[2024-08-06 13:07:45];[INFO];

[2024-08-06 13:07:45];[INFO];[Gen Info]   Simple type : Dcm_SesCtrlType
[2024-08-06 13:07:45];[INFO];

[2024-08-06 13:07:45];[INFO];[Gen Info]   Simple type : Dem_EventIdType
[2024-08-06 13:07:45];[INFO];

[2024-08-06 13:07:45];[INFO];[Gen Info]   Simple type : Dem_UdsStatusByteType
[2024-08-06 13:07:45];[INFO];

[2024-08-06 13:07:45];[INFO];[Gen Info]   Simple type : Dem_DebouncingStateType
[2024-08-06 13:07:45];[INFO];

[2024-08-06 13:07:45];[INFO];[Gen Info]   Simple type : Dem_DTCFormatType
[2024-08-06 13:07:45];[INFO];

[2024-08-06 13:07:45];[INFO];[Gen Info]   Simple type : Dem_DTCOriginType
[2024-08-06 13:07:45];[INFO];

[2024-08-06 13:07:45];[INFO];[Gen Info]   Simple type : Dem_EventStatusType
[2024-08-06 13:07:45];[INFO];

[2024-08-06 13:07:45];[INFO];[Gen Info]   Simple type : Dem_OperationCycleStateType
[2024-08-06 13:07:45];[INFO];

[2024-08-06 13:07:45];[INFO];[Gen Info]   TI : TI_IOHWAB_GetAdc [TransportedInterface]
[2024-08-06 13:07:45];[INFO];

[2024-08-06 13:07:45];[INFO];[Gen Info] DATA_SND_CAN_INVALIDATE
[2024-08-06 13:07:45];[INFO];

[2024-08-06 13:07:45];[INFO];[Gen Info] DATA_SND_IMPLICIT_SEND
[2024-08-06 13:07:45];[INFO];

[2024-08-06 13:07:45];[INFO];[Gen Info] DATA_RCV_IMPLICIT_RECEIVE
[2024-08-06 13:07:45];[INFO];

[2024-08-06 13:07:45];[INFO];[Gen Info] CALL_CLNT_CLIENTMODE
[2024-08-06 13:07:45];[INFO];

[2024-08-06 13:07:45];[INFO];[Gen Info]   TI : TI_IOHWAB_GetDIn [TransportedInterface]
[2024-08-06 13:07:45];[INFO];

[2024-08-06 13:07:45];[INFO];[Gen Info] DATA_SND_CAN_INVALIDATE
[2024-08-06 13:07:45];[INFO];

[2024-08-06 13:07:45];[INFO];[Gen Info] DATA_SND_IMPLICIT_SEND
[2024-08-06 13:07:45];[INFO];

[2024-08-06 13:07:45];[INFO];[Gen Info] DATA_RCV_IMPLICIT_RECEIVE
[2024-08-06 13:07:45];[INFO];

[2024-08-06 13:07:45];[INFO];[Gen Info] CALL_CLNT_CLIENTMODE
[2024-08-06 13:07:45];[INFO];

[2024-08-06 13:07:45];[INFO];[Gen Info]   TI : TI_IOHWAB_Pulse [TransportedInterface]
[2024-08-06 13:07:45];[INFO];

[2024-08-06 13:07:45];[INFO];[Gen Info] DATA_SND_CAN_INVALIDATE
[2024-08-06 13:07:45];[INFO];

[2024-08-06 13:07:45];[INFO];[Gen Info] DATA_SND_IMPLICIT_SEND
[2024-08-06 13:07:45];[INFO];

[2024-08-06 13:07:45];[INFO];[Gen Info] DATA_RCV_IMPLICIT_RECEIVE
[2024-08-06 13:07:45];[INFO];

[2024-08-06 13:07:45];[INFO];[Gen Info] CALL_CLNT_CLIENTMODE
[2024-08-06 13:07:45];[INFO];

[2024-08-06 13:07:45];[INFO];[Gen Info]   TI : TI_IOHWAB_PWM [TransportedInterface]
[2024-08-06 13:07:45];[INFO];

[2024-08-06 13:07:45];[INFO];[Gen Info] DATA_SND_CAN_INVALIDATE
[2024-08-06 13:07:45];[INFO];

[2024-08-06 13:07:46];[INFO];[Gen Info] DATA_SND_IMPLICIT_SEND
[2024-08-06 13:07:46];[INFO];

[2024-08-06 13:07:46];[INFO];[Gen Info] DATA_RCV_IMPLICIT_RECEIVE
[2024-08-06 13:07:46];[INFO];

[2024-08-06 13:07:46];[INFO];[Gen Info] CALL_CLNT_CLIENTMODE
[2024-08-06 13:07:46];[INFO];

[2024-08-06 13:07:46];[INFO];[Gen Info]   TI : TI_IOHWAB_SetDout [TransportedInterface]
[2024-08-06 13:07:46];[INFO];

[2024-08-06 13:07:46];[INFO];[Gen Info] DATA_SND_CAN_INVALIDATE
[2024-08-06 13:07:46];[INFO];

[2024-08-06 13:07:46];[INFO];[Gen Info] DATA_SND_IMPLICIT_SEND
[2024-08-06 13:07:46];[INFO];

[2024-08-06 13:07:46];[INFO];[Gen Info] DATA_RCV_IMPLICIT_RECEIVE
[2024-08-06 13:07:46];[INFO];

[2024-08-06 13:07:46];[INFO];[Gen Info] CALL_CLNT_CLIENTMODE
[2024-08-06 13:07:46];[INFO];

[2024-08-06 13:07:46];[INFO];[Gen Info]   TI : TI_EcuMExt_ReleaseRUN [TransportedInterface]
[2024-08-06 13:07:46];[INFO];

[2024-08-06 13:07:46];[INFO];[Gen Info] DATA_SND_CAN_INVALIDATE
[2024-08-06 13:07:46];[INFO];

[2024-08-06 13:07:46];[INFO];[Gen Info] DATA_SND_IMPLICIT_SEND
[2024-08-06 13:07:46];[INFO];

[2024-08-06 13:07:46];[INFO];[Gen Info] DATA_RCV_IMPLICIT_RECEIVE
[2024-08-06 13:07:46];[INFO];

[2024-08-06 13:07:46];[INFO];[Gen Info] CALL_CLNT_CLIENTMODE
[2024-08-06 13:07:46];[INFO];

[2024-08-06 13:07:46];[INFO];[Gen Info]   TI : TI_EcuMExt_RequestRUN [TransportedInterface]
[2024-08-06 13:07:46];[INFO];

[2024-08-06 13:07:46];[INFO];[Gen Info] DATA_SND_CAN_INVALIDATE
[2024-08-06 13:07:46];[INFO];

[2024-08-06 13:07:46];[INFO];[Gen Info] DATA_SND_IMPLICIT_SEND
[2024-08-06 13:07:46];[INFO];

[2024-08-06 13:07:46];[INFO];[Gen Info] DATA_RCV_IMPLICIT_RECEIVE
[2024-08-06 13:07:46];[INFO];

[2024-08-06 13:07:46];[INFO];[Gen Info] CALL_CLNT_CLIENTMODE
[2024-08-06 13:07:46];[INFO];

[2024-08-06 13:07:46];[INFO];[Gen Info]   TI : TI_NvMExt_GetErrorStatus [TransportedInterface]
[2024-08-06 13:07:46];[INFO];

[2024-08-06 13:07:46];[INFO];[Gen Info] DATA_SND_CAN_INVALIDATE
[2024-08-06 13:07:46];[INFO];

[2024-08-06 13:07:46];[INFO];[Gen Info] DATA_SND_IMPLICIT_SEND
[2024-08-06 13:07:46];[INFO];

[2024-08-06 13:07:46];[INFO];[Gen Info] DATA_RCV_IMPLICIT_RECEIVE
[2024-08-06 13:07:46];[INFO];

[2024-08-06 13:07:46];[INFO];[Gen Info] CALL_CLNT_CLIENTMODE
[2024-08-06 13:07:46];[INFO];

[2024-08-06 13:07:46];[INFO];[Gen Info]   TI : TI_NvmExt_GetPendingStatus [TransportedInterface]
[2024-08-06 13:07:46];[INFO];

[2024-08-06 13:07:46];[INFO];[Gen Info] DATA_SND_CAN_INVALIDATE
[2024-08-06 13:07:46];[INFO];

[2024-08-06 13:07:46];[INFO];[Gen Info] DATA_SND_IMPLICIT_SEND
[2024-08-06 13:07:46];[INFO];

[2024-08-06 13:07:46];[INFO];[Gen Info] DATA_RCV_IMPLICIT_RECEIVE
[2024-08-06 13:07:46];[INFO];

[2024-08-06 13:07:46];[INFO];[Gen Info] CALL_CLNT_CLIENTMODE
[2024-08-06 13:07:46];[INFO];

[2024-08-06 13:07:46];[INFO];[Gen Info]   TI : TI_NvMExt_GetReadAllStatus [TransportedInterface]
[2024-08-06 13:07:46];[INFO];

[2024-08-06 13:07:46];[INFO];[Gen Info] DATA_SND_CAN_INVALIDATE
[2024-08-06 13:07:46];[INFO];

[2024-08-06 13:07:46];[INFO];[Gen Info] DATA_SND_IMPLICIT_SEND
[2024-08-06 13:07:46];[INFO];

[2024-08-06 13:07:46];[INFO];[Gen Info] DATA_RCV_IMPLICIT_RECEIVE
[2024-08-06 13:07:46];[INFO];

[2024-08-06 13:07:46];[INFO];[Gen Info] CALL_CLNT_CLIENTMODE
[2024-08-06 13:07:46];[INFO];

[2024-08-06 13:07:46];[INFO];[Gen Info]   TI : TI_NvmExt_PhaseCompletionNotification [TransportedInterface]
[2024-08-06 13:07:46];[INFO];

[2024-08-06 13:07:46];[INFO];[Gen Info] DATA_SND_CAN_INVALIDATE
[2024-08-06 13:07:46];[INFO];

[2024-08-06 13:07:46];[INFO];[Gen Info] DATA_SND_IMPLICIT_SEND
[2024-08-06 13:07:46];[INFO];

[2024-08-06 13:07:46];[INFO];[Gen Info] DATA_RCV_IMPLICIT_RECEIVE
[2024-08-06 13:07:46];[INFO];

[2024-08-06 13:07:46];[INFO];[Gen Info] CALL_CLNT_CLIENTMODE
[2024-08-06 13:07:46];[INFO];

[2024-08-06 13:07:46];[INFO];[Gen Info]   TI : TI_NvMExt_ReadBlock [TransportedInterface]
[2024-08-06 13:07:46];[INFO];

[2024-08-06 13:07:46];[INFO];[Gen Info] DATA_SND_CAN_INVALIDATE
[2024-08-06 13:07:46];[INFO];

[2024-08-06 13:07:46];[INFO];[Gen Info] DATA_SND_IMPLICIT_SEND
[2024-08-06 13:07:46];[INFO];

[2024-08-06 13:07:46];[INFO];[Gen Info] DATA_RCV_IMPLICIT_RECEIVE
[2024-08-06 13:07:46];[INFO];

[2024-08-06 13:07:46];[INFO];[Gen Info] CALL_CLNT_CLIENTMODE
[2024-08-06 13:07:46];[INFO];

[2024-08-06 13:07:46];[INFO];[Gen Info]   TI : TI_NvMExt_RestoreBlockDefaults [TransportedInterface]
[2024-08-06 13:07:46];[INFO];

[2024-08-06 13:07:46];[INFO];[Gen Info] DATA_SND_CAN_INVALIDATE
[2024-08-06 13:07:46];[INFO];

[2024-08-06 13:07:46];[INFO];[Gen Info] DATA_SND_IMPLICIT_SEND
[2024-08-06 13:07:46];[INFO];

[2024-08-06 13:07:46];[INFO];[Gen Info] DATA_RCV_IMPLICIT_RECEIVE
[2024-08-06 13:07:46];[INFO];

[2024-08-06 13:07:46];[INFO];[Gen Info] CALL_CLNT_CLIENTMODE
[2024-08-06 13:07:46];[INFO];

[2024-08-06 13:07:46];[INFO];[Gen Info]   TI : TI_NvMExt_SleepOperations [TransportedInterface]
[2024-08-06 13:07:46];[INFO];

[2024-08-06 13:07:46];[INFO];[Gen Info] DATA_SND_CAN_INVALIDATE
[2024-08-06 13:07:46];[INFO];

[2024-08-06 13:07:46];[INFO];[Gen Info] DATA_SND_IMPLICIT_SEND
[2024-08-06 13:07:46];[INFO];

[2024-08-06 13:07:46];[INFO];[Gen Info] DATA_RCV_IMPLICIT_RECEIVE
[2024-08-06 13:07:46];[INFO];

[2024-08-06 13:07:46];[INFO];[Gen Info] CALL_CLNT_CLIENTMODE
[2024-08-06 13:07:46];[INFO];

[2024-08-06 13:07:46];[INFO];[Gen Info]   TI : TI_NvmExt_StartNvmReadAll [TransportedInterface]
[2024-08-06 13:07:46];[INFO];

[2024-08-06 13:07:46];[INFO];[Gen Info] DATA_SND_CAN_INVALIDATE
[2024-08-06 13:07:46];[INFO];

[2024-08-06 13:07:46];[INFO];[Gen Info] DATA_SND_IMPLICIT_SEND
[2024-08-06 13:07:46];[INFO];

[2024-08-06 13:07:46];[INFO];[Gen Info] DATA_RCV_IMPLICIT_RECEIVE
[2024-08-06 13:07:46];[INFO];

[2024-08-06 13:07:46];[INFO];[Gen Info] CALL_CLNT_CLIENTMODE
[2024-08-06 13:07:46];[INFO];

[2024-08-06 13:07:46];[INFO];[Gen Info]   TI : TI_NvMExt_WakeupStatus [TransportedInterface]
[2024-08-06 13:07:46];[INFO];

[2024-08-06 13:07:46];[INFO];[Gen Info] DATA_SND_CAN_INVALIDATE
[2024-08-06 13:07:46];[INFO];

[2024-08-06 13:07:46];[INFO];[Gen Info] DATA_SND_IMPLICIT_SEND
[2024-08-06 13:07:46];[INFO];

[2024-08-06 13:07:46];[INFO];[Gen Info] DATA_RCV_IMPLICIT_RECEIVE
[2024-08-06 13:07:46];[INFO];

[2024-08-06 13:07:46];[INFO];[Gen Info] CALL_CLNT_CLIENTMODE
[2024-08-06 13:07:46];[INFO];

[2024-08-06 13:07:46];[INFO];[Gen Info]   TI : TI_NvMExt_WriteBlock [TransportedInterface]
[2024-08-06 13:07:46];[INFO];

[2024-08-06 13:07:46];[INFO];[Gen Info] DATA_SND_CAN_INVALIDATE
[2024-08-06 13:07:46];[INFO];

[2024-08-06 13:07:46];[INFO];[Gen Info] DATA_SND_IMPLICIT_SEND
[2024-08-06 13:07:46];[INFO];

[2024-08-06 13:07:46];[INFO];[Gen Info] DATA_RCV_IMPLICIT_RECEIVE
[2024-08-06 13:07:46];[INFO];

[2024-08-06 13:07:46];[INFO];[Gen Info] CALL_CLNT_CLIENTMODE
[2024-08-06 13:07:46];[INFO];

[2024-08-06 13:07:46];[INFO];[Gen Info]   TI : TI_If_TmExt_Timer_GetElapsedTime [TransportedInterface]
[2024-08-06 13:07:46];[INFO];

[2024-08-06 13:07:46];[INFO];[Gen Info] DATA_SND_CAN_INVALIDATE
[2024-08-06 13:07:46];[INFO];

[2024-08-06 13:07:46];[INFO];[Gen Info] DATA_SND_IMPLICIT_SEND
[2024-08-06 13:07:46];[INFO];

[2024-08-06 13:07:46];[INFO];[Gen Info] DATA_RCV_IMPLICIT_RECEIVE
[2024-08-06 13:07:46];[INFO];

[2024-08-06 13:07:46];[INFO];[Gen Info] CALL_CLNT_CLIENTMODE
[2024-08-06 13:07:46];[INFO];

[2024-08-06 13:07:46];[INFO];[Gen Info]   TI : TI_If_TmExt_Timer_IsElapsed [TransportedInterface]
[2024-08-06 13:07:46];[INFO];

[2024-08-06 13:07:46];[INFO];[Gen Info] DATA_SND_CAN_INVALIDATE
[2024-08-06 13:07:46];[INFO];

[2024-08-06 13:07:46];[INFO];[Gen Info] DATA_SND_IMPLICIT_SEND
[2024-08-06 13:07:46];[INFO];

[2024-08-06 13:07:46];[INFO];[Gen Info] DATA_RCV_IMPLICIT_RECEIVE
[2024-08-06 13:07:46];[INFO];

[2024-08-06 13:07:46];[INFO];[Gen Info] CALL_CLNT_CLIENTMODE
[2024-08-06 13:07:46];[INFO];

[2024-08-06 13:07:46];[INFO];[Gen Info]   TI : TI_If_TmExt_Timer_IsStarted [TransportedInterface]
[2024-08-06 13:07:46];[INFO];

[2024-08-06 13:07:46];[INFO];[Gen Info] DATA_SND_CAN_INVALIDATE
[2024-08-06 13:07:46];[INFO];

[2024-08-06 13:07:46];[INFO];[Gen Info] DATA_SND_IMPLICIT_SEND
[2024-08-06 13:07:46];[INFO];

[2024-08-06 13:07:46];[INFO];[Gen Info] DATA_RCV_IMPLICIT_RECEIVE
[2024-08-06 13:07:46];[INFO];

[2024-08-06 13:07:46];[INFO];[Gen Info] CALL_CLNT_CLIENTMODE
[2024-08-06 13:07:46];[INFO];

[2024-08-06 13:07:46];[INFO];[Gen Info]   TI : TI_If_TmExt_Timer_Start [TransportedInterface]
[2024-08-06 13:07:46];[INFO];

[2024-08-06 13:07:46];[INFO];[Gen Info] DATA_SND_CAN_INVALIDATE
[2024-08-06 13:07:46];[INFO];

[2024-08-06 13:07:46];[INFO];[Gen Info] DATA_SND_IMPLICIT_SEND
[2024-08-06 13:07:46];[INFO];

[2024-08-06 13:07:46];[INFO];[Gen Info] DATA_RCV_IMPLICIT_RECEIVE
[2024-08-06 13:07:46];[INFO];

[2024-08-06 13:07:46];[INFO];[Gen Info] CALL_CLNT_CLIENTMODE
[2024-08-06 13:07:46];[INFO];

[2024-08-06 13:07:46];[INFO];[Gen Info]   TI : TI_If_TmExt_Timer_Stop [TransportedInterface]
[2024-08-06 13:07:46];[INFO];

[2024-08-06 13:07:46];[INFO];[Gen Info] DATA_SND_CAN_INVALIDATE
[2024-08-06 13:07:46];[INFO];

[2024-08-06 13:07:46];[INFO];[Gen Info] DATA_SND_IMPLICIT_SEND
[2024-08-06 13:07:46];[INFO];

[2024-08-06 13:07:46];[INFO];[Gen Info] DATA_RCV_IMPLICIT_RECEIVE
[2024-08-06 13:07:46];[INFO];

[2024-08-06 13:07:46];[INFO];[Gen Info] CALL_CLNT_CLIENTMODE
[2024-08-06 13:07:46];[INFO];

[2024-08-06 13:07:46];[INFO];[Gen Info]   TI : TI_DcmExt_SecLevel1GetSeed [TransportedInterface]
[2024-08-06 13:07:46];[INFO];

[2024-08-06 13:07:46];[INFO];[Gen Info] DATA_SND_CAN_INVALIDATE
[2024-08-06 13:07:46];[INFO];

[2024-08-06 13:07:46];[INFO];[Gen Info] DATA_SND_IMPLICIT_SEND
[2024-08-06 13:07:46];[INFO];

[2024-08-06 13:07:46];[INFO];[Gen Info] DATA_RCV_IMPLICIT_RECEIVE
[2024-08-06 13:07:46];[INFO];

[2024-08-06 13:07:46];[INFO];[Gen Info] CALL_CLNT_CLIENTMODE
[2024-08-06 13:07:46];[INFO];

[2024-08-06 13:07:46];[INFO];[Gen Info]   TI : TI_DcmExt_SecLevel1CmpKey [TransportedInterface]
[2024-08-06 13:07:46];[INFO];

[2024-08-06 13:07:46];[INFO];[Gen Info] DATA_SND_CAN_INVALIDATE
[2024-08-06 13:07:46];[INFO];

[2024-08-06 13:07:46];[INFO];[Gen Info] DATA_SND_IMPLICIT_SEND
[2024-08-06 13:07:46];[INFO];

[2024-08-06 13:07:46];[INFO];[Gen Info] DATA_RCV_IMPLICIT_RECEIVE
[2024-08-06 13:07:46];[INFO];

[2024-08-06 13:07:46];[INFO];[Gen Info] CALL_CLNT_CLIENTMODE
[2024-08-06 13:07:46];[INFO];

[2024-08-06 13:07:46];[INFO];[Gen Info]   TI : TI_DcmExt_Service_Iocontrol [TransportedInterface]
[2024-08-06 13:07:46];[INFO];

[2024-08-06 13:07:46];[INFO];[Gen Info] DATA_SND_CAN_INVALIDATE
[2024-08-06 13:07:46];[INFO];

[2024-08-06 13:07:46];[INFO];[Gen Info] DATA_SND_IMPLICIT_SEND
[2024-08-06 13:07:46];[INFO];

[2024-08-06 13:07:46];[INFO];[Gen Info] DATA_RCV_IMPLICIT_RECEIVE
[2024-08-06 13:07:46];[INFO];

[2024-08-06 13:07:46];[INFO];[Gen Info] CALL_CLNT_CLIENTMODE
[2024-08-06 13:07:46];[INFO];

[2024-08-06 13:07:46];[INFO];[Gen Info]   TI : TI_DcmExt_Services_CndChk [TransportedInterface]
[2024-08-06 13:07:46];[INFO];

[2024-08-06 13:07:46];[INFO];[Gen Info] DATA_SND_CAN_INVALIDATE
[2024-08-06 13:07:46];[INFO];

[2024-08-06 13:07:46];[INFO];[Gen Info] DATA_SND_IMPLICIT_SEND
[2024-08-06 13:07:46];[INFO];

[2024-08-06 13:07:46];[INFO];[Gen Info] DATA_RCV_IMPLICIT_RECEIVE
[2024-08-06 13:07:46];[INFO];

[2024-08-06 13:07:46];[INFO];[Gen Info] CALL_CLNT_CLIENTMODE
[2024-08-06 13:07:46];[INFO];

[2024-08-06 13:07:46];[INFO];[Gen Info]   TI : TI_DcmExt_Services_DataRead [TransportedInterface]
[2024-08-06 13:07:46];[INFO];

[2024-08-06 13:07:46];[INFO];[Gen Info] DATA_SND_CAN_INVALIDATE
[2024-08-06 13:07:46];[INFO];

[2024-08-06 13:07:46];[INFO];[Gen Info] DATA_SND_IMPLICIT_SEND
[2024-08-06 13:07:46];[INFO];

[2024-08-06 13:07:46];[INFO];[Gen Info] DATA_RCV_IMPLICIT_RECEIVE
[2024-08-06 13:07:46];[INFO];

[2024-08-06 13:07:46];[INFO];[Gen Info] CALL_CLNT_CLIENTMODE
[2024-08-06 13:07:46];[INFO];

[2024-08-06 13:07:46];[INFO];[Gen Info]   TI : TI_DcmExt_Services_DataWrite [TransportedInterface]
[2024-08-06 13:07:46];[INFO];

[2024-08-06 13:07:46];[INFO];[Gen Info] DATA_SND_CAN_INVALIDATE
[2024-08-06 13:07:46];[INFO];

[2024-08-06 13:07:46];[INFO];[Gen Info] DATA_SND_IMPLICIT_SEND
[2024-08-06 13:07:46];[INFO];

[2024-08-06 13:07:46];[INFO];[Gen Info] DATA_RCV_IMPLICIT_RECEIVE
[2024-08-06 13:07:46];[INFO];

[2024-08-06 13:07:46];[INFO];[Gen Info] CALL_CLNT_CLIENTMODE
[2024-08-06 13:07:46];[INFO];

[2024-08-06 13:07:46];[INFO];[Gen Info]   TI : TI_DcmExt_Services_LenChk [TransportedInterface]
[2024-08-06 13:07:46];[INFO];

[2024-08-06 13:07:46];[INFO];[Gen Info] DATA_SND_CAN_INVALIDATE
[2024-08-06 13:07:46];[INFO];

[2024-08-06 13:07:46];[INFO];[Gen Info] DATA_SND_IMPLICIT_SEND
[2024-08-06 13:07:46];[INFO];

[2024-08-06 13:07:46];[INFO];[Gen Info] DATA_RCV_IMPLICIT_RECEIVE
[2024-08-06 13:07:46];[INFO];

[2024-08-06 13:07:46];[INFO];[Gen Info] CALL_CLNT_CLIENTMODE
[2024-08-06 13:07:46];[INFO];

[2024-08-06 13:07:46];[INFO];[Gen Info]   TI : TI_DcmExt_Services_RoutineResults [TransportedInterface]
[2024-08-06 13:07:46];[INFO];

[2024-08-06 13:07:46];[INFO];[Gen Info] DATA_SND_CAN_INVALIDATE
[2024-08-06 13:07:46];[INFO];

[2024-08-06 13:07:46];[INFO];[Gen Info] DATA_SND_IMPLICIT_SEND
[2024-08-06 13:07:46];[INFO];

[2024-08-06 13:07:46];[INFO];[Gen Info] DATA_RCV_IMPLICIT_RECEIVE
[2024-08-06 13:07:46];[INFO];

[2024-08-06 13:07:46];[INFO];[Gen Info] CALL_CLNT_CLIENTMODE
[2024-08-06 13:07:46];[INFO];

[2024-08-06 13:07:46];[INFO];[Gen Info]   TI : TI_DcmExt_Services_RoutineStart [TransportedInterface]
[2024-08-06 13:07:46];[INFO];

[2024-08-06 13:07:46];[INFO];[Gen Info] DATA_SND_CAN_INVALIDATE
[2024-08-06 13:07:46];[INFO];

[2024-08-06 13:07:46];[INFO];[Gen Info] DATA_SND_IMPLICIT_SEND
[2024-08-06 13:07:46];[INFO];

[2024-08-06 13:07:46];[INFO];[Gen Info] DATA_RCV_IMPLICIT_RECEIVE
[2024-08-06 13:07:46];[INFO];

[2024-08-06 13:07:46];[INFO];[Gen Info] CALL_CLNT_CLIENTMODE
[2024-08-06 13:07:46];[INFO];

[2024-08-06 13:07:46];[INFO];[Gen Info]   TI : TI_DcmExt_Services_RoutineStop [TransportedInterface]
[2024-08-06 13:07:46];[INFO];

[2024-08-06 13:07:46];[INFO];[Gen Info] DATA_SND_CAN_INVALIDATE
[2024-08-06 13:07:46];[INFO];

[2024-08-06 13:07:46];[INFO];[Gen Info] DATA_SND_IMPLICIT_SEND
[2024-08-06 13:07:46];[INFO];

[2024-08-06 13:07:46];[INFO];[Gen Info] DATA_RCV_IMPLICIT_RECEIVE
[2024-08-06 13:07:46];[INFO];

[2024-08-06 13:07:46];[INFO];[Gen Info] CALL_CLNT_CLIENTMODE
[2024-08-06 13:07:46];[INFO];

[2024-08-06 13:07:46];[INFO];[Gen Info]   TI : TI_DemExt_ClearDTC [TransportedInterface]
[2024-08-06 13:07:46];[INFO];

[2024-08-06 13:07:46];[INFO];[Gen Info] DATA_SND_CAN_INVALIDATE
[2024-08-06 13:07:46];[INFO];

[2024-08-06 13:07:46];[INFO];[Gen Info] DATA_SND_IMPLICIT_SEND
[2024-08-06 13:07:46];[INFO];

[2024-08-06 13:07:46];[INFO];[Gen Info] DATA_RCV_IMPLICIT_RECEIVE
[2024-08-06 13:07:46];[INFO];

[2024-08-06 13:07:46];[INFO];[Gen Info] CALL_CLNT_CLIENTMODE
[2024-08-06 13:07:46];[INFO];

[2024-08-06 13:07:46];[INFO];[Gen Info]   TI : TI_DemExt_GetDebouncingOfEvent [TransportedInterface]
[2024-08-06 13:07:46];[INFO];

[2024-08-06 13:07:46];[INFO];[Gen Info] DATA_SND_CAN_INVALIDATE
[2024-08-06 13:07:46];[INFO];

[2024-08-06 13:07:46];[INFO];[Gen Info] DATA_SND_IMPLICIT_SEND
[2024-08-06 13:07:46];[INFO];

[2024-08-06 13:07:46];[INFO];[Gen Info] DATA_RCV_IMPLICIT_RECEIVE
[2024-08-06 13:07:46];[INFO];

[2024-08-06 13:07:46];[INFO];[Gen Info] CALL_CLNT_CLIENTMODE
[2024-08-06 13:07:46];[INFO];

[2024-08-06 13:07:46];[INFO];[Gen Info]   TI : TI_DemExt_GetDTCOfEvent [TransportedInterface]
[2024-08-06 13:07:46];[INFO];

[2024-08-06 13:07:46];[INFO];[Gen Info] DATA_SND_CAN_INVALIDATE
[2024-08-06 13:07:46];[INFO];

[2024-08-06 13:07:46];[INFO];[Gen Info] DATA_SND_IMPLICIT_SEND
[2024-08-06 13:07:46];[INFO];

[2024-08-06 13:07:46];[INFO];[Gen Info] DATA_RCV_IMPLICIT_RECEIVE
[2024-08-06 13:07:46];[INFO];

[2024-08-06 13:07:46];[INFO];[Gen Info] CALL_CLNT_CLIENTMODE
[2024-08-06 13:07:46];[INFO];

[2024-08-06 13:07:46];[INFO];[Gen Info]   TI : TI_DemExt_GetDTCSelectionResult [TransportedInterface]
[2024-08-06 13:07:46];[INFO];

[2024-08-06 13:07:46];[INFO];[Gen Info] DATA_SND_CAN_INVALIDATE
[2024-08-06 13:07:46];[INFO];

[2024-08-06 13:07:46];[INFO];[Gen Info] DATA_SND_IMPLICIT_SEND
[2024-08-06 13:07:46];[INFO];

[2024-08-06 13:07:46];[INFO];[Gen Info] DATA_RCV_IMPLICIT_RECEIVE
[2024-08-06 13:07:46];[INFO];

[2024-08-06 13:07:46];[INFO];[Gen Info] CALL_CLNT_CLIENTMODE
[2024-08-06 13:07:46];[INFO];

[2024-08-06 13:07:46];[INFO];[Gen Info]   TI : TI_DemExt_GetDTCSelectionResultForClearDTC [TransportedInterface]
[2024-08-06 13:07:46];[INFO];

[2024-08-06 13:07:46];[INFO];[Gen Info] DATA_SND_CAN_INVALIDATE
[2024-08-06 13:07:46];[INFO];

[2024-08-06 13:07:46];[INFO];[Gen Info] DATA_SND_IMPLICIT_SEND
[2024-08-06 13:07:46];[INFO];

[2024-08-06 13:07:46];[INFO];[Gen Info] DATA_RCV_IMPLICIT_RECEIVE
[2024-08-06 13:07:46];[INFO];

[2024-08-06 13:07:46];[INFO];[Gen Info] CALL_CLNT_CLIENTMODE
[2024-08-06 13:07:46];[INFO];

[2024-08-06 13:07:46];[INFO];[Gen Info]   TI : TI_DemExt_GetEventExtendedDataRecordEx [TransportedInterface]
[2024-08-06 13:07:46];[INFO];

[2024-08-06 13:07:46];[INFO];[Gen Info] DATA_SND_CAN_INVALIDATE
[2024-08-06 13:07:46];[INFO];

[2024-08-06 13:07:46];[INFO];[Gen Info] DATA_SND_IMPLICIT_SEND
[2024-08-06 13:07:46];[INFO];

[2024-08-06 13:07:46];[INFO];[Gen Info] DATA_RCV_IMPLICIT_RECEIVE
[2024-08-06 13:07:46];[INFO];

[2024-08-06 13:07:46];[INFO];[Gen Info] CALL_CLNT_CLIENTMODE
[2024-08-06 13:07:46];[INFO];

[2024-08-06 13:07:46];[INFO];[Gen Info]   TI : TI_DemExt_GetEventFreezeFrameDataEx [TransportedInterface]
[2024-08-06 13:07:46];[INFO];

[2024-08-06 13:07:46];[INFO];[Gen Info] DATA_SND_CAN_INVALIDATE
[2024-08-06 13:07:46];[INFO];

[2024-08-06 13:07:46];[INFO];[Gen Info] DATA_SND_IMPLICIT_SEND
[2024-08-06 13:07:46];[INFO];

[2024-08-06 13:07:46];[INFO];[Gen Info] DATA_RCV_IMPLICIT_RECEIVE
[2024-08-06 13:07:46];[INFO];

[2024-08-06 13:07:46];[INFO];[Gen Info] CALL_CLNT_CLIENTMODE
[2024-08-06 13:07:46];[INFO];

[2024-08-06 13:07:46];[INFO];[Gen Info]   TI : TI_DemExt_GetEventUdsStatus [TransportedInterface]
[2024-08-06 13:07:46];[INFO];

[2024-08-06 13:07:46];[INFO];[Gen Info] DATA_SND_CAN_INVALIDATE
[2024-08-06 13:07:46];[INFO];

[2024-08-06 13:07:46];[INFO];[Gen Info] DATA_SND_IMPLICIT_SEND
[2024-08-06 13:07:46];[INFO];

[2024-08-06 13:07:46];[INFO];[Gen Info] DATA_RCV_IMPLICIT_RECEIVE
[2024-08-06 13:07:46];[INFO];

[2024-08-06 13:07:46];[INFO];[Gen Info] CALL_CLNT_CLIENTMODE
[2024-08-06 13:07:46];[INFO];

[2024-08-06 13:07:47];[INFO];[Gen Info]   TI : TI_DemExt_GetFaultDetectionCounter [TransportedInterface]
[2024-08-06 13:07:47];[INFO];

[2024-08-06 13:07:47];[INFO];[Gen Info] DATA_SND_CAN_INVALIDATE
[2024-08-06 13:07:47];[INFO];

[2024-08-06 13:07:47];[INFO];[Gen Info] DATA_SND_IMPLICIT_SEND
[2024-08-06 13:07:47];[INFO];

[2024-08-06 13:07:47];[INFO];[Gen Info] DATA_RCV_IMPLICIT_RECEIVE
[2024-08-06 13:07:47];[INFO];

[2024-08-06 13:07:47];[INFO];[Gen Info] CALL_CLNT_CLIENTMODE
[2024-08-06 13:07:47];[INFO];

[2024-08-06 13:07:47];[INFO];[Gen Info]   TI : TI_DemExt_GetNumberOfEventMemoryEntries [TransportedInterface]
[2024-08-06 13:07:47];[INFO];

[2024-08-06 13:07:47];[INFO];[Gen Info] DATA_SND_CAN_INVALIDATE
[2024-08-06 13:07:47];[INFO];

[2024-08-06 13:07:47];[INFO];[Gen Info] DATA_SND_IMPLICIT_SEND
[2024-08-06 13:07:47];[INFO];

[2024-08-06 13:07:47];[INFO];[Gen Info] DATA_RCV_IMPLICIT_RECEIVE
[2024-08-06 13:07:47];[INFO];

[2024-08-06 13:07:47];[INFO];[Gen Info] CALL_CLNT_CLIENTMODE
[2024-08-06 13:07:47];[INFO];

[2024-08-06 13:07:47];[INFO];[Gen Info]   TI : TI_DemExt_GetOperationCycleState [TransportedInterface]
[2024-08-06 13:07:47];[INFO];

[2024-08-06 13:07:47];[INFO];[Gen Info] DATA_SND_CAN_INVALIDATE
[2024-08-06 13:07:47];[INFO];

[2024-08-06 13:07:47];[INFO];[Gen Info] DATA_SND_IMPLICIT_SEND
[2024-08-06 13:07:47];[INFO];

[2024-08-06 13:07:47];[INFO];[Gen Info] DATA_RCV_IMPLICIT_RECEIVE
[2024-08-06 13:07:47];[INFO];

[2024-08-06 13:07:47];[INFO];[Gen Info] CALL_CLNT_CLIENTMODE
[2024-08-06 13:07:47];[INFO];

[2024-08-06 13:07:47];[INFO];[Gen Info]   TI : TI_DemExt_SelectDTC [TransportedInterface]
[2024-08-06 13:07:47];[INFO];

[2024-08-06 13:07:47];[INFO];[Gen Info] DATA_SND_CAN_INVALIDATE
[2024-08-06 13:07:47];[INFO];

[2024-08-06 13:07:47];[INFO];[Gen Info] DATA_SND_IMPLICIT_SEND
[2024-08-06 13:07:47];[INFO];

[2024-08-06 13:07:47];[INFO];[Gen Info] DATA_RCV_IMPLICIT_RECEIVE
[2024-08-06 13:07:47];[INFO];

[2024-08-06 13:07:47];[INFO];[Gen Info] CALL_CLNT_CLIENTMODE
[2024-08-06 13:07:47];[INFO];

[2024-08-06 13:07:47];[INFO];[Gen Info]   TI : TI_DemExt_SetEnableCondition [TransportedInterface]
[2024-08-06 13:07:47];[INFO];

[2024-08-06 13:07:47];[INFO];[Gen Info] DATA_SND_CAN_INVALIDATE
[2024-08-06 13:07:47];[INFO];

[2024-08-06 13:07:47];[INFO];[Gen Info] DATA_SND_IMPLICIT_SEND
[2024-08-06 13:07:47];[INFO];

[2024-08-06 13:07:47];[INFO];[Gen Info] DATA_RCV_IMPLICIT_RECEIVE
[2024-08-06 13:07:47];[INFO];

[2024-08-06 13:07:47];[INFO];[Gen Info] CALL_CLNT_CLIENTMODE
[2024-08-06 13:07:47];[INFO];

[2024-08-06 13:07:47];[INFO];[Gen Info]   TI : TI_DemExt_SetEventAvailable [TransportedInterface]
[2024-08-06 13:07:47];[INFO];

[2024-08-06 13:07:47];[INFO];[Gen Info] DATA_SND_CAN_INVALIDATE
[2024-08-06 13:07:47];[INFO];

[2024-08-06 13:07:47];[INFO];[Gen Info] DATA_SND_IMPLICIT_SEND
[2024-08-06 13:07:47];[INFO];

[2024-08-06 13:07:47];[INFO];[Gen Info] DATA_RCV_IMPLICIT_RECEIVE
[2024-08-06 13:07:47];[INFO];

[2024-08-06 13:07:47];[INFO];[Gen Info] CALL_CLNT_CLIENTMODE
[2024-08-06 13:07:47];[INFO];

[2024-08-06 13:07:47];[INFO];[Gen Info]   TI : TI_DemExt_SetEventStatus [TransportedInterface]
[2024-08-06 13:07:47];[INFO];

[2024-08-06 13:07:47];[INFO];[Gen Info] DATA_SND_CAN_INVALIDATE
[2024-08-06 13:07:47];[INFO];

[2024-08-06 13:07:47];[INFO];[Gen Info] DATA_SND_IMPLICIT_SEND
[2024-08-06 13:07:47];[INFO];

[2024-08-06 13:07:47];[INFO];[Gen Info] DATA_RCV_IMPLICIT_RECEIVE
[2024-08-06 13:07:47];[INFO];

[2024-08-06 13:07:47];[INFO];[Gen Info] CALL_CLNT_CLIENTMODE
[2024-08-06 13:07:47];[INFO];

[2024-08-06 13:07:47];[INFO];[Gen Info]   TI : TI_DemExt_SetOperationCycleState [TransportedInterface]
[2024-08-06 13:07:47];[INFO];

[2024-08-06 13:07:47];[INFO];[Gen Info] DATA_SND_CAN_INVALIDATE
[2024-08-06 13:07:47];[INFO];

[2024-08-06 13:07:47];[INFO];[Gen Info] DATA_SND_IMPLICIT_SEND
[2024-08-06 13:07:47];[INFO];

[2024-08-06 13:07:47];[INFO];[Gen Info] DATA_RCV_IMPLICIT_RECEIVE
[2024-08-06 13:07:47];[INFO];

[2024-08-06 13:07:47];[INFO];[Gen Info] CALL_CLNT_CLIENTMODE
[2024-08-06 13:07:47];[INFO];

[2024-08-06 13:07:47];[INFO];[Gen Info]   TI : TI_DemExt_SetStorageCondition [TransportedInterface]
[2024-08-06 13:07:47];[INFO];

[2024-08-06 13:07:47];[INFO];[Gen Info] DATA_SND_CAN_INVALIDATE
[2024-08-06 13:07:47];[INFO];

[2024-08-06 13:07:47];[INFO];[Gen Info] DATA_SND_IMPLICIT_SEND
[2024-08-06 13:07:47];[INFO];

[2024-08-06 13:07:47];[INFO];[Gen Info] DATA_RCV_IMPLICIT_RECEIVE
[2024-08-06 13:07:47];[INFO];

[2024-08-06 13:07:47];[INFO];[Gen Info] CALL_CLNT_CLIENTMODE
[2024-08-06 13:07:47];[INFO];

[2024-08-06 13:07:47];[INFO];[Gen Info]   TI : TI_DI_Did_Diag_Action [TransportedInterface]
[2024-08-06 13:07:47];[INFO];

[2024-08-06 13:07:47];[INFO];[Gen Info] DATA_SND_CAN_INVALIDATE
[2024-08-06 13:07:47];[INFO];

[2024-08-06 13:07:47];[INFO];[Gen Info] DATA_SND_IMPLICIT_SEND
[2024-08-06 13:07:47];[INFO];

[2024-08-06 13:07:47];[INFO];[Gen Info] DATA_RCV_IMPLICIT_RECEIVE
[2024-08-06 13:07:47];[INFO];

[2024-08-06 13:07:47];[INFO];[Gen Info] CALL_CLNT_CLIENTMODE
[2024-08-06 13:07:47];[INFO];

[2024-08-06 13:07:47];[INFO];[Gen Info]   TI : TI_DI_Rid_Diag_Action [TransportedInterface]
[2024-08-06 13:07:47];[INFO];

[2024-08-06 13:07:47];[INFO];[Gen Info] DATA_SND_CAN_INVALIDATE
[2024-08-06 13:07:47];[INFO];

[2024-08-06 13:07:47];[INFO];[Gen Info] DATA_SND_IMPLICIT_SEND
[2024-08-06 13:07:47];[INFO];

[2024-08-06 13:07:47];[INFO];[Gen Info] DATA_RCV_IMPLICIT_RECEIVE
[2024-08-06 13:07:47];[INFO];

[2024-08-06 13:07:47];[INFO];[Gen Info] CALL_CLNT_CLIENTMODE
[2024-08-06 13:07:47];[INFO];

[2024-08-06 13:07:47];[INFO];[Gen Info]   TI : TI_DcmExt_Confirmation [TransportedInterface]
[2024-08-06 13:07:47];[INFO];

[2024-08-06 13:07:47];[INFO];[Gen Info] DATA_SND_CAN_INVALIDATE
[2024-08-06 13:07:47];[INFO];

[2024-08-06 13:07:47];[INFO];[Gen Info] DATA_SND_IMPLICIT_SEND
[2024-08-06 13:07:47];[INFO];

[2024-08-06 13:07:47];[INFO];[Gen Info] DATA_RCV_IMPLICIT_RECEIVE
[2024-08-06 13:07:47];[INFO];

[2024-08-06 13:07:47];[INFO];[Gen Info] CALL_CLNT_CLIENTMODE
[2024-08-06 13:07:47];[INFO];

[2024-08-06 13:07:47];[INFO];[Gen Info]   TI : TI_Backlight_Service [TransportedInterface]
[2024-08-06 13:07:47];[INFO];

[2024-08-06 13:07:47];[INFO];[Gen Info] DATA_SND_CAN_INVALIDATE
[2024-08-06 13:07:47];[INFO];

[2024-08-06 13:07:47];[INFO];[Gen Info] DATA_SND_IMPLICIT_SEND
[2024-08-06 13:07:47];[INFO];

[2024-08-06 13:07:47];[INFO];[Gen Info] DATA_RCV_IMPLICIT_RECEIVE
[2024-08-06 13:07:47];[INFO];

[2024-08-06 13:07:47];[INFO];[Gen Info] CALL_CLNT_CLIENTMODE
[2024-08-06 13:07:47];[INFO];

[2024-08-06 13:07:47];[INFO];[Gen Info] Package : CDD_IF_PACKAGES [DesignUnit]
[2024-08-06 13:07:47];[INFO];

[2024-08-06 13:07:47];[INFO];[Gen Info]   Enumeration : EDeviceStatus
[2024-08-06 13:07:47];[INFO];

[2024-08-06 13:07:47];[INFO];[Gen Info]   Enumeration : EDisplayPowerState
[2024-08-06 13:07:47];[INFO];

[2024-08-06 13:07:47];[INFO];[Gen Info]   Enumeration : EDisplayType
[2024-08-06 13:07:47];[INFO];

[2024-08-06 13:07:47];[INFO];[Gen Info]   Enumeration : EDisplayCddStatus
[2024-08-06 13:07:47];[INFO];

[2024-08-06 13:07:47];[INFO];[Gen Info]   Enumeration : EGammaCorrectionStatus
[2024-08-06 13:07:47];[INFO];

[2024-08-06 13:07:47];[INFO];[Gen Info]   Structure : Rtc_AlarmType
[2024-08-06 13:07:47];[INFO];

[2024-08-06 13:07:47];[INFO];[Gen Info]   Structure : Rtc_TimeType
[2024-08-06 13:07:47];[INFO];

[2024-08-06 13:07:47];[INFO];[Gen Info]   Enumeration : EChimeID
[2024-08-06 13:07:47];[INFO];

[2024-08-06 13:07:47];[INFO];[Gen Info]   Simple type : EChimeStatus
[2024-08-06 13:07:47];[INFO];

[2024-08-06 13:07:47];[INFO];[Gen Info]   Enumeration : EChimeType
[2024-08-06 13:07:47];[INFO];

[2024-08-06 13:07:47];[INFO];[Gen Info]   Simple type : ELastToneStatus
[2024-08-06 13:07:47];[INFO];

[2024-08-06 13:07:47];[INFO];[Gen Info]   Enumeration : ESndChnStat
[2024-08-06 13:07:47];[INFO];

[2024-08-06 13:07:47];[INFO];[Gen Info]   Enumeration : ESndInterruptType
[2024-08-06 13:07:47];[INFO];

[2024-08-06 13:07:47];[INFO];[Gen Info]   Simple type : ESndMixerChannel
[2024-08-06 13:07:47];[INFO];

[2024-08-06 13:07:47];[INFO];[Gen Info]   Enumeration : ESndToneInterruptableType
[2024-08-06 13:07:47];[INFO];

[2024-08-06 13:07:47];[INFO];[Gen Info]   Structure : SSndCddChimeData
[2024-08-06 13:07:47];[INFO];

[2024-08-06 13:07:47];[INFO];[Gen Info]   Structure : SSndChimeDB
[2024-08-06 13:07:47];[INFO];

[2024-08-06 13:07:47];[INFO];[Gen Info]   Structure : SSndToneDB
[2024-08-06 13:07:47];[INFO];

[2024-08-06 13:07:47];[INFO];[Gen Info]   TI : TI_Backlight_NotifyDispaly [TransportedInterface]
[2024-08-06 13:07:47];[INFO];

[2024-08-06 13:07:47];[INFO];[Gen Info] DATA_SND_CAN_INVALIDATE
[2024-08-06 13:07:47];[INFO];

[2024-08-06 13:07:47];[INFO];[Gen Info] DATA_SND_IMPLICIT_SEND
[2024-08-06 13:07:47];[INFO];

[2024-08-06 13:07:47];[INFO];[Gen Info] DATA_RCV_IMPLICIT_RECEIVE
[2024-08-06 13:07:47];[INFO];

[2024-08-06 13:07:47];[INFO];[Gen Info] CALL_CLNT_CLIENTMODE
[2024-08-06 13:07:47];[INFO];

[2024-08-06 13:07:47];[INFO];[Gen Info]   TI : TI_Backlight_Status [TransportedInterface]
[2024-08-06 13:07:47];[INFO];

[2024-08-06 13:07:47];[INFO];[Gen Info] DATA_SND_CAN_INVALIDATE
[2024-08-06 13:07:47];[INFO];

[2024-08-06 13:07:47];[INFO];[Gen Info] DATA_SND_IMPLICIT_SEND
[2024-08-06 13:07:47];[INFO];

[2024-08-06 13:07:47];[INFO];[Gen Info] DATA_RCV_IMPLICIT_RECEIVE
[2024-08-06 13:07:47];[INFO];

[2024-08-06 13:07:47];[INFO];[Gen Info] CALL_CLNT_CLIENTMODE
[2024-08-06 13:07:47];[INFO];

[2024-08-06 13:07:47];[INFO];[Gen Info]   TI : TI_FaultInjectionHandler [TransportedInterface]
[2024-08-06 13:07:47];[INFO];

[2024-08-06 13:07:47];[INFO];[Gen Info] DATA_SND_CAN_INVALIDATE
[2024-08-06 13:07:47];[INFO];

[2024-08-06 13:07:47];[INFO];[Gen Info] DATA_SND_IMPLICIT_SEND
[2024-08-06 13:07:47];[INFO];

[2024-08-06 13:07:47];[INFO];[Gen Info] DATA_RCV_IMPLICIT_RECEIVE
[2024-08-06 13:07:47];[INFO];

[2024-08-06 13:07:47];[INFO];[Gen Info] CALL_CLNT_CLIENTMODE
[2024-08-06 13:07:47];[INFO];

[2024-08-06 13:07:47];[INFO];[Gen Info]   TI : TI_FITDID [TransportedInterface]
[2024-08-06 13:07:47];[INFO];

[2024-08-06 13:07:47];[INFO];[Gen Info] DATA_SND_CAN_INVALIDATE
[2024-08-06 13:07:47];[INFO];

[2024-08-06 13:07:47];[INFO];[Gen Info] DATA_SND_IMPLICIT_SEND
[2024-08-06 13:07:47];[INFO];

[2024-08-06 13:07:47];[INFO];[Gen Info] DATA_RCV_IMPLICIT_RECEIVE
[2024-08-06 13:07:47];[INFO];

[2024-08-06 13:07:47];[INFO];[Gen Info] CALL_CLNT_CLIENTMODE
[2024-08-06 13:07:47];[INFO];

[2024-08-06 13:07:47];[INFO];[Gen Info]   TI : TI_EcuPowerM [TransportedInterface]
[2024-08-06 13:07:47];[INFO];

[2024-08-06 13:07:47];[INFO];[Gen Info] DATA_SND_CAN_INVALIDATE
[2024-08-06 13:07:47];[INFO];

[2024-08-06 13:07:47];[INFO];[Gen Info] DATA_SND_IMPLICIT_SEND
[2024-08-06 13:07:47];[INFO];

[2024-08-06 13:07:47];[INFO];[Gen Info] DATA_RCV_IMPLICIT_RECEIVE
[2024-08-06 13:07:47];[INFO];

[2024-08-06 13:07:47];[INFO];[Gen Info] CALL_CLNT_CLIENTMODE
[2024-08-06 13:07:47];[INFO];

[2024-08-06 13:07:47];[INFO];[Gen Info]   TI : TI_Display_GammaCorrection [TransportedInterface]
[2024-08-06 13:07:47];[INFO];

[2024-08-06 13:07:47];[INFO];[Gen Info] DATA_SND_CAN_INVALIDATE
[2024-08-06 13:07:47];[INFO];

[2024-08-06 13:07:47];[INFO];[Gen Info] DATA_SND_IMPLICIT_SEND
[2024-08-06 13:07:47];[INFO];

[2024-08-06 13:07:47];[INFO];[Gen Info] DATA_RCV_IMPLICIT_RECEIVE
[2024-08-06 13:07:47];[INFO];

[2024-08-06 13:07:47];[INFO];[Gen Info] CALL_CLNT_CLIENTMODE
[2024-08-06 13:07:47];[INFO];

[2024-08-06 13:07:47];[INFO];[Gen Info]   TI : TI_Display_I2cSeqCallback [TransportedInterface]
[2024-08-06 13:07:47];[INFO];

[2024-08-06 13:07:47];[INFO];[Gen Info] DATA_SND_CAN_INVALIDATE
[2024-08-06 13:07:47];[INFO];

[2024-08-06 13:07:47];[INFO];[Gen Info] DATA_SND_IMPLICIT_SEND
[2024-08-06 13:07:47];[INFO];

[2024-08-06 13:07:47];[INFO];[Gen Info] DATA_RCV_IMPLICIT_RECEIVE
[2024-08-06 13:07:47];[INFO];

[2024-08-06 13:07:47];[INFO];[Gen Info] CALL_CLNT_CLIENTMODE
[2024-08-06 13:07:47];[INFO];

[2024-08-06 13:07:47];[INFO];[Gen Info]   TI : TI_Display_Status [TransportedInterface]
[2024-08-06 13:07:47];[INFO];

[2024-08-06 13:07:47];[INFO];[Gen Info] DATA_SND_CAN_INVALIDATE
[2024-08-06 13:07:47];[INFO];

[2024-08-06 13:07:47];[INFO];[Gen Info] DATA_SND_IMPLICIT_SEND
[2024-08-06 13:07:47];[INFO];

[2024-08-06 13:07:47];[INFO];[Gen Info] DATA_RCV_IMPLICIT_RECEIVE
[2024-08-06 13:07:47];[INFO];

[2024-08-06 13:07:47];[INFO];[Gen Info] CALL_CLNT_CLIENTMODE
[2024-08-06 13:07:47];[INFO];

[2024-08-06 13:07:47];[INFO];[Gen Info]   TI : if_CS_TIRtcServices [TransportedInterface]
[2024-08-06 13:07:47];[INFO];

[2024-08-06 13:07:47];[INFO];[Gen Info]   TI : TI_BattMdl_AVP [TransportedInterface]
[2024-08-06 13:07:47];[INFO];

[2024-08-06 13:07:47];[INFO];[Gen Info] DATA_SND_CAN_INVALIDATE
[2024-08-06 13:07:47];[INFO];

[2024-08-06 13:07:47];[INFO];[Gen Info] DATA_SND_IMPLICIT_SEND
[2024-08-06 13:07:47];[INFO];

[2024-08-06 13:07:47];[INFO];[Gen Info] DATA_RCV_IMPLICIT_RECEIVE
[2024-08-06 13:07:47];[INFO];

[2024-08-06 13:07:47];[INFO];[Gen Info] CALL_CLNT_CLIENTMODE
[2024-08-06 13:07:47];[INFO];

[2024-08-06 13:07:47];[INFO];[Gen Info]   TI : TI_BattMdl_Voltage [TransportedInterface]
[2024-08-06 13:07:47];[INFO];

[2024-08-06 13:07:47];[INFO];[Gen Info] DATA_SND_CAN_INVALIDATE
[2024-08-06 13:07:47];[INFO];

[2024-08-06 13:07:47];[INFO];[Gen Info] DATA_SND_IMPLICIT_SEND
[2024-08-06 13:07:47];[INFO];

[2024-08-06 13:07:47];[INFO];[Gen Info] DATA_RCV_IMPLICIT_RECEIVE
[2024-08-06 13:07:47];[INFO];

[2024-08-06 13:07:47];[INFO];[Gen Info] CALL_CLNT_CLIENTMODE
[2024-08-06 13:07:47];[INFO];

[2024-08-06 13:07:47];[INFO];[Gen Info]   TI : if_CS_SndCdd_AmpDiag [TransportedInterface]
[2024-08-06 13:07:47];[INFO];

[2024-08-06 13:07:47];[INFO];[Gen Info] DATA_SND_CAN_INVALIDATE
[2024-08-06 13:07:47];[INFO];

[2024-08-06 13:07:47];[INFO];[Gen Info] DATA_SND_IMPLICIT_SEND
[2024-08-06 13:07:47];[INFO];

[2024-08-06 13:07:47];[INFO];[Gen Info] DATA_RCV_IMPLICIT_RECEIVE
[2024-08-06 13:07:47];[INFO];

[2024-08-06 13:07:47];[INFO];[Gen Info] CALL_CLNT_CLIENTMODE
[2024-08-06 13:07:47];[INFO];

[2024-08-06 13:07:47];[INFO];[Gen Info]   TI : if_CS_Sndcdd_Services [TransportedInterface]
[2024-08-06 13:07:47];[INFO];

[2024-08-06 13:07:47];[INFO];[Gen Info] DATA_SND_CAN_INVALIDATE
[2024-08-06 13:07:47];[INFO];

[2024-08-06 13:07:47];[INFO];[Gen Info] DATA_SND_IMPLICIT_SEND
[2024-08-06 13:07:47];[INFO];

[2024-08-06 13:07:47];[INFO];[Gen Info] DATA_RCV_IMPLICIT_RECEIVE
[2024-08-06 13:07:47];[INFO];

[2024-08-06 13:07:47];[INFO];[Gen Info] CALL_CLNT_CLIENTMODE
[2024-08-06 13:07:47];[INFO];

[2024-08-06 13:07:47];[INFO];[Gen Info]   TI : If_SR_SleepStatus [TransportedInterface]
[2024-08-06 13:07:47];[INFO];

[2024-08-06 13:07:47];[INFO];[Gen Info] DATA_SND_CAN_INVALIDATE
[2024-08-06 13:07:47];[INFO];

[2024-08-06 13:07:47];[INFO];[Gen Info] DATA_SND_IMPLICIT_SEND
[2024-08-06 13:07:47];[INFO];

[2024-08-06 13:07:47];[INFO];[Gen Info] DATA_RCV_IMPLICIT_RECEIVE
[2024-08-06 13:07:47];[INFO];

[2024-08-06 13:07:47];[INFO];[Gen Info] CALL_CLNT_CLIENTMODE
[2024-08-06 13:07:47];[INFO];

[2024-08-06 13:07:47];[INFO];[Gen Info] Relation : EcuMExt [composition]
[2024-08-06 13:07:47];[INFO];

[2024-08-06 13:07:47];[INFO];[Gen Info] Package : BSW_EcumExt [DesignUnit]
[2024-08-06 13:07:47];[INFO];

[2024-08-06 13:07:47];[INFO];[Gen Info]   Import :P_BSW_EcuMExt
[2024-08-06 13:07:47];[INFO];

[2024-08-06 13:07:47];[INFO];[Gen Info]   Class BSW_EcuMExt [Class]
[2024-08-06 13:07:47];[INFO];

[2024-08-06 13:07:47];[INFO];[Gen Info] Relation : EcuMExt [composition]
[2024-08-06 13:07:47];[INFO];

[2024-08-06 13:07:47];[INFO];[Gen Info] Package : P_BSW_EcuMExt [Package]
[2024-08-06 13:07:47];[INFO];

[2024-08-06 13:07:47];[INFO];[Gen Info]   Class S_EcuMExt [Class]
[2024-08-06 13:07:47];[INFO];

[2024-08-06 13:07:47];[INFO];[Gen Info] Constraint : TimeTrigger [Constraint]
[2024-08-06 13:07:47];[INFO];

[2024-08-06 13:07:47];[INFO];[Gen Info] Constraint : ReleaseRUN [TI_EcuMExt_ReleaseRUN]
[2024-08-06 13:07:47];[INFO];

[2024-08-06 13:07:47];[INFO];[Gen Info] Tag : SOURCE = TI_EcuMExt_ReleaseRUN.ReleaseRUN
[2024-08-06 13:07:47];[INFO];

[2024-08-06 13:07:47];[INFO];[Gen Info] Constraint : RequestRUN [TI_EcuMExt_RequestRUN]
[2024-08-06 13:07:47];[INFO];

[2024-08-06 13:07:47];[INFO];[Gen Info] Tag : SOURCE = TI_EcuMExt_RequestRUN.RequestRUN
[2024-08-06 13:07:47];[INFO];

[2024-08-06 13:07:47];[INFO];[Gen Info] Relation : CBacklightCdd [composition]
[2024-08-06 13:07:47];[INFO];

[2024-08-06 13:07:47];[INFO];[Gen Info] Package : BacklightCdd [DesignUnit]
[2024-08-06 13:07:47];[INFO];

[2024-08-06 13:07:47];[INFO];[Gen Info]   Import :CDD_PACKAGES
[2024-08-06 13:07:47];[INFO];

[2024-08-06 13:07:47];[INFO];[Gen Info]   Import :P_Backlight_Cdd
[2024-08-06 13:07:47];[INFO];

[2024-08-06 13:07:47];[INFO];[Gen Info]   Class Backlight_Cdd [Class]
[2024-08-06 13:07:47];[INFO];

[2024-08-06 13:07:47];[INFO];[Gen Info] Relation : CBacklightCdd [composition]
[2024-08-06 13:07:47];[INFO];

[2024-08-06 13:07:47];[INFO];[Gen Info] Package : P_Backlight_Cdd [Package]
[2024-08-06 13:07:47];[INFO];

[2024-08-06 13:07:47];[INFO];[Gen Info]   Class S_CBacklightCdd [Class]
[2024-08-06 13:07:47];[INFO];

[2024-08-06 13:07:47];[INFO];[Gen Info] Constraint : TimeTrigger [Constraint]
[2024-08-06 13:07:47];[INFO];

[2024-08-06 13:07:47];[INFO];[Gen Info] Constraint : CallTrigger [Constraint]
[2024-08-06 13:07:47];[INFO];

[2024-08-06 13:07:47];[INFO];[Gen Info] Constraint : NotifyDisplayPowerState [TI_Backlight_NotifyDispaly]
[2024-08-06 13:07:47];[INFO];

[2024-08-06 13:07:47];[INFO];[Gen Info] Tag : SOURCE = TI_Backlight_NotifyDispaly.NotifyDisplayPowerState
[2024-08-06 13:07:47];[INFO];

[2024-08-06 13:07:47];[INFO];[Gen Info] Constraint : SetBrightnessValue [TI_Backlight_Service]
[2024-08-06 13:07:47];[INFO];

[2024-08-06 13:07:47];[INFO];[Gen Info] Tag : SOURCE = TI_Backlight_Service.SetBrightnessValue
[2024-08-06 13:07:47];[INFO];

[2024-08-06 13:07:47];[INFO];[Gen Info] Constraint : GetBrightnessValue [TI_Backlight_Service]
[2024-08-06 13:07:47];[INFO];

[2024-08-06 13:07:47];[INFO];[Gen Info] Tag : SOURCE = TI_Backlight_Service.GetBrightnessValue
[2024-08-06 13:07:47];[INFO];

[2024-08-06 13:07:47];[INFO];[Gen Info] Constraint : GetThermalValue [TI_Backlight_Service]
[2024-08-06 13:07:47];[INFO];

[2024-08-06 13:07:47];[INFO];[Gen Info] Tag : SOURCE = TI_Backlight_Service.GetThermalValue
[2024-08-06 13:07:47];[INFO];

[2024-08-06 13:07:47];[INFO];[Gen Info] Constraint : GetStatus [TI_Backlight_Status]
[2024-08-06 13:07:47];[INFO];

[2024-08-06 13:07:47];[INFO];[Gen Info] Tag : SOURCE = TI_Backlight_Status.GetStatus
[2024-08-06 13:07:47];[INFO];

[2024-08-06 13:07:47];[INFO];[Gen Info] Relation : IoHwAb [composition]
[2024-08-06 13:07:47];[INFO];

[2024-08-06 13:07:47];[INFO];[Gen Info] Package : BSW_IOHWAB [DesignUnit]
[2024-08-06 13:07:47];[INFO];

[2024-08-06 13:07:47];[INFO];[Gen Info]   Import :P_SWC_IOHWAB
[2024-08-06 13:07:47];[INFO];

[2024-08-06 13:07:47];[INFO];[Gen Info]   Class SWC_IOHWAB [Class]
[2024-08-06 13:07:47];[INFO];

[2024-08-06 13:07:47];[INFO];[Gen Info] Relation : IoHwAb [composition]
[2024-08-06 13:07:47];[INFO];

[2024-08-06 13:07:47];[INFO];[Gen Info] Package : P_SWC_IOHWAB [Package]
[2024-08-06 13:07:47];[INFO];

[2024-08-06 13:07:47];[INFO];[Gen Info]   Class S_IoHwAb [Class]
[2024-08-06 13:07:48];[INFO];

[2024-08-06 13:07:48];[INFO];[Gen Info] Constraint : PeriodicTrigger [Constraint]
[2024-08-06 13:07:48];[INFO];

[2024-08-06 13:07:48];[INFO];[Gen Info] Constraint : GetAsyncRawAdc [TI_IOHWAB_GetAdc]
[2024-08-06 13:07:48];[INFO];

[2024-08-06 13:07:48];[INFO];[Gen Info] Tag : SOURCE = TI_IOHWAB_GetAdc.GetAsyncRawAdc
[2024-08-06 13:07:48];[INFO];

[2024-08-06 13:07:48];[INFO];[Gen Info] Constraint : GetSyncRawAdc [TI_IOHWAB_GetAdc]
[2024-08-06 13:07:48];[INFO];

[2024-08-06 13:07:48];[INFO];[Gen Info] Tag : SOURCE = TI_IOHWAB_GetAdc.GetSyncRawAdc
[2024-08-06 13:07:48];[INFO];

[2024-08-06 13:07:48];[INFO];[Gen Info] Constraint : GetProcessedAdc [TI_IOHWAB_GetAdc]
[2024-08-06 13:07:48];[INFO];

[2024-08-06 13:07:48];[INFO];[Gen Info] Tag : SOURCE = TI_IOHWAB_GetAdc.GetProcessedAdc
[2024-08-06 13:07:48];[INFO];

[2024-08-06 13:07:48];[INFO];[Gen Info] Constraint : GetAsyncRawInput [TI_IOHWAB_GetDIn]
[2024-08-06 13:07:48];[INFO];

[2024-08-06 13:07:48];[INFO];[Gen Info] Tag : SOURCE = TI_IOHWAB_GetDIn.GetAsyncRawInput
[2024-08-06 13:07:48];[INFO];

[2024-08-06 13:07:48];[INFO];[Gen Info] Constraint : GetProcessedInput [TI_IOHWAB_GetDIn]
[2024-08-06 13:07:48];[INFO];

[2024-08-06 13:07:48];[INFO];[Gen Info] Tag : SOURCE = TI_IOHWAB_GetDIn.GetProcessedInput
[2024-08-06 13:07:48];[INFO];

[2024-08-06 13:07:48];[INFO];[Gen Info] Constraint : GetSyncRawInput [TI_IOHWAB_GetDIn]
[2024-08-06 13:07:48];[INFO];

[2024-08-06 13:07:48];[INFO];[Gen Info] Tag : SOURCE = TI_IOHWAB_GetDIn.GetSyncRawInput
[2024-08-06 13:07:48];[INFO];

[2024-08-06 13:07:48];[INFO];[Gen Info] Constraint : GetInputGroup [TI_IOHWAB_GetDIn]
[2024-08-06 13:07:48];[INFO];

[2024-08-06 13:07:48];[INFO];[Gen Info] Tag : SOURCE = TI_IOHWAB_GetDIn.GetInputGroup
[2024-08-06 13:07:48];[INFO];

[2024-08-06 13:07:48];[INFO];[Gen Info] Constraint : GetCurrentSignalStatus_PulseInput [TI_IOHWAB_Pulse]
[2024-08-06 13:07:48];[INFO];

[2024-08-06 13:07:48];[INFO];[Gen Info] Tag : SOURCE = TI_IOHWAB_Pulse.GetCurrentSignalStatus_PulseInput
[2024-08-06 13:07:48];[INFO];

[2024-08-06 13:07:48];[INFO];[Gen Info] Constraint : GetCurrentSpeed_PulseInput [TI_IOHWAB_Pulse]
[2024-08-06 13:07:48];[INFO];

[2024-08-06 13:07:48];[INFO];[Gen Info] Tag : SOURCE = TI_IOHWAB_Pulse.GetCurrentSpeed_PulseInput
[2024-08-06 13:07:48];[INFO];

[2024-08-06 13:07:48];[INFO];[Gen Info] Constraint : GetRollingCount_PulseInput [TI_IOHWAB_Pulse]
[2024-08-06 13:07:48];[INFO];

[2024-08-06 13:07:48];[INFO];[Gen Info] Tag : SOURCE = TI_IOHWAB_Pulse.GetRollingCount_PulseInput
[2024-08-06 13:07:48];[INFO];

[2024-08-06 13:07:48];[INFO];[Gen Info] Constraint : ResetRollingCount_PulseInput [TI_IOHWAB_Pulse]
[2024-08-06 13:07:48];[INFO];

[2024-08-06 13:07:48];[INFO];[Gen Info] Tag : SOURCE = TI_IOHWAB_Pulse.ResetRollingCount_PulseInput
[2024-08-06 13:07:48];[INFO];

[2024-08-06 13:07:48];[INFO];[Gen Info] Constraint : Start_Signal_Measurement_PulseInput [TI_IOHWAB_Pulse]
[2024-08-06 13:07:48];[INFO];

[2024-08-06 13:07:48];[INFO];[Gen Info] Tag : SOURCE = TI_IOHWAB_Pulse.Start_Signal_Measurement_PulseInput
[2024-08-06 13:07:48];[INFO];

[2024-08-06 13:07:48];[INFO];[Gen Info] Constraint : Stop_Signal_Measurement_PulseInput [TI_IOHWAB_Pulse]
[2024-08-06 13:07:48];[INFO];

[2024-08-06 13:07:48];[INFO];[Gen Info] Tag : SOURCE = TI_IOHWAB_Pulse.Stop_Signal_Measurement_PulseInput
[2024-08-06 13:07:48];[INFO];

[2024-08-06 13:07:48];[INFO];[Gen Info] Constraint : Update_CalibParam_PulseInput [TI_IOHWAB_Pulse]
[2024-08-06 13:07:48];[INFO];

[2024-08-06 13:07:48];[INFO];[Gen Info] Tag : SOURCE = TI_IOHWAB_Pulse.Update_CalibParam_PulseInput
[2024-08-06 13:07:48];[INFO];

[2024-08-06 13:07:48];[INFO];[Gen Info] Constraint : PwmSetDuty [TI_IOHWAB_PWM]
[2024-08-06 13:07:48];[INFO];

[2024-08-06 13:07:48];[INFO];[Gen Info] Tag : SOURCE = TI_IOHWAB_PWM.PwmSetDuty
[2024-08-06 13:07:48];[INFO];

[2024-08-06 13:07:48];[INFO];[Gen Info] Constraint : PwmSetDutyAndPeriod [TI_IOHWAB_PWM]
[2024-08-06 13:07:48];[INFO];

[2024-08-06 13:07:48];[INFO];[Gen Info] Tag : SOURCE = TI_IOHWAB_PWM.PwmSetDutyAndPeriod
[2024-08-06 13:07:48];[INFO];

[2024-08-06 13:07:48];[INFO];[Gen Info] Constraint : PwmSetIdeal [TI_IOHWAB_PWM]
[2024-08-06 13:07:48];[INFO];

[2024-08-06 13:07:48];[INFO];[Gen Info] Tag : SOURCE = TI_IOHWAB_PWM.PwmSetIdeal
[2024-08-06 13:07:48];[INFO];

[2024-08-06 13:07:48];[INFO];[Gen Info] Constraint : SetOutputGroup [TI_IOHWAB_SetDout]
[2024-08-06 13:07:48];[INFO];

[2024-08-06 13:07:48];[INFO];[Gen Info] Tag : SOURCE = TI_IOHWAB_SetDout.SetOutputGroup
[2024-08-06 13:07:48];[INFO];

[2024-08-06 13:07:48];[INFO];[Gen Info] Constraint : SetOutputPin [TI_IOHWAB_SetDout]
[2024-08-06 13:07:48];[INFO];

[2024-08-06 13:07:48];[INFO];[Gen Info] Tag : SOURCE = TI_IOHWAB_SetDout.SetOutputPin
[2024-08-06 13:07:48];[INFO];

[2024-08-06 13:07:48];[INFO];[Gen Info] Relation : CDisplayCdd [composition]
[2024-08-06 13:07:48];[INFO];

[2024-08-06 13:07:48];[INFO];[Gen Info] Package : DisplayCdd [DesignUnit]
[2024-08-06 13:07:48];[INFO];

[2024-08-06 13:07:48];[INFO];[Gen Info]   Import :P_Display_Cdd
[2024-08-06 13:07:48];[INFO];

[2024-08-06 13:07:48];[INFO];[Gen Info]   Class Display_Cdd [Class]
[2024-08-06 13:07:48];[INFO];

[2024-08-06 13:07:48];[INFO];[Gen Info] Relation : CDisplayCdd [composition]
[2024-08-06 13:07:48];[INFO];

[2024-08-06 13:07:48];[INFO];[Gen Info] Package : P_Display_Cdd [Package]
[2024-08-06 13:07:48];[INFO];

[2024-08-06 13:07:48];[INFO];[Gen Info]   Class S_CDisplayCdd [Class]
[2024-08-06 13:07:48];[INFO];

[2024-08-06 13:07:48];[INFO];[Gen Info] Constraint : PeriodicTriggerMainFunc [Constraint]
[2024-08-06 13:07:48];[INFO];

[2024-08-06 13:07:48];[INFO];[Gen Info] Constraint : CallTrigger [Constraint]
[2024-08-06 13:07:48];[INFO];

[2024-08-06 13:07:48];[INFO];[Gen Info] Constraint : SetGammaCorrection [TI_Display_GammaCorrection]
[2024-08-06 13:07:48];[INFO];

[2024-08-06 13:07:48];[INFO];[Gen Info] Tag : SOURCE = TI_Display_GammaCorrection.SetGammaCorrection
[2024-08-06 13:07:48];[INFO];

[2024-08-06 13:07:48];[INFO];[Gen Info] Constraint : GetGammaCorrectionStatus [TI_Display_GammaCorrection]
[2024-08-06 13:07:48];[INFO];

[2024-08-06 13:07:48];[INFO];[Gen Info] Tag : SOURCE = TI_Display_GammaCorrection.GetGammaCorrectionStatus
[2024-08-06 13:07:48];[INFO];

[2024-08-06 13:07:48];[INFO];[Gen Info] Constraint : I2cSeqEndCallback [TI_Display_I2cSeqCallback]
[2024-08-06 13:07:48];[INFO];

[2024-08-06 13:07:48];[INFO];[Gen Info] Tag : SOURCE = TI_Display_I2cSeqCallback.I2cSeqEndCallback
[2024-08-06 13:07:48];[INFO];

[2024-08-06 13:07:48];[INFO];[Gen Info] Constraint : GetStatus [TI_Display_Status]
[2024-08-06 13:07:48];[INFO];

[2024-08-06 13:07:48];[INFO];[Gen Info] Tag : SOURCE = TI_Display_Status.GetStatus
[2024-08-06 13:07:48];[INFO];

[2024-08-06 13:07:48];[INFO];[Gen Info] Constraint : SetState [TI_Display_Status]
[2024-08-06 13:07:48];[INFO];

[2024-08-06 13:07:48];[INFO];[Gen Info] Tag : SOURCE = TI_Display_Status.SetState
[2024-08-06 13:07:48];[INFO];

[2024-08-06 13:07:48];[INFO];[Gen Info] Relation : TmExt [composition]
[2024-08-06 13:07:48];[INFO];

[2024-08-06 13:07:48];[INFO];[Gen Info] Package : BSW_TmExt [DesignUnit]
[2024-08-06 13:07:48];[INFO];

[2024-08-06 13:07:48];[INFO];[Gen Info]   Import :P_BSW_TmExt
[2024-08-06 13:07:48];[INFO];

[2024-08-06 13:07:48];[INFO];[Gen Info]   Class BSW_TmExt [Class]
[2024-08-06 13:07:48];[INFO];

[2024-08-06 13:07:48];[INFO];[Gen Info] Relation : TmExt [composition]
[2024-08-06 13:07:48];[INFO];

[2024-08-06 13:07:48];[INFO];[Gen Info] Package : P_BSW_TmExt [Package]
[2024-08-06 13:07:48];[INFO];

[2024-08-06 13:07:48];[INFO];[Gen Info]   Class S_TmExt [Class]
[2024-08-06 13:07:48];[INFO];

[2024-08-06 13:07:48];[INFO];[Gen Info] Constraint : constraint [Constraint]
[2024-08-06 13:07:48];[INFO];

[2024-08-06 13:07:48];[INFO];[Gen Info] Constraint : Timer_GetElapsedTime [TI_If_TmExt_Timer_GetElapsedTime]
[2024-08-06 13:07:48];[INFO];

[2024-08-06 13:07:48];[INFO];[Gen Info] Tag : SOURCE = TI_If_TmExt_Timer_GetElapsedTime.Timer_GetElapsedTime
[2024-08-06 13:07:48];[INFO];

[2024-08-06 13:07:48];[INFO];[Gen Info] Constraint : Timer_IsElapsed [TI_If_TmExt_Timer_IsElapsed]
[2024-08-06 13:07:48];[INFO];

[2024-08-06 13:07:48];[INFO];[Gen Info] Tag : SOURCE = TI_If_TmExt_Timer_IsElapsed.Timer_IsElapsed
[2024-08-06 13:07:48];[INFO];

[2024-08-06 13:07:48];[INFO];[Gen Info] Constraint : Timer_IsStarted [TI_If_TmExt_Timer_IsStarted]
[2024-08-06 13:07:48];[INFO];

[2024-08-06 13:07:48];[INFO];[Gen Info] Tag : SOURCE = TI_If_TmExt_Timer_IsStarted.Timer_IsStarted
[2024-08-06 13:07:48];[INFO];

[2024-08-06 13:07:48];[INFO];[Gen Info] Constraint : Timer_Start [TI_If_TmExt_Timer_Start]
[2024-08-06 13:07:48];[INFO];

[2024-08-06 13:07:48];[INFO];[Gen Info] Tag : SOURCE = TI_If_TmExt_Timer_Start.Timer_Start
[2024-08-06 13:07:48];[INFO];

[2024-08-06 13:07:48];[INFO];[Gen Info] Constraint : Timer_Stop [TI_If_TmExt_Timer_Stop]
[2024-08-06 13:07:48];[INFO];

[2024-08-06 13:07:48];[INFO];[Gen Info] Tag : SOURCE = TI_If_TmExt_Timer_Stop.Timer_Stop
[2024-08-06 13:07:48];[INFO];

[2024-08-06 13:07:48];[INFO];[Gen Info] Relation : CSleepManager [composition]
[2024-08-06 13:07:48];[INFO];

[2024-08-06 13:07:48];[INFO];[Gen Info] Package : SleepManager [DesignUnit]
[2024-08-06 13:07:48];[INFO];

[2024-08-06 13:07:48];[INFO];[Gen Info]   Import :SWC_APP_STUBS
[2024-08-06 13:07:48];[INFO];

[2024-08-06 13:07:48];[INFO];[Gen Info]   Import :P_SleepManager
[2024-08-06 13:07:48];[INFO];

[2024-08-06 13:07:48];[INFO];[Gen Info]   Class SleepManager [Class]
[2024-08-06 13:07:48];[INFO];

[2024-08-06 13:07:48];[INFO];[Gen Info] Relation : CSleepManager [composition]
[2024-08-06 13:07:48];[INFO];

[2024-08-06 13:07:48];[INFO];[Gen Info] Package : P_SleepManager [Package]
[2024-08-06 13:07:48];[INFO];

[2024-08-06 13:07:48];[INFO];[Gen Info]   Class S_CSleepManager [Class]
[2024-08-06 13:07:48];[INFO];

[2024-08-06 13:07:48];[INFO];[Gen Info] Constraint : PeriodicTrigger [Constraint]
[2024-08-06 13:07:48];[INFO];

[2024-08-06 13:07:48];[INFO];[Gen Info] Constraint : CallTrigger [Constraint]
[2024-08-06 13:07:48];[INFO];

[2024-08-06 13:07:48];[INFO];[Gen Info] Relation : NvMExt [composition]
[2024-08-06 13:07:48];[INFO];

[2024-08-06 13:07:48];[INFO];[Gen Info] Package : BSW_NvmExt [DesignUnit]
[2024-08-06 13:07:48];[INFO];

[2024-08-06 13:07:48];[INFO];[Gen Info]   Import :P_SWC_NvmExt
[2024-08-06 13:07:48];[INFO];

[2024-08-06 13:07:48];[INFO];[Gen Info]   Class SWC_NvmExt [Class]
[2024-08-06 13:07:48];[INFO];

[2024-08-06 13:07:48];[INFO];[Gen Info] Relation : NvMExt [composition]
[2024-08-06 13:07:48];[INFO];

[2024-08-06 13:07:48];[INFO];[Gen Info] Package : P_SWC_NvmExt [Package]
[2024-08-06 13:07:48];[INFO];

[2024-08-06 13:07:48];[INFO];[Gen Info]   Class S_NvMExt [Class]
[2024-08-06 13:07:48];[INFO];

[2024-08-06 13:07:49];[INFO];[Gen Info] Constraint : PeriodicTrigger [Constraint]
[2024-08-06 13:07:49];[INFO];

[2024-08-06 13:07:49];[INFO];[Gen Info] Constraint : PeriodicTrigger [Constraint]
[2024-08-06 13:07:49];[INFO];

[2024-08-06 13:07:49];[INFO];[Gen Info] Constraint : NvMExt_GetPendingStatus [TI_NvmExt_GetPendingStatus]
[2024-08-06 13:07:49];[INFO];

[2024-08-06 13:07:49];[INFO];[Gen Info] Tag : SOURCE = TI_NvmExt_GetPendingStatus.NvMExt_GetPendingStatus
[2024-08-06 13:07:49];[INFO];

[2024-08-06 13:07:49];[INFO];[Gen Info] Constraint : NvMExt_ReadAll [TI_NvmExt_StartNvmReadAll]
[2024-08-06 13:07:49];[INFO];

[2024-08-06 13:07:49];[INFO];[Gen Info] Tag : SOURCE = TI_NvmExt_StartNvmReadAll.NvMExt_ReadAll
[2024-08-06 13:07:49];[INFO];

[2024-08-06 13:07:49];[INFO];[Gen Info] Constraint : NvMExt_ReadytoSleep [TI_NvMExt_SleepOperations]
[2024-08-06 13:07:49];[INFO];

[2024-08-06 13:07:49];[INFO];[Gen Info] Tag : SOURCE = TI_NvMExt_SleepOperations.NvMExt_ReadytoSleep
[2024-08-06 13:07:49];[INFO];

[2024-08-06 13:07:49];[INFO];[Gen Info] Constraint : NvMExt_RequestSleep [TI_NvMExt_SleepOperations]
[2024-08-06 13:07:49];[INFO];

[2024-08-06 13:07:49];[INFO];[Gen Info] Tag : SOURCE = TI_NvMExt_SleepOperations.NvMExt_RequestSleep
[2024-08-06 13:07:49];[INFO];

[2024-08-06 13:07:49];[INFO];[Gen Info] Constraint : NvMExt_CancelSleep [TI_NvMExt_SleepOperations]
[2024-08-06 13:07:49];[INFO];

[2024-08-06 13:07:49];[INFO];[Gen Info] Tag : SOURCE = TI_NvMExt_SleepOperations.NvMExt_CancelSleep
[2024-08-06 13:07:49];[INFO];

[2024-08-06 13:07:49];[INFO];[Gen Info] Constraint : NvmExt_GetNvMReadAllStatus [TI_NvMExt_GetReadAllStatus]
[2024-08-06 13:07:49];[INFO];

[2024-08-06 13:07:49];[INFO];[Gen Info] Tag : SOURCE = TI_NvMExt_GetReadAllStatus.NvmExt_GetNvMReadAllStatus
[2024-08-06 13:07:49];[INFO];

[2024-08-06 13:07:49];[INFO];[Gen Info] Constraint : NvMExt_RestoreBlockDefaults [TI_NvMExt_RestoreBlockDefaults]
[2024-08-06 13:07:49];[INFO];

[2024-08-06 13:07:49];[INFO];[Gen Info] Tag : SOURCE = TI_NvMExt_RestoreBlockDefaults.NvMExt_RestoreBlockDefaults
[2024-08-06 13:07:49];[INFO];

[2024-08-06 13:07:49];[INFO];[Gen Info] Constraint : NvMExt_GetErrorStatus [TI_NvMExt_GetErrorStatus]
[2024-08-06 13:07:49];[INFO];

[2024-08-06 13:07:49];[INFO];[Gen Info] Tag : SOURCE = TI_NvMExt_GetErrorStatus.NvMExt_GetErrorStatus
[2024-08-06 13:07:49];[INFO];

[2024-08-06 13:07:49];[INFO];[Gen Info] Constraint : NvMExt_ReadBlock [TI_NvMExt_ReadBlock]
[2024-08-06 13:07:49];[INFO];

[2024-08-06 13:07:49];[INFO];[Gen Info] Tag : SOURCE = TI_NvMExt_ReadBlock.NvMExt_ReadBlock
[2024-08-06 13:07:49];[INFO];

[2024-08-06 13:07:49];[INFO];[Gen Info] Constraint : NvMExt_WriteBlock [TI_NvMExt_WriteBlock]
[2024-08-06 13:07:49];[INFO];

[2024-08-06 13:07:49];[INFO];[Gen Info] Tag : SOURCE = TI_NvMExt_WriteBlock.NvMExt_WriteBlock
[2024-08-06 13:07:49];[INFO];

[2024-08-06 13:07:49];[INFO];[Gen Info] Relation : MemAbstractMdl [composition]
[2024-08-06 13:07:49];[INFO];

[2024-08-06 13:07:49];[INFO];[Gen Info] Package : MemAbstractMdl [DesignUnit]
[2024-08-06 13:07:49];[INFO];

[2024-08-06 13:07:49];[INFO];[Gen Info]   Import :SWC_PACKAGES
[2024-08-06 13:07:49];[INFO];

[2024-08-06 13:07:49];[INFO];[Gen Info]   Language : 
[2024-08-06 13:07:49];[INFO];

[2024-08-06 13:07:49];[INFO];[Gen Info]   Language : 
[2024-08-06 13:07:49];[INFO];

[2024-08-06 13:07:49];[INFO];[Gen Info]   Simple type : Arr_u8_8
[2024-08-06 13:07:49];[INFO];

[2024-08-06 13:07:49];[INFO];[Gen Info]   Simple type : Arr_u8_16
[2024-08-06 13:07:49];[INFO];

[2024-08-06 13:07:49];[INFO];[Gen Info]   Simple type : Arr_u8_32
[2024-08-06 13:07:49];[INFO];

[2024-08-06 13:07:49];[INFO];[Gen Info]   Simple type : Arr_u8_48
[2024-08-06 13:07:49];[INFO];

[2024-08-06 13:07:49];[INFO];[Gen Info]   Simple type : Arr_u8_64
[2024-08-06 13:07:49];[INFO];

[2024-08-06 13:07:49];[INFO];[Gen Info]   Simple type : Arr_u8_128
[2024-08-06 13:07:49];[INFO];

[2024-08-06 13:07:49];[INFO];[Gen Info]   Simple type : Arr_u8_256
[2024-08-06 13:07:49];[INFO];

[2024-08-06 13:07:49];[INFO];[Gen Info]   Simple type : Arr_u8_100
[2024-08-06 13:07:49];[INFO];

[2024-08-06 13:07:49];[INFO];[Gen Info]   Simple type : Arr_u8_1024
[2024-08-06 13:07:49];[INFO];

[2024-08-06 13:07:49];[INFO];[Gen Info]   Simple type : Arr_u8_2048
[2024-08-06 13:07:49];[INFO];

[2024-08-06 13:07:49];[INFO];[Gen Info]   Import :P_SWC_MemAbstract
[2024-08-06 13:07:49];[INFO];

[2024-08-06 13:07:49];[INFO];[Gen Info]   Class SWC_MemAbstract [Class]
[2024-08-06 13:07:49];[INFO];

[2024-08-06 13:07:49];[INFO];[Gen Info] Relation : MemAbstractMdl [composition]
[2024-08-06 13:07:49];[INFO];

[2024-08-06 13:07:49];[INFO];[Gen Info] Package : P_SWC_MemAbstract [Package]
[2024-08-06 13:07:49];[INFO];

[2024-08-06 13:07:49];[INFO];[Gen Info]   Class S_MemAbstractMdl [Class]
[2024-08-06 13:07:49];[INFO];

[2024-08-06 13:07:49];[INFO];[Gen Info]   TI : if_CS_MemAbsSet [TransportedInterface]
[2024-08-06 13:07:49];[INFO];

[2024-08-06 13:07:49];[INFO];[Gen Info] DATA_SND_CAN_INVALIDATE
[2024-08-06 13:07:49];[INFO];

[2024-08-06 13:07:49];[INFO];[Gen Info] DATA_SND_IMPLICIT_SEND
[2024-08-06 13:07:49];[INFO];

[2024-08-06 13:07:49];[INFO];[Gen Info] DATA_RCV_IMPLICIT_RECEIVE
[2024-08-06 13:07:49];[INFO];

[2024-08-06 13:07:49];[INFO];[Gen Info] CALL_CLNT_CLIENTMODE
[2024-08-06 13:07:49];[INFO];

[2024-08-06 13:07:49];[INFO];[Gen Info]   TI : if_CS_MemAbsGet [TransportedInterface]
[2024-08-06 13:07:49];[INFO];

[2024-08-06 13:07:49];[INFO];[Gen Info] DATA_SND_CAN_INVALIDATE
[2024-08-06 13:07:49];[INFO];

[2024-08-06 13:07:49];[INFO];[Gen Info] DATA_SND_IMPLICIT_SEND
[2024-08-06 13:07:49];[INFO];

[2024-08-06 13:07:49];[INFO];[Gen Info] DATA_RCV_IMPLICIT_RECEIVE
[2024-08-06 13:07:49];[INFO];

[2024-08-06 13:07:49];[INFO];[Gen Info] CALL_CLNT_CLIENTMODE
[2024-08-06 13:07:49];[INFO];

[2024-08-06 13:07:49];[INFO];[Gen Info]   TI : if_SR_JobStatus [TransportedInterface]
[2024-08-06 13:07:49];[INFO];

[2024-08-06 13:07:49];[INFO];[Gen Info] DATA_SND_CAN_INVALIDATE
[2024-08-06 13:07:49];[INFO];

[2024-08-06 13:07:49];[INFO];[Gen Info] DATA_SND_IMPLICIT_SEND
[2024-08-06 13:07:49];[INFO];

[2024-08-06 13:07:49];[INFO];[Gen Info] DATA_RCV_IMPLICIT_RECEIVE
[2024-08-06 13:07:49];[INFO];

[2024-08-06 13:07:49];[INFO];[Gen Info] CALL_CLNT_CLIENTMODE
[2024-08-06 13:07:49];[INFO];

[2024-08-06 13:07:49];[INFO];[Gen Info]   TI : if_CS_MemAbs_NvMWriteStatus [TransportedInterface]
[2024-08-06 13:07:49];[INFO];

[2024-08-06 13:07:49];[INFO];[Gen Info] DATA_SND_CAN_INVALIDATE
[2024-08-06 13:07:49];[INFO];

[2024-08-06 13:07:49];[INFO];[Gen Info] DATA_SND_IMPLICIT_SEND
[2024-08-06 13:07:49];[INFO];

[2024-08-06 13:07:49];[INFO];[Gen Info] DATA_RCV_IMPLICIT_RECEIVE
[2024-08-06 13:07:49];[INFO];

[2024-08-06 13:07:49];[INFO];[Gen Info] CALL_CLNT_CLIENTMODE
[2024-08-06 13:07:49];[INFO];

[2024-08-06 13:07:49];[INFO];[Gen Info] Constraint : NvmWriteStatus [if_CS_MemAbs_NvMWriteStatus]
[2024-08-06 13:07:49];[INFO];

[2024-08-06 13:07:49];[INFO];[Gen Info] Tag : SOURCE = if_CS_MemAbs_NvMWriteStatus.NvmWriteStatus
[2024-08-06 13:07:49];[INFO];

[2024-08-06 13:07:49];[INFO];[Gen Info] Constraint : Get_BsShare_SwUpdReflash_Element [if_CS_MemAbsGet]
[2024-08-06 13:07:49];[INFO];

[2024-08-06 13:07:49];[INFO];[Gen Info] Tag : SOURCE = if_CS_MemAbsGet.Get_BsShare_SwUpdReflash_Element
[2024-08-06 13:07:49];[INFO];

[2024-08-06 13:07:49];[INFO];[Gen Info] Constraint : Set_BsShare_SwUpdReflash_Element [if_CS_MemAbsSet]
[2024-08-06 13:07:49];[INFO];

[2024-08-06 13:07:49];[INFO];[Gen Info] Tag : SOURCE = if_CS_MemAbsSet.Set_BsShare_SwUpdReflash_Element
[2024-08-06 13:07:50];[INFO];

[2024-08-06 13:07:50];[INFO];[Gen Info] Constraint : Get_BsShare_SwUpdFotaMode_Element [if_CS_MemAbsGet]
[2024-08-06 13:07:50];[INFO];

[2024-08-06 13:07:50];[INFO];[Gen Info] Tag : SOURCE = if_CS_MemAbsGet.Get_BsShare_SwUpdFotaMode_Element
[2024-08-06 13:07:50];[INFO];

[2024-08-06 13:07:50];[INFO];[Gen Info] Constraint : Set_BsShare_SwUpdFotaMode_Element [if_CS_MemAbsSet]
[2024-08-06 13:07:50];[INFO];

[2024-08-06 13:07:50];[INFO];[Gen Info] Tag : SOURCE = if_CS_MemAbsSet.Set_BsShare_SwUpdFotaMode_Element
[2024-08-06 13:07:50];[INFO];

[2024-08-06 13:07:50];[INFO];[Gen Info] Constraint : Get_BsShare_SwUpdFotaFinPrint_Element [if_CS_MemAbsGet]
[2024-08-06 13:07:50];[INFO];

[2024-08-06 13:07:50];[INFO];[Gen Info] Tag : SOURCE = if_CS_MemAbsGet.Get_BsShare_SwUpdFotaFinPrint_Element
[2024-08-06 13:07:50];[INFO];

[2024-08-06 13:07:50];[INFO];[Gen Info] Constraint : Set_BsShare_SwUpdFotaFinPrint_Element [if_CS_MemAbsSet]
[2024-08-06 13:07:50];[INFO];

[2024-08-06 13:07:50];[INFO];[Gen Info] Tag : SOURCE = if_CS_MemAbsSet.Set_BsShare_SwUpdFotaFinPrint_Element
[2024-08-06 13:07:50];[INFO];

[2024-08-06 13:07:50];[INFO];[Gen Info] Constraint : Get_BsShare_SwUpdFotaStatus_Element [if_CS_MemAbsGet]
[2024-08-06 13:07:50];[INFO];

[2024-08-06 13:07:50];[INFO];[Gen Info] Tag : SOURCE = if_CS_MemAbsGet.Get_BsShare_SwUpdFotaStatus_Element
[2024-08-06 13:07:50];[INFO];

[2024-08-06 13:07:50];[INFO];[Gen Info] Constraint : Set_BsShare_SwUpdFotaStatus_Element [if_CS_MemAbsSet]
[2024-08-06 13:07:50];[INFO];

[2024-08-06 13:07:50];[INFO];[Gen Info] Tag : SOURCE = if_CS_MemAbsSet.Set_BsShare_SwUpdFotaStatus_Element
[2024-08-06 13:07:50];[INFO];

[2024-08-06 13:07:50];[INFO];[Gen Info] Constraint : Get_BsShare_SwUpdFotadecrypt_Element [if_CS_MemAbsGet]
[2024-08-06 13:07:50];[INFO];

[2024-08-06 13:07:50];[INFO];[Gen Info] Tag : SOURCE = if_CS_MemAbsGet.Get_BsShare_SwUpdFotadecrypt_Element
[2024-08-06 13:07:50];[INFO];

[2024-08-06 13:07:50];[INFO];[Gen Info] Constraint : Set_BsShare_SwUpdFotadecrypt_Element [if_CS_MemAbsSet]
[2024-08-06 13:07:50];[INFO];

[2024-08-06 13:07:50];[INFO];[Gen Info] Tag : SOURCE = if_CS_MemAbsSet.Set_BsShare_SwUpdFotadecrypt_Element
[2024-08-06 13:07:50];[INFO];

[2024-08-06 13:07:50];[INFO];[Gen Info] Constraint : Get_BsShare_EcuPartNumber_Element [if_CS_MemAbsGet]
[2024-08-06 13:07:50];[INFO];

[2024-08-06 13:07:50];[INFO];[Gen Info] Tag : SOURCE = if_CS_MemAbsGet.Get_BsShare_EcuPartNumber_Element
[2024-08-06 13:07:50];[INFO];

[2024-08-06 13:07:50];[INFO];[Gen Info] Constraint : Set_BsShare_EcuPartNumber_Element [if_CS_MemAbsSet]
[2024-08-06 13:07:50];[INFO];

[2024-08-06 13:07:50];[INFO];[Gen Info] Tag : SOURCE = if_CS_MemAbsSet.Set_BsShare_EcuPartNumber_Element
[2024-08-06 13:07:50];[INFO];

[2024-08-06 13:07:50];[INFO];[Gen Info] Constraint : Get_BsShare_VisMeet_Element [if_CS_MemAbsGet]
[2024-08-06 13:07:50];[INFO];

[2024-08-06 13:07:50];[INFO];[Gen Info] Tag : SOURCE = if_CS_MemAbsGet.Get_BsShare_VisMeet_Element
[2024-08-06 13:07:50];[INFO];

[2024-08-06 13:07:50];[INFO];[Gen Info] Constraint : Set_BsShare_VisMeet_Element [if_CS_MemAbsSet]
[2024-08-06 13:07:50];[INFO];

[2024-08-06 13:07:50];[INFO];[Gen Info] Tag : SOURCE = if_CS_MemAbsSet.Set_BsShare_VisMeet_Element
[2024-08-06 13:07:50];[INFO];

[2024-08-06 13:07:50];[INFO];[Gen Info] Constraint : Get_BsShare_VehicleConfig_Element [if_CS_MemAbsGet]
[2024-08-06 13:07:50];[INFO];

[2024-08-06 13:07:50];[INFO];[Gen Info] Tag : SOURCE = if_CS_MemAbsGet.Get_BsShare_VehicleConfig_Element
[2024-08-06 13:07:50];[INFO];

[2024-08-06 13:07:50];[INFO];[Gen Info] Constraint : Set_BsShare_VehicleConfig_Element [if_CS_MemAbsSet]
[2024-08-06 13:07:50];[INFO];

[2024-08-06 13:07:50];[INFO];[Gen Info] Tag : SOURCE = if_CS_MemAbsSet.Set_BsShare_VehicleConfig_Element
[2024-08-06 13:07:50];[INFO];

[2024-08-06 13:07:50];[INFO];[Gen Info] Constraint : Get_BsConst_SpeedoGauge_Element [if_CS_MemAbsGet]
[2024-08-06 13:07:50];[INFO];

[2024-08-06 13:07:50];[INFO];[Gen Info] Tag : SOURCE = if_CS_MemAbsGet.Get_BsConst_SpeedoGauge_Element
[2024-08-06 13:07:50];[INFO];

[2024-08-06 13:07:50];[INFO];[Gen Info] Constraint : Set_BsConst_SpeedoGauge_Element [if_CS_MemAbsSet]
[2024-08-06 13:07:50];[INFO];

[2024-08-06 13:07:50];[INFO];[Gen Info] Tag : SOURCE = if_CS_MemAbsSet.Set_BsConst_SpeedoGauge_Element
[2024-08-06 13:07:50];[INFO];

[2024-08-06 13:07:50];[INFO];[Gen Info] Constraint : Get_BsConst_TachoGauge_Element [if_CS_MemAbsGet]
[2024-08-06 13:07:50];[INFO];

[2024-08-06 13:07:50];[INFO];[Gen Info] Tag : SOURCE = if_CS_MemAbsGet.Get_BsConst_TachoGauge_Element
[2024-08-06 13:07:50];[INFO];

[2024-08-06 13:07:50];[INFO];[Gen Info] Constraint : Set_BsConst_TachoGauge_Element [if_CS_MemAbsSet]
[2024-08-06 13:07:50];[INFO];

[2024-08-06 13:07:50];[INFO];[Gen Info] Tag : SOURCE = if_CS_MemAbsSet.Set_BsConst_TachoGauge_Element
[2024-08-06 13:07:50];[INFO];

[2024-08-06 13:07:50];[INFO];[Gen Info] Constraint : Get_BsConst_FuelGauge_Element [if_CS_MemAbsGet]
[2024-08-06 13:07:50];[INFO];

[2024-08-06 13:07:50];[INFO];[Gen Info] Tag : SOURCE = if_CS_MemAbsGet.Get_BsConst_FuelGauge_Element
[2024-08-06 13:07:50];[INFO];

[2024-08-06 13:07:50];[INFO];[Gen Info] Constraint : Set_BsConst_FuelGauge_Element [if_CS_MemAbsSet]
[2024-08-06 13:07:50];[INFO];

[2024-08-06 13:07:50];[INFO];[Gen Info] Tag : SOURCE = if_CS_MemAbsSet.Set_BsConst_FuelGauge_Element
[2024-08-06 13:07:50];[INFO];

[2024-08-06 13:07:50];[INFO];[Gen Info] Constraint : Get_BsConst_TempGauge_Element [if_CS_MemAbsGet]
[2024-08-06 13:07:50];[INFO];

[2024-08-06 13:07:50];[INFO];[Gen Info] Tag : SOURCE = if_CS_MemAbsGet.Get_BsConst_TempGauge_Element
[2024-08-06 13:07:50];[INFO];

[2024-08-06 13:07:50];[INFO];[Gen Info] Constraint : Set_BsConst_TempGauge_Element [if_CS_MemAbsSet]
[2024-08-06 13:07:50];[INFO];

[2024-08-06 13:07:50];[INFO];[Gen Info] Tag : SOURCE = if_CS_MemAbsSet.Set_BsConst_TempGauge_Element
[2024-08-06 13:07:50];[INFO];

[2024-08-06 13:07:50];[INFO];[Gen Info] Constraint : Get_BsConst_PowerGauge_Element [if_CS_MemAbsGet]
[2024-08-06 13:07:50];[INFO];

[2024-08-06 13:07:50];[INFO];[Gen Info] Tag : SOURCE = if_CS_MemAbsGet.Get_BsConst_PowerGauge_Element
[2024-08-06 13:07:50];[INFO];

[2024-08-06 13:07:50];[INFO];[Gen Info] Constraint : Set_BsConst_PowerGauge_Element [if_CS_MemAbsSet]
[2024-08-06 13:07:50];[INFO];

[2024-08-06 13:07:50];[INFO];[Gen Info] Tag : SOURCE = if_CS_MemAbsSet.Set_BsConst_PowerGauge_Element
[2024-08-06 13:07:50];[INFO];

[2024-08-06 13:07:50];[INFO];[Gen Info] Constraint : Get_BsConst_OilGauge_Element [if_CS_MemAbsGet]
[2024-08-06 13:07:50];[INFO];

[2024-08-06 13:07:50];[INFO];[Gen Info] Tag : SOURCE = if_CS_MemAbsGet.Get_BsConst_OilGauge_Element
[2024-08-06 13:07:50];[INFO];

[2024-08-06 13:07:50];[INFO];[Gen Info] Constraint : Set_BsConst_OilGauge_Element [if_CS_MemAbsSet]
[2024-08-06 13:07:50];[INFO];

[2024-08-06 13:07:50];[INFO];[Gen Info] Tag : SOURCE = if_CS_MemAbsSet.Set_BsConst_OilGauge_Element
[2024-08-06 13:07:50];[INFO];

[2024-08-06 13:07:50];[INFO];[Gen Info] Constraint : Get_BsConst_TripComputer_Element [if_CS_MemAbsGet]
[2024-08-06 13:07:50];[INFO];

[2024-08-06 13:07:50];[INFO];[Gen Info] Tag : SOURCE = if_CS_MemAbsGet.Get_BsConst_TripComputer_Element
[2024-08-06 13:07:50];[INFO];

[2024-08-06 13:07:50];[INFO];[Gen Info] Constraint : Set_BsConst_TripComputer_Element [if_CS_MemAbsSet]
[2024-08-06 13:07:50];[INFO];

[2024-08-06 13:07:50];[INFO];[Gen Info] Tag : SOURCE = if_CS_MemAbsSet.Set_BsConst_TripComputer_Element
[2024-08-06 13:07:50];[INFO];

[2024-08-06 13:07:50];[INFO];[Gen Info] Constraint : Get_BsConst_Illumination_Element [if_CS_MemAbsGet]
[2024-08-06 13:07:50];[INFO];

[2024-08-06 13:07:50];[INFO];[Gen Info] Tag : SOURCE = if_CS_MemAbsGet.Get_BsConst_Illumination_Element
[2024-08-06 13:07:50];[INFO];

[2024-08-06 13:07:50];[INFO];[Gen Info] Constraint : Set_BsConst_Illumination_Element [if_CS_MemAbsSet]
[2024-08-06 13:07:50];[INFO];

[2024-08-06 13:07:50];[INFO];[Gen Info] Tag : SOURCE = if_CS_MemAbsSet.Set_BsConst_Illumination_Element
[2024-08-06 13:07:50];[INFO];

[2024-08-06 13:07:50];[INFO];[Gen Info] Constraint : Get_BsConst_Audio_Element [if_CS_MemAbsGet]
[2024-08-06 13:07:50];[INFO];

[2024-08-06 13:07:50];[INFO];[Gen Info] Tag : SOURCE = if_CS_MemAbsGet.Get_BsConst_Audio_Element
[2024-08-06 13:07:50];[INFO];

[2024-08-06 13:07:50];[INFO];[Gen Info] Constraint : Set_BsConst_Audio_Element [if_CS_MemAbsSet]
[2024-08-06 13:07:50];[INFO];

[2024-08-06 13:07:50];[INFO];[Gen Info] Tag : SOURCE = if_CS_MemAbsSet.Set_BsConst_Audio_Element
[2024-08-06 13:07:50];[INFO];

[2024-08-06 13:07:50];[INFO];[Gen Info] Constraint : Get_BsConst_Warning_Element [if_CS_MemAbsGet]
[2024-08-06 13:07:50];[INFO];

[2024-08-06 13:07:50];[INFO];[Gen Info] Tag : SOURCE = if_CS_MemAbsGet.Get_BsConst_Warning_Element
[2024-08-06 13:07:50];[INFO];

[2024-08-06 13:07:50];[INFO];[Gen Info] Constraint : Set_BsConst_Warning_Element [if_CS_MemAbsSet]
[2024-08-06 13:07:50];[INFO];

[2024-08-06 13:07:50];[INFO];[Gen Info] Tag : SOURCE = if_CS_MemAbsSet.Set_BsConst_Warning_Element
[2024-08-06 13:07:50];[INFO];

[2024-08-06 13:07:50];[INFO];[Gen Info] Constraint : Get_BsConst_RealTimeClock_Element [if_CS_MemAbsGet]
[2024-08-06 13:07:50];[INFO];

[2024-08-06 13:07:50];[INFO];[Gen Info] Tag : SOURCE = if_CS_MemAbsGet.Get_BsConst_RealTimeClock_Element
[2024-08-06 13:07:50];[INFO];

[2024-08-06 13:07:50];[INFO];[Gen Info] Constraint : Set_BsConst_RealTimeClock_Element [if_CS_MemAbsSet]
[2024-08-06 13:07:50];[INFO];

[2024-08-06 13:07:50];[INFO];[Gen Info] Tag : SOURCE = if_CS_MemAbsSet.Set_BsConst_RealTimeClock_Element
[2024-08-06 13:07:50];[INFO];

[2024-08-06 13:07:50];[INFO];[Gen Info] Constraint : Get_BsConst_Communication_Element [if_CS_MemAbsGet]
[2024-08-06 13:07:50];[INFO];

[2024-08-06 13:07:50];[INFO];[Gen Info] Tag : SOURCE = if_CS_MemAbsGet.Get_BsConst_Communication_Element
[2024-08-06 13:07:50];[INFO];

[2024-08-06 13:07:50];[INFO];[Gen Info] Constraint : Set_BsConst_Communication_Element [if_CS_MemAbsSet]
[2024-08-06 13:07:50];[INFO];

[2024-08-06 13:07:50];[INFO];[Gen Info] Tag : SOURCE = if_CS_MemAbsSet.Set_BsConst_Communication_Element
[2024-08-06 13:07:50];[INFO];

[2024-08-06 13:07:50];[INFO];[Gen Info] Constraint : Get_BsConst_Power_Element [if_CS_MemAbsGet]
[2024-08-06 13:07:50];[INFO];

[2024-08-06 13:07:50];[INFO];[Gen Info] Tag : SOURCE = if_CS_MemAbsGet.Get_BsConst_Power_Element
[2024-08-06 13:07:50];[INFO];

[2024-08-06 13:07:50];[INFO];[Gen Info] Constraint : Set_BsConst_Power_Element [if_CS_MemAbsSet]
[2024-08-06 13:07:50];[INFO];

[2024-08-06 13:07:50];[INFO];[Gen Info] Tag : SOURCE = if_CS_MemAbsSet.Set_BsConst_Power_Element
[2024-08-06 13:07:50];[INFO];

[2024-08-06 13:07:50];[INFO];[Gen Info] Constraint : Get_BsConst_ServiceReminder_Element [if_CS_MemAbsGet]
[2024-08-06 13:07:50];[INFO];

[2024-08-06 13:07:50];[INFO];[Gen Info] Tag : SOURCE = if_CS_MemAbsGet.Get_BsConst_ServiceReminder_Element
[2024-08-06 13:07:50];[INFO];

[2024-08-06 13:07:50];[INFO];[Gen Info] Constraint : Set_BsConst_ServiceReminder_Element [if_CS_MemAbsSet]
[2024-08-06 13:07:50];[INFO];

[2024-08-06 13:07:50];[INFO];[Gen Info] Tag : SOURCE = if_CS_MemAbsSet.Set_BsConst_ServiceReminder_Element
[2024-08-06 13:07:50];[INFO];

[2024-08-06 13:07:50];[INFO];[Gen Info] Constraint : Get_BsConst_EngOffTimer_Element [if_CS_MemAbsGet]
[2024-08-06 13:07:50];[INFO];

[2024-08-06 13:07:50];[INFO];[Gen Info] Tag : SOURCE = if_CS_MemAbsGet.Get_BsConst_EngOffTimer_Element
[2024-08-06 13:07:50];[INFO];

[2024-08-06 13:07:50];[INFO];[Gen Info] Constraint : Set_BsConst_EngOffTimer_Element [if_CS_MemAbsSet]
[2024-08-06 13:07:50];[INFO];

[2024-08-06 13:07:50];[INFO];[Gen Info] Tag : SOURCE = if_CS_MemAbsSet.Set_BsConst_EngOffTimer_Element
[2024-08-06 13:07:50];[INFO];

[2024-08-06 13:07:50];[INFO];[Gen Info] Constraint : Get_BsFuSa_Warning_Element [if_CS_MemAbsGet]
[2024-08-06 13:07:50];[INFO];

[2024-08-06 13:07:50];[INFO];[Gen Info] Tag : SOURCE = if_CS_MemAbsGet.Get_BsFuSa_Warning_Element
[2024-08-06 13:07:50];[INFO];

[2024-08-06 13:07:50];[INFO];[Gen Info] Constraint : Set_BsFuSa_Warning_Element [if_CS_MemAbsSet]
[2024-08-06 13:07:50];[INFO];

[2024-08-06 13:07:50];[INFO];[Gen Info] Tag : SOURCE = if_CS_MemAbsSet.Set_BsFuSa_Warning_Element
[2024-08-06 13:07:50];[INFO];

[2024-08-06 13:07:50];[INFO];[Gen Info] Constraint : Get_BsFuSa_Power_Element [if_CS_MemAbsGet]
[2024-08-06 13:07:50];[INFO];

[2024-08-06 13:07:50];[INFO];[Gen Info] Tag : SOURCE = if_CS_MemAbsGet.Get_BsFuSa_Power_Element
[2024-08-06 13:07:50];[INFO];

[2024-08-06 13:07:50];[INFO];[Gen Info] Constraint : Set_BsFuSa_Power_Element [if_CS_MemAbsSet]
[2024-08-06 13:07:50];[INFO];

[2024-08-06 13:07:50];[INFO];[Gen Info] Tag : SOURCE = if_CS_MemAbsSet.Set_BsFuSa_Power_Element
[2024-08-06 13:07:50];[INFO];

[2024-08-06 13:07:50];[INFO];[Gen Info] Constraint : Get_BsFuSa_Display_Element [if_CS_MemAbsGet]
[2024-08-06 13:07:50];[INFO];

[2024-08-06 13:07:50];[INFO];[Gen Info] Tag : SOURCE = if_CS_MemAbsGet.Get_BsFuSa_Display_Element
[2024-08-06 13:07:50];[INFO];

[2024-08-06 13:07:50];[INFO];[Gen Info] Constraint : Set_BsFuSa_Display_Element [if_CS_MemAbsSet]
[2024-08-06 13:07:50];[INFO];

[2024-08-06 13:07:50];[INFO];[Gen Info] Tag : SOURCE = if_CS_MemAbsSet.Set_BsFuSa_Display_Element
[2024-08-06 13:07:50];[INFO];

[2024-08-06 13:07:50];[INFO];[Gen Info] Constraint : Get_BsFuSa_Audio_Element [if_CS_MemAbsGet]
[2024-08-06 13:07:50];[INFO];

[2024-08-06 13:07:50];[INFO];[Gen Info] Tag : SOURCE = if_CS_MemAbsGet.Get_BsFuSa_Audio_Element
[2024-08-06 13:07:50];[INFO];

[2024-08-06 13:07:50];[INFO];[Gen Info] Constraint : Set_BsFuSa_Audio_Element [if_CS_MemAbsSet]
[2024-08-06 13:07:50];[INFO];

[2024-08-06 13:07:50];[INFO];[Gen Info] Tag : SOURCE = if_CS_MemAbsSet.Set_BsFuSa_Audio_Element
[2024-08-06 13:07:50];[INFO];

[2024-08-06 13:07:50];[INFO];[Gen Info] Constraint : Get_BsFuSa_Communication_Element [if_CS_MemAbsGet]
[2024-08-06 13:07:50];[INFO];

[2024-08-06 13:07:50];[INFO];[Gen Info] Tag : SOURCE = if_CS_MemAbsGet.Get_BsFuSa_Communication_Element
[2024-08-06 13:07:50];[INFO];

[2024-08-06 13:07:50];[INFO];[Gen Info] Constraint : Set_BsFuSa_Communication_Element [if_CS_MemAbsSet]
[2024-08-06 13:07:50];[INFO];

[2024-08-06 13:07:50];[INFO];[Gen Info] Tag : SOURCE = if_CS_MemAbsSet.Set_BsFuSa_Communication_Element
[2024-08-06 13:07:50];[INFO];

[2024-08-06 13:07:50];[INFO];[Gen Info] Constraint : Get_BsFusa_Fota_Element [if_CS_MemAbsGet]
[2024-08-06 13:07:50];[INFO];

[2024-08-06 13:07:50];[INFO];[Gen Info] Tag : SOURCE = if_CS_MemAbsGet.Get_BsFusa_Fota_Element
[2024-08-06 13:07:50];[INFO];

[2024-08-06 13:07:50];[INFO];[Gen Info] Constraint : Set_BsFusa_Fota_Element [if_CS_MemAbsSet]
[2024-08-06 13:07:50];[INFO];

[2024-08-06 13:07:50];[INFO];[Gen Info] Tag : SOURCE = if_CS_MemAbsSet.Set_BsFusa_Fota_Element
[2024-08-06 13:07:50];[INFO];

[2024-08-06 13:07:50];[INFO];[Gen Info] Constraint : Get_BsFuSa_Config_Element [if_CS_MemAbsGet]
[2024-08-06 13:07:50];[INFO];

[2024-08-06 13:07:50];[INFO];[Gen Info] Tag : SOURCE = if_CS_MemAbsGet.Get_BsFuSa_Config_Element
[2024-08-06 13:07:50];[INFO];

[2024-08-06 13:07:50];[INFO];[Gen Info] Constraint : Set_BsFuSa_Config_Element [if_CS_MemAbsSet]
[2024-08-06 13:07:50];[INFO];

[2024-08-06 13:07:50];[INFO];[Gen Info] Tag : SOURCE = if_CS_MemAbsSet.Set_BsFuSa_Config_Element
[2024-08-06 13:07:50];[INFO];

[2024-08-06 13:07:50];[INFO];[Gen Info] Constraint : Get_BsCys_Certicificate_Element [if_CS_MemAbsGet]
[2024-08-06 13:07:50];[INFO];

[2024-08-06 13:07:50];[INFO];[Gen Info] Tag : SOURCE = if_CS_MemAbsGet.Get_BsCys_Certicificate_Element
[2024-08-06 13:07:50];[INFO];

[2024-08-06 13:07:50];[INFO];[Gen Info] Constraint : Set_BsCys_Certicificate_Element [if_CS_MemAbsSet]
[2024-08-06 13:07:50];[INFO];

[2024-08-06 13:07:50];[INFO];[Gen Info] Tag : SOURCE = if_CS_MemAbsSet.Set_BsCys_Certicificate_Element
[2024-08-06 13:07:50];[INFO];

[2024-08-06 13:07:50];[INFO];[Gen Info] Constraint : Get_RefCys_Certicificate_Element [if_CS_MemAbsGet]
[2024-08-06 13:07:50];[INFO];

[2024-08-06 13:07:50];[INFO];[Gen Info] Tag : SOURCE = if_CS_MemAbsGet.Get_RefCys_Certicificate_Element
[2024-08-06 13:07:50];[INFO];

[2024-08-06 13:07:50];[INFO];[Gen Info] Constraint : Set_RefCys_Certicificate_Element [if_CS_MemAbsSet]
[2024-08-06 13:07:50];[INFO];

[2024-08-06 13:07:50];[INFO];[Gen Info] Tag : SOURCE = if_CS_MemAbsSet.Set_RefCys_Certicificate_Element
[2024-08-06 13:07:50];[INFO];

[2024-08-06 13:07:50];[INFO];[Gen Info] Constraint : Get_RefCys_Certicificate1_Element [if_CS_MemAbsGet]
[2024-08-06 13:07:50];[INFO];

[2024-08-06 13:07:50];[INFO];[Gen Info] Tag : SOURCE = if_CS_MemAbsGet.Get_RefCys_Certicificate1_Element
[2024-08-06 13:07:50];[INFO];

[2024-08-06 13:07:50];[INFO];[Gen Info] Constraint : Set_RefCys_Certicificate1_Element [if_CS_MemAbsSet]
[2024-08-06 13:07:50];[INFO];

[2024-08-06 13:07:50];[INFO];[Gen Info] Tag : SOURCE = if_CS_MemAbsSet.Set_RefCys_Certicificate1_Element
[2024-08-06 13:07:50];[INFO];

[2024-08-06 13:07:50];[INFO];[Gen Info] Constraint : Get_BsRt_Odometer_Element [if_CS_MemAbsGet]
[2024-08-06 13:07:50];[INFO];

[2024-08-06 13:07:50];[INFO];[Gen Info] Tag : SOURCE = if_CS_MemAbsGet.Get_BsRt_Odometer_Element
[2024-08-06 13:07:50];[INFO];

[2024-08-06 13:07:50];[INFO];[Gen Info] Constraint : Set_BsRt_Odometer_Element [if_CS_MemAbsSet]
[2024-08-06 13:07:50];[INFO];

[2024-08-06 13:07:50];[INFO];[Gen Info] Tag : SOURCE = if_CS_MemAbsSet.Set_BsRt_Odometer_Element
[2024-08-06 13:07:50];[INFO];

[2024-08-06 13:07:50];[INFO];[Gen Info] Constraint : Get_BsRt_SpeedoGauge_Element [if_CS_MemAbsGet]
[2024-08-06 13:07:50];[INFO];

[2024-08-06 13:07:50];[INFO];[Gen Info] Tag : SOURCE = if_CS_MemAbsGet.Get_BsRt_SpeedoGauge_Element
[2024-08-06 13:07:50];[INFO];

[2024-08-06 13:07:50];[INFO];[Gen Info] Constraint : Set_BsRt_SpeedoGauge_Element [if_CS_MemAbsSet]
[2024-08-06 13:07:50];[INFO];

[2024-08-06 13:07:50];[INFO];[Gen Info] Tag : SOURCE = if_CS_MemAbsSet.Set_BsRt_SpeedoGauge_Element
[2024-08-06 13:07:50];[INFO];

[2024-08-06 13:07:50];[INFO];[Gen Info] Constraint : Get_BsRt_TachoGauge_Element [if_CS_MemAbsGet]
[2024-08-06 13:07:50];[INFO];

[2024-08-06 13:07:50];[INFO];[Gen Info] Tag : SOURCE = if_CS_MemAbsGet.Get_BsRt_TachoGauge_Element
[2024-08-06 13:07:50];[INFO];

[2024-08-06 13:07:50];[INFO];[Gen Info] Constraint : Set_BsRt_TachoGauge_Element [if_CS_MemAbsSet]
[2024-08-06 13:07:50];[INFO];

[2024-08-06 13:07:50];[INFO];[Gen Info] Tag : SOURCE = if_CS_MemAbsSet.Set_BsRt_TachoGauge_Element
[2024-08-06 13:07:50];[INFO];

[2024-08-06 13:07:50];[INFO];[Gen Info] Constraint : Get_BsRt_FuelGauge_Element [if_CS_MemAbsGet]
[2024-08-06 13:07:50];[INFO];

[2024-08-06 13:07:50];[INFO];[Gen Info] Tag : SOURCE = if_CS_MemAbsGet.Get_BsRt_FuelGauge_Element
[2024-08-06 13:07:50];[INFO];

[2024-08-06 13:07:50];[INFO];[Gen Info] Constraint : Set_BsRt_FuelGauge_Element [if_CS_MemAbsSet]
[2024-08-06 13:07:50];[INFO];

[2024-08-06 13:07:50];[INFO];[Gen Info] Tag : SOURCE = if_CS_MemAbsSet.Set_BsRt_FuelGauge_Element
[2024-08-06 13:07:50];[INFO];

[2024-08-06 13:07:50];[INFO];[Gen Info] Constraint : Get_BsRt_TempGauge_Element [if_CS_MemAbsGet]
[2024-08-06 13:07:50];[INFO];

[2024-08-06 13:07:50];[INFO];[Gen Info] Tag : SOURCE = if_CS_MemAbsGet.Get_BsRt_TempGauge_Element
[2024-08-06 13:07:50];[INFO];

[2024-08-06 13:07:50];[INFO];[Gen Info] Constraint : Set_BsRt_TempGauge_Element [if_CS_MemAbsSet]
[2024-08-06 13:07:50];[INFO];

[2024-08-06 13:07:50];[INFO];[Gen Info] Tag : SOURCE = if_CS_MemAbsSet.Set_BsRt_TempGauge_Element
[2024-08-06 13:07:50];[INFO];

[2024-08-06 13:07:50];[INFO];[Gen Info] Constraint : Get_BsRt_PowerGauge_Element [if_CS_MemAbsGet]
[2024-08-06 13:07:50];[INFO];

[2024-08-06 13:07:50];[INFO];[Gen Info] Tag : SOURCE = if_CS_MemAbsGet.Get_BsRt_PowerGauge_Element
[2024-08-06 13:07:50];[INFO];

[2024-08-06 13:07:50];[INFO];[Gen Info] Constraint : Set_BsRt_PowerGauge_Element [if_CS_MemAbsSet]
[2024-08-06 13:07:50];[INFO];

[2024-08-06 13:07:50];[INFO];[Gen Info] Tag : SOURCE = if_CS_MemAbsSet.Set_BsRt_PowerGauge_Element
[2024-08-06 13:07:50];[INFO];

[2024-08-06 13:07:50];[INFO];[Gen Info] Constraint : Get_BsRt_OilGauge_Element [if_CS_MemAbsGet]
[2024-08-06 13:07:51];[INFO];

[2024-08-06 13:07:51];[INFO];[Gen Info] Tag : SOURCE = if_CS_MemAbsGet.Get_BsRt_OilGauge_Element
[2024-08-06 13:07:51];[INFO];

[2024-08-06 13:07:51];[INFO];[Gen Info] Constraint : Set_BsRt_OilGauge_Element [if_CS_MemAbsSet]
[2024-08-06 13:07:51];[INFO];

[2024-08-06 13:07:51];[INFO];[Gen Info] Tag : SOURCE = if_CS_MemAbsSet.Set_BsRt_OilGauge_Element
[2024-08-06 13:07:51];[INFO];

[2024-08-06 13:07:51];[INFO];[Gen Info] Constraint : Get_BsRt_TripComputer_Element [if_CS_MemAbsGet]
[2024-08-06 13:07:51];[INFO];

[2024-08-06 13:07:51];[INFO];[Gen Info] Tag : SOURCE = if_CS_MemAbsGet.Get_BsRt_TripComputer_Element
[2024-08-06 13:07:51];[INFO];

[2024-08-06 13:07:51];[INFO];[Gen Info] Constraint : Set_BsRt_TripComputer_Element [if_CS_MemAbsSet]
[2024-08-06 13:07:51];[INFO];

[2024-08-06 13:07:51];[INFO];[Gen Info] Tag : SOURCE = if_CS_MemAbsSet.Set_BsRt_TripComputer_Element
[2024-08-06 13:07:51];[INFO];

[2024-08-06 13:07:51];[INFO];[Gen Info] Constraint : Get_BsRt_Warning_Element [if_CS_MemAbsGet]
[2024-08-06 13:07:51];[INFO];

[2024-08-06 13:07:51];[INFO];[Gen Info] Tag : SOURCE = if_CS_MemAbsGet.Get_BsRt_Warning_Element
[2024-08-06 13:07:51];[INFO];

[2024-08-06 13:07:51];[INFO];[Gen Info] Constraint : Set_BsRt_Warning_Element [if_CS_MemAbsSet]
[2024-08-06 13:07:51];[INFO];

[2024-08-06 13:07:51];[INFO];[Gen Info] Tag : SOURCE = if_CS_MemAbsSet.Set_BsRt_Warning_Element
[2024-08-06 13:07:51];[INFO];

[2024-08-06 13:07:51];[INFO];[Gen Info] Constraint : Get_BsRt_RealTimeClock_Element [if_CS_MemAbsGet]
[2024-08-06 13:07:51];[INFO];

[2024-08-06 13:07:51];[INFO];[Gen Info] Tag : SOURCE = if_CS_MemAbsGet.Get_BsRt_RealTimeClock_Element
[2024-08-06 13:07:51];[INFO];

[2024-08-06 13:07:51];[INFO];[Gen Info] Constraint : Set_BsRt_RealTimeClock_Element [if_CS_MemAbsSet]
[2024-08-06 13:07:51];[INFO];

[2024-08-06 13:07:51];[INFO];[Gen Info] Tag : SOURCE = if_CS_MemAbsSet.Set_BsRt_RealTimeClock_Element
[2024-08-06 13:07:51];[INFO];

[2024-08-06 13:07:51];[INFO];[Gen Info] Constraint : Get_BsRt_Personalization_Element [if_CS_MemAbsGet]
[2024-08-06 13:07:51];[INFO];

[2024-08-06 13:07:51];[INFO];[Gen Info] Tag : SOURCE = if_CS_MemAbsGet.Get_BsRt_Personalization_Element
[2024-08-06 13:07:51];[INFO];

[2024-08-06 13:07:51];[INFO];[Gen Info] Constraint : Set_BsRt_Personalization_Element [if_CS_MemAbsSet]
[2024-08-06 13:07:51];[INFO];

[2024-08-06 13:07:51];[INFO];[Gen Info] Tag : SOURCE = if_CS_MemAbsSet.Set_BsRt_Personalization_Element
[2024-08-06 13:07:51];[INFO];

[2024-08-06 13:07:51];[INFO];[Gen Info] Constraint : Get_BsRt_Illumination_Element [if_CS_MemAbsGet]
[2024-08-06 13:07:51];[INFO];

[2024-08-06 13:07:51];[INFO];[Gen Info] Tag : SOURCE = if_CS_MemAbsGet.Get_BsRt_Illumination_Element
[2024-08-06 13:07:51];[INFO];

[2024-08-06 13:07:51];[INFO];[Gen Info] Constraint : Set_BsRt_Illumination_Element [if_CS_MemAbsSet]
[2024-08-06 13:07:51];[INFO];

[2024-08-06 13:07:51];[INFO];[Gen Info] Tag : SOURCE = if_CS_MemAbsSet.Set_BsRt_Illumination_Element
[2024-08-06 13:07:51];[INFO];

[2024-08-06 13:07:51];[INFO];[Gen Info] Constraint : Get_BsRt_CusDlt_Element [if_CS_MemAbsGet]
[2024-08-06 13:07:51];[INFO];

[2024-08-06 13:07:51];[INFO];[Gen Info] Tag : SOURCE = if_CS_MemAbsGet.Get_BsRt_CusDlt_Element
[2024-08-06 13:07:51];[INFO];

[2024-08-06 13:07:51];[INFO];[Gen Info] Constraint : Set_BsRt_CusDlt_Element [if_CS_MemAbsSet]
[2024-08-06 13:07:51];[INFO];

[2024-08-06 13:07:51];[INFO];[Gen Info] Tag : SOURCE = if_CS_MemAbsSet.Set_BsRt_CusDlt_Element
[2024-08-06 13:07:51];[INFO];

[2024-08-06 13:07:51];[INFO];[Gen Info] Constraint : Get_BsReten_Odometer_Element [if_CS_MemAbsGet]
[2024-08-06 13:07:51];[INFO];

[2024-08-06 13:07:51];[INFO];[Gen Info] Tag : SOURCE = if_CS_MemAbsGet.Get_BsReten_Odometer_Element
[2024-08-06 13:07:51];[INFO];

[2024-08-06 13:07:51];[INFO];[Gen Info] Constraint : Set_BsReten_Odometer_Element [if_CS_MemAbsSet]
[2024-08-06 13:07:51];[INFO];

[2024-08-06 13:07:51];[INFO];[Gen Info] Tag : SOURCE = if_CS_MemAbsSet.Set_BsReten_Odometer_Element
[2024-08-06 13:07:51];[INFO];

[2024-08-06 13:07:51];[INFO];[Gen Info] Constraint : Get_BsReten_Gauges_Element [if_CS_MemAbsGet]
[2024-08-06 13:07:51];[INFO];

[2024-08-06 13:07:51];[INFO];[Gen Info] Tag : SOURCE = if_CS_MemAbsGet.Get_BsReten_Gauges_Element
[2024-08-06 13:07:51];[INFO];

[2024-08-06 13:07:51];[INFO];[Gen Info] Constraint : Set_BsReten_Gauges_Element [if_CS_MemAbsSet]
[2024-08-06 13:07:51];[INFO];

[2024-08-06 13:07:51];[INFO];[Gen Info] Tag : SOURCE = if_CS_MemAbsSet.Set_BsReten_Gauges_Element
[2024-08-06 13:07:51];[INFO];

[2024-08-06 13:07:51];[INFO];[Gen Info] Constraint : Get_BsReten_Tripcomputer_Element [if_CS_MemAbsGet]
[2024-08-06 13:07:51];[INFO];

[2024-08-06 13:07:51];[INFO];[Gen Info] Tag : SOURCE = if_CS_MemAbsGet.Get_BsReten_Tripcomputer_Element
[2024-08-06 13:07:51];[INFO];

[2024-08-06 13:07:51];[INFO];[Gen Info] Constraint : Set_BsReten_Tripcomputer_Element [if_CS_MemAbsSet]
[2024-08-06 13:07:51];[INFO];

[2024-08-06 13:07:51];[INFO];[Gen Info] Tag : SOURCE = if_CS_MemAbsSet.Set_BsReten_Tripcomputer_Element
[2024-08-06 13:07:51];[INFO];

[2024-08-06 13:07:51];[INFO];[Gen Info] Constraint : Get_BsReten_Illumination_Element [if_CS_MemAbsGet]
[2024-08-06 13:07:51];[INFO];

[2024-08-06 13:07:51];[INFO];[Gen Info] Tag : SOURCE = if_CS_MemAbsGet.Get_BsReten_Illumination_Element
[2024-08-06 13:07:51];[INFO];

[2024-08-06 13:07:51];[INFO];[Gen Info] Constraint : Set_BsReten_Illumination_Element [if_CS_MemAbsSet]
[2024-08-06 13:07:51];[INFO];

[2024-08-06 13:07:51];[INFO];[Gen Info] Tag : SOURCE = if_CS_MemAbsSet.Set_BsReten_Illumination_Element
[2024-08-06 13:07:51];[INFO];

[2024-08-06 13:07:51];[INFO];[Gen Info] Constraint : Get_BsReten_Audio_Element [if_CS_MemAbsGet]
[2024-08-06 13:07:51];[INFO];

[2024-08-06 13:07:51];[INFO];[Gen Info] Tag : SOURCE = if_CS_MemAbsGet.Get_BsReten_Audio_Element
[2024-08-06 13:07:51];[INFO];

[2024-08-06 13:07:51];[INFO];[Gen Info] Constraint : Set_BsReten_Audio_Element [if_CS_MemAbsSet]
[2024-08-06 13:07:51];[INFO];

[2024-08-06 13:07:51];[INFO];[Gen Info] Tag : SOURCE = if_CS_MemAbsSet.Set_BsReten_Audio_Element
[2024-08-06 13:07:51];[INFO];

[2024-08-06 13:07:51];[INFO];[Gen Info] Constraint : Get_BsReten_Warning_Element [if_CS_MemAbsGet]
[2024-08-06 13:07:51];[INFO];

[2024-08-06 13:07:51];[INFO];[Gen Info] Tag : SOURCE = if_CS_MemAbsGet.Get_BsReten_Warning_Element
[2024-08-06 13:07:51];[INFO];

[2024-08-06 13:07:51];[INFO];[Gen Info] Constraint : Set_BsReten_Warning_Element [if_CS_MemAbsSet]
[2024-08-06 13:07:51];[INFO];

[2024-08-06 13:07:51];[INFO];[Gen Info] Tag : SOURCE = if_CS_MemAbsSet.Set_BsReten_Warning_Element
[2024-08-06 13:07:51];[INFO];

[2024-08-06 13:07:51];[INFO];[Gen Info] Constraint : Get_BsReten_RealTimeClock_Element [if_CS_MemAbsGet]
[2024-08-06 13:07:51];[INFO];

[2024-08-06 13:07:51];[INFO];[Gen Info] Tag : SOURCE = if_CS_MemAbsGet.Get_BsReten_RealTimeClock_Element
[2024-08-06 13:07:51];[INFO];

[2024-08-06 13:07:51];[INFO];[Gen Info] Constraint : Set_BsReten_RealTimeClock_Element [if_CS_MemAbsSet]
[2024-08-06 13:07:51];[INFO];

[2024-08-06 13:07:51];[INFO];[Gen Info] Tag : SOURCE = if_CS_MemAbsSet.Set_BsReten_RealTimeClock_Element
[2024-08-06 13:07:51];[INFO];

[2024-08-06 13:07:51];[INFO];[Gen Info] Constraint : Get_BsReten_Communication_Element [if_CS_MemAbsGet]
[2024-08-06 13:07:51];[INFO];

[2024-08-06 13:07:51];[INFO];[Gen Info] Tag : SOURCE = if_CS_MemAbsGet.Get_BsReten_Communication_Element
[2024-08-06 13:07:51];[INFO];

[2024-08-06 13:07:51];[INFO];[Gen Info] Constraint : Set_BsReten_Communication_Element [if_CS_MemAbsSet]
[2024-08-06 13:07:51];[INFO];

[2024-08-06 13:07:51];[INFO];[Gen Info] Tag : SOURCE = if_CS_MemAbsSet.Set_BsReten_Communication_Element
[2024-08-06 13:07:51];[INFO];

[2024-08-06 13:07:51];[INFO];[Gen Info] Constraint : Get_BsReten_Personalization_Element [if_CS_MemAbsGet]
[2024-08-06 13:07:51];[INFO];

[2024-08-06 13:07:51];[INFO];[Gen Info] Tag : SOURCE = if_CS_MemAbsGet.Get_BsReten_Personalization_Element
[2024-08-06 13:07:51];[INFO];

[2024-08-06 13:07:51];[INFO];[Gen Info] Constraint : Set_BsReten_Personalization_Element [if_CS_MemAbsSet]
[2024-08-06 13:07:51];[INFO];

[2024-08-06 13:07:51];[INFO];[Gen Info] Tag : SOURCE = if_CS_MemAbsSet.Set_BsReten_Personalization_Element
[2024-08-06 13:07:51];[INFO];

[2024-08-06 13:07:51];[INFO];[Gen Info] Constraint : Get_BsReten_VisDlt_Element [if_CS_MemAbsGet]
[2024-08-06 13:07:51];[INFO];

[2024-08-06 13:07:51];[INFO];[Gen Info] Tag : SOURCE = if_CS_MemAbsGet.Get_BsReten_VisDlt_Element
[2024-08-06 13:07:51];[INFO];

[2024-08-06 13:07:51];[INFO];[Gen Info] Constraint : Set_BsReten_VisDlt_Element [if_CS_MemAbsSet]
[2024-08-06 13:07:51];[INFO];

[2024-08-06 13:07:51];[INFO];[Gen Info] Tag : SOURCE = if_CS_MemAbsSet.Set_BsReten_VisDlt_Element
[2024-08-06 13:07:51];[INFO];

[2024-08-06 13:07:51];[INFO];[Gen Info] Constraint : Get_BsReten_Power_Element [if_CS_MemAbsGet]
[2024-08-06 13:07:51];[INFO];

[2024-08-06 13:07:51];[INFO];[Gen Info] Tag : SOURCE = if_CS_MemAbsGet.Get_BsReten_Power_Element
[2024-08-06 13:07:51];[INFO];

[2024-08-06 13:07:51];[INFO];[Gen Info] Constraint : Set_BsReten_Power_Element [if_CS_MemAbsSet]
[2024-08-06 13:07:51];[INFO];

[2024-08-06 13:07:51];[INFO];[Gen Info] Tag : SOURCE = if_CS_MemAbsSet.Set_BsReten_Power_Element
[2024-08-06 13:07:51];[INFO];

[2024-08-06 13:07:51];[INFO];[Gen Info] Constraint : Get_BsReten_Display_Element [if_CS_MemAbsGet]
[2024-08-06 13:07:51];[INFO];

[2024-08-06 13:07:51];[INFO];[Gen Info] Tag : SOURCE = if_CS_MemAbsGet.Get_BsReten_Display_Element
[2024-08-06 13:07:51];[INFO];

[2024-08-06 13:07:51];[INFO];[Gen Info] Constraint : Set_BsReten_Display_Element [if_CS_MemAbsSet]
[2024-08-06 13:07:51];[INFO];

[2024-08-06 13:07:51];[INFO];[Gen Info] Tag : SOURCE = if_CS_MemAbsSet.Set_BsReten_Display_Element
[2024-08-06 13:07:51];[INFO];

[2024-08-06 13:07:51];[INFO];[Gen Info] Constraint : Get_BsDiag_ErrorRecord_Element [if_CS_MemAbsGet]
[2024-08-06 13:07:51];[INFO];

[2024-08-06 13:07:51];[INFO];[Gen Info] Tag : SOURCE = if_CS_MemAbsGet.Get_BsDiag_ErrorRecord_Element
[2024-08-06 13:07:51];[INFO];

[2024-08-06 13:07:51];[INFO];[Gen Info] Constraint : Set_BsDiag_ErrorRecord_Element [if_CS_MemAbsSet]
[2024-08-06 13:07:51];[INFO];

[2024-08-06 13:07:51];[INFO];[Gen Info] Tag : SOURCE = if_CS_MemAbsSet.Set_BsDiag_ErrorRecord_Element
[2024-08-06 13:07:51];[INFO];

[2024-08-06 13:07:51];[INFO];[Gen Info] Constraint : Get_BsDiag_Dtc_Element [if_CS_MemAbsGet]
[2024-08-06 13:07:51];[INFO];

[2024-08-06 13:07:51];[INFO];[Gen Info] Tag : SOURCE = if_CS_MemAbsGet.Get_BsDiag_Dtc_Element
[2024-08-06 13:07:51];[INFO];

[2024-08-06 13:07:51];[INFO];[Gen Info] Constraint : Set_BsDiag_Dtc_Element [if_CS_MemAbsSet]
[2024-08-06 13:07:51];[INFO];

[2024-08-06 13:07:51];[INFO];[Gen Info] Tag : SOURCE = if_CS_MemAbsSet.Set_BsDiag_Dtc_Element
[2024-08-06 13:07:51];[INFO];

[2024-08-06 13:07:51];[INFO];[Gen Info] Constraint : PeriodicTrigger [Constraint]
[2024-08-06 13:07:51];[INFO];

[2024-08-06 13:07:51];[INFO];[Gen Info] Relation : UclProxyCdd [composition]
[2024-08-06 13:07:51];[INFO];

[2024-08-06 13:07:51];[INFO];[Gen Info] Package : UclProxyCdd [DesignUnit]
[2024-08-06 13:07:51];[INFO];

[2024-08-06 13:07:51];[INFO];[Gen Info]   Simple type : data_u8_4
[2024-08-06 13:07:51];[INFO];

[2024-08-06 13:07:51];[INFO];[Gen Info]   Simple type : data_u8_12
[2024-08-06 13:07:51];[INFO];

[2024-08-06 13:07:51];[INFO];[Gen Info]   Simple type : data_u8_70
[2024-08-06 13:07:51];[INFO];

[2024-08-06 13:07:51];[INFO];[Gen Info]   Enumeration : EGaugeUnit
[2024-08-06 13:07:51];[INFO];

[2024-08-06 13:07:51];[INFO];[Gen Info]   Enumeration : EDomainId
[2024-08-06 13:07:51];[INFO];

[2024-08-06 13:07:51];[INFO];[Gen Info]   Enumeration : ESystemState
[2024-08-06 13:07:51];[INFO];

[2024-08-06 13:07:51];[INFO];[Gen Info]   Enumeration : ECompState
[2024-08-06 13:07:51];[INFO];

[2024-08-06 13:07:51];[INFO];[Gen Info]   Structure : SGaugeInfo
[2024-08-06 13:07:51];[INFO];

[2024-08-06 13:07:51];[INFO];[Gen Info]   Structure : SWarningDisplay
[2024-08-06 13:07:51];[INFO];

[2024-08-06 13:07:51];[INFO];[Gen Info]   Structure : SWarningExtDisplay
[2024-08-06 13:07:51];[INFO];

[2024-08-06 13:07:51];[INFO];[Gen Info] Package : P_UCL_PROXY_CDD [Package]
[2024-08-06 13:07:51];[INFO];

[2024-08-06 13:07:51];[INFO];[Gen Info]   Class S_UclProxyCdd [Class]
[2024-08-06 13:07:51];[INFO];

[2024-08-06 13:07:51];[INFO];[Gen Info]   TI : UclInitShutdown [TransportedInterface]
[2024-08-06 13:07:51];[INFO];

[2024-08-06 13:07:51];[INFO];[Gen Info] DATA_SND_CAN_INVALIDATE
[2024-08-06 13:07:51];[INFO];

[2024-08-06 13:07:51];[INFO];[Gen Info] DATA_SND_IMPLICIT_SEND
[2024-08-06 13:07:51];[INFO];

[2024-08-06 13:07:51];[INFO];[Gen Info] DATA_RCV_IMPLICIT_RECEIVE
[2024-08-06 13:07:51];[INFO];

[2024-08-06 13:07:51];[INFO];[Gen Info] CALL_CLNT_CLIENTMODE
[2024-08-06 13:07:51];[INFO];

[2024-08-06 13:07:51];[INFO];[Gen Info]   TI : PowerSystemState [TransportedInterface]
[2024-08-06 13:07:51];[INFO];

[2024-08-06 13:07:51];[INFO];[Gen Info] DATA_SND_CAN_INVALIDATE
[2024-08-06 13:07:51];[INFO];

[2024-08-06 13:07:51];[INFO];[Gen Info] DATA_SND_IMPLICIT_SEND
[2024-08-06 13:07:51];[INFO];

[2024-08-06 13:07:51];[INFO];[Gen Info] DATA_RCV_IMPLICIT_RECEIVE
[2024-08-06 13:07:51];[INFO];

[2024-08-06 13:07:51];[INFO];[Gen Info] CALL_CLNT_CLIENTMODE
[2024-08-06 13:07:51];[INFO];

[2024-08-06 13:07:51];[INFO];[Gen Info]   Structure : SPowerSystemState
[2024-08-06 13:07:51];[INFO];

[2024-08-06 13:07:51];[INFO];[Gen Info]   TI : PowerExtendShutdownTime_Q [TransportedInterface]
[2024-08-06 13:07:51];[INFO];

[2024-08-06 13:07:51];[INFO];[Gen Info] DATA_SND_CAN_INVALIDATE
[2024-08-06 13:07:51];[INFO];

[2024-08-06 13:07:51];[INFO];[Gen Info] DATA_SND_IMPLICIT_SEND
[2024-08-06 13:07:51];[INFO];

[2024-08-06 13:07:51];[INFO];[Gen Info] DATA_RCV_IMPLICIT_RECEIVE
[2024-08-06 13:07:51];[INFO];

[2024-08-06 13:07:51];[INFO];[Gen Info] CALL_CLNT_CLIENTMODE
[2024-08-06 13:07:51];[INFO];

[2024-08-06 13:07:51];[INFO];[Gen Info]   Structure : SPowerExtendShutdownTime
[2024-08-06 13:07:51];[INFO];

[2024-08-06 13:07:51];[INFO];[Gen Info]   TI : PowerKeepSystemAwake_Q [TransportedInterface]
[2024-08-06 13:07:51];[INFO];

[2024-08-06 13:07:51];[INFO];[Gen Info] DATA_SND_CAN_INVALIDATE
[2024-08-06 13:07:51];[INFO];

[2024-08-06 13:07:51];[INFO];[Gen Info] DATA_SND_IMPLICIT_SEND
[2024-08-06 13:07:51];[INFO];

[2024-08-06 13:07:51];[INFO];[Gen Info] DATA_RCV_IMPLICIT_RECEIVE
[2024-08-06 13:07:51];[INFO];

[2024-08-06 13:07:51];[INFO];[Gen Info] CALL_CLNT_CLIENTMODE
[2024-08-06 13:07:51];[INFO];

[2024-08-06 13:07:51];[INFO];[Gen Info]   Structure : SPowerKeepSystemAwake
[2024-08-06 13:07:51];[INFO];

[2024-08-06 13:07:51];[INFO];[Gen Info]   TI : HealthDomainHeartbeat_Q [TransportedInterface]
[2024-08-06 13:07:51];[INFO];

[2024-08-06 13:07:51];[INFO];[Gen Info] DATA_SND_CAN_INVALIDATE
[2024-08-06 13:07:51];[INFO];

[2024-08-06 13:07:51];[INFO];[Gen Info] DATA_SND_IMPLICIT_SEND
[2024-08-06 13:07:51];[INFO];

[2024-08-06 13:07:51];[INFO];[Gen Info] DATA_RCV_IMPLICIT_RECEIVE
[2024-08-06 13:07:51];[INFO];

[2024-08-06 13:07:51];[INFO];[Gen Info] CALL_CLNT_CLIENTMODE
[2024-08-06 13:07:51];[INFO];

[2024-08-06 13:07:51];[INFO];[Gen Info]   Structure : SHealthDomainHeartbeat
[2024-08-06 13:07:51];[INFO];

[2024-08-06 13:07:51];[INFO];[Gen Info]   TI : HealthDomainFatalError_Q [TransportedInterface]
[2024-08-06 13:07:51];[INFO];

[2024-08-06 13:07:51];[INFO];[Gen Info] DATA_SND_CAN_INVALIDATE
[2024-08-06 13:07:51];[INFO];

[2024-08-06 13:07:51];[INFO];[Gen Info] DATA_SND_IMPLICIT_SEND
[2024-08-06 13:07:51];[INFO];

[2024-08-06 13:07:51];[INFO];[Gen Info] DATA_RCV_IMPLICIT_RECEIVE
[2024-08-06 13:07:51];[INFO];

[2024-08-06 13:07:51];[INFO];[Gen Info] CALL_CLNT_CLIENTMODE
[2024-08-06 13:07:51];[INFO];

[2024-08-06 13:07:51];[INFO];[Gen Info]   Structure : SHealthDomainFatalError
[2024-08-06 13:07:51];[INFO];

[2024-08-06 13:07:51];[INFO];[Gen Info]   TI : HealthDumpHdrInfo_Q [TransportedInterface]
[2024-08-06 13:07:51];[INFO];

[2024-08-06 13:07:51];[INFO];[Gen Info] DATA_SND_CAN_INVALIDATE
[2024-08-06 13:07:51];[INFO];

[2024-08-06 13:07:51];[INFO];[Gen Info] DATA_SND_IMPLICIT_SEND
[2024-08-06 13:07:51];[INFO];

[2024-08-06 13:07:51];[INFO];[Gen Info] DATA_RCV_IMPLICIT_RECEIVE
[2024-08-06 13:07:51];[INFO];

[2024-08-06 13:07:51];[INFO];[Gen Info] CALL_CLNT_CLIENTMODE
[2024-08-06 13:07:51];[INFO];

[2024-08-06 13:07:51];[INFO];[Gen Info]   Structure : SHealthDumpHdrInfo
[2024-08-06 13:07:51];[INFO];

[2024-08-06 13:07:51];[INFO];[Gen Info]   TI : HealthDumpData_Q [TransportedInterface]
[2024-08-06 13:07:51];[INFO];

[2024-08-06 13:07:51];[INFO];[Gen Info] DATA_SND_CAN_INVALIDATE
[2024-08-06 13:07:51];[INFO];

[2024-08-06 13:07:51];[INFO];[Gen Info] DATA_SND_IMPLICIT_SEND
[2024-08-06 13:07:51];[INFO];

[2024-08-06 13:07:51];[INFO];[Gen Info] DATA_RCV_IMPLICIT_RECEIVE
[2024-08-06 13:07:51];[INFO];

[2024-08-06 13:07:51];[INFO];[Gen Info] CALL_CLNT_CLIENTMODE
[2024-08-06 13:07:51];[INFO];

[2024-08-06 13:07:51];[INFO];[Gen Info]   Structure : SHealthDumpData
[2024-08-06 13:07:51];[INFO];

[2024-08-06 13:07:51];[INFO];[Gen Info]   Simple type : data_u8_32
[2024-08-06 13:07:51];[INFO];

[2024-08-06 13:07:51];[INFO];[Gen Info]   TI : HealthEventRecord_Q [TransportedInterface]
[2024-08-06 13:07:51];[INFO];

[2024-08-06 13:07:51];[INFO];[Gen Info] DATA_SND_CAN_INVALIDATE
[2024-08-06 13:07:51];[INFO];

[2024-08-06 13:07:51];[INFO];[Gen Info] DATA_SND_IMPLICIT_SEND
[2024-08-06 13:07:51];[INFO];

[2024-08-06 13:07:51];[INFO];[Gen Info] DATA_RCV_IMPLICIT_RECEIVE
[2024-08-06 13:07:51];[INFO];

[2024-08-06 13:07:51];[INFO];[Gen Info] CALL_CLNT_CLIENTMODE
[2024-08-06 13:07:51];[INFO];

[2024-08-06 13:07:51];[INFO];[Gen Info]   Structure : SHealthEventRecord
[2024-08-06 13:07:51];[INFO];

[2024-08-06 13:07:51];[INFO];[Gen Info]   Simple type : data_u8_8
[2024-08-06 13:07:51];[INFO];

[2024-08-06 13:07:51];[INFO];[Gen Info] Constraint : PeriodicTrigger [Constraint]
[2024-08-06 13:07:51];[INFO];

[2024-08-06 13:07:51];[INFO];[Gen Info] Constraint : Trigger [Constraint]
[2024-08-06 13:07:51];[INFO];

[2024-08-06 13:07:51];[INFO];[Gen Info] Constraint : Trigger [Constraint]
[2024-08-06 13:07:51];[INFO];

[2024-08-06 13:07:51];[INFO];[Gen Info] Constraint : Trigger [Constraint]
[2024-08-06 13:07:52];[INFO];

[2024-08-06 13:07:52];[INFO];[Gen Info] Constraint : constraint_0 [Constraint]
[2024-08-06 13:07:52];[INFO];

[2024-08-06 13:07:52];[INFO];[Gen Info]   TI : PowerSystemStateReqChange [TransportedInterface]
[2024-08-06 13:07:52];[INFO];

[2024-08-06 13:07:52];[INFO];[Gen Info] DATA_SND_CAN_INVALIDATE
[2024-08-06 13:07:52];[INFO];

[2024-08-06 13:07:52];[INFO];[Gen Info] DATA_SND_IMPLICIT_SEND
[2024-08-06 13:07:52];[INFO];

[2024-08-06 13:07:52];[INFO];[Gen Info] DATA_RCV_IMPLICIT_RECEIVE
[2024-08-06 13:07:52];[INFO];

[2024-08-06 13:07:52];[INFO];[Gen Info] CALL_CLNT_CLIENTMODE
[2024-08-06 13:07:52];[INFO];

[2024-08-06 13:07:52];[INFO];[Gen Info]   Structure : SPowerSystemStateReqChange
[2024-08-06 13:07:52];[INFO];

[2024-08-06 13:07:52];[INFO];[Gen Info] Constraint : constraint_0 [Constraint]
[2024-08-06 13:07:52];[INFO];

[2024-08-06 13:07:52];[INFO];[Gen Info]   TI : HealthDumpGetHdr_Q [TransportedInterface]
[2024-08-06 13:07:52];[INFO];

[2024-08-06 13:07:52];[INFO];[Gen Info] DATA_SND_CAN_INVALIDATE
[2024-08-06 13:07:52];[INFO];

[2024-08-06 13:07:52];[INFO];[Gen Info] DATA_SND_IMPLICIT_SEND
[2024-08-06 13:07:52];[INFO];

[2024-08-06 13:07:52];[INFO];[Gen Info] DATA_RCV_IMPLICIT_RECEIVE
[2024-08-06 13:07:52];[INFO];

[2024-08-06 13:07:52];[INFO];[Gen Info] CALL_CLNT_CLIENTMODE
[2024-08-06 13:07:52];[INFO];

[2024-08-06 13:07:52];[INFO];[Gen Info]   Structure : SHealthDumpGetHdr
[2024-08-06 13:07:52];[INFO];

[2024-08-06 13:07:52];[INFO];[Gen Info] Constraint : constraint_0 [Constraint]
[2024-08-06 13:07:52];[INFO];

[2024-08-06 13:07:52];[INFO];[Gen Info]   TI : HealthDumpGetData_Q [TransportedInterface]
[2024-08-06 13:07:52];[INFO];

[2024-08-06 13:07:52];[INFO];[Gen Info] DATA_SND_CAN_INVALIDATE
[2024-08-06 13:07:52];[INFO];

[2024-08-06 13:07:52];[INFO];[Gen Info] DATA_SND_IMPLICIT_SEND
[2024-08-06 13:07:52];[INFO];

[2024-08-06 13:07:52];[INFO];[Gen Info] DATA_RCV_IMPLICIT_RECEIVE
[2024-08-06 13:07:52];[INFO];

[2024-08-06 13:07:52];[INFO];[Gen Info] CALL_CLNT_CLIENTMODE
[2024-08-06 13:07:52];[INFO];

[2024-08-06 13:07:52];[INFO];[Gen Info]   Structure : SHealthDumpGetData
[2024-08-06 13:07:52];[INFO];

[2024-08-06 13:07:52];[INFO];[Gen Info]   Simple type : data_u8_20
[2024-08-06 13:07:52];[INFO];

[2024-08-06 13:07:52];[INFO];[Gen Info]   Structure : SRTT_Status
[2024-08-06 13:07:52];[INFO];

[2024-08-06 13:07:52];[INFO];[Gen Info]   Simple type : data_u8_35
[2024-08-06 13:07:52];[INFO];

[2024-08-06 13:07:52];[INFO];[Gen Info]   Structure : STT_Status
[2024-08-06 13:07:52];[INFO];

[2024-08-06 13:07:52];[INFO];[Gen Info]   Structure : SRTT_Toggle
[2024-08-06 13:07:52];[INFO];

[2024-08-06 13:07:52];[INFO];[Gen Info]   Structure : SFRTT_Status
[2024-08-06 13:07:52];[INFO];

[2024-08-06 13:07:52];[INFO];[Gen Info]   Structure : SSlowGuageInfo
[2024-08-06 13:07:52];[INFO];

[2024-08-06 13:07:52];[INFO];[Gen Info]   Structure : SFastGuageInfo
[2024-08-06 13:07:52];[INFO];

[2024-08-06 13:07:52];[INFO];[Gen Info]   Structure : SWarningStatus
[2024-08-06 13:07:52];[INFO];

[2024-08-06 13:07:52];[INFO];[Gen Info]   Structure : SKeyVal1
[2024-08-06 13:07:52];[INFO];

[2024-08-06 13:07:52];[INFO];[Gen Info]   Structure : SWarningDisplayAvailable
[2024-08-06 13:07:52];[INFO];

[2024-08-06 13:07:52];[INFO];[Gen Info]   Enumeration : ECompassValue
[2024-08-06 13:07:52];[INFO];

[2024-08-06 13:07:52];[INFO];[Gen Info]   Structure : SCompassInfo
[2024-08-06 13:07:52];[INFO];

[2024-08-06 13:07:52];[INFO];[Gen Info]   Structure : SOdometer
[2024-08-06 13:07:52];[INFO];

[2024-08-06 13:07:52];[INFO];[Gen Info]   Enumeration : EOdoStatus
[2024-08-06 13:07:52];[INFO];

[2024-08-06 13:07:52];[INFO];[Gen Info]   Structure : SPersRecord1byte
[2024-08-06 13:07:52];[INFO];

[2024-08-06 13:07:52];[INFO];[Gen Info]   Structure : SKeyVal8
[2024-08-06 13:07:52];[INFO];

[2024-08-06 13:07:52];[INFO];[Gen Info]   Structure : SKeyVal4
[2024-08-06 13:07:52];[INFO];

[2024-08-06 13:07:52];[INFO];[Gen Info]   Structure : SPersRecord4byte
[2024-08-06 13:07:52];[INFO];

[2024-08-06 13:07:52];[INFO];[Gen Info]   Structure : SPersRecord8byte
[2024-08-06 13:07:52];[INFO];

[2024-08-06 13:07:52];[INFO];[Gen Info]   Structure : SPersRecord
[2024-08-06 13:07:52];[INFO];

[2024-08-06 13:07:52];[INFO];[Gen Info]   Structure : SDateTime
[2024-08-06 13:07:52];[INFO];

[2024-08-06 13:07:52];[INFO];[Gen Info]   Structure : SRTC
[2024-08-06 13:07:52];[INFO];

[2024-08-06 13:07:52];[INFO];[Gen Info]   Simple type : data_u8_10
[2024-08-06 13:07:52];[INFO];

[2024-08-06 13:07:52];[INFO];[Gen Info]   Structure : SGearStatus
[2024-08-06 13:07:52];[INFO];

[2024-08-06 13:07:52];[INFO];[Gen Info]   Simple type : data_u8_17
[2024-08-06 13:07:52];[INFO];

[2024-08-06 13:07:52];[INFO];[Gen Info]   Enumeration : ETrip
[2024-08-06 13:07:52];[INFO];

[2024-08-06 13:07:52];[INFO];[Gen Info]   Structure : STripComputer
[2024-08-06 13:07:52];[INFO];

[2024-08-06 13:07:52];[INFO];[Gen Info]   Enumeration : EFuelEconomy
[2024-08-06 13:07:52];[INFO];

[2024-08-06 13:07:52];[INFO];[Gen Info]   Simple type : data_u8_5
[2024-08-06 13:07:52];[INFO];

[2024-08-06 13:07:52];[INFO];[Gen Info]   Structure : SFuelEconomy
[2024-08-06 13:07:52];[INFO];

[2024-08-06 13:07:52];[INFO];[Gen Info]   Structure : STripResetCmd
[2024-08-06 13:07:52];[INFO];

[2024-08-06 13:07:52];[INFO];[Gen Info]   Enumeration : EDidType
[2024-08-06 13:07:52];[INFO];

[2024-08-06 13:07:52];[INFO];[Gen Info]   Structure : SDiagDIDRequest
[2024-08-06 13:07:52];[INFO];

[2024-08-06 13:07:52];[INFO];[Gen Info]   Simple type : data_u8_256
[2024-08-06 13:07:52];[INFO];

[2024-08-06 13:07:52];[INFO];[Gen Info]   Enumeration : ERoutineType
[2024-08-06 13:07:52];[INFO];

[2024-08-06 13:07:52];[INFO];[Gen Info]   Structure : SDiagRoutineRequest
[2024-08-06 13:07:52];[INFO];

[2024-08-06 13:07:52];[INFO];[Gen Info]   Enumeration : EIOCtrlOptType
[2024-08-06 13:07:52];[INFO];

[2024-08-06 13:07:52];[INFO];[Gen Info]   Structure : SDiagIOCtrlRequest
[2024-08-06 13:07:52];[INFO];

[2024-08-06 13:07:52];[INFO];[Gen Info]   Structure : SDiagResponse
[2024-08-06 13:07:52];[INFO];

[2024-08-06 13:07:52];[INFO];[Gen Info]   Structure : SConfigRecordExt
[2024-08-06 13:07:52];[INFO];

[2024-08-06 13:07:52];[INFO];[Gen Info]   Structure : SKeyVal2
[2024-08-06 13:07:52];[INFO];

[2024-08-06 13:07:52];[INFO];[Gen Info]   Simple type : data_u8_2
[2024-08-06 13:07:52];[INFO];

[2024-08-06 13:07:52];[INFO];[Gen Info]   Structure : SConfigRecord
[2024-08-06 13:07:52];[INFO];

[2024-08-06 13:07:52];[INFO];[Gen Info]   Enumeration : EPhoneStatus
[2024-08-06 13:07:52];[INFO];

[2024-08-06 13:07:52];[INFO];[Gen Info]   Simple type : data_u8_36
[2024-08-06 13:07:52];[INFO];

[2024-08-06 13:07:52];[INFO];[Gen Info]   Enumeration : EStringEncoding
[2024-08-06 13:07:52];[INFO];

[2024-08-06 13:07:52];[INFO];[Gen Info]   Simple type : data_u8_25
[2024-08-06 13:07:52];[INFO];

[2024-08-06 13:07:52];[INFO];[Gen Info]   Enumeration : EPhoneCmd
[2024-08-06 13:07:52];[INFO];

[2024-08-06 13:07:52];[INFO];[Gen Info]   Structure : SPhoneData
[2024-08-06 13:07:52];[INFO];

[2024-08-06 13:07:52];[INFO];[Gen Info]   Structure : SPhoneCmd
[2024-08-06 13:07:52];[INFO];

[2024-08-06 13:07:52];[INFO];[Gen Info]   Enumeration : EIgnitionStatus
[2024-08-06 13:07:52];[INFO];

[2024-08-06 13:07:52];[INFO];[Gen Info]   Structure : SIgnState
[2024-08-06 13:07:52];[INFO];

[2024-08-06 13:07:52];[INFO];[Gen Info]   Structure : SHMIStatus
[2024-08-06 13:07:52];[INFO];

[2024-08-06 13:07:52];[INFO];[Gen Info]   Enumeration : EDisplayPower
[2024-08-06 13:07:52];[INFO];

[2024-08-06 13:07:52];[INFO];[Gen Info]   Structure : SDisplaySetPower
[2024-08-06 13:07:52];[INFO];

[2024-08-06 13:07:52];[INFO];[Gen Info]   Enumeration : EDisplayHMIStatus
[2024-08-06 13:07:52];[INFO];

[2024-08-06 13:07:52];[INFO];[Gen Info]   Structure : SDisplayCurrentState
[2024-08-06 13:07:52];[INFO];

[2024-08-06 13:07:52];[INFO];[Gen Info]   Enumeration : EDisplayStatus
[2024-08-06 13:07:52];[INFO];

[2024-08-06 13:07:52];[INFO];[Gen Info]   Structure : SWelcomeFarewallData
[2024-08-06 13:07:52];[INFO];

[2024-08-06 13:07:52];[INFO];[Gen Info]   Structure : SWelcomeResponse
[2024-08-06 13:07:52];[INFO];

[2024-08-06 13:07:52];[INFO];[Gen Info]   Structure : SControlPopup
[2024-08-06 13:07:52];[INFO];

[2024-08-06 13:07:52];[INFO];[Gen Info]   Simple type : data_u8_50
[2024-08-06 13:07:52];[INFO];

[2024-08-06 13:07:52];[INFO];[Gen Info]   Structure : SETMData
[2024-08-06 13:07:52];[INFO];

[2024-08-06 13:07:52];[INFO];[Gen Info]   Structure : SETMStatus
[2024-08-06 13:07:52];[INFO];

[2024-08-06 13:07:52];[INFO];[Gen Info]   Enumeration : EButtonId
[2024-08-06 13:07:52];[INFO];

[2024-08-06 13:07:52];[INFO];[Gen Info]   Enumeration : EButtonState
[2024-08-06 13:07:52];[INFO];

[2024-08-06 13:07:52];[INFO];[Gen Info]   Structure : SSWC
[2024-08-06 13:07:52];[INFO];

[2024-08-06 13:07:52];[INFO];[Gen Info]   Structure : SSDM
[2024-08-06 13:07:52];[INFO];

[2024-08-06 13:07:52];[INFO];[Gen Info]   Structure : SSdmArray
[2024-08-06 13:07:52];[INFO];

[2024-08-06 13:07:52];[INFO];[Gen Info]   Structure : SSSTM
[2024-08-06 13:07:52];[INFO];

[2024-08-06 13:07:52];[INFO];[Gen Info]   Structure : SSSM
[2024-08-06 13:07:52];[INFO];

[2024-08-06 13:07:52];[INFO];[Gen Info]   Structure : SEngineAirFilterState
[2024-08-06 13:07:52];[INFO];

[2024-08-06 13:07:52];[INFO];[Gen Info]   Structure : SDieselPRTCFilterState
[2024-08-06 13:07:52];[INFO];

[2024-08-06 13:07:52];[INFO];[Gen Info]   Structure : SEVCoachState
[2024-08-06 13:07:52];[INFO];

[2024-08-06 13:07:52];[INFO];[Gen Info]   Structure : SDieselExhaustState
[2024-08-06 13:07:52];[INFO];

[2024-08-06 13:07:52];[INFO];[Gen Info]   Structure : SDieselAdBlueState
[2024-08-06 13:07:52];[INFO];

[2024-08-06 13:07:52];[INFO];[Gen Info]   Structure : SEngineInfo
[2024-08-06 13:07:52];[INFO];

[2024-08-06 13:07:52];[INFO];[Gen Info]   Structure : SPowerDisState
[2024-08-06 13:07:52];[INFO];

[2024-08-06 13:07:52];[INFO];[Gen Info]   Structure : STrailerTPMSState
[2024-08-06 13:07:52];[INFO];

[2024-08-06 13:07:52];[INFO];[Gen Info]   Simple type : data_u8_6
[2024-08-06 13:07:52];[INFO];

[2024-08-06 13:07:52];[INFO];[Gen Info]   Structure : STrailerInfo
[2024-08-06 13:07:52];[INFO];

[2024-08-06 13:07:52];[INFO];[Gen Info]   Structure : SSPRStatus
[2024-08-06 13:07:52];[INFO];

[2024-08-06 13:07:52];[INFO];[Gen Info]   Structure : STrailerLighting
[2024-08-06 13:07:52];[INFO];

[2024-08-06 13:07:52];[INFO];[Gen Info]   Structure : SAirFuelRatioState
[2024-08-06 13:07:52];[INFO];

[2024-08-06 13:07:52];[INFO];[Gen Info]   Structure : SAutoStartStopState
[2024-08-06 13:07:52];[INFO];

[2024-08-06 13:07:52];[INFO];[Gen Info]   Structure : STrafficSignRecognition
[2024-08-06 13:07:52];[INFO];

[2024-08-06 13:07:52];[INFO];[Gen Info]   Simple type : data_u8_9
[2024-08-06 13:07:52];[INFO];

[2024-08-06 13:07:52];[INFO];[Gen Info]   Structure : SLaneKeepAssist
[2024-08-06 13:07:52];[INFO];

[2024-08-06 13:07:52];[INFO];[Gen Info]   Structure : STrafficJamAssist
[2024-08-06 13:07:52];[INFO];

[2024-08-06 13:07:52];[INFO];[Gen Info]   Structure : SEcoAdvice
[2024-08-06 13:07:52];[INFO];

[2024-08-06 13:07:52];[INFO];[Gen Info]   Structure : SDASGenData
[2024-08-06 13:07:52];[INFO];

[2024-08-06 13:07:52];[INFO];[Gen Info]   Structure : SDriverAssistData
[2024-08-06 13:07:52];[INFO];

[2024-08-06 13:07:52];[INFO];[Gen Info]   Enumeration : EOatStatus
[2024-08-06 13:07:52];[INFO];

[2024-08-06 13:07:52];[INFO];[Gen Info]   Structure : SOAT
[2024-08-06 13:07:52];[INFO];

[2024-08-06 13:07:52];[INFO];[Gen Info]   Structure : SGearAnimStatus
[2024-08-06 13:07:52];[INFO];

[2024-08-06 13:07:52];[INFO];[Gen Info]   Structure : SEcoCoachTripState
[2024-08-06 13:07:52];[INFO];

[2024-08-06 13:07:52];[INFO];[Gen Info]   Structure : STireTempState
[2024-08-06 13:07:52];[INFO];

[2024-08-06 13:07:52];[INFO];[Gen Info]   Structure : SOffRoadState
[2024-08-06 13:07:52];[INFO];

[2024-08-06 13:07:52];[INFO];[Gen Info]   Structure : SIODGaugeData
[2024-08-06 13:07:52];[INFO];

[2024-08-06 13:07:52];[INFO];[Gen Info]   Structure : SDriverAssistDisplay
[2024-08-06 13:07:52];[INFO];

[2024-08-06 13:07:52];[INFO];[Gen Info]   Enumeration : EMediaText
[2024-08-06 13:07:52];[INFO];

[2024-08-06 13:07:52];[INFO];[Gen Info]   Simple type : data_u8_42
[2024-08-06 13:07:52];[INFO];

[2024-08-06 13:07:52];[INFO];[Gen Info]   Simple type : data_u8_40
[2024-08-06 13:07:52];[INFO];

[2024-08-06 13:07:52];[INFO];[Gen Info]   Simple type : data_u8_130
[2024-08-06 13:07:52];[INFO];

[2024-08-06 13:07:52];[INFO];[Gen Info]   Structure : SMediaText
[2024-08-06 13:07:52];[INFO];

[2024-08-06 13:07:52];[INFO];[Gen Info]   Structure : SMediaTextExt
[2024-08-06 13:07:52];[INFO];

[2024-08-06 13:07:52];[INFO];[Gen Info]   Structure : SSDARSData
[2024-08-06 13:07:52];[INFO];

[2024-08-06 13:07:52];[INFO];[Gen Info]   Structure : SRadioData
[2024-08-06 13:07:52];[INFO];

[2024-08-06 13:07:52];[INFO];[Gen Info]   Structure : SExtETMStatus
[2024-08-06 13:07:52];[INFO];

[2024-08-06 13:07:52];[INFO];[Gen Info]   Structure : SIODSettings
[2024-08-06 13:07:52];[INFO];

[2024-08-06 13:07:52];[INFO];[Gen Info]   Structure : SMaintStatus
[2024-08-06 13:07:52];[INFO];

[2024-08-06 13:07:52];[INFO];[Gen Info]   Structure : SLHIStatus
[2024-08-06 13:07:52];[INFO];

[2024-08-06 13:07:52];[INFO];[Gen Info]   Structure : SNaviData
[2024-08-06 13:07:52];[INFO];

[2024-08-06 13:07:52];[INFO];[Gen Info]   Enumeration : ENavStatus
[2024-08-06 13:07:52];[INFO];

[2024-08-06 13:07:52];[INFO];[Gen Info]   Enumeration : ENaviSpeedSign
[2024-08-06 13:07:52];[INFO];

[2024-08-06 13:07:52];[INFO];[Gen Info]   Enumeration : ENaviUnits
[2024-08-06 13:07:52];[INFO];

[2024-08-06 13:07:52];[INFO];[Gen Info]   Structure : SNaviCmd
[2024-08-06 13:07:52];[INFO];

[2024-08-06 13:07:52];[INFO];[Gen Info]   Structure : SDistanceToEmpty
[2024-08-06 13:07:52];[INFO];

[2024-08-06 13:07:52];[INFO];[Gen Info]   Enumeration : ETripCmd
[2024-08-06 13:07:52];[INFO];

[2024-08-06 13:07:52];[INFO];[Gen Info]   Enumeration : EDisplayUnit
[2024-08-06 13:07:52];[INFO];

[2024-08-06 13:07:52];[INFO];[Gen Info]   Structure : SDTEHistory
[2024-08-06 13:07:52];[INFO];

[2024-08-06 13:07:52];[INFO];[Gen Info]   Simple type : data_u8_3
[2024-08-06 13:07:52];[INFO];

[2024-08-06 13:07:52];[INFO];[Gen Info]   Structure : SGALCarPlayData
[2024-08-06 13:07:52];[INFO];

[2024-08-06 13:07:52];[INFO];[Gen Info]   Simple type : data_u8_7
[2024-08-06 13:07:52];[INFO];

[2024-08-06 13:07:52];[INFO];[Gen Info]   Structure : SSetupSpeed
[2024-08-06 13:07:52];[INFO];

[2024-08-06 13:07:52];[INFO];[Gen Info]   Structure : SSpeedLockStatus
[2024-08-06 13:07:52];[INFO];

[2024-08-06 13:07:52];[INFO];[Gen Info]   Structure : SRearBeltMonitor
[2024-08-06 13:07:52];[INFO];

[2024-08-06 13:07:52];[INFO];[Gen Info]   Structure : SRangeDisplay
[2024-08-06 13:07:52];[INFO];

[2024-08-06 13:07:52];[INFO];[Gen Info]   Structure : SListCmd
[2024-08-06 13:07:52];[INFO];

[2024-08-06 13:07:52];[INFO];[Gen Info]   Enumeration : EListRequest
[2024-08-06 13:07:52];[INFO];

[2024-08-06 13:07:52];[INFO];[Gen Info]   Enumeration : EPrefetchReqMenu
[2024-08-06 13:07:52];[INFO];

[2024-08-06 13:07:52];[INFO];[Gen Info]   Structure : SListTimeout
[2024-08-06 13:07:52];[INFO];

[2024-08-06 13:07:52];[INFO];[Gen Info]   Structure : SAWDGaugeData
[2024-08-06 13:07:52];[INFO];

[2024-08-06 13:07:52];[INFO];[Gen Info]   Structure : SElectricEfficiencyFunction
[2024-08-06 13:07:52];[INFO];

[2024-08-06 13:07:52];[INFO];[Gen Info]   Structure : SControlPopupStatus
[2024-08-06 13:07:52];[INFO];

[2024-08-06 13:07:52];[INFO];[Gen Info]   Structure : SSwUpdateResponse
[2024-08-06 13:07:52];[INFO];

[2024-08-06 13:07:52];[INFO];[Gen Info]   Structure : SSwUpdateEraseSwPartReq
[2024-08-06 13:07:52];[INFO];

[2024-08-06 13:07:52];[INFO];[Gen Info]   Structure : SSwUpdateDownloadSwPartReq
[2024-08-06 13:07:52];[INFO];

[2024-08-06 13:07:52];[INFO];[Gen Info]   Structure : SSwUpdateUploadSwPartReq
[2024-08-06 13:07:52];[INFO];

[2024-08-06 13:07:52];[INFO];[Gen Info]   Structure : SSwUpdateDataTransferReq
[2024-08-06 13:07:52];[INFO];

[2024-08-06 13:07:52];[INFO];[Gen Info]   Structure : SEcoCoachDisplay
[2024-08-06 13:07:52];[INFO];

[2024-08-06 13:07:52];[INFO];[Gen Info]   Structure : SChecksumValue1
[2024-08-06 13:07:52];[INFO];

[2024-08-06 13:07:52];[INFO];[Gen Info]   Simple type : data_u8_30
[2024-08-06 13:07:52];[INFO];

[2024-08-06 13:07:52];[INFO];[Gen Info]   Simple type : data_u32_3
[2024-08-06 13:07:52];[INFO];

[2024-08-06 13:07:52];[INFO];[Gen Info]   Structure : SSDMExt
[2024-08-06 13:07:52];[INFO];

[2024-08-06 13:07:52];[INFO];[Gen Info]   Structure : SRTT_Icon
[2024-08-06 13:07:53];[INFO];

[2024-08-06 13:07:53];[INFO];[Gen Info]   Simple type : data_u8_1
[2024-08-06 13:07:53];[INFO];

[2024-08-06 13:07:53];[INFO];[Gen Info]   Structure : SWelcomeScreens
[2024-08-06 13:07:53];[INFO];

[2024-08-06 13:07:53];[INFO];[Gen Info]   Simple type : data_u8_21
[2024-08-06 13:07:53];[INFO];

[2024-08-06 13:07:53];[INFO];[Gen Info]   Structure : SLocalHazardInformation
[2024-08-06 13:07:53];[INFO];

[2024-08-06 13:07:53];[INFO];[Gen Info]   Structure : SHighVoltageBatteryDisplay
[2024-08-06 13:07:53];[INFO];

[2024-08-06 13:07:53];[INFO];[Gen Info]   Structure : SWarningsTPMSData
[2024-08-06 13:07:53];[INFO];

[2024-08-06 13:07:53];[INFO];[Gen Info]   Simple type : data_u8_22
[2024-08-06 13:07:53];[INFO];

[2024-08-06 13:07:53];[INFO];[Gen Info]   Structure : SIlluminationData
[2024-08-06 13:07:53];[INFO];

[2024-08-06 13:07:53];[INFO];[Gen Info]   Enumeration : ElistItemId
[2024-08-06 13:07:53];[INFO];

[2024-08-06 13:07:53];[INFO];[Gen Info]   Enumeration : EDataType
[2024-08-06 13:07:53];[INFO];

[2024-08-06 13:07:53];[INFO];[Gen Info]   Enumeration : EListItemObjectType
[2024-08-06 13:07:53];[INFO];

[2024-08-06 13:07:53];[INFO];[Gen Info]   Enumeration : EListServer
[2024-08-06 13:07:53];[INFO];

[2024-08-06 13:07:53];[INFO];[Gen Info]   Enumeration : ELbpListStatus
[2024-08-06 13:07:53];[INFO];

[2024-08-06 13:07:53];[INFO];[Gen Info]   Enumeration : EItemIcon
[2024-08-06 13:07:53];[INFO];

[2024-08-06 13:07:53];[INFO];[Gen Info]   Enumeration : ECurrentCallID
[2024-08-06 13:07:53];[INFO];

[2024-08-06 13:07:53];[INFO];[Gen Info]   Enumeration : EInCallStatus
[2024-08-06 13:07:53];[INFO];

[2024-08-06 13:07:53];[INFO];[Gen Info]   Enumeration : EPhoneIDType
[2024-08-06 13:07:53];[INFO];

[2024-08-06 13:07:53];[INFO];[Gen Info]   Enumeration : EPhoneLevel
[2024-08-06 13:07:53];[INFO];

[2024-08-06 13:07:53];[INFO];[Gen Info]   Enumeration : EPhoneNetwork
[2024-08-06 13:07:53];[INFO];

[2024-08-06 13:07:53];[INFO];[Gen Info]   Structure : SPhoneGenericData
[2024-08-06 13:07:53];[INFO];

[2024-08-06 13:07:53];[INFO];[Gen Info]   Structure : SMediaStatus
[2024-08-06 13:07:53];[INFO];

[2024-08-06 13:07:53];[INFO];[Gen Info]   Structure : SSDMGenericData
[2024-08-06 13:07:53];[INFO];

[2024-08-06 13:07:53];[INFO];[Gen Info]   Structure : SSSTMExt
[2024-08-06 13:07:53];[INFO];

[2024-08-06 13:07:53];[INFO];[Gen Info]   Structure : SSSMExt
[2024-08-06 13:07:53];[INFO];

[2024-08-06 13:07:53];[INFO];[Gen Info]   Structure : SInfotainmentGenericData
[2024-08-06 13:07:53];[INFO];

[2024-08-06 13:07:53];[INFO];[Gen Info]   Structure : SPrefetchData
[2024-08-06 13:07:53];[INFO];

[2024-08-06 13:07:53];[INFO];[Gen Info]   Simple type : data_u8_54
[2024-08-06 13:07:53];[INFO];

[2024-08-06 13:07:53];[INFO];[Gen Info]   Structure : SPrefetchStatus
[2024-08-06 13:07:53];[INFO];

[2024-08-06 13:07:53];[INFO];[Gen Info]   Structure : SPrefetchGenericData
[2024-08-06 13:07:53];[INFO];

[2024-08-06 13:07:53];[INFO];[Gen Info]   Structure : SSafeTT_Status
[2024-08-06 13:07:53];[INFO];

[2024-08-06 13:07:53];[INFO];[Gen Info]   Structure : SSwUpdateMetaReadReq
[2024-08-06 13:07:53];[INFO];

[2024-08-06 13:07:53];[INFO];[Gen Info]   Structure : SSwUpdateMetaWriteReq
[2024-08-06 13:07:53];[INFO];

[2024-08-06 13:07:53];[INFO];[Gen Info]   Structure : SErrorStateCmdResp
[2024-08-06 13:07:53];[INFO];

[2024-08-06 13:07:53];[INFO];[Gen Info]   Structure : SErrorStateCmdReq
[2024-08-06 13:07:53];[INFO];

[2024-08-06 13:07:53];[INFO];[Gen Info]   Structure : SHmiChecksumDataType
[2024-08-06 13:07:53];[INFO];

[2024-08-06 13:07:53];[INFO];[Gen Info]   Structure : SAdjLimit
[2024-08-06 13:07:53];[INFO];

[2024-08-06 13:07:53];[INFO];[Gen Info]   Structure : SIODRBM
[2024-08-06 13:07:53];[INFO];

[2024-08-06 13:07:53];[INFO];[Gen Info]   Structure : SChecksumValue2
[2024-08-06 13:07:53];[INFO];

[2024-08-06 13:07:53];[INFO];[Gen Info]   Structure : SChecksumValue3
[2024-08-06 13:07:53];[INFO];

[2024-08-06 13:07:53];[INFO];[Gen Info]   Structure : SChecksumValue4
[2024-08-06 13:07:53];[INFO];

[2024-08-06 13:07:53];[INFO];[Gen Info]   Structure : SHighVoltageBatteryBEVDisplay
[2024-08-06 13:07:53];[INFO];

[2024-08-06 13:07:53];[INFO];[Gen Info]   Structure : SPowerDistributionBEV
[2024-08-06 13:07:53];[INFO];

[2024-08-06 13:07:53];[INFO];[Gen Info]   Structure : SNotReadyToDrive
[2024-08-06 13:07:53];[INFO];

[2024-08-06 13:07:53];[INFO];[Gen Info]   Simple type : data_u8_14
[2024-08-06 13:07:53];[INFO];

[2024-08-06 13:07:53];[INFO];[Gen Info]   Structure : SElectricRange
[2024-08-06 13:07:53];[INFO];

[2024-08-06 13:07:53];[INFO];[Gen Info]   Structure : SDAMyView
[2024-08-06 13:07:53];[INFO];

[2024-08-06 13:07:53];[INFO];[Gen Info]   Structure : SDAMenu
[2024-08-06 13:07:53];[INFO];

[2024-08-06 13:07:53];[INFO];[Gen Info]   Structure : SDAHMIPoup
[2024-08-06 13:07:53];[INFO];

[2024-08-06 13:07:53];[INFO];[Gen Info]   Structure : SBMInitialDisplayStatus
[2024-08-06 13:07:53];[INFO];

[2024-08-06 13:07:53];[INFO];[Gen Info]   Simple type : data_u8_39
[2024-08-06 13:07:53];[INFO];

[2024-08-06 13:07:53];[INFO];[Gen Info]   Structure : SVehicleFleetPhoneNumberSt
[2024-08-06 13:07:53];[INFO];

[2024-08-06 13:07:53];[INFO];[Gen Info]   Structure : SFleetMenuWarnStatus
[2024-08-06 13:07:53];[INFO];

[2024-08-06 13:07:53];[INFO];[Gen Info]   Simple type : data_u8_1_copy
[2024-08-06 13:07:53];[INFO];

[2024-08-06 13:07:53];[INFO];[Gen Info]   Import :P_UCL_PROXY_CDD
[2024-08-06 13:07:53];[INFO];

[2024-08-06 13:07:53];[INFO];[Gen Info]   Class UCL_PROXY_CDD [Class]
[2024-08-06 13:07:53];[INFO];

[2024-08-06 13:07:53];[INFO];[Gen Info] Relation : UclProxyCdd [composition]
[2024-08-06 13:07:53];[INFO];

[2024-08-06 13:07:53];[INFO];[Gen Info]   TI : UclSystemCallbacks [TransportedInterface]
[2024-08-06 13:07:53];[INFO];

[2024-08-06 13:07:53];[INFO];[Gen Info] DATA_SND_CAN_INVALIDATE
[2024-08-06 13:07:53];[INFO];

[2024-08-06 13:07:53];[INFO];[Gen Info] DATA_SND_IMPLICIT_SEND
[2024-08-06 13:07:53];[INFO];

[2024-08-06 13:07:53];[INFO];[Gen Info] DATA_RCV_IMPLICIT_RECEIVE
[2024-08-06 13:07:53];[INFO];

[2024-08-06 13:07:53];[INFO];[Gen Info] CALL_CLNT_CLIENTMODE
[2024-08-06 13:07:53];[INFO];

[2024-08-06 13:07:53];[INFO];[Gen Info]   TI : DiagDIDRequest_Q [TransportedInterface]
[2024-08-06 13:07:53];[INFO];

[2024-08-06 13:07:53];[INFO];[Gen Info] DATA_SND_CAN_INVALIDATE
[2024-08-06 13:07:53];[INFO];

[2024-08-06 13:07:53];[INFO];[Gen Info] DATA_SND_IMPLICIT_SEND
[2024-08-06 13:07:53];[INFO];

[2024-08-06 13:07:53];[INFO];[Gen Info] DATA_RCV_IMPLICIT_RECEIVE
[2024-08-06 13:07:53];[INFO];

[2024-08-06 13:07:53];[INFO];[Gen Info] CALL_CLNT_CLIENTMODE
[2024-08-06 13:07:53];[INFO];

[2024-08-06 13:07:53];[INFO];[Gen Info]   TI : DiagRoutineRequest_Q [TransportedInterface]
[2024-08-06 13:07:53];[INFO];

[2024-08-06 13:07:53];[INFO];[Gen Info] DATA_SND_CAN_INVALIDATE
[2024-08-06 13:07:53];[INFO];

[2024-08-06 13:07:53];[INFO];[Gen Info] DATA_SND_IMPLICIT_SEND
[2024-08-06 13:07:53];[INFO];

[2024-08-06 13:07:53];[INFO];[Gen Info] DATA_RCV_IMPLICIT_RECEIVE
[2024-08-06 13:07:53];[INFO];

[2024-08-06 13:07:53];[INFO];[Gen Info] CALL_CLNT_CLIENTMODE
[2024-08-06 13:07:53];[INFO];

[2024-08-06 13:07:53];[INFO];[Gen Info]   TI : DiagIOCtrlRequest_Q [TransportedInterface]
[2024-08-06 13:07:53];[INFO];

[2024-08-06 13:07:53];[INFO];[Gen Info] DATA_SND_CAN_INVALIDATE
[2024-08-06 13:07:53];[INFO];

[2024-08-06 13:07:53];[INFO];[Gen Info] DATA_SND_IMPLICIT_SEND
[2024-08-06 13:07:53];[INFO];

[2024-08-06 13:07:53];[INFO];[Gen Info] DATA_RCV_IMPLICIT_RECEIVE
[2024-08-06 13:07:53];[INFO];

[2024-08-06 13:07:53];[INFO];[Gen Info] CALL_CLNT_CLIENTMODE
[2024-08-06 13:07:53];[INFO];

[2024-08-06 13:07:53];[INFO];[Gen Info]   TI : IgnState_Q [TransportedInterface]
[2024-08-06 13:07:53];[INFO];

[2024-08-06 13:07:53];[INFO];[Gen Info] DATA_SND_CAN_INVALIDATE
[2024-08-06 13:07:53];[INFO];

[2024-08-06 13:07:53];[INFO];[Gen Info] DATA_SND_IMPLICIT_SEND
[2024-08-06 13:07:53];[INFO];

[2024-08-06 13:07:53];[INFO];[Gen Info] DATA_RCV_IMPLICIT_RECEIVE
[2024-08-06 13:07:53];[INFO];

[2024-08-06 13:07:53];[INFO];[Gen Info] CALL_CLNT_CLIENTMODE
[2024-08-06 13:07:53];[INFO];

[2024-08-06 13:07:53];[INFO];[Gen Info]   TI : DiagResponse_Q [TransportedInterface]
[2024-08-06 13:07:53];[INFO];

[2024-08-06 13:07:53];[INFO];[Gen Info] DATA_SND_CAN_INVALIDATE
[2024-08-06 13:07:53];[INFO];

[2024-08-06 13:07:53];[INFO];[Gen Info] DATA_SND_IMPLICIT_SEND
[2024-08-06 13:07:53];[INFO];

[2024-08-06 13:07:53];[INFO];[Gen Info] DATA_RCV_IMPLICIT_RECEIVE
[2024-08-06 13:07:53];[INFO];

[2024-08-06 13:07:53];[INFO];[Gen Info] CALL_CLNT_CLIENTMODE
[2024-08-06 13:07:53];[INFO];

[2024-08-06 13:07:53];[INFO];[Gen Info] Relation : DmnMgr [composition]
[2024-08-06 13:07:53];[INFO];

[2024-08-06 13:07:53];[INFO];[Gen Info] Package : DmnMgr [DesignUnit]
[2024-08-06 13:07:53];[INFO];

[2024-08-06 13:07:53];[INFO];[Gen Info]   Import :SWC_CORE
[2024-08-06 13:07:53];[INFO];

[2024-08-06 13:07:53];[INFO];[Gen Info]   Enumeration : EDmnChangeReqStatus_t
[2024-08-06 13:07:53];[INFO];

[2024-08-06 13:07:53];[INFO];[Gen Info]   Enumeration : EDmnOverallState_t
[2024-08-06 13:07:53];[INFO];

[2024-08-06 13:07:53];[INFO];[Gen Info]   Enumeration : EDmnHealthState_t
[2024-08-06 13:07:53];[INFO];

[2024-08-06 13:07:53];[INFO];[Gen Info]   Enumeration : EUclLinkState_t
[2024-08-06 13:07:53];[INFO];

[2024-08-06 13:07:53];[INFO];[Gen Info]   Structure : SDmnRTCData
[2024-08-06 13:07:53];[INFO];

[2024-08-06 13:07:53];[INFO];[Gen Info]   Structure : SDmnStatus
[2024-08-06 13:07:53];[INFO];

[2024-08-06 13:07:53];[INFO];[Gen Info]   Import :P_SWC_DmnMgr
[2024-08-06 13:07:53];[INFO];

[2024-08-06 13:07:53];[INFO];[Gen Info]   Class SWC_DmnMgr [Class]
[2024-08-06 13:07:53];[INFO];

[2024-08-06 13:07:53];[INFO];[Gen Info] Relation : DmnMgr [composition]
[2024-08-06 13:07:53];[INFO];

[2024-08-06 13:07:53];[INFO];[Gen Info] Package : P_SWC_DmnMgr [Package]
[2024-08-06 13:07:53];[INFO];

[2024-08-06 13:07:53];[INFO];[Gen Info]   Class S_DmnMgr [Class]
[2024-08-06 13:07:53];[INFO];

[2024-08-06 13:07:53];[INFO];[Gen Info]   TI : if_CS_DmnSystemStateChange [TransportedInterface]
[2024-08-06 13:07:53];[INFO];

[2024-08-06 13:07:53];[INFO];[Gen Info] DATA_SND_CAN_INVALIDATE
[2024-08-06 13:07:53];[INFO];

[2024-08-06 13:07:53];[INFO];[Gen Info] DATA_SND_IMPLICIT_SEND
[2024-08-06 13:07:53];[INFO];

[2024-08-06 13:07:53];[INFO];[Gen Info] DATA_RCV_IMPLICIT_RECEIVE
[2024-08-06 13:07:53];[INFO];

[2024-08-06 13:07:53];[INFO];[Gen Info] CALL_CLNT_CLIENTMODE
[2024-08-06 13:07:53];[INFO];

[2024-08-06 13:07:53];[INFO];[Gen Info]   TI : if_SR_DmnInfo [TransportedInterface]
[2024-08-06 13:07:53];[INFO];

[2024-08-06 13:07:53];[INFO];[Gen Info] DATA_SND_CAN_INVALIDATE
[2024-08-06 13:07:53];[INFO];

[2024-08-06 13:07:53];[INFO];[Gen Info] DATA_SND_IMPLICIT_SEND
[2024-08-06 13:07:53];[INFO];

[2024-08-06 13:07:53];[INFO];[Gen Info] DATA_RCV_IMPLICIT_RECEIVE
[2024-08-06 13:07:53];[INFO];

[2024-08-06 13:07:53];[INFO];[Gen Info] CALL_CLNT_CLIENTMODE
[2024-08-06 13:07:53];[INFO];

[2024-08-06 13:07:53];[INFO];[Gen Info]   TI : if_CS_DmnMonitoring [TransportedInterface]
[2024-08-06 13:07:53];[INFO];

[2024-08-06 13:07:53];[INFO];[Gen Info] DATA_SND_CAN_INVALIDATE
[2024-08-06 13:07:53];[INFO];

[2024-08-06 13:07:53];[INFO];[Gen Info] DATA_SND_IMPLICIT_SEND
[2024-08-06 13:07:53];[INFO];

[2024-08-06 13:07:53];[INFO];[Gen Info] DATA_RCV_IMPLICIT_RECEIVE
[2024-08-06 13:07:53];[INFO];

[2024-08-06 13:07:53];[INFO];[Gen Info] CALL_CLNT_CLIENTMODE
[2024-08-06 13:07:53];[INFO];

[2024-08-06 13:07:53];[INFO];[Gen Info] Constraint : Perioidic [Constraint]
[2024-08-06 13:07:53];[INFO];

[2024-08-06 13:07:53];[INFO];[Gen Info] Constraint : Execution [Constraint]
[2024-08-06 13:07:53];[INFO];

[2024-08-06 13:07:53];[INFO];[Gen Info] Constraint : Execution [Constraint]
[2024-08-06 13:07:53];[INFO];

[2024-08-06 13:07:53];[INFO];[Gen Info] Constraint : Execution [Constraint]
[2024-08-06 13:07:53];[INFO];

[2024-08-06 13:07:53];[INFO];[Gen Info] Constraint : Execution [Constraint]
[2024-08-06 13:07:53];[INFO];

[2024-08-06 13:07:53];[INFO];[Gen Info] Constraint : Trigger [Constraint]
[2024-08-06 13:07:53];[INFO];

[2024-08-06 13:07:53];[INFO];[Gen Info] Constraint : Trigger [Constraint]
[2024-08-06 13:07:53];[INFO];

[2024-08-06 13:07:53];[INFO];[Gen Info] Constraint : Trigger [Constraint]
[2024-08-06 13:07:53];[INFO];

[2024-08-06 13:07:53];[INFO];[Gen Info] Constraint : Trigger [Constraint]
[2024-08-06 13:07:53];[INFO];

[2024-08-06 13:07:53];[INFO];[Gen Info] Constraint : Trigger [Constraint]
[2024-08-06 13:07:53];[INFO];

[2024-08-06 13:07:53];[INFO];[Gen Info] Constraint : Trigger [Constraint]
[2024-08-06 13:07:53];[INFO];

[2024-08-06 13:07:53];[INFO];[Gen Info] Constraint : Trigger [Constraint]
[2024-08-06 13:07:53];[INFO];

[2024-08-06 13:07:53];[INFO];[Gen Info] Constraint : Execution [Constraint]
[2024-08-06 13:07:53];[INFO];

[2024-08-06 13:07:53];[INFO];[Gen Info] Constraint : Execution [Constraint]
[2024-08-06 13:07:53];[INFO];

[2024-08-06 13:07:53];[INFO];[Gen Info] Constraint : CallTrigger [Constraint]
[2024-08-06 13:07:53];[INFO];

[2024-08-06 13:07:53];[INFO];[Gen Info] Relation : CRtcCdd [composition]
[2024-08-06 13:07:53];[INFO];

[2024-08-06 13:07:53];[INFO];[Gen Info] Package : RTCCdd [DesignUnit]
[2024-08-06 13:07:53];[INFO];

[2024-08-06 13:07:53];[INFO];[Gen Info]   Import :P_RTC_Cdd
[2024-08-06 13:07:53];[INFO];

[2024-08-06 13:07:53];[INFO];[Gen Info]   Class RTC_Cdd [Class]
[2024-08-06 13:07:53];[INFO];

[2024-08-06 13:07:53];[INFO];[Gen Info] Relation : CRtcCdd [composition]
[2024-08-06 13:07:53];[INFO];

[2024-08-06 13:07:53];[INFO];[Gen Info] Package : P_RTC_Cdd [Package]
[2024-08-06 13:07:53];[INFO];

[2024-08-06 13:07:53];[INFO];[Gen Info]   Class S_CRtcCdd [Class]
[2024-08-06 13:07:53];[INFO];

[2024-08-06 13:07:53];[INFO];[Gen Info] Constraint : Impl_OnCommand [if_CS_ModeOnCommand]
[2024-08-06 13:07:53];[INFO];

[2024-08-06 13:07:53];[INFO];[Gen Info] Tag : SOURCE = if_CS_ModeOnCommand.Impl_OnCommand
[2024-08-06 13:07:53];[INFO];

[2024-08-06 13:07:53];[INFO];[Gen Info] Constraint : TimeTrigger [Constraint]
[2024-08-06 13:07:53];[INFO];

[2024-08-06 13:07:53];[INFO];[Gen Info] Constraint : RtcCdd_SetTime [if_CS_TIRtcServices]
[2024-08-06 13:07:53];[INFO];

[2024-08-06 13:07:53];[INFO];[Gen Info] Tag : SOURCE = if_CS_TIRtcServices.RtcCdd_SetTime
[2024-08-06 13:07:53];[INFO];

[2024-08-06 13:07:53];[INFO];[Gen Info] Constraint : RtcCdd_GetTime [if_CS_TIRtcServices]
[2024-08-06 13:07:53];[INFO];

[2024-08-06 13:07:53];[INFO];[Gen Info] Tag : SOURCE = if_CS_TIRtcServices.RtcCdd_GetTime
[2024-08-06 13:07:53];[INFO];

[2024-08-06 13:07:53];[INFO];[Gen Info] Constraint : RtcCdd_SetAlarm [if_CS_TIRtcServices]
[2024-08-06 13:07:53];[INFO];

[2024-08-06 13:07:53];[INFO];[Gen Info] Tag : SOURCE = if_CS_TIRtcServices.RtcCdd_SetAlarm
[2024-08-06 13:07:53];[INFO];

[2024-08-06 13:07:53];[INFO];[Gen Info] Constraint : RtcCdd_ClearAlarm [if_CS_TIRtcServices]
[2024-08-06 13:07:53];[INFO];

[2024-08-06 13:07:53];[INFO];[Gen Info] Tag : SOURCE = if_CS_TIRtcServices.RtcCdd_ClearAlarm
[2024-08-06 13:07:53];[INFO];

[2024-08-06 13:07:53];[INFO];[Gen Info] Relation : CBattMdl [composition]
[2024-08-06 13:07:53];[INFO];

[2024-08-06 13:07:53];[INFO];[Gen Info] Package : BattMdl [DesignUnit]
[2024-08-06 13:07:53];[INFO];

[2024-08-06 13:07:53];[INFO];[Gen Info]   Import :P_BattMdl
[2024-08-06 13:07:53];[INFO];

[2024-08-06 13:07:53];[INFO];[Gen Info]   Class BattMdl [Class]
[2024-08-06 13:07:53];[INFO];

[2024-08-06 13:07:53];[INFO];[Gen Info] Relation : CBattMdl [composition]
[2024-08-06 13:07:53];[INFO];

[2024-08-06 13:07:53];[INFO];[Gen Info] Package : P_BattMdl [Package]
[2024-08-06 13:07:53];[INFO];

[2024-08-06 13:07:53];[INFO];[Gen Info]   Class S_CBattMdl [Class]
[2024-08-06 13:07:53];[INFO];

[2024-08-06 13:07:53];[INFO];[Gen Info] Constraint : PeriodicTriggerMainFunc [Constraint]
[2024-08-06 13:07:53];[INFO];

[2024-08-06 13:07:53];[INFO];[Gen Info] Constraint : CallTrigger [Constraint]
[2024-08-06 13:07:53];[INFO];

[2024-08-06 13:07:53];[INFO];[Gen Info] Relation : CCDD_EcuPowerM [composition]
[2024-08-06 13:07:53];[INFO];

[2024-08-06 13:07:53];[INFO];[Gen Info] Package : EcuPowerM [DesignUnit]
[2024-08-06 13:07:54];[INFO];

[2024-08-06 13:07:54];[INFO];[Gen Info]   Import :P_CDDEcuPowerM
[2024-08-06 13:07:54];[INFO];

[2024-08-06 13:07:54];[INFO];[Gen Info]   Class CDDEcuPowerM [Class]
[2024-08-06 13:07:54];[INFO];

[2024-08-06 13:07:54];[INFO];[Gen Info] Relation : CCDD_EcuPowerM [composition]
[2024-08-06 13:07:54];[INFO];

[2024-08-06 13:07:54];[INFO];[Gen Info] Package : P_CDDEcuPowerM [Package]
[2024-08-06 13:07:54];[INFO];

[2024-08-06 13:07:54];[INFO];[Gen Info]   Class S_CCDD_EcuPowerM [Class]
[2024-08-06 13:07:54];[INFO];

[2024-08-06 13:07:54];[INFO];[Gen Info] Constraint : PeriodicTrigger [Constraint]
[2024-08-06 13:07:54];[INFO];

[2024-08-06 13:07:54];[INFO];[Gen Info] Constraint : Trigger [Constraint]
[2024-08-06 13:07:54];[INFO];

[2024-08-06 13:07:54];[INFO];[Gen Info] Constraint : EcuPowerM_RequestPower [TI_EcuPowerM]
[2024-08-06 13:07:54];[INFO];

[2024-08-06 13:07:54];[INFO];[Gen Info] Tag : SOURCE = TI_EcuPowerM.EcuPowerM_RequestPower
[2024-08-06 13:07:54];[INFO];

[2024-08-06 13:07:54];[INFO];[Gen Info] Constraint : EcuPowerM_GetDeviceStatus [TI_EcuPowerM]
[2024-08-06 13:07:54];[INFO];

[2024-08-06 13:07:54];[INFO];[Gen Info] Tag : SOURCE = TI_EcuPowerM.EcuPowerM_GetDeviceStatus
[2024-08-06 13:07:54];[INFO];

[2024-08-06 13:07:54];[INFO];[Gen Info] Relation : CSndCdd [composition]
[2024-08-06 13:07:54];[INFO];

[2024-08-06 13:07:54];[INFO];[Gen Info] Package : SndCdd [DesignUnit]
[2024-08-06 13:07:54];[INFO];

[2024-08-06 13:07:54];[INFO];[Gen Info]   Import :P_SndCdd
[2024-08-06 13:07:54];[INFO];

[2024-08-06 13:07:54];[INFO];[Gen Info]   Class SndCdd [Class]
[2024-08-06 13:07:54];[INFO];

[2024-08-06 13:07:54];[INFO];[Gen Info] Relation : CSndCdd [composition]
[2024-08-06 13:07:54];[INFO];

[2024-08-06 13:07:54];[INFO];[Gen Info] Package : P_SndCdd [Package]
[2024-08-06 13:07:54];[INFO];

[2024-08-06 13:07:54];[INFO];[Gen Info]   Class S_CSndCdd [Class]
[2024-08-06 13:07:54];[INFO];

[2024-08-06 13:07:54];[INFO];[Gen Info] Constraint : TimeTrigger [Constraint]
[2024-08-06 13:07:54];[INFO];

[2024-08-06 13:07:54];[INFO];[Gen Info] Constraint : Impl_OnCommand [if_CS_ModeOnCommand]
[2024-08-06 13:07:54];[INFO];

[2024-08-06 13:07:54];[INFO];[Gen Info] Tag : SOURCE = if_CS_ModeOnCommand.Impl_OnCommand
[2024-08-06 13:07:54];[INFO];

[2024-08-06 13:07:54];[INFO];[Gen Info] Constraint : RequestToStart [if_CS_Sndcdd_Services]
[2024-08-06 13:07:54];[INFO];

[2024-08-06 13:07:54];[INFO];[Gen Info] Tag : SOURCE = if_CS_Sndcdd_Services.RequestToStart
[2024-08-06 13:07:54];[INFO];

[2024-08-06 13:07:54];[INFO];[Gen Info] Constraint : RequestToStop [if_CS_Sndcdd_Services]
[2024-08-06 13:07:54];[INFO];

[2024-08-06 13:07:54];[INFO];[Gen Info] Tag : SOURCE = if_CS_Sndcdd_Services.RequestToStop
[2024-08-06 13:07:54];[INFO];

[2024-08-06 13:07:54];[INFO];[Gen Info] Constraint : CheckChimeStatus [if_CS_Sndcdd_Services]
[2024-08-06 13:07:54];[INFO];

[2024-08-06 13:07:54];[INFO];[Gen Info] Tag : SOURCE = if_CS_Sndcdd_Services.CheckChimeStatus
[2024-08-06 13:07:54];[INFO];

[2024-08-06 13:07:54];[INFO];[Gen Info] Constraint : SetUserPersonalizationVolume [if_CS_Sndcdd_Services]
[2024-08-06 13:07:54];[INFO];

[2024-08-06 13:07:54];[INFO];[Gen Info] Tag : SOURCE = if_CS_Sndcdd_Services.SetUserPersonalizationVolume
[2024-08-06 13:07:54];[INFO];

[2024-08-06 13:07:54];[INFO];[Gen Info] Constraint : ToneProcessTimeTrigger [Constraint]
[2024-08-06 13:07:54];[INFO];

[2024-08-06 13:07:54];[INFO];[Gen Info] Constraint : CheckLastToneStatus [if_CS_Sndcdd_Services]
[2024-08-06 13:07:54];[INFO];

[2024-08-06 13:07:54];[INFO];[Gen Info] Tag : SOURCE = if_CS_Sndcdd_Services.CheckLastToneStatus
[2024-08-06 13:07:54];[INFO];

[2024-08-06 13:07:54];[INFO];[Gen Info] Constraint : UpdateChannelVolume [if_CS_Sndcdd_Services]
[2024-08-06 13:07:54];[INFO];

[2024-08-06 13:07:54];[INFO];[Gen Info] Tag : SOURCE = if_CS_Sndcdd_Services.UpdateChannelVolume
[2024-08-06 13:07:54];[INFO];

[2024-08-06 13:07:54];[INFO];[Gen Info] Constraint : SetDynamicDeadTime [if_CS_Sndcdd_Services]
[2024-08-06 13:07:54];[INFO];

[2024-08-06 13:07:54];[INFO];[Gen Info] Tag : SOURCE = if_CS_Sndcdd_Services.SetDynamicDeadTime
[2024-08-06 13:07:54];[INFO];

[2024-08-06 13:07:54];[INFO];[Gen Info] Constraint : UpdateChimeVolume [if_CS_Sndcdd_Services]
[2024-08-06 13:07:54];[INFO];

[2024-08-06 13:07:54];[INFO];[Gen Info] Tag : SOURCE = if_CS_Sndcdd_Services.UpdateChimeVolume
[2024-08-06 13:07:54];[INFO];

[2024-08-06 13:07:54];[INFO];[Gen Info] Constraint : ischannelavailable [if_CS_Sndcdd_Services]
[2024-08-06 13:07:54];[INFO];

[2024-08-06 13:07:54];[INFO];[Gen Info] Tag : SOURCE = if_CS_Sndcdd_Services.ischannelavailable
[2024-08-06 13:07:54];[INFO];

[2024-08-06 13:07:54];[INFO];[Gen Info] Constraint : UpdateChimeInfoBuffer [if_CS_Sndcdd_Services]
[2024-08-06 13:07:54];[INFO];

[2024-08-06 13:07:54];[INFO];[Gen Info] Tag : SOURCE = if_CS_Sndcdd_Services.UpdateChimeInfoBuffer
[2024-08-06 13:07:54];[INFO];

[2024-08-06 13:07:54];[INFO];[Gen Info] Constraint : SetChimeResumeInfoBuffer [if_CS_Sndcdd_Services]
[2024-08-06 13:07:54];[INFO];

[2024-08-06 13:07:54];[INFO];[Gen Info] Tag : SOURCE = if_CS_Sndcdd_Services.SetChimeResumeInfoBuffer
[2024-08-06 13:07:54];[INFO];

[2024-08-06 13:07:54];[INFO];[Gen Info] Constraint : GetChimeResumeInfoBuffer [if_CS_Sndcdd_Services]
[2024-08-06 13:07:54];[INFO];

[2024-08-06 13:07:54];[INFO];[Gen Info] Tag : SOURCE = if_CS_Sndcdd_Services.GetChimeResumeInfoBuffer
[2024-08-06 13:07:54];[INFO];

[2024-08-06 13:07:54];[INFO];[Gen Info] Constraint : ClearChimeResumeInfoBuffer [if_CS_Sndcdd_Services]
[2024-08-06 13:07:54];[INFO];

[2024-08-06 13:07:54];[INFO];[Gen Info] Tag : SOURCE = if_CS_Sndcdd_Services.ClearChimeResumeInfoBuffer
[2024-08-06 13:07:54];[INFO];

[2024-08-06 13:07:54];[INFO];[Gen Info] Constraint : RequestToClear_SafetyChimeErrorStatus [if_CS_Sndcdd_Services]
[2024-08-06 13:07:54];[INFO];

[2024-08-06 13:07:54];[INFO];[Gen Info] Tag : SOURCE = if_CS_Sndcdd_Services.RequestToClear_SafetyChimeErrorStatus
[2024-08-06 13:07:54];[INFO];

[2024-08-06 13:07:54];[INFO];[Gen Info] Constraint : TimeTrigger [Constraint]
[2024-08-06 13:07:54];[INFO];

[2024-08-06 13:07:54];[INFO];[Gen Info] Constraint : GetSpeaker_status [if_CS_SndCdd_AmpDiag]
[2024-08-06 13:07:54];[INFO];

[2024-08-06 13:07:54];[INFO];[Gen Info] Tag : SOURCE = if_CS_SndCdd_AmpDiag.GetSpeaker_status
[2024-08-06 13:07:54];[INFO];

[2024-08-06 13:07:54];[INFO];[Gen Info] Constraint : SpkrAmp_Recovery [if_CS_SndCdd_AmpDiag]
[2024-08-06 13:07:54];[INFO];

[2024-08-06 13:07:54];[INFO];[Gen Info] Tag : SOURCE = if_CS_SndCdd_AmpDiag.SpkrAmp_Recovery
[2024-08-06 13:07:54];[INFO];

[2024-08-06 13:07:54];[INFO];[Gen Info] Constraint : RequestCustomChime [if_CS_Sndcdd_Services]
[2024-08-06 13:07:54];[INFO];

[2024-08-06 13:07:54];[INFO];[Gen Info] Tag : SOURCE = if_CS_Sndcdd_Services.RequestCustomChime
[2024-08-06 13:07:54];[INFO];

[2024-08-06 13:07:54];[INFO];[Gen Info] Constraint : StopCustomChime [if_CS_Sndcdd_Services]
[2024-08-06 13:07:54];[INFO];

[2024-08-06 13:07:54];[INFO];[Gen Info] Tag : SOURCE = if_CS_Sndcdd_Services.StopCustomChime
[2024-08-06 13:07:54];[INFO];

[2024-08-06 13:07:54];[INFO];[Gen Info] Relation : DcmExt [composition]
[2024-08-06 13:07:54];[INFO];

[2024-08-06 13:07:54];[INFO];[Gen Info] Package : BSW_DcmExt [DesignUnit]
[2024-08-06 13:07:54];[INFO];

[2024-08-06 13:07:54];[INFO];[Gen Info]   Import :P_SWC_DcmExt
[2024-08-06 13:07:54];[INFO];

[2024-08-06 13:07:54];[INFO];[Gen Info]   Class SWC_DcmExt [Class]
[2024-08-06 13:07:54];[INFO];

[2024-08-06 13:07:54];[INFO];[Gen Info] Relation : DcmExt [composition]
[2024-08-06 13:07:54];[INFO];

[2024-08-06 13:07:54];[INFO];[Gen Info] Package : P_SWC_DcmExt [Package]
[2024-08-06 13:07:54];[INFO];

[2024-08-06 13:07:54];[INFO];[Gen Info]   Class S_DcmExt [Class]
[2024-08-06 13:07:54];[INFO];

[2024-08-06 13:07:54];[INFO];[Gen Info] Constraint : DcmExt_Services_DataRead [TI_DcmExt_Services_DataRead]
[2024-08-06 13:07:54];[INFO];

[2024-08-06 13:07:54];[INFO];[Gen Info] Tag : SOURCE = TI_DcmExt_Services_DataRead.DcmExt_Services_DataRead
[2024-08-06 13:07:54];[INFO];

[2024-08-06 13:07:54];[INFO];[Gen Info] Constraint : DcmExt_Services_LenChk [TI_DcmExt_Services_LenChk]
[2024-08-06 13:07:54];[INFO];

[2024-08-06 13:07:54];[INFO];[Gen Info] Tag : SOURCE = TI_DcmExt_Services_LenChk.DcmExt_Services_LenChk
[2024-08-06 13:07:54];[INFO];

[2024-08-06 13:07:54];[INFO];[Gen Info] Constraint : DcmExt_Services_DataWrite [TI_DcmExt_Services_DataWrite]
[2024-08-06 13:07:54];[INFO];

[2024-08-06 13:07:54];[INFO];[Gen Info] Tag : SOURCE = TI_DcmExt_Services_DataWrite.DcmExt_Services_DataWrite
[2024-08-06 13:07:54];[INFO];

[2024-08-06 13:07:54];[INFO];[Gen Info] Constraint : DcmExt_Services_CndChk [TI_DcmExt_Services_CndChk]
[2024-08-06 13:07:54];[INFO];

[2024-08-06 13:07:54];[INFO];[Gen Info] Tag : SOURCE = TI_DcmExt_Services_CndChk.DcmExt_Services_CndChk
[2024-08-06 13:07:54];[INFO];

[2024-08-06 13:07:54];[INFO];[Gen Info] Constraint : DcmExt_Service_Iocontrol [TI_DcmExt_Service_Iocontrol]
[2024-08-06 13:07:54];[INFO];

[2024-08-06 13:07:54];[INFO];[Gen Info] Tag : SOURCE = TI_DcmExt_Service_Iocontrol.DcmExt_Service_Iocontrol
[2024-08-06 13:07:54];[INFO];

[2024-08-06 13:07:54];[INFO];[Gen Info] Constraint : DcmExt_Services_RoutineStart [TI_DcmExt_Services_RoutineStart]
[2024-08-06 13:07:54];[INFO];

[2024-08-06 13:07:54];[INFO];[Gen Info] Tag : SOURCE = TI_DcmExt_Services_RoutineStart.DcmExt_Services_RoutineStart
[2024-08-06 13:07:54];[INFO];

[2024-08-06 13:07:54];[INFO];[Gen Info] Constraint : DcmExt_Services_RoutineStop [TI_DcmExt_Services_RoutineStop]
[2024-08-06 13:07:54];[INFO];

[2024-08-06 13:07:54];[INFO];[Gen Info] Tag : SOURCE = TI_DcmExt_Services_RoutineStop.DcmExt_Services_RoutineStop
[2024-08-06 13:07:54];[INFO];

[2024-08-06 13:07:54];[INFO];[Gen Info] Constraint : DcmExt_Services_RoutineResults [TI_DcmExt_Services_RoutineResults]
[2024-08-06 13:07:54];[INFO];

[2024-08-06 13:07:54];[INFO];[Gen Info] Tag : SOURCE = TI_DcmExt_Services_RoutineResults.DcmExt_Services_RoutineResults
[2024-08-06 13:07:54];[INFO];

[2024-08-06 13:07:54];[INFO];[Gen Info] Constraint : PeriodicTrigger [Constraint]
[2024-08-06 13:07:54];[INFO];

[2024-08-06 13:07:54];[INFO];[Gen Info] Constraint : DcmExt_SecLevel1GetSeed [TI_DcmExt_SecLevel1GetSeed]
[2024-08-06 13:07:54];[INFO];

[2024-08-06 13:07:54];[INFO];[Gen Info] Tag : SOURCE = TI_DcmExt_SecLevel1GetSeed.DcmExt_SecLevel1GetSeed
[2024-08-06 13:07:54];[INFO];

[2024-08-06 13:07:54];[INFO];[Gen Info] Constraint : DcmExt_SecLevel1CmpKey [TI_DcmExt_SecLevel1CmpKey]
[2024-08-06 13:07:54];[INFO];

[2024-08-06 13:07:54];[INFO];[Gen Info] Tag : SOURCE = TI_DcmExt_SecLevel1CmpKey.DcmExt_SecLevel1CmpKey
[2024-08-06 13:07:54];[INFO];

[2024-08-06 13:07:54];[INFO];[Gen Info] Constraint : DcmExt_Confirmation [TI_DcmExt_Confirmation]
[2024-08-06 13:07:54];[INFO];

[2024-08-06 13:07:54];[INFO];[Gen Info] Tag : SOURCE = TI_DcmExt_Confirmation.DcmExt_Confirmation
[2024-08-06 13:07:54];[INFO];

[2024-08-06 13:07:54];[INFO];[Gen Info] Constraint : DI_Did_Diag_Action [TI_DI_Did_Diag_Action]
[2024-08-06 13:07:54];[INFO];

[2024-08-06 13:07:54];[INFO];[Gen Info] Tag : SOURCE = TI_DI_Did_Diag_Action.DI_Did_Diag_Action
[2024-08-06 13:07:54];[INFO];

[2024-08-06 13:07:54];[INFO];[Gen Info] Constraint : DI_Rid_Diag_Action [TI_DI_Rid_Diag_Action]
[2024-08-06 13:07:54];[INFO];

[2024-08-06 13:07:54];[INFO];[Gen Info] Tag : SOURCE = TI_DI_Rid_Diag_Action.DI_Rid_Diag_Action
[2024-08-06 13:07:54];[INFO];

[2024-08-06 13:07:54];[INFO];[Gen Info] Relation : DemExt [composition]
[2024-08-06 13:07:54];[INFO];

[2024-08-06 13:07:54];[INFO];[Gen Info] Package : BSW_DemExt [DesignUnit]
[2024-08-06 13:07:54];[INFO];

[2024-08-06 13:07:54];[INFO];[Gen Info]   Import :P_SWC_DemExt
[2024-08-06 13:07:54];[INFO];

[2024-08-06 13:07:54];[INFO];[Gen Info]   Class SWC_DemExt [Class]
[2024-08-06 13:07:54];[INFO];

[2024-08-06 13:07:54];[INFO];[Gen Info] Relation : DemExt [composition]
[2024-08-06 13:07:54];[INFO];

[2024-08-06 13:07:54];[INFO];[Gen Info] Package : P_SWC_DemExt [Package]
[2024-08-06 13:07:54];[INFO];

[2024-08-06 13:07:54];[INFO];[Gen Info]   Class S_DemExt [Class]
[2024-08-06 13:07:54];[INFO];

[2024-08-06 13:07:54];[INFO];[Gen Info] Constraint : DemExt_ClearDTC [TI_DemExt_ClearDTC]
[2024-08-06 13:07:54];[INFO];

[2024-08-06 13:07:54];[INFO];[Gen Info] Tag : SOURCE = TI_DemExt_ClearDTC.DemExt_ClearDTC
[2024-08-06 13:07:54];[INFO];

[2024-08-06 13:07:54];[INFO];[Gen Info] Constraint : DemExt_GetDTCSelectionResult [TI_DemExt_GetDTCSelectionResult]
[2024-08-06 13:07:54];[INFO];

[2024-08-06 13:07:54];[INFO];[Gen Info] Tag : SOURCE = TI_DemExt_GetDTCSelectionResult.DemExt_GetDTCSelectionResult
[2024-08-06 13:07:54];[INFO];

[2024-08-06 13:07:54];[INFO];[Gen Info] Constraint : DemExt_GetDTCSelectionResultForClearDTC [TI_DemExt_GetDTCSelectionResultForClearDTC]
[2024-08-06 13:07:54];[INFO];

[2024-08-06 13:07:54];[INFO];[Gen Info] Tag : SOURCE = TI_DemExt_GetDTCSelectionResultForClearDTC.DemExt_GetDTCSelectionResultForClearDTC
[2024-08-06 13:07:54];[INFO];

[2024-08-06 13:07:54];[INFO];[Gen Info] Constraint : DemExt_GetEventUdsStatus [TI_DemExt_GetEventUdsStatus]
[2024-08-06 13:07:54];[INFO];

[2024-08-06 13:07:54];[INFO];[Gen Info] Tag : SOURCE = TI_DemExt_GetEventUdsStatus.DemExt_GetEventUdsStatus
[2024-08-06 13:07:54];[INFO];

[2024-08-06 13:07:54];[INFO];[Gen Info] Constraint : DemExt_GetDebouncingOfEvent [TI_DemExt_GetDebouncingOfEvent]
[2024-08-06 13:07:54];[INFO];

[2024-08-06 13:07:54];[INFO];[Gen Info] Tag : SOURCE = TI_DemExt_GetDebouncingOfEvent.DemExt_GetDebouncingOfEvent
[2024-08-06 13:07:54];[INFO];

[2024-08-06 13:07:54];[INFO];[Gen Info] Constraint : DemExt_GetDTCOfEvent [TI_DemExt_GetDTCOfEvent]
[2024-08-06 13:07:54];[INFO];

[2024-08-06 13:07:54];[INFO];[Gen Info] Tag : SOURCE = TI_DemExt_GetDTCOfEvent.DemExt_GetDTCOfEvent
[2024-08-06 13:07:54];[INFO];

[2024-08-06 13:07:54];[INFO];[Gen Info] Constraint : DemExt_GetFaultDetectionCounter [TI_DemExt_GetFaultDetectionCounter]
[2024-08-06 13:07:54];[INFO];

[2024-08-06 13:07:54];[INFO];[Gen Info] Tag : SOURCE = TI_DemExt_GetFaultDetectionCounter.DemExt_GetFaultDetectionCounter
[2024-08-06 13:07:54];[INFO];

[2024-08-06 13:07:54];[INFO];[Gen Info] Constraint : DemExt_GetEventFreezeFrameDataEx [TI_DemExt_GetEventFreezeFrameDataEx]
[2024-08-06 13:07:54];[INFO];

[2024-08-06 13:07:54];[INFO];[Gen Info] Tag : SOURCE = TI_DemExt_GetEventFreezeFrameDataEx.DemExt_GetEventFreezeFrameDataEx
[2024-08-06 13:07:54];[INFO];

[2024-08-06 13:07:54];[INFO];[Gen Info] Constraint : DemExt_GetEventExtendedDataRecordEx [TI_DemExt_GetEventExtendedDataRecordEx]
[2024-08-06 13:07:54];[INFO];

[2024-08-06 13:07:54];[INFO];[Gen Info] Tag : SOURCE = TI_DemExt_GetEventExtendedDataRecordEx.DemExt_GetEventExtendedDataRecordEx
[2024-08-06 13:07:54];[INFO];

[2024-08-06 13:07:54];[INFO];[Gen Info] Constraint : DemExt_GetNumberOfEventMemoryEntries [TI_DemExt_GetNumberOfEventMemoryEntries]
[2024-08-06 13:07:54];[INFO];

[2024-08-06 13:07:54];[INFO];[Gen Info] Tag : SOURCE = TI_DemExt_GetNumberOfEventMemoryEntries.DemExt_GetNumberOfEventMemoryEntries
[2024-08-06 13:07:54];[INFO];

[2024-08-06 13:07:54];[INFO];[Gen Info] Constraint : DemExt_SelectDTC [TI_DemExt_SelectDTC]
[2024-08-06 13:07:54];[INFO];

[2024-08-06 13:07:54];[INFO];[Gen Info] Tag : SOURCE = TI_DemExt_SelectDTC.DemExt_SelectDTC
[2024-08-06 13:07:54];[INFO];

[2024-08-06 13:07:54];[INFO];[Gen Info] Constraint : DemExt_SetEnableCondition [TI_DemExt_SetEnableCondition]
[2024-08-06 13:07:54];[INFO];

[2024-08-06 13:07:54];[INFO];[Gen Info] Tag : SOURCE = TI_DemExt_SetEnableCondition.DemExt_SetEnableCondition
[2024-08-06 13:07:54];[INFO];

[2024-08-06 13:07:54];[INFO];[Gen Info] Constraint : DemExt_SetEventAvailable [TI_DemExt_SetEventAvailable]
[2024-08-06 13:07:55];[INFO];

[2024-08-06 13:07:55];[INFO];[Gen Info] Tag : SOURCE = TI_DemExt_SetEventAvailable.DemExt_SetEventAvailable
[2024-08-06 13:07:55];[INFO];

[2024-08-06 13:07:55];[INFO];[Gen Info] Constraint : DemExt_SetEventStatus [TI_DemExt_SetEventStatus]
[2024-08-06 13:07:55];[INFO];

[2024-08-06 13:07:55];[INFO];[Gen Info] Tag : SOURCE = TI_DemExt_SetEventStatus.DemExt_SetEventStatus
[2024-08-06 13:07:55];[INFO];

[2024-08-06 13:07:55];[INFO];[Gen Info] Constraint : DemExt_SetOperationCycleState [TI_DemExt_SetOperationCycleState]
[2024-08-06 13:07:55];[INFO];

[2024-08-06 13:07:55];[INFO];[Gen Info] Tag : SOURCE = TI_DemExt_SetOperationCycleState.DemExt_SetOperationCycleState
[2024-08-06 13:07:55];[INFO];

[2024-08-06 13:07:55];[INFO];[Gen Info] Constraint : DemExt_GetOperationCycleState [TI_DemExt_GetOperationCycleState]
[2024-08-06 13:07:55];[INFO];

[2024-08-06 13:07:55];[INFO];[Gen Info] Tag : SOURCE = TI_DemExt_GetOperationCycleState.DemExt_GetOperationCycleState
[2024-08-06 13:07:55];[INFO];

[2024-08-06 13:07:55];[INFO];[Gen Info] Constraint : DemExt_SetStorageCondition [TI_DemExt_SetStorageCondition]
[2024-08-06 13:07:55];[INFO];

[2024-08-06 13:07:55];[INFO];[Gen Info] Tag : SOURCE = TI_DemExt_SetStorageCondition.DemExt_SetStorageCondition
[2024-08-06 13:07:55];[INFO];

[2024-08-06 13:07:55];[INFO];[Gen Info] Constraint : PeriodicTrigger [Constraint]
[2024-08-06 13:07:55];[INFO];

[2024-08-06 13:07:55];[INFO];[Gen Info] Package : CDD_PACKAGES [Package]
[2024-08-06 13:07:55];[INFO];

[2024-08-06 13:07:55];[INFO];[Gen Info] Package : IF_PACKAGES [Package]
[2024-08-06 13:07:55];[INFO];

[2024-08-06 13:07:55];[INFO];[Gen Info] Package : COMMON_IF_PACKAGES [Package]
[2024-08-06 13:07:55];[INFO];

[2024-08-06 13:07:55];[INFO];[Gen Info]   Import :IF_PACKAGES
[2024-08-06 13:07:55];[INFO];

[2024-08-06 13:07:55];[INFO];[Gen Info] Package : SWC_IF_PACKAGES [DesignUnit]
[2024-08-06 13:07:55];[INFO];

[2024-08-06 13:07:55];[INFO];[Gen Info] Package : SPECIFIC_IF_PACKAGES [Package]
[2024-08-06 13:07:55];[INFO];

[2024-08-06 13:07:55];[INFO];[Gen Info] Package : BSW_IF_PACKAGES [Package]
[2024-08-06 13:07:55];[INFO];

[2024-08-06 13:07:55];[INFO];[Gen Info]   Import :SPECIFIC_IF_PACKAGES
[2024-08-06 13:07:55];[INFO];

[2024-08-06 13:07:55];[INFO];[Gen Info] Package : CDD_IF_PACKAGES [Package]
[2024-08-06 13:07:55];[INFO];

[2024-08-06 13:07:55];[INFO];[Gen Info] Package : SWC_PACKAGES [Package]
[2024-08-06 13:07:55];[INFO];

[2024-08-06 13:07:55];[INFO];[Gen Info] Package : SWC_CORE [Package]
[2024-08-06 13:07:55];[INFO];

[2024-08-06 13:07:55];[INFO];[Gen Info] Package : DmnMgr_LLR [DesignUnit]
[2024-08-06 13:07:55];[INFO];

[2024-08-06 13:07:55];[INFO];[Gen Info]   Class DmnMgr [Class]
[2024-08-06 13:07:55];[INFO];

[2024-08-06 13:07:55];[INFO];[Gen Info] Package : SWC_APPS [Package]
[2024-08-06 13:07:55];[INFO];

[2024-08-06 13:07:55];[INFO];[Gen Info] Package : SWC_APP_STUBS [Package]
[2024-08-06 13:07:55];[INFO];

[2024-08-06 13:07:55];[INFO];[Gen Info] Package : BSW_PACKAGES [Package]
[2024-08-06 13:07:55];[INFO];

[2024-08-06 13:07:55];[INFO];[Gen Info] Package : BSW_EcuAppM_LLR [DesignUnit]
[2024-08-06 13:07:55];[INFO];

[2024-08-06 13:07:55];[INFO];[Gen Info]   Class EcuAppM [Class]
[2024-08-06 13:07:55];[INFO];

[2024-08-06 13:07:55];[INFO];[Gen Info]   Interface : Private_Interface [Interface]
[2024-08-06 13:07:55];[INFO];

[2024-08-06 13:07:55];[INFO];[Gen Info]   Interface : Public_Interface [Interface]
[2024-08-06 13:07:55];[INFO];

[2024-08-06 13:07:55];[INFO];[Gen Info]   Interface : Interface_11 [Interface]
[2024-08-06 13:07:55];[INFO];

[2024-08-06 13:07:55];[INFO];[Gen Info] Package : A2T_TC [Package]
[2024-08-06 13:07:55];[INFO];

[2024-08-06 13:07:55];[INFO];[Gen Info] Package : A2T_TC_BLD [SharedPackage]
[2024-08-06 13:07:55];[INFO];

[2024-08-06 13:07:55];[INFO];[Gen Info]   Import :A2T_TC
[2024-08-06 13:07:55];[INFO];

[2024-08-06 13:07:55];[INFO];[Gen Info] Package : A2T_TC_FWK [SharedPackage]
[2024-08-06 13:07:55];[INFO];

[2024-08-06 13:07:55];[INFO];[Gen Info] Package : A2T_TST [DesignUnit]
[2024-08-06 13:07:55];[INFO];

[2024-08-06 13:07:55];[INFO];[Gen Info]   Language : mCheck
[2024-08-06 13:07:55];[INFO];

[2024-08-06 13:07:55];[INFO];[Gen Info]   Class CTstContext [Class]
[2024-08-06 13:07:55];[INFO];

[2024-08-06 13:07:55];[INFO];[Gen Info]   Class CTstReporter [Class]
[2024-08-06 13:07:55];[INFO];

[2024-08-06 13:07:55];[INFO];[Gen Info]   Class CTstCampain [Class]
[2024-08-06 13:07:55];[INFO];

[2024-08-06 13:07:55];[INFO];[Gen Info] Relation : ContextList [association]
[2024-08-06 13:07:55];[INFO];

[2024-08-06 13:07:55];[INFO];[Gen Info] Package : TstReporter [Package]
[2024-08-06 13:07:55];[INFO];

[2024-08-06 13:07:55];[INFO];[Gen Info]   Import :A2T_TST
[2024-08-06 13:07:55];[INFO];

[2024-08-06 13:07:55];[INFO];[Gen Info] Package : TstBasicConsoleReporter [Package]
[2024-08-06 13:07:55];[INFO];

[2024-08-06 13:07:55];[INFO];[Gen Info]   Import :TstReporter
[2024-08-06 13:07:55];[INFO];

[2024-08-06 13:07:55];[INFO];[Gen Info]   Class CTstBasicConsoleReporter [Class]
[2024-08-06 13:07:55];[INFO];

[2024-08-06 13:07:55];[INFO];[Gen Info] Package : TstStdlib [Package]
[2024-08-06 13:07:55];[INFO];

[2024-08-06 13:07:55];[INFO];[Gen Info] Package : UnitaryTest [Package]
[2024-08-06 13:07:55];[INFO];

[2024-08-06 13:07:55];[INFO];[Gen Info]   Class CTstRootCampainUTest [Class]
[2024-08-06 13:07:55];[INFO];

[2024-08-06 13:07:55];[INFO];[Gen Info]   Class CTstRootCampain [Class]
[2024-08-06 13:07:55];[INFO];

[2024-08-06 13:07:55];[INFO];[Gen Info] Relation : Reporter [composition]
[2024-08-06 13:07:55];[INFO];

[2024-08-06 13:07:55];[INFO];[Gen Info] Package : SwcUTestD [Package]
[2024-08-06 13:07:55];[INFO];

[2024-08-06 13:07:55];[INFO];[Gen Info]   Import :UnitaryTest
[2024-08-06 13:07:55];[INFO];

[2024-08-06 13:07:55];[INFO];[Gen Info] Relation : cTstRootCampainUTestRef [composition]
[2024-08-06 13:07:55];[INFO];

[2024-08-06 13:07:55];[INFO];[Gen Info]   Class CSwcUTest [Class]
[2024-08-06 13:07:55];[INFO];

[2024-08-06 13:07:55];[INFO];[Gen Info] Relation : ItsTstRootCampainUTest [composition]
[2024-08-06 13:07:55];[INFO];

[2024-08-06 13:07:55];[INFO];[Gen Info] Relation : ItsTstContextList [composition]
[2024-08-06 13:07:55];[INFO];

[2024-08-06 13:07:55];[INFO];[Gen Info]   Class CUTestSystem [Class]
[2024-08-06 13:07:55];[INFO];

[2024-08-06 13:07:55];[INFO];[Gen Info] Relation : ItsSwcUTest [composition]
[2024-08-06 13:07:55];[INFO];

[2024-08-06 13:07:55];[INFO];[Gen Info] Package : STM_ENGINE [DesignUnit]
[2024-08-06 13:07:55];[INFO];

[2024-08-06 13:07:55];[INFO];[Gen Info]   Language : STMBool
[2024-08-06 13:07:55];[INFO];

[2024-08-06 13:07:55];[INFO];[Gen Info]   Language : STMEvent
[2024-08-06 13:07:55];[INFO];

[2024-08-06 13:07:55];[INFO];[Gen Info]   Language : STMEvent_Ref
[2024-08-06 13:07:55];[INFO];

[2024-08-06 13:07:55];[INFO];[Gen Info]   Language : STMActionFct
[2024-08-06 13:07:55];[INFO];

[2024-08-06 13:07:55];[INFO];[Gen Info]   Enumeration : STMPredefinedEventID
[2024-08-06 13:07:55];[INFO];

[2024-08-06 13:07:55];[INFO];[Gen Info]   Language : STMGuardFct
[2024-08-06 13:07:55];[INFO];

[2024-08-06 13:07:55];[INFO];[Gen Info]   Structure : STMPathItem
[2024-08-06 13:07:55];[INFO];

[2024-08-06 13:07:55];[INFO];[Gen Info]   Language : STMTransitionActionFct
[2024-08-06 13:07:55];[INFO];

[2024-08-06 13:07:55];[INFO];[Gen Info]   Class STMStateVertex [Class]
[2024-08-06 13:07:55];[INFO];

[2024-08-06 13:07:55];[INFO];[Gen Info] Relation : Transitions [composition]
[2024-08-06 13:07:55];[INFO];

[2024-08-06 13:07:55];[INFO];[Gen Info]   Class STMTransition [Class]
[2024-08-06 13:07:55];[INFO];

[2024-08-06 13:07:55];[INFO];[Gen Info] Relation : Target [association]
[2024-08-06 13:07:55];[INFO];

[2024-08-06 13:07:55];[INFO];[Gen Info]   Import :STM_ENGINE
[2024-08-06 13:07:55];[INFO];

[2024-08-06 13:07:55];[INFO];[Gen Info]   Class STMState [Class]
[2024-08-06 13:07:55];[INFO];

[2024-08-06 13:07:55];[INFO];[Gen Info] Relation : Parent [association]
[2024-08-06 13:07:55];[INFO];

[2024-08-06 13:07:55];[INFO];[Gen Info]   Class STMCompositeState [Class]
[2024-08-06 13:07:55];[INFO];

[2024-08-06 13:07:55];[INFO];[Gen Info] Relation : EntryState [association]
[2024-08-06 13:07:55];[INFO];

[2024-08-06 13:07:55];[INFO];[Gen Info]   Class STMCompositeHistoryState [Class]
[2024-08-06 13:07:55];[INFO];

[2024-08-06 13:07:55];[INFO];[Gen Info]   Class STMAndState [Class]
[2024-08-06 13:07:55];[INFO];

[2024-08-06 13:07:55];[INFO];[Gen Info] Relation : Regions [composition]
[2024-08-06 13:07:55];[INFO];

[2024-08-06 13:07:55];[INFO];[Gen Info]   Class STMRegion [Class]
[2024-08-06 13:07:55];[INFO];

[2024-08-06 13:07:55];[INFO];[Gen Info] Relation : EntryState [association]
[2024-08-06 13:07:55];[INFO];

[2024-08-06 13:07:55];[INFO];[Gen Info]   Class STMConnector [Class]
[2024-08-06 13:07:55];[INFO];

[2024-08-06 13:07:55];[INFO];[Gen Info]   Class STMStateChart [Class]
[2024-08-06 13:07:55];[INFO];

[2024-08-06 13:07:55];[INFO];[Gen Info] Relation : StateTable [composition]
[2024-08-06 13:07:55];[INFO];

[2024-08-06 13:07:55];[INFO];[Gen Info]   Language : void *
[2024-08-06 13:07:55];[INFO];

[2024-08-06 13:07:55];[INFO];[Gen Info] Relation : RootRegion [association]
[2024-08-06 13:07:55];[INFO];

[2024-08-06 13:07:55];[INFO];[Gen Info]   Class STMPath [Class]
[2024-08-06 13:07:55];[INFO];

[2024-08-06 13:07:55];[INFO];[Gen Info] Package : A2T_TC_FWK_OBCINSTANCER [SharedPackage]
[2024-08-06 13:07:55];[INFO];

[2024-08-06 13:07:55];[INFO];[Gen Info] Package : A2T_OBC [DesignUnit]
[2024-08-06 13:07:55];[INFO];

[2024-08-06 13:07:55];[INFO];[Gen Info]   Import :A2T_TC_FWK_OBCINSTANCER
[2024-08-06 13:07:55];[INFO];

[2024-08-06 13:07:55];[INFO];[Gen Info]   Enumeration : A2TCallTrigger
[2024-08-06 13:07:55];[INFO];

[2024-08-06 13:07:55];[INFO];[Gen Info]   Enumeration : A2TClientMode
[2024-08-06 13:07:55];[INFO];

[2024-08-06 13:07:55];[INFO];[Gen Info]   Enumeration : A2TDataTrigger
[2024-08-06 13:07:55];[INFO];

[2024-08-06 13:07:55];[INFO];[Gen Info]   Enumeration : A2TEventTrigger
[2024-08-06 13:07:55];[INFO];

[2024-08-06 13:07:55];[INFO];[Gen Info]   Enumeration : A2TInvalidHandling
[2024-08-06 13:07:55];[INFO];

[2024-08-06 13:07:55];[INFO];[Gen Info]   Enumeration : A2TModeTrigger
[2024-08-06 13:07:55];[INFO];

[2024-08-06 13:07:55];[INFO];[Gen Info]   Enumeration : A2TBoolean
[2024-08-06 13:07:55];[INFO];

[2024-08-06 13:07:55];[INFO];[Gen Info]   Language : A2TDouble
[2024-08-06 13:07:55];[INFO];

[2024-08-06 13:07:55];[INFO];[Gen Info]   Language : A2TLong
[2024-08-06 13:07:55];[INFO];

[2024-08-06 13:07:55];[INFO];[Gen Info]   Language : A2TString
[2024-08-06 13:07:55];[INFO];

[2024-08-06 13:07:55];[INFO];[Gen Info]   Enumeration : A2TUniqueAllocatable
[2024-08-06 13:07:55];[INFO];

[2024-08-06 13:07:55];[INFO];[Gen Info]   Enumeration : A2TPortAccess
[2024-08-06 13:07:55];[INFO];

[2024-08-06 13:07:55];[INFO];[Gen Info] Package : Osal [Package]
[2024-08-06 13:07:55];[INFO];

[2024-08-06 13:07:55];[INFO];[Gen Info]   Import :Osal
[2024-08-06 13:07:55];[INFO];

[2024-08-06 13:07:55];[INFO];[Gen Info]   Class CObcExclusiveArea [Class]
[2024-08-06 13:07:55];[INFO];

[2024-08-06 13:07:55];[INFO];[Gen Info] Package : GatewayProjectFiles [Package]
[2024-08-06 13:07:55];[INFO];

[2024-08-06 13:07:55];[INFO];[Gen Info] --- Saving tranformed model ---
[2024-08-06 13:07:55];[INFO];

[2024-08-06 13:07:55];[INFO];[Gen Info] --- Preparing export model ---
[2024-08-06 13:07:55];[INFO];

[2024-08-06 13:07:55];[INFO];[Gen Info] Import E40_Platform.*
[2024-08-06 13:07:55];[INFO];

[2024-08-06 13:07:55];[INFO];[Gen Info] Import autoCreatedTypes.*
[2024-08-06 13:07:55];[INFO];

[2024-08-06 13:07:55];[INFO];[Gen Info] Import E40_Platform.*
[2024-08-06 13:07:55];[INFO];

[2024-08-06 13:07:55];[INFO];[Gen Info] Import E40_Platform.C_GlobalDesign.*
[2024-08-06 13:07:55];[INFO];

[2024-08-06 13:07:55];[INFO];[Gen Info] Import E40_Platform.C_GlobalDesign.SW_Classes.*
[2024-08-06 13:07:55];[INFO];

[2024-08-06 13:07:55];[INFO];[Gen Info] Import E40_Platform.C_GlobalDesign.SW_Classes.E40_Platform_System.*
[2024-08-06 13:07:55];[INFO];

[2024-08-06 13:07:55];[INFO];[Gen Info] Import A2T_TC.A2T_TC_FWK_OBCINSTANCER.A2T_OBC.*
[2024-08-06 13:07:55];[INFO];

[2024-08-06 13:07:55];[INFO];[Gen Info] Import E40_Platform.C_GlobalDesign.SW_Classes.BSW_PACKAGES.BSW_EcumExt.*
[2024-08-06 13:07:55];[INFO];

[2024-08-06 13:07:55];[INFO];[Gen Info] Import E40_Platform.C_GlobalDesign.SW_Classes.BSW_PACKAGES.BSW_EcuAppM.*
[2024-08-06 13:07:55];[INFO];

[2024-08-06 13:07:55];[INFO];[Gen Info] Import E40_Platform.C_GlobalDesign.SW_Classes.CDD_PACKAGES.BacklightCdd.*
[2024-08-06 13:07:55];[INFO];

[2024-08-06 13:07:55];[INFO];[Gen Info] Import E40_Platform.C_GlobalDesign.SW_Classes.BSW_PACKAGES.BSW_IOHWAB.*
[2024-08-06 13:07:55];[INFO];

[2024-08-06 13:07:55];[INFO];[Gen Info] Import A2T_TC.A2T_TC_FWK.A2T_SYS.*
[2024-08-06 13:07:55];[INFO];

[2024-08-06 13:07:55];[INFO];[Gen Info] Import E40_Platform.C_GlobalDesign.SW_Classes.CDD_PACKAGES.DisplayCdd.*
[2024-08-06 13:07:55];[INFO];

[2024-08-06 13:07:55];[INFO];[Gen Info] Import E40_Platform.C_GlobalDesign.SW_Classes.BSW_PACKAGES.BSW_TmExt.*
[2024-08-06 13:07:55];[INFO];

[2024-08-06 13:07:55];[INFO];[Gen Info] Import E40_Platform.C_GlobalDesign.SW_Classes.SWC_PACKAGES.SWC_APP_STUBS.SleepManager.*
[2024-08-06 13:07:55];[INFO];

[2024-08-06 13:07:55];[INFO];[Gen Info] Import E40_Platform.C_GlobalDesign.SW_Classes.BSW_PACKAGES.BSW_NvmExt.*
[2024-08-06 13:07:55];[INFO];

[2024-08-06 13:07:55];[INFO];[Gen Info] Import E40_Platform.C_GlobalDesign.SW_Classes.SWC_PACKAGES.MemAbstractMdl.*
[2024-08-06 13:07:55];[INFO];

[2024-08-06 13:07:55];[INFO];[Gen Info] Import E40_Platform.C_GlobalDesign.SW_Classes.CDD_PACKAGES.UclProxyCdd.*
[2024-08-06 13:07:55];[INFO];

[2024-08-06 13:07:55];[INFO];[Gen Info] Import E40_Platform.C_GlobalDesign.SW_Classes.SWC_PACKAGES.SWC_CORE.DmnMgr.*
[2024-08-06 13:07:55];[INFO];

[2024-08-06 13:07:55];[INFO];[Gen Info] Import E40_Platform.C_GlobalDesign.SW_Classes.CDD_PACKAGES.RTCCdd.*
[2024-08-06 13:07:55];[INFO];

[2024-08-06 13:07:55];[INFO];[Gen Info] Import E40_Platform.C_GlobalDesign.SW_Classes.CDD_PACKAGES.EcuPowerM.*
[2024-08-06 13:07:55];[INFO];

[2024-08-06 13:07:55];[INFO];[Gen Info] Import E40_Platform.C_GlobalDesign.SW_Classes.CDD_PACKAGES.BattMdl.*
[2024-08-06 13:07:55];[INFO];

[2024-08-06 13:07:55];[INFO];[Gen Info] Import E40_Platform.C_GlobalDesign.SW_Classes.CDD_PACKAGES.SndCdd.*
[2024-08-06 13:07:55];[INFO];

[2024-08-06 13:07:55];[INFO];[Gen Info] Import E40_Platform.C_GlobalDesign.SW_Classes.BSW_PACKAGES.BSW_DcmExt.*
[2024-08-06 13:07:55];[INFO];

[2024-08-06 13:07:55];[INFO];[Gen Info] Import E40_Platform.C_GlobalDesign.SW_Classes.BSW_PACKAGES.BSW_DemExt.*
[2024-08-06 13:07:55];[INFO];

[2024-08-06 13:07:55];[INFO];[Gen Info] Import E40_Platform.C_GlobalDesign.SW_Classes.BSW_PACKAGES.*
[2024-08-06 13:07:55];[INFO];

[2024-08-06 13:07:55];[INFO];[Gen Info] Import E40_Platform.C_GlobalDesign.SW_Classes.IF_PACKAGES.COMMON_IF_PACKAGES.BSW_IF_PACKAGES.*
[2024-08-06 13:07:56];[INFO];

[2024-08-06 13:07:56];[INFO];[Gen Info] Import E40_Platform.C_GlobalDesign.SW_Classes.IF_PACKAGES.COMMON_IF_PACKAGES.CDD_IF_PACKAGES.*
[2024-08-06 13:07:56];[INFO];

[2024-08-06 13:07:56];[INFO];[Gen Info] Import E40_Platform.C_GlobalDesign.SW_Classes.IF_PACKAGES.COMMON_IF_PACKAGES.SWC_IF_PACKAGES.*
[2024-08-06 13:07:56];[INFO];

[2024-08-06 13:07:56];[INFO];[Gen Info] Import E40_Platform.C_GlobalDesign.SW_Classes.BSW_PACKAGES.BSW_EcuAppM.P_BSW_EcuAppM.*
[2024-08-06 13:07:56];[INFO];

[2024-08-06 13:07:56];[INFO];[Gen Info] Import A2T_TC.A2T_TC_FWK.*
[2024-08-06 13:07:56];[INFO];

[2024-08-06 13:07:56];[INFO];[Gen Info] Import E40_Platform.C_GlobalDesign.SW_Classes.IF_PACKAGES.COMMON_IF_PACKAGES.*
[2024-08-06 13:07:56];[INFO];

[2024-08-06 13:07:56];[INFO];[Gen Info] Import E40_Platform.C_GlobalDesign.SW_Classes.BSW_PACKAGES.BSW_EcumExt.P_BSW_EcuMExt.*
[2024-08-06 13:07:56];[INFO];

[2024-08-06 13:07:56];[INFO];[Gen Info] Import E40_Platform.C_GlobalDesign.SW_Classes.CDD_PACKAGES.*
[2024-08-06 13:07:56];[INFO];

[2024-08-06 13:07:56];[INFO];[Gen Info] Import E40_Platform.C_GlobalDesign.SW_Classes.CDD_PACKAGES.BacklightCdd.P_Backlight_Cdd.*
[2024-08-06 13:07:56];[INFO];

[2024-08-06 13:07:56];[INFO];[Gen Info] Import E40_Platform.C_GlobalDesign.SW_Classes.BSW_PACKAGES.BSW_IOHWAB.P_SWC_IOHWAB.*
[2024-08-06 13:07:56];[INFO];

[2024-08-06 13:07:56];[INFO];[Gen Info] Import E40_Platform.C_GlobalDesign.SW_Classes.CDD_PACKAGES.DisplayCdd.P_Display_Cdd.*
[2024-08-06 13:07:56];[INFO];

[2024-08-06 13:07:56];[INFO];[Gen Info] Import E40_Platform.C_GlobalDesign.SW_Classes.BSW_PACKAGES.BSW_TmExt.P_BSW_TmExt.*
[2024-08-06 13:07:56];[INFO];

[2024-08-06 13:07:56];[INFO];[Gen Info] Import E40_Platform.C_GlobalDesign.SW_Classes.SWC_PACKAGES.SWC_APP_STUBS.*
[2024-08-06 13:07:56];[INFO];

[2024-08-06 13:07:56];[INFO];[Gen Info] Import E40_Platform.C_GlobalDesign.SW_Classes.SWC_PACKAGES.SWC_APP_STUBS.SleepManager.P_SleepManager.*
[2024-08-06 13:07:56];[INFO];

[2024-08-06 13:07:56];[INFO];[Gen Info] Import E40_Platform.C_GlobalDesign.SW_Classes.BSW_PACKAGES.BSW_NvmExt.P_SWC_NvmExt.*
[2024-08-06 13:07:56];[INFO];

[2024-08-06 13:07:56];[INFO];[Gen Info] Import E40_Platform.C_GlobalDesign.SW_Classes.SWC_PACKAGES.*
[2024-08-06 13:07:56];[INFO];

[2024-08-06 13:07:56];[INFO];[Gen Info] Import E40_Platform.C_GlobalDesign.SW_Classes.SWC_PACKAGES.MemAbstractMdl.P_SWC_MemAbstract.*
[2024-08-06 13:07:56];[INFO];

[2024-08-06 13:07:56];[INFO];[Gen Info] Import E40_Platform.C_GlobalDesign.SW_Classes.CDD_PACKAGES.UclProxyCdd.P_UCL_PROXY_CDD.*
[2024-08-06 13:07:56];[INFO];

[2024-08-06 13:07:56];[INFO];[Gen Info] Import E40_Platform.C_GlobalDesign.SW_Classes.SWC_PACKAGES.SWC_CORE.*
[2024-08-06 13:07:56];[INFO];

[2024-08-06 13:07:56];[INFO];[Gen Info] Import E40_Platform.C_GlobalDesign.SW_Classes.SWC_PACKAGES.SWC_CORE.DmnMgr.P_SWC_DmnMgr.*
[2024-08-06 13:07:56];[INFO];

[2024-08-06 13:07:56];[INFO];[Gen Info] Import E40_Platform.C_GlobalDesign.SW_Classes.CDD_PACKAGES.RTCCdd.P_RTC_Cdd.*
[2024-08-06 13:07:56];[INFO];

[2024-08-06 13:07:56];[INFO];[Gen Info] Import E40_Platform.C_GlobalDesign.SW_Classes.CDD_PACKAGES.BattMdl.P_BattMdl.*
[2024-08-06 13:07:56];[INFO];

[2024-08-06 13:07:56];[INFO];[Gen Info] Import E40_Platform.C_GlobalDesign.SW_Classes.CDD_PACKAGES.EcuPowerM.P_CDDEcuPowerM.*
[2024-08-06 13:07:56];[INFO];

[2024-08-06 13:07:56];[INFO];[Gen Info] Import E40_Platform.C_GlobalDesign.SW_Classes.CDD_PACKAGES.SndCdd.P_SndCdd.*
[2024-08-06 13:07:56];[INFO];

[2024-08-06 13:07:56];[INFO];[Gen Info] Import E40_Platform.C_GlobalDesign.SW_Classes.BSW_PACKAGES.BSW_DcmExt.P_SWC_DcmExt.*
[2024-08-06 13:07:56];[INFO];

[2024-08-06 13:07:56];[INFO];[Gen Info] Import E40_Platform.C_GlobalDesign.SW_Classes.BSW_PACKAGES.BSW_DemExt.P_SWC_DemExt.*
[2024-08-06 13:07:56];[INFO];

[2024-08-06 13:07:56];[INFO];[Gen Info] Import E40_Platform.C_GlobalDesign.SW_Classes.IF_PACKAGES.*
[2024-08-06 13:07:56];[INFO];

[2024-08-06 13:07:56];[INFO];[Gen Info] Import E40_Platform.C_GlobalDesign.SW_Classes.IF_PACKAGES.SPECIFIC_IF_PACKAGES.*
[2024-08-06 13:07:56];[INFO];

[2024-08-06 13:07:56];[INFO];[Gen Info] Import A2T_TC.*
[2024-08-06 13:07:56];[INFO];

[2024-08-06 13:07:56];[INFO];[Gen Info] Import A2T_TC.A2T_TC_FWK.A2T_TST.*
[2024-08-06 13:07:56];[INFO];

[2024-08-06 13:07:56];[INFO];[Gen Info] Import A2T_TC.A2T_TC_FWK.A2T_TST.TstReporter.*
[2024-08-06 13:07:56];[INFO];

[2024-08-06 13:07:56];[INFO];[Gen Info] Import A2T_TC.A2T_TC_FWK.A2T_TST.UnitaryTest.*
[2024-08-06 13:07:56];[INFO];

[2024-08-06 13:07:56];[INFO];[Gen Info] Import A2T_TC.A2T_TC_FWK.STM_ENGINE.*
[2024-08-06 13:07:56];[INFO];

[2024-08-06 13:07:56];[INFO];[Gen Info] Import A2T_TC.A2T_TC_FWK_OBCINSTANCER.*
[2024-08-06 13:07:56];[INFO];

[2024-08-06 13:07:56];[INFO];[Gen Info] Import A2T_TC.A2T_TC_FWK.A2T_SYS.Osal.*
[2024-08-06 13:07:56];[INFO];

[2024-08-06 13:07:56];[INFO];[Gen Info] Package autoCreatedTypes
[2024-08-06 13:07:56];[INFO];

[2024-08-06 13:07:56];[INFO];[Gen Info] Package A2T_Profile
[2024-08-06 13:07:56];[INFO];

[2024-08-06 13:07:56];[INFO];[Gen Info] Package JCI_Profile
[2024-08-06 13:07:56];[INFO];

[2024-08-06 13:07:56];[INFO];[Gen Info] Package visteon_dm_profile
[2024-08-06 13:07:56];[INFO];

[2024-08-06 13:07:56];[INFO];[Gen Info] Package CGCompatibilityPre901Cpp
[2024-08-06 13:07:56];[INFO];

[2024-08-06 13:07:56];[INFO];[Gen Info] Package E40_Platform
[2024-08-06 13:07:56];[INFO];

[2024-08-06 13:07:56];[INFO];[Gen Info] Package E40_Platform.C_GlobalDesign
[2024-08-06 13:07:56];[INFO];

[2024-08-06 13:07:56];[INFO];[Gen Info] Package E40_Platform.C_GlobalDesign.SW_Classes
[2024-08-06 13:07:56];[INFO];

[2024-08-06 13:07:56];[INFO];[Gen Info] Package E40_Platform.C_GlobalDesign.SW_Classes.E40_Platform_System
[2024-08-06 13:07:56];[INFO];

[2024-08-06 13:07:56];[INFO];[Gen Info] Package E40_Platform.C_GlobalDesign.SW_Classes.E40_Platform_System.E40_Platform_CMN_SYSTEM
[2024-08-06 13:07:56];[INFO];

[2024-08-06 13:07:56];[INFO];[Gen Info] Package E40_Platform.C_GlobalDesign.SW_Classes.BSW_PACKAGES.BSW_EcuAppM
[2024-08-06 13:07:56];[INFO];

[2024-08-06 13:07:56];[INFO];[Gen Info] Package E40_Platform.C_GlobalDesign.SW_Classes.BSW_PACKAGES.BSW_EcuAppM.P_BSW_EcuAppM
[2024-08-06 13:07:56];[INFO];

[2024-08-06 13:07:56];[INFO];[Gen Info] Package A2T_TC.A2T_TC_FWK.A2T_SYS
[2024-08-06 13:07:56];[INFO];

[2024-08-06 13:07:56];[INFO];[Gen Info] Package A2T_TC.A2T_TC_FWK.A2T_SYS.Libs
[2024-08-06 13:07:56];[INFO];

[2024-08-06 13:07:56];[INFO];[Gen Info] Package A2T_TC.A2T_TC_FWK.A2T_SYS.Osal
[2024-08-06 13:07:56];[INFO];

[2024-08-06 13:07:56];[INFO];[Gen Info] Package E40_Platform.C_GlobalDesign.SW_Classes.IF_PACKAGES.COMMON_IF_PACKAGES.BSW_IF_PACKAGES
[2024-08-06 13:07:56];[INFO];

[2024-08-06 13:07:56];[INFO];[Gen Info] Package E40_Platform.C_GlobalDesign.SW_Classes.IF_PACKAGES.COMMON_IF_PACKAGES.CDD_IF_PACKAGES
[2024-08-06 13:07:56];[INFO];

[2024-08-06 13:07:56];[INFO];[Gen Info] Package E40_Platform.C_GlobalDesign.SW_Classes.BSW_PACKAGES.BSW_EcumExt
[2024-08-06 13:07:56];[INFO];

[2024-08-06 13:07:56];[INFO];[Gen Info] Package E40_Platform.C_GlobalDesign.SW_Classes.BSW_PACKAGES.BSW_EcumExt.P_BSW_EcuMExt
[2024-08-06 13:07:56];[INFO];

[2024-08-06 13:07:56];[INFO];[Gen Info] Package E40_Platform.C_GlobalDesign.SW_Classes.CDD_PACKAGES.BacklightCdd
[2024-08-06 13:07:56];[INFO];

[2024-08-06 13:07:56];[INFO];[Gen Info] Package E40_Platform.C_GlobalDesign.SW_Classes.CDD_PACKAGES.BacklightCdd.P_Backlight_Cdd
[2024-08-06 13:07:56];[INFO];

[2024-08-06 13:07:56];[INFO];[Gen Info] Package E40_Platform.C_GlobalDesign.SW_Classes.BSW_PACKAGES.BSW_IOHWAB
[2024-08-06 13:07:56];[INFO];

[2024-08-06 13:07:56];[INFO];[Gen Info] Package E40_Platform.C_GlobalDesign.SW_Classes.BSW_PACKAGES.BSW_IOHWAB.P_SWC_IOHWAB
[2024-08-06 13:07:56];[INFO];

[2024-08-06 13:07:56];[INFO];[Gen Info] Package E40_Platform.C_GlobalDesign.SW_Classes.CDD_PACKAGES.DisplayCdd
[2024-08-06 13:07:56];[INFO];

[2024-08-06 13:07:56];[INFO];[Gen Info] Package E40_Platform.C_GlobalDesign.SW_Classes.CDD_PACKAGES.DisplayCdd.P_Display_Cdd
[2024-08-06 13:07:56];[INFO];

[2024-08-06 13:07:56];[INFO];[Gen Info] Package E40_Platform.C_GlobalDesign.SW_Classes.BSW_PACKAGES.BSW_TmExt
[2024-08-06 13:07:56];[INFO];

[2024-08-06 13:07:56];[INFO];[Gen Info] Package E40_Platform.C_GlobalDesign.SW_Classes.BSW_PACKAGES.BSW_TmExt.P_BSW_TmExt
[2024-08-06 13:07:56];[INFO];

[2024-08-06 13:07:56];[INFO];[Gen Info] Package E40_Platform.C_GlobalDesign.SW_Classes.SWC_PACKAGES.SWC_APP_STUBS.SleepManager
[2024-08-06 13:07:56];[INFO];

[2024-08-06 13:07:56];[INFO];[Gen Info] Package E40_Platform.C_GlobalDesign.SW_Classes.SWC_PACKAGES.SWC_APP_STUBS.SleepManager.P_SleepManager
[2024-08-06 13:07:56];[INFO];

[2024-08-06 13:07:56];[INFO];[Gen Info] Package E40_Platform.C_GlobalDesign.SW_Classes.BSW_PACKAGES.BSW_NvmExt
[2024-08-06 13:07:56];[INFO];

[2024-08-06 13:07:56];[INFO];[Gen Info] Package E40_Platform.C_GlobalDesign.SW_Classes.BSW_PACKAGES.BSW_NvmExt.P_SWC_NvmExt
[2024-08-06 13:07:56];[INFO];

[2024-08-06 13:07:56];[INFO];[Gen Info] Package E40_Platform.C_GlobalDesign.SW_Classes.SWC_PACKAGES.MemAbstractMdl
[2024-08-06 13:07:56];[INFO];

[2024-08-06 13:07:56];[INFO];[Gen Info] Package E40_Platform.C_GlobalDesign.SW_Classes.SWC_PACKAGES.MemAbstractMdl.P_SWC_MemAbstract
[2024-08-06 13:07:56];[INFO];

[2024-08-06 13:07:56];[INFO];[Gen Info] Package E40_Platform.C_GlobalDesign.SW_Classes.CDD_PACKAGES.UclProxyCdd
[2024-08-06 13:07:56];[INFO];

[2024-08-06 13:07:56];[INFO];[Gen Info] Package E40_Platform.C_GlobalDesign.SW_Classes.CDD_PACKAGES.UclProxyCdd.P_UCL_PROXY_CDD
[2024-08-06 13:07:56];[INFO];

[2024-08-06 13:07:56];[INFO];[Gen Info] Package E40_Platform.C_GlobalDesign.SW_Classes.SWC_PACKAGES.SWC_CORE.DmnMgr
[2024-08-06 13:07:56];[INFO];

[2024-08-06 13:07:56];[INFO];[Gen Info] Package E40_Platform.C_GlobalDesign.SW_Classes.SWC_PACKAGES.SWC_CORE.DmnMgr.P_SWC_DmnMgr
[2024-08-06 13:07:56];[INFO];

[2024-08-06 13:07:56];[INFO];[Gen Info] Package E40_Platform.C_GlobalDesign.SW_Classes.CDD_PACKAGES.RTCCdd
[2024-08-06 13:07:56];[INFO];

[2024-08-06 13:07:56];[INFO];[Gen Info] Package E40_Platform.C_GlobalDesign.SW_Classes.CDD_PACKAGES.RTCCdd.P_RTC_Cdd
[2024-08-06 13:07:56];[INFO];

[2024-08-06 13:07:56];[INFO];[Gen Info] Package E40_Platform.C_GlobalDesign.SW_Classes.CDD_PACKAGES.BattMdl
[2024-08-06 13:07:56];[INFO];

[2024-08-06 13:07:56];[INFO];[Gen Info] Package E40_Platform.C_GlobalDesign.SW_Classes.CDD_PACKAGES.BattMdl.P_BattMdl
[2024-08-06 13:07:56];[INFO];

[2024-08-06 13:07:56];[INFO];[Gen Info] Package E40_Platform.C_GlobalDesign.SW_Classes.CDD_PACKAGES.EcuPowerM
[2024-08-06 13:07:56];[INFO];

[2024-08-06 13:07:56];[INFO];[Gen Info] Package E40_Platform.C_GlobalDesign.SW_Classes.CDD_PACKAGES.EcuPowerM.P_CDDEcuPowerM
[2024-08-06 13:07:56];[INFO];

[2024-08-06 13:07:56];[INFO];[Gen Info] Package E40_Platform.C_GlobalDesign.SW_Classes.CDD_PACKAGES.SndCdd
[2024-08-06 13:07:56];[INFO];

[2024-08-06 13:07:56];[INFO];[Gen Info] Package E40_Platform.C_GlobalDesign.SW_Classes.CDD_PACKAGES.SndCdd.P_SndCdd
[2024-08-06 13:07:56];[INFO];

[2024-08-06 13:07:56];[INFO];[Gen Info] Package E40_Platform.C_GlobalDesign.SW_Classes.BSW_PACKAGES.BSW_DcmExt
[2024-08-06 13:07:56];[INFO];

[2024-08-06 13:07:56];[INFO];[Gen Info] Package E40_Platform.C_GlobalDesign.SW_Classes.BSW_PACKAGES.BSW_DcmExt.P_SWC_DcmExt
[2024-08-06 13:07:56];[INFO];

[2024-08-06 13:07:56];[INFO];[Gen Info] Package E40_Platform.C_GlobalDesign.SW_Classes.BSW_PACKAGES.BSW_DemExt
[2024-08-06 13:07:56];[INFO];

[2024-08-06 13:07:56];[INFO];[Gen Info] Package E40_Platform.C_GlobalDesign.SW_Classes.BSW_PACKAGES.BSW_DemExt.P_SWC_DemExt
[2024-08-06 13:07:56];[INFO];

[2024-08-06 13:07:56];[INFO];[Gen Info] Package E40_Platform.C_GlobalDesign.SW_Classes.CDD_PACKAGES
[2024-08-06 13:07:56];[INFO];

[2024-08-06 13:07:56];[INFO];[Gen Info] Package E40_Platform.C_GlobalDesign.SW_Classes.IF_PACKAGES
[2024-08-06 13:07:56];[INFO];

[2024-08-06 13:07:56];[INFO];[Gen Info] Package E40_Platform.C_GlobalDesign.SW_Classes.IF_PACKAGES.COMMON_IF_PACKAGES
[2024-08-06 13:07:56];[INFO];

[2024-08-06 13:07:56];[INFO];[Gen Info] Package E40_Platform.C_GlobalDesign.SW_Classes.IF_PACKAGES.COMMON_IF_PACKAGES.SWC_IF_PACKAGES
[2024-08-06 13:07:56];[INFO];

[2024-08-06 13:07:56];[INFO];[Gen Info] Package E40_Platform.C_GlobalDesign.SW_Classes.IF_PACKAGES.SPECIFIC_IF_PACKAGES
[2024-08-06 13:07:56];[INFO];

[2024-08-06 13:07:56];[INFO];[Gen Info] Package E40_Platform.C_GlobalDesign.SW_Classes.IF_PACKAGES.SPECIFIC_IF_PACKAGES.BSW_IF_PACKAGES
[2024-08-06 13:07:56];[INFO];

[2024-08-06 13:07:56];[INFO];[Gen Info] Package E40_Platform.C_GlobalDesign.SW_Classes.IF_PACKAGES.SPECIFIC_IF_PACKAGES.CDD_IF_PACKAGES
[2024-08-06 13:07:56];[INFO];

[2024-08-06 13:07:56];[INFO];[Gen Info] Package E40_Platform.C_GlobalDesign.SW_Classes.SWC_PACKAGES
[2024-08-06 13:07:56];[INFO];

[2024-08-06 13:07:56];[INFO];[Gen Info] Package E40_Platform.C_GlobalDesign.SW_Classes.SWC_PACKAGES.SWC_CORE
[2024-08-06 13:07:56];[INFO];

[2024-08-06 13:07:56];[INFO];[Gen Info] Package E40_Platform.C_GlobalDesign.SW_Classes.SWC_PACKAGES.SWC_CORE.DmnMgr_LLR
[2024-08-06 13:07:56];[INFO];

[2024-08-06 13:07:56];[INFO];[Gen Info] Package E40_Platform.C_GlobalDesign.SW_Classes.SWC_PACKAGES.SWC_APPS
[2024-08-06 13:07:56];[INFO];

[2024-08-06 13:07:56];[INFO];[Gen Info] Package E40_Platform.C_GlobalDesign.SW_Classes.SWC_PACKAGES.SWC_APP_STUBS
[2024-08-06 13:07:56];[INFO];

[2024-08-06 13:07:56];[INFO];[Gen Info] Package E40_Platform.C_GlobalDesign.SW_Classes.BSW_PACKAGES
[2024-08-06 13:07:56];[INFO];

[2024-08-06 13:07:56];[INFO];[Gen Info] Package E40_Platform.C_GlobalDesign.SW_Classes.BSW_PACKAGES.BSW_EcuAppM_LLR
[2024-08-06 13:07:56];[INFO];

[2024-08-06 13:07:56];[INFO];[Gen Info] Package A2T_TC
[2024-08-06 13:07:56];[INFO];

[2024-08-06 13:07:56];[INFO];[Gen Info] Package A2T_TC.A2T_TC_BLD
[2024-08-06 13:07:56];[INFO];

[2024-08-06 13:07:56];[INFO];[Gen Info] Package A2T_TC.A2T_TC_FWK
[2024-08-06 13:07:56];[INFO];

[2024-08-06 13:07:56];[INFO];[Gen Info] Package A2T_TC.A2T_TC_FWK.A2T_TST
[2024-08-06 13:07:56];[INFO];

[2024-08-06 13:07:56];[INFO];[Gen Info] Package A2T_TC.A2T_TC_FWK.A2T_TST.TstReporter
[2024-08-06 13:07:56];[INFO];

[2024-08-06 13:07:56];[INFO];[Gen Info] Package A2T_TC.A2T_TC_FWK.A2T_TST.TstReporter.TstBasicConsoleReporter
[2024-08-06 13:07:56];[INFO];

[2024-08-06 13:07:56];[INFO];[Gen Info] Package A2T_TC.A2T_TC_FWK.A2T_TST.TstReporter.TstStdlib
[2024-08-06 13:07:56];[INFO];

[2024-08-06 13:07:56];[INFO];[Gen Info] Package A2T_TC.A2T_TC_FWK.A2T_TST.UnitaryTest
[2024-08-06 13:07:56];[INFO];

[2024-08-06 13:07:56];[INFO];[Gen Info] Package A2T_TC.A2T_TC_FWK.A2T_TST.UnitaryTest.SwcUTestD
[2024-08-06 13:07:56];[INFO];

[2024-08-06 13:07:56];[INFO];[Gen Info] Package A2T_TC.A2T_TC_FWK.STM_ENGINE
[2024-08-06 13:07:56];[INFO];

[2024-08-06 13:07:56];[INFO];[Gen Info] Package A2T_TC.A2T_TC_FWK_OBCINSTANCER
[2024-08-06 13:07:56];[INFO];

[2024-08-06 13:07:56];[INFO];[Gen Info] Package A2T_TC.A2T_TC_FWK_OBCINSTANCER.A2T_OBC
[2024-08-06 13:07:56];[INFO];

[2024-08-06 13:07:56];[INFO];[Gen Info] Package A2T_TC.A2T_TC_FWK_OBCINSTANCER.A2T_OBC.Osal
[2024-08-06 13:07:56];[INFO];

[2024-08-06 13:07:56];[INFO];[Gen Info] Package GatewayProjectFiles
[2024-08-06 13:07:56];[INFO];

[2024-08-06 13:07:56];[INFO];[Gen Info] Saving E40_Platform_CM.xmi
[2024-08-06 13:07:56];[INFO];

[2024-08-06 13:07:57];[INFO];[Gen Info] Saving E40_Platform_Complete.inerclass
[2024-08-06 13:07:57];[INFO];

[2024-08-06 13:08:02];[INFO];[Gen Info] ===================================================================
[2024-08-06 13:08:02];[INFO];

[2024-08-06 13:08:02];[INFO];[Gen Info]        Statistics
[2024-08-06 13:08:02];[INFO];

[2024-08-06 13:08:02];[INFO];[Gen Info] -------------------------------------------------------------------
[2024-08-06 13:08:02];[INFO];

[2024-08-06 13:08:02];[INFO];[Gen Info]  Imports                : 77
[2024-08-06 13:08:02];[INFO];

[2024-08-06 13:08:02];[INFO];[Gen Info]  Packages               : 77
[2024-08-06 13:08:02];[INFO];

[2024-08-06 13:08:02];[INFO];[Gen Info]  Types                  : 379
[2024-08-06 13:08:02];[INFO];

[2024-08-06 13:08:02];[INFO];[Gen Info]  Classes                : 44
[2024-08-06 13:08:02];[INFO];

[2024-08-06 13:08:02];[INFO];[Gen Info]  Allocatables           : 19
[2024-08-06 13:08:02];[INFO];

[2024-08-06 13:08:02];[INFO];[Gen Info]  Interfaces             : 5
[2024-08-06 13:08:02];[INFO];

[2024-08-06 13:08:02];[INFO];[Gen Info]  TInterfaces            : 94
[2024-08-06 13:08:02];[INFO];

[2024-08-06 13:08:02];[INFO];[Gen Info]  TInterface modes       : 0
[2024-08-06 13:08:02];[INFO];

[2024-08-06 13:08:02];[INFO];[Gen Info]  TInterface events      : 14
[2024-08-06 13:08:02];[INFO];

[2024-08-06 13:08:02];[INFO];[Gen Info]  TInterfaces calls      : 237
[2024-08-06 13:08:02];[INFO];

[2024-08-06 13:08:02];[INFO];[Gen Info]  Attributes             : 612
[2024-08-06 13:08:02];[INFO];

[2024-08-06 13:08:02];[INFO];[Gen Info]  Relations              : 48
[2024-08-06 13:08:02];[INFO];

[2024-08-06 13:08:02];[INFO];[Gen Info]  Ports                  : 136
[2024-08-06 13:08:02];[INFO];

[2024-08-06 13:08:02];[INFO];[Gen Info]  Runnables              : 333
[2024-08-06 13:08:02];[INFO];

[2024-08-06 13:08:02];[INFO];[Gen Info]  Triggers               : 270
[2024-08-06 13:08:02];[INFO];

[2024-08-06 13:08:02];[INFO];[Gen Info] ===================================================================
[2024-08-06 13:08:02];[INFO];

[2024-08-06 13:08:02];[INFO];[Gen Info] Splitting E40_Platform_Complete.inerclass into files
[2024-08-06 13:08:02];[INFO];

[2024-08-06 13:08:02];[INFO];[Gen Info] Saving E40_Platform_out/C_GlobalDesign/SW_Classes/E40_Platform_System/E40_Platform_System.inerclass
[2024-08-06 13:08:02];[INFO];

[2024-08-06 13:08:02];[INFO];[Gen Info] Saving E40_Platform_out/C_GlobalDesign/SW_Classes/CDD_PACKAGES/BacklightCdd/BacklightCdd.inerclass
[2024-08-06 13:08:02];[INFO];

[2024-08-06 13:08:02];[INFO];[Gen Info] Saving E40_Platform_out/C_GlobalDesign/SW_Classes/CDD_PACKAGES/DisplayCdd/DisplayCdd.inerclass
[2024-08-06 13:08:02];[INFO];

[2024-08-06 13:08:02];[INFO];[Gen Info] Saving E40_Platform_out/C_GlobalDesign/SW_Classes/CDD_PACKAGES/UclProxyCdd/UclProxyCdd.inerclass
[2024-08-06 13:08:02];[INFO];

[2024-08-06 13:08:02];[INFO];[Gen Info] Saving E40_Platform_out/C_GlobalDesign/SW_Classes/CDD_PACKAGES/RTCCdd/RTCCdd.inerclass
[2024-08-06 13:08:02];[INFO];

[2024-08-06 13:08:02];[INFO];[Gen Info] Saving E40_Platform_out/C_GlobalDesign/SW_Classes/CDD_PACKAGES/BattMdl/BattMdl.inerclass
[2024-08-06 13:08:02];[INFO];

[2024-08-06 13:08:02];[INFO];[Gen Info] Saving E40_Platform_out/C_GlobalDesign/SW_Classes/CDD_PACKAGES/EcuPowerM/EcuPowerM.inerclass
[2024-08-06 13:08:02];[INFO];

[2024-08-06 13:08:02];[INFO];[Gen Info] Saving E40_Platform_out/C_GlobalDesign/SW_Classes/CDD_PACKAGES/SndCdd/SndCdd.inerclass
[2024-08-06 13:08:02];[INFO];

[2024-08-06 13:08:02];[INFO];[Gen Info] Saving E40_Platform_out/C_GlobalDesign/SW_Classes/IF_PACKAGES/COMMON_IF_PACKAGES/CDD_IF_PACKAGES/CDD_IF_PACKAGES.inerclass
[2024-08-06 13:08:02];[INFO];

[2024-08-06 13:08:02];[INFO];[Gen Info] Saving E40_Platform_out/C_GlobalDesign/SW_Classes/IF_PACKAGES/COMMON_IF_PACKAGES/BSW_IF_PACKAGES/BSW_IF_PACKAGES.inerclass
[2024-08-06 13:08:02];[INFO];

[2024-08-06 13:08:02];[INFO];[Gen Info] Saving E40_Platform_out/C_GlobalDesign/SW_Classes/IF_PACKAGES/COMMON_IF_PACKAGES/SWC_IF_PACKAGES/SWC_IF_PACKAGES.inerclass
[2024-08-06 13:08:02];[INFO];

[2024-08-06 13:08:02];[INFO];[Gen Info] Saving E40_Platform_out/C_GlobalDesign/SW_Classes/SWC_PACKAGES/SWC_CORE/DmnMgr/DmnMgr.inerclass
[2024-08-06 13:08:02];[INFO];

[2024-08-06 13:08:02];[INFO];[Gen Info] Saving E40_Platform_out/C_GlobalDesign/SW_Classes/SWC_PACKAGES/SWC_CORE/DmnMgr_LLR/DmnMgr_LLR.inerclass
[2024-08-06 13:08:02];[INFO];

[2024-08-06 13:08:02];[INFO];[Gen Info] Saving E40_Platform_out/C_GlobalDesign/SW_Classes/SWC_PACKAGES/SWC_APP_STUBS/SleepManager/SleepManager.inerclass
[2024-08-06 13:08:02];[INFO];

[2024-08-06 13:08:02];[INFO];[Gen Info] Saving E40_Platform_out/C_GlobalDesign/SW_Classes/SWC_PACKAGES/MemAbstractMdl/MemAbstractMdl.inerclass
[2024-08-06 13:08:02];[INFO];

[2024-08-06 13:08:02];[INFO];[Gen Info] Saving E40_Platform_out/C_GlobalDesign/SW_Classes/BSW_PACKAGES/BSW_EcumExt/BSW_EcumExt.inerclass
[2024-08-06 13:08:02];[INFO];

[2024-08-06 13:08:02];[INFO];[Gen Info] Saving E40_Platform_out/C_GlobalDesign/SW_Classes/BSW_PACKAGES/BSW_EcuAppM/BSW_EcuAppM.inerclass
[2024-08-06 13:08:02];[INFO];

[2024-08-06 13:08:02];[INFO];[Gen Info] Saving E40_Platform_out/C_GlobalDesign/SW_Classes/BSW_PACKAGES/BSW_IOHWAB/BSW_IOHWAB.inerclass
[2024-08-06 13:08:02];[INFO];

[2024-08-06 13:08:02];[INFO];[Gen Info] Saving E40_Platform_out/C_GlobalDesign/SW_Classes/BSW_PACKAGES/BSW_TmExt/BSW_TmExt.inerclass
[2024-08-06 13:08:02];[INFO];

[2024-08-06 13:08:02];[INFO];[Gen Info] Saving E40_Platform_out/C_GlobalDesign/SW_Classes/BSW_PACKAGES/BSW_NvmExt/BSW_NvmExt.inerclass
[2024-08-06 13:08:02];[INFO];

[2024-08-06 13:08:02];[INFO];[Gen Info] Saving E40_Platform_out/C_GlobalDesign/SW_Classes/BSW_PACKAGES/BSW_EcuAppM_LLR/BSW_EcuAppM_LLR.inerclass
[2024-08-06 13:08:02];[INFO];

[2024-08-06 13:08:02];[INFO];[Gen Info] Saving E40_Platform_out/C_GlobalDesign/SW_Classes/BSW_PACKAGES/BSW_DcmExt/BSW_DcmExt.inerclass
[2024-08-06 13:08:02];[INFO];

[2024-08-06 13:08:02];[INFO];[Gen Info] Saving E40_Platform_out/C_GlobalDesign/SW_Classes/BSW_PACKAGES/BSW_DemExt/BSW_DemExt.inerclass
[2024-08-06 13:08:02];[INFO];

[2024-08-06 13:08:02];[INFO];[Gen Info] No change in file A2T_TC_out/A2T_TC_FWK/A2T_TST/A2T_TST.inerclass
[2024-08-06 13:08:02];[INFO];

[2024-08-06 13:08:02];[INFO];[Gen Info] No change in file A2T_TC_out/A2T_TC_FWK/STM_ENGINE/STM_ENGINE.inerclass
[2024-08-06 13:08:02];[INFO];

[2024-08-06 13:08:02];[INFO];[Gen Info] No change in file A2T_TC_out/A2T_TC_FWK/A2T_SYS/A2T_SYS.inerclass
[2024-08-06 13:08:02];[INFO];

[2024-08-06 13:08:02];[INFO];[Gen Info] No change in file A2T_TC_out/A2T_TC_FWK_OBCINSTANCER/A2T_OBC/A2T_OBC.inerclass
[2024-08-06 13:08:02];[INFO];

[2024-08-06 13:08:02];[INFO];[Gen Info] Saving E40_Platform_out/E40_Platform.inerclass
[2024-08-06 13:08:02];[INFO];

[2024-08-06 13:08:02];[INFO];[Gen Info] --- Done ---
[2024-08-06 13:08:02];[INFO];

[2024-08-06 13:08:02];[INFO];[Gen Info] Export completed: Tue Aug 06 13:08:02 IST 2024 (20.281s since start)
[2024-08-06 13:08:02];[INFO];

[2024-08-06 13:08:02];[INFO];[Gen Info] 0 error(s) and 0 warning(s).
[2024-08-06 13:08:02];[INFO];

[2024-08-06 13:08:02];[INFO];Done.
