/* Automatically generated, do no edit */
#include <compiler.h>
#include <stdint.h>
const uint8_t ldelf_data[32768] __aligned(4096) = {
	0xe4, 0x02, 0x00, 0x10, 0xc5, 0x02, 0x00, 0x18,
	0xc6, 0x02, 0x00, 0x18, 0xa5, 0x00, 0x04, 0x8b,
	0xc6, 0x00, 0x04, 0x8b, 0xbf, 0x00, 0x06, 0xeb,
	0x80, 0x01, 0x00, 0x54, 0x24, 0xff, 0xff, 0x10,
	0xa7, 0x20, 0xc1, 0xa8, 0xa9, 0x84, 0x40, 0xf8,
	0x08, 0x7d, 0x40, 0x92, 0x1f, 0x0d, 0x10, 0xf1,
	0x21, 0x01, 0x00, 0x54, 0xe7, 0x00, 0x04, 0x8b,
	0x29, 0x01, 0x04, 0x8b, 0xe9, 0x00, 0x00, 0xf9,
	0xbf, 0x00, 0x06, 0xeb, 0xe3, 0xfe, 0xff, 0x54,
	0xf9, 0x00, 0x00, 0x94, 0x00, 0x00, 0x80, 0xd2,
	0x41, 0x00, 0x00, 0x94, 0x00, 0x00, 0x80, 0xd2,
	0x3c, 0x00, 0x00, 0x94, 0xa4, 0x7a, 0x00, 0x00,
	0x48, 0x7b, 0x00, 0x00, 0x00, 0x00, 0x00, 0x00,
	0x00, 0x00, 0x00, 0x00, 0x00, 0x00, 0x00, 0x00,
	0xe5, 0x03, 0x00, 0xaa, 0x5f, 0x7c, 0x00, 0xf1,
	0xc9, 0x04, 0x00, 0x54, 0x06, 0x00, 0x01, 0xaa,
	0xc6, 0x08, 0x40, 0xf2, 0xa1, 0x05, 0x00, 0x54,
	0x48, 0x80, 0x00, 0xd1, 0xe4, 0x03, 0x01, 0xaa,
	0x08, 0xe9, 0x7b, 0x92, 0xe3, 0x03, 0x00, 0xaa,
	0x08, 0x81, 0x00, 0x91, 0x05, 0x00, 0x08, 0x8b,
	0x87, 0x00, 0x40, 0xf9, 0x67, 0x00, 0x00, 0xf9,
	0x84, 0x80, 0x00, 0x91, 0x63, 0x80, 0x00, 0x91,
	0x87, 0x80, 0x5e, 0xf8, 0x67, 0x80, 0x1e, 0xf8,
	0x87, 0x00, 0x5f, 0xf8, 0x67, 0x00, 0x1f, 0xf8,
	0x87, 0x80, 0x5f, 0xf8, 0x67, 0x80, 0x1f, 0xf8,
	0x7f, 0x00, 0x05, 0xeb, 0xa1, 0xfe, 0xff, 0x54,
	0x21, 0x00, 0x08, 0x8b, 0x43, 0x10, 0x40, 0x92,
	0x5f, 0x04, 0x7d, 0xf2, 0x20, 0x03, 0x00, 0x54,
	0x63, 0x20, 0x00, 0xd1, 0x64, 0xfc, 0x43, 0xd3,
	0x88, 0x04, 0x00, 0x91, 0x27, 0x78, 0x66, 0xf8,
	0xa7, 0x78, 0x26, 0xf8, 0xdf, 0x00, 0x04, 0xeb,
	0xc6, 0x04, 0x00, 0x91, 0x81, 0xff, 0xff, 0x54,
	0x03, 0xf1, 0x7d, 0xd3, 0x42, 0x08, 0x40, 0x92,
	0xa5, 0x00, 0x03, 0x8b, 0x21, 0x00, 0x03, 0x8b,
	0x46, 0x04, 0x00, 0xd1, 0x02, 0x01, 0x00, 0xb4,
	0x02, 0x00, 0x80, 0xd2, 0x1f, 0x20, 0x03, 0xd5,
	0x24, 0x68, 0x62, 0x38, 0xdf, 0x00, 0x02, 0xeb,
	0xa4, 0x68, 0x22, 0x38, 0x42, 0x04, 0x00, 0x91,
	0x81, 0xff, 0xff, 0x54, 0xc0, 0x03, 0x5f, 0xd6,
	0x46, 0x04, 0x00, 0xd1, 0xf7, 0xff, 0xff, 0x17,
	0xe2, 0x03, 0x03, 0xaa, 0xf3, 0xff, 0xff, 0x17,
	0xfd, 0x7b, 0xbf, 0xa9, 0xe1, 0x03, 0x00, 0x91,
	0x07, 0x00, 0x00, 0x94, 0x08, 0x00, 0x80, 0xd2,
	0x01, 0x00, 0x00, 0xd4, 0xc0, 0x03, 0x5f, 0xd6,
	0x28, 0x00, 0x80, 0xd2, 0x01, 0x00, 0x00, 0xd4,
	0xc0, 0x03, 0x5f, 0xd6, 0x48, 0x00, 0x80, 0xd2,
	0x01, 0x00, 0x00, 0xd4, 0xc0, 0x03, 0x5f, 0xd6,
	0x68, 0x00, 0x80, 0xd2, 0x01, 0x00, 0x00, 0xd4,
	0xc0, 0x03, 0x5f, 0xd6, 0x88, 0x00, 0x80, 0xd2,
	0x01, 0x00, 0x00, 0xd4, 0xc0, 0x03, 0x5f, 0xd6,
	0xa8, 0x00, 0x80, 0xd2, 0x01, 0x00, 0x00, 0xd4,
	0xc0, 0x03, 0x5f, 0xd6, 0xc8, 0x00, 0x80, 0xd2,
	0x01, 0x00, 0x00, 0xd4, 0xc0, 0x03, 0x5f, 0xd6,
	0xe8, 0x00, 0x80, 0xd2, 0x01, 0x00, 0x00, 0xd4,
	0xc0, 0x03, 0x5f, 0xd6, 0x08, 0x01, 0x80, 0xd2,
	0x01, 0x00, 0x00, 0xd4, 0xc0, 0x03, 0x5f, 0xd6,
	0x28, 0x01, 0x80, 0xd2, 0x01, 0x00, 0x00, 0xd4,
	0xc0, 0x03, 0x5f, 0xd6, 0x48, 0x01, 0x80, 0xd2,
	0x01, 0x00, 0x00, 0xd4, 0xc0, 0x03, 0x5f, 0xd6,
	0x68, 0x01, 0x80, 0xd2, 0x01, 0x00, 0x00, 0xd4,
	0xc0, 0x03, 0x5f, 0xd6, 0x00, 0x04, 0x40, 0xf9,
	0xc0, 0x03, 0x5f, 0xd6, 0xfd, 0x7b, 0xbd, 0xa9,
	0x41, 0x20, 0x82, 0x52, 0xfd, 0x03, 0x00, 0x91,
	0x02, 0x18, 0x40, 0xb9, 0xf3, 0x0b, 0x00, 0xf9,
	0xff, 0x7f, 0x02, 0xa9, 0x5f, 0x00, 0x01, 0x6b,
	0x61, 0x01, 0x00, 0x54, 0x13, 0x20, 0x00, 0x91,
	0xe1, 0x83, 0x00, 0x91, 0xe0, 0x03, 0x13, 0xaa,
	0x02, 0x02, 0x80, 0xd2, 0x98, 0x15, 0x00, 0x94,
	0x20, 0x01, 0x00, 0x34, 0xe0, 0x03, 0x13, 0xaa,
	0xf3, 0x0b, 0x40, 0xf9, 0xfd, 0x7b, 0xc3, 0xa8,
	0x4f, 0x0c, 0x00, 0x14, 0x20, 0xff, 0x9f, 0x12,
	0xf3, 0x0b, 0x40, 0xf9, 0xfd, 0x7b, 0xc3, 0xa8,
	0xc0, 0x03, 0x5f, 0xd6, 0x00, 0x00, 0x80, 0x52,
	0xfc, 0xff, 0xff, 0x17, 0xfd, 0x7b, 0xbd, 0xa9,
	0x02, 0x02, 0x80, 0xd2, 0xfd, 0x03, 0x00, 0x91,
	0xf3, 0x53, 0x01, 0xa9, 0x14, 0x20, 0x00, 0x91,
	0xf3, 0x03, 0x00, 0xaa, 0xe1, 0x83, 0x00, 0x91,
	0xe0, 0x03, 0x14, 0xaa, 0xff, 0x7f, 0x02, 0xa9,
	0x83, 0x15, 0x00, 0x94, 0x20, 0x01, 0x00, 0x34,
	0xe0, 0x03, 0x14, 0xaa, 0xba, 0x07, 0x00, 0x94,
	0xe3, 0x03, 0x00, 0xaa, 0xc0, 0x00, 0x00, 0xb5,
	0xf3, 0x53, 0x41, 0xa9, 0xe0, 0xfe, 0x9f, 0x12,
	0xfd, 0x7b, 0xc3, 0xa8, 0xc0, 0x03, 0x5f, 0xd6,
	0x03, 0x00, 0x80, 0xd2, 0x61, 0x62, 0x00, 0x91,
	0x60, 0x82, 0x00, 0x91, 0xf3, 0x53, 0x41, 0xa9,
	0x02, 0x00, 0x80, 0xd2, 0xfd, 0x7b, 0xc3, 0xa8,
	0xb4, 0x0d, 0x00, 0x14, 0xfd, 0x7b, 0xbe, 0xa9,
	0xfd, 0x03, 0x00, 0x91, 0x01, 0x00, 0x40, 0xb9,
	0xf3, 0x0b, 0x00, 0xf9, 0xf3, 0x03, 0x00, 0xaa,
	0xc1, 0x00, 0x00, 0x34, 0x3f, 0x04, 0x00, 0x71,
	0xc0, 0x00, 0x00, 0x54, 0xa0, 0xfe, 0x9f, 0x12,
	0x60, 0x06, 0x00, 0xb9, 0xc5, 0x00, 0x00, 0x94,
	0xc3, 0xff, 0xff, 0x97, 0xfd, 0xff, 0xff, 0x17,
	0xd9, 0xff, 0xff, 0x97, 0xfb, 0xff, 0xff, 0x17,
	0xfd, 0x7b, 0xbc, 0xa9, 0xe5, 0x83, 0x00, 0x91,
	0xfd, 0x03, 0x00, 0x91, 0xe0, 0x03, 0x05, 0xaa,
	0xf3, 0x0b, 0x00, 0xf9, 0xf3, 0x03, 0x01, 0xaa,
	0xe1, 0x03, 0x02, 0xaa, 0x02, 0x04, 0x80, 0xd2,
	0x58, 0xff, 0xff, 0x97, 0xe5, 0x03, 0x00, 0xaa,
	0xe4, 0x03, 0x13, 0xaa, 0x23, 0x00, 0x80, 0x52,
	0x22, 0x00, 0x80, 0x52, 0x01, 0x00, 0x80, 0x52,
	0x00, 0x00, 0x80, 0xd2, 0xae, 0x18, 0x00, 0x94,
	0xf3, 0x0b, 0x40, 0xf9, 0xfd, 0x7b, 0xc4, 0xa8,
	0xc0, 0x03, 0x5f, 0xd6, 0xfd, 0x7b, 0xbd, 0xa9,
	0xfd, 0x03, 0x00, 0x91, 0xf3, 0x53, 0x01, 0xa9,
	0x54, 0x00, 0x00, 0x90, 0x94, 0x9a, 0x40, 0xf9,
	0xf5, 0x13, 0x00, 0xf9, 0x95, 0x02, 0x40, 0xf9,
	0x95, 0x00, 0x00, 0xb4, 0xf3, 0x03, 0x00, 0xaa,
	0xa0, 0x02, 0x40, 0x39, 0x40, 0x01, 0x00, 0x37,
	0x23, 0x00, 0x00, 0xf0, 0x21, 0x00, 0x00, 0xd0,
	0x63, 0x88, 0x1c, 0x91, 0x21, 0xb8, 0x24, 0x91,
	0x20, 0x00, 0x00, 0xd0, 0x00, 0xec, 0x24, 0x91,
	0x82, 0x04, 0x80, 0x52, 0xeb, 0x11, 0x00, 0x94,
	0xfb, 0x11, 0x00, 0x94, 0xa5, 0x42, 0x04, 0x91,
	0x23, 0x00, 0x80, 0x52, 0x22, 0x00, 0x80, 0x52,
	0x01, 0x00, 0x80, 0x52, 0x00, 0x00, 0x80, 0xd2,
	0x24, 0x00, 0x00, 0xd0, 0x84, 0x3c, 0x25, 0x91,
	0x0b, 0x19, 0x00, 0x94, 0xa1, 0x06, 0x40, 0x39,
	0x20, 0x00, 0x00, 0xd0, 0x25, 0x00, 0x00, 0xd0,
	0x00, 0x88, 0x24, 0x91, 0xa5, 0x98, 0x24, 0x91,
	0x23, 0x00, 0x80, 0x52, 0x3f, 0x00, 0x40, 0xf2,
	0x22, 0x00, 0x80, 0x52, 0xa5, 0x00, 0x80, 0x9a,
	0x01, 0x00, 0x80, 0x52, 0x00, 0x00, 0x80, 0xd2,
	0x24, 0x00, 0x00, 0xd0, 0x84, 0x84, 0x25, 0x91,
	0xfd, 0x18, 0x00, 0x94, 0x40, 0x00, 0x00, 0x90,
	0x64, 0x42, 0x01, 0x91, 0x63, 0x26, 0x40, 0xf9,
	0xe2, 0x03, 0x14, 0xaa, 0x05, 0xfc, 0x40, 0xf9,
	0x01, 0x00, 0x00, 0x90, 0x00, 0x00, 0x80, 0xd2,
	0x21, 0xc0, 0x0b, 0x91, 0x91, 0x09, 0x00, 0x94,
	0x60, 0x02, 0x41, 0x39, 0x80, 0x00, 0x00, 0x36,
	0xe0, 0x03, 0x13, 0xaa, 0x46, 0x0a, 0x00, 0x94,
	0x76, 0x00, 0x00, 0x94, 0x60, 0x06, 0x40, 0xa9,
	0x62, 0x0a, 0x40, 0xf9, 0x54, 0x0a, 0x00, 0x94,
	0xfc, 0xff, 0xff, 0x17, 0xfd, 0x7b, 0xbd, 0xa9,
	0x04, 0x00, 0x80, 0xd2, 0x03, 0x00, 0x80, 0xd2,
	0xfd, 0x03, 0x00, 0x91, 0x01, 0x00, 0x80, 0x52,
	0xf3, 0x53, 0x01, 0xa9, 0xf3, 0x03, 0x00, 0xaa,
	0x54, 0x00, 0x00, 0x90, 0x00, 0x00, 0x88, 0xd2,
	0x82, 0xe2, 0x07, 0x91, 0xf5, 0x13, 0x00, 0xf9,
	0x6a, 0x00, 0x00, 0x94, 0x20, 0x02, 0x00, 0x34,
	0xe6, 0x03, 0x00, 0x2a, 0x24, 0x00, 0x00, 0xd0,
	0x84, 0xac, 0x25, 0x91, 0x33, 0x00, 0x00, 0xf0,
	0x05, 0x00, 0x88, 0xd2, 0x73, 0xc2, 0x1c, 0x91,
	0x23, 0x00, 0x80, 0x52, 0xe0, 0x03, 0x13, 0xaa,
	0x22, 0x00, 0x80, 0x52, 0x21, 0x12, 0x80, 0x52,
	0xd3, 0x18, 0x00, 0x94, 0x20, 0x00, 0x00, 0xd0,
	0xe2, 0x03, 0x13, 0xaa, 0x00, 0xb8, 0x24, 0x91,
	0x41, 0x12, 0x80, 0x52, 0x2e, 0x00, 0x00, 0x94,
	0x80, 0xfe, 0x40, 0xf9, 0x01, 0x00, 0x88, 0xd2,
	0xcc, 0x14, 0x00, 0x94, 0x61, 0x42, 0x00, 0x91,
	0xe0, 0x03, 0x13, 0xaa, 0x63, 0x52, 0x00, 0x91,
	0x62, 0xa2, 0x00, 0x91, 0xe9, 0x07, 0x00, 0x94,
	0x41, 0x00, 0x00, 0x90, 0xf5, 0x03, 0x01, 0xaa,
	0x20, 0x98, 0x40, 0xf9, 0x14, 0x00, 0x40, 0xf9,
	0x54, 0x02, 0x00, 0xb5, 0xa0, 0x9a, 0x40, 0xf9,
	0x14, 0x00, 0x40, 0xf9, 0xd4, 0x02, 0x00, 0xb5,
	0x60, 0x62, 0x00, 0x91, 0x61, 0x82, 0x00, 0x91,
	0x6a, 0x0b, 0x00, 0x94, 0x7f, 0x1e, 0x00, 0xf9,
	0xb5, 0x9a, 0x40, 0xf9, 0xa0, 0x02, 0x40, 0xf9,
	0xa0, 0x02, 0x00, 0xb5, 0x00, 0x00, 0x00, 0x90,
	0x00, 0xf0, 0x0c, 0x91, 0x60, 0x1a, 0x00, 0xf9,
	0x00, 0x00, 0x00, 0x90, 0x00, 0xd0, 0x0a, 0x91,
	0x60, 0x22, 0x00, 0xf9, 0x37, 0x00, 0x00, 0x94,
	0x60, 0x12, 0x40, 0xb9, 0x1f, 0x00, 0x00, 0x71,
	0xe0, 0x03, 0x14, 0xaa, 0xe1, 0x07, 0x9f, 0x1a,
	0xe8, 0x08, 0x00, 0x94, 0x94, 0x92, 0x40, 0xf9,
	0xe8, 0xff, 0xff, 0x17, 0xe0, 0x03, 0x14, 0xaa,
	0xa6, 0x0d, 0x00, 0x94, 0xe0, 0x03, 0x14, 0xaa,
	0x1d, 0x09, 0x00, 0x94, 0x94, 0x92, 0x40, 0xf9,
	0xe5, 0xff, 0xff, 0x17, 0x00, 0x90, 0x40, 0xf9,
	0xea, 0xff, 0xff, 0x17, 0xff, 0x83, 0x00, 0xd1,
	0xe5, 0x03, 0x00, 0xaa, 0x40, 0x00, 0x00, 0xaa,
	0xfd, 0x7b, 0x01, 0xa9, 0xfd, 0x43, 0x00, 0x91,
	0x40, 0x01, 0x00, 0xb5, 0x24, 0x00, 0x00, 0xd0,
	0x23, 0x00, 0x80, 0x52, 0x84, 0x30, 0x26, 0x91,
	0x22, 0x00, 0x80, 0x52, 0x01, 0x00, 0x80, 0x52,
	0x95, 0x18, 0x00, 0x94, 0x20, 0x00, 0x80, 0xd2,
	0xf0, 0xfe, 0xff, 0x97, 0x00, 0x00, 0x00, 0x14,
	0xe6, 0x03, 0x01, 0x2a, 0x85, 0x00, 0x00, 0xb5,
	0x25, 0x00, 0x00, 0xd0, 0xa5, 0x18, 0x26, 0x91,
	0x06, 0x00, 0x80, 0x52, 0xc2, 0x01, 0x00, 0xb4,
	0x27, 0x00, 0x00, 0xd0, 0x20, 0x00, 0x00, 0xd0,
	0xe7, 0x20, 0x26, 0x91, 0x00, 0x28, 0x26, 0x91,
	0xe2, 0x03, 0x00, 0xa9, 0x24, 0x00, 0x00, 0xd0,
	0x23, 0x00, 0x80, 0x52, 0x84, 0x48, 0x26, 0x91,
	0x01, 0x00, 0x80, 0x52, 0x22, 0x00, 0x80, 0x52,
	0x00, 0x00, 0x80, 0xd2, 0x80, 0x18, 0x00, 0x94,
	0xeb, 0xff, 0xff, 0x17, 0x22, 0x00, 0x00, 0xd0,
	0x42, 0x0c, 0x2e, 0x91, 0xe7, 0x03, 0x02, 0xaa,
	0xe0, 0x03, 0x02, 0xaa, 0xf3, 0xff, 0xff, 0x17,
	0xfd, 0x7b, 0xbf, 0xa9, 0x00, 0x00, 0x80, 0xd2,
	0xfd, 0x03, 0x00, 0x91, 0xd6, 0xfe, 0xff, 0x97,
	0xe5, 0x03, 0x00, 0xaa, 0xe0, 0x03, 0x02, 0xaa,
	0xe2, 0x03, 0x03, 0xaa, 0xe3, 0x03, 0x04, 0xaa,
	0xe4, 0x03, 0x01, 0x2a, 0xe1, 0x03, 0x05, 0xaa,
	0xd8, 0xfe, 0xff, 0x17, 0xda, 0xfe, 0xff, 0x17,
	0xe2, 0x03, 0x01, 0xaa, 0x01, 0x02, 0x80, 0xd2,
	0xda, 0xfe, 0xff, 0x17, 0xe0, 0x03, 0x00, 0x2a,
	0xdb, 0xfe, 0xff, 0x17, 0xe7, 0x03, 0x03, 0x2a,
	0xe3, 0x03, 0x04, 0xaa, 0xe4, 0x03, 0x05, 0xaa,
	0xe5, 0x03, 0x06, 0xaa, 0xe6, 0x03, 0x02, 0x2a,
	0xe2, 0x03, 0x07, 0x2a, 0xd7, 0xfe, 0xff, 0x17,
	0xe4, 0x03, 0x01, 0xaa, 0xe1, 0x03, 0x03, 0xaa,
	0xe3, 0x03, 0x02, 0x2a, 0xe2, 0x03, 0x04, 0xaa,
	0xd5, 0xfe, 0xff, 0x17, 0xe2, 0x03, 0x02, 0x2a,
	0xd6, 0xfe, 0xff, 0x17, 0xd8, 0xfe, 0xff, 0x17,
	0xda, 0xfe, 0xff, 0x17, 0xfd, 0x7b, 0xbf, 0xa9,
	0xe5, 0x03, 0x01, 0xaa, 0xe6, 0x03, 0x02, 0xaa,
	0xfd, 0x03, 0x00, 0x91, 0x01, 0x04, 0x40, 0xf9,
	0x3f, 0x00, 0x02, 0xeb, 0x69, 0x01, 0x00, 0x54,
	0x24, 0x00, 0x00, 0xd0, 0x20, 0x00, 0x00, 0xf0,
	0x84, 0xa0, 0x26, 0x91, 0x00, 0x40, 0x22, 0x91,
	0x23, 0x00, 0x80, 0x52, 0x22, 0x00, 0x80, 0x52,
	0x01, 0x1e, 0x80, 0x52, 0x4a, 0x18, 0x00, 0x94,
	0x40, 0xff, 0x9f, 0x12, 0xa8, 0xfe, 0xff, 0x97,
	0x47, 0x00, 0x03, 0xab, 0xa2, 0x01, 0x00, 0x54,
	0x00, 0x08, 0x40, 0xf9, 0xff, 0x00, 0x00, 0xeb,
	0x69, 0x02, 0x00, 0x54, 0x24, 0x00, 0x00, 0xd0,
	0x23, 0x00, 0x80, 0x52, 0x84, 0x34, 0x27, 0x91,
	0x22, 0x00, 0x80, 0x52, 0xc1, 0x1e, 0x80, 0x52,
	0x20, 0x00, 0x00, 0xf0, 0x00, 0x40, 0x22, 0x91,
	0x3b, 0x18, 0x00, 0x94, 0xf1, 0xff, 0xff, 0x17,
	0x24, 0x00, 0x00, 0xd0, 0x23, 0x00, 0x80, 0x52,
	0x84, 0xec, 0x26, 0x91, 0x22, 0x00, 0x80, 0x52,
	0x61, 0x1e, 0x80, 0x52, 0x20, 0x00, 0x00, 0xf0,
	0x00, 0x40, 0x22, 0x91, 0x32, 0x18, 0x00, 0x94,
	0xe8, 0xff, 0xff, 0x17, 0xfd, 0x7b, 0xc1, 0xa8,
	0xc0, 0x03, 0x5f, 0xd6, 0xfd, 0x7b, 0xbf, 0xa9,
	0xe5, 0x03, 0x01, 0xaa, 0xfd, 0x03, 0x00, 0x91,
	0x3f, 0x04, 0x40, 0xf2, 0x60, 0x01, 0x00, 0x54,
	0x24, 0x00, 0x00, 0xd0, 0x20, 0x00, 0x00, 0xf0,
	0x84, 0x98, 0x27, 0x91, 0x00, 0x34, 0x21, 0x91,
	0x23, 0x00, 0x80, 0x52, 0x22, 0x00, 0x80, 0x52,
	0x01, 0x21, 0x80, 0x52, 0x22, 0x18, 0x00, 0x94,
	0x40, 0xff, 0x9f, 0x12, 0x80, 0xfe, 0xff, 0x97,
	0x44, 0x08, 0x00, 0x91, 0x84, 0x00, 0x03, 0x8b,
	0x83, 0xf4, 0x7e, 0xd3, 0xff, 0xfb, 0x44, 0xeb,
	0xc1, 0x00, 0x00, 0x54, 0xfd, 0x7b, 0xc1, 0xa8,
	0xe2, 0x03, 0x01, 0xaa, 0x21, 0x00, 0x00, 0xd0,
	0x21, 0x4c, 0x28, 0x91, 0xbe, 0xff, 0xff, 0x17,
	0x24, 0x00, 0x00, 0xd0, 0x23, 0x00, 0x80, 0x52,
	0x84, 0x08, 0x28, 0x91, 0x22, 0x00, 0x80, 0x52,
	0xa1, 0x21, 0x80, 0x52, 0x20, 0x00, 0x00, 0xf0,
	0x00, 0x34, 0x21, 0x91, 0x0e, 0x18, 0x00, 0x94,
	0xec, 0xff, 0xff, 0x17, 0xfd, 0x7b, 0xbe, 0xa9,
	0x01, 0x26, 0x80, 0xd2, 0xfd, 0x03, 0x00, 0x91,
	0xf3, 0x53, 0x01, 0xa9, 0xf4, 0x03, 0x00, 0xaa,
	0x20, 0x00, 0x80, 0xd2, 0xc2, 0x13, 0x00, 0x94,
	0xf3, 0x03, 0x00, 0xaa, 0xc0, 0x01, 0x00, 0xb4,
	0x00, 0x80, 0x02, 0x91, 0x60, 0x56, 0x00, 0xf9,
	0xe1, 0x03, 0x14, 0xaa, 0x60, 0x42, 0x04, 0x91,
	0x02, 0x02, 0x80, 0xd2, 0x25, 0xfe, 0xff, 0x97,
	0x40, 0x00, 0x00, 0x90, 0x00, 0x80, 0x05, 0x91,
	0x01, 0x04, 0x40, 0xf9, 0x7f, 0x06, 0x12, 0xa9,
	0x33, 0x00, 0x00, 0xf9, 0x61, 0x82, 0x04, 0x91,
	0x01, 0x04, 0x00, 0xf9, 0xe0, 0x03, 0x13, 0xaa,
	0xf3, 0x53, 0x41, 0xa9, 0xfd, 0x7b, 0xc2, 0xa8,
	0xc0, 0x03, 0x5f, 0xd6, 0xfd, 0x7b, 0xbb, 0xa9,
	0xfd, 0x03, 0x00, 0x91, 0xf3, 0x53, 0x01, 0xa9,
	0xf3, 0x03, 0x00, 0xaa, 0xf4, 0x03, 0x04, 0xaa,
	0x20, 0x00, 0x80, 0xd2, 0xf5, 0x5b, 0x02, 0xa9,
	0xf5, 0x03, 0x03, 0xaa, 0xf6, 0x03, 0x06, 0xaa,
	0xf7, 0x63, 0x03, 0xa9, 0xf8, 0x03, 0x02, 0xaa,
	0xf7, 0x03, 0x05, 0xaa, 0xf9, 0x23, 0x00, 0xf9,
	0xf9, 0x03, 0x01, 0xaa, 0x01, 0x09, 0x80, 0xd2,
	0x9f, 0x13, 0x00, 0x94, 0x60, 0x01, 0x00, 0xb5,
	0x24, 0x00, 0x00, 0xd0, 0x23, 0x00, 0x80, 0x52,
	0x84, 0x6c, 0x28, 0x91, 0x22, 0x00, 0x80, 0x52,
	0x41, 0x44, 0x80, 0x52, 0x20, 0x00, 0x00, 0xf0,
	0x00, 0xbc, 0x23, 0x91, 0xda, 0x17, 0x00, 0x94,
	0x60, 0xfe, 0x9f, 0x12, 0x38, 0xfe, 0xff, 0x97,
	0x9f, 0x02, 0x15, 0xeb, 0x62, 0x01, 0x00, 0x54,
	0x24, 0x00, 0x00, 0xd0, 0x23, 0x00, 0x80, 0x52,
	0x84, 0x88, 0x28, 0x91, 0x22, 0x00, 0x80, 0x52,
	0xa1, 0x44, 0x80, 0x52, 0x20, 0x00, 0x00, 0xf0,
	0x00, 0xbc, 0x23, 0x91, 0xce, 0x17, 0x00, 0x94,
	0x40, 0xff, 0x9f, 0x12, 0xf4, 0xff, 0xff, 0x17,
	0x61, 0x56, 0x40, 0xf9, 0x19, 0x60, 0x00, 0xa9,
	0x15, 0x50, 0x01, 0xa9, 0x17, 0x58, 0x02, 0xa9,
	0x1f, 0x84, 0x03, 0xa9, 0xf5, 0x5b, 0x42, 0xa9,
	0xf7, 0x63, 0x43, 0xa9, 0xf9, 0x23, 0x40, 0xf9,
	0x20, 0x00, 0x00, 0xf9, 0x01, 0xe0, 0x00, 0x91,
	0x61, 0x56, 0x00, 0xf9, 0xf3, 0x53, 0x41, 0xa9,
	0xfd, 0x7b, 0xc5, 0xa8, 0xc0, 0x03, 0x5f, 0xd6,
	0xfd, 0x7b, 0xbe, 0xa9, 0x81, 0x00, 0x80, 0xd2,
	0xfd, 0x03, 0x00, 0x91, 0xe0, 0x73, 0x00, 0x91,
	0xff, 0x1f, 0x00, 0xb9, 0x5f, 0xff, 0xff, 0x97,
	0xa0, 0x00, 0x00, 0x35, 0xe0, 0x1f, 0x40, 0xb9,
	0x00, 0x18, 0x74, 0xd3, 0xfd, 0x7b, 0xc2, 0xa8,
	0xc0, 0x03, 0x5f, 0xd6, 0x00, 0x00, 0x80, 0xd2,
	0xfd, 0xff, 0xff, 0x17, 0xfd, 0x7b, 0xbd, 0xa9,
	0xfd, 0x03, 0x00, 0x91, 0xf3, 0x53, 0x01, 0xa9,
	0xf4, 0x03, 0x00, 0xaa, 0x13, 0x50, 0x40, 0xf9,
	0xf5, 0x13, 0x00, 0xf9, 0xb3, 0x00, 0x00, 0xb5,
	0xf3, 0x53, 0x41, 0xa9, 0xf5, 0x13, 0x40, 0xf9,
	0xfd, 0x7b, 0xc3, 0xa8, 0xc0, 0x03, 0x5f, 0xd6,
	0x61, 0x12, 0x40, 0xf9, 0x60, 0x06, 0x40, 0xf9,
	0x83, 0x06, 0x40, 0xf9, 0x21, 0x02, 0x00, 0x36,
	0x61, 0x0e, 0x40, 0xf9, 0x60, 0x00, 0x00, 0x8b,
	0x82, 0x01, 0x80, 0x52, 0x42, 0xff, 0xff, 0x97,
	0xf5, 0x03, 0x00, 0x2a, 0x60, 0x01, 0x00, 0x34,
	0x24, 0x00, 0x00, 0xd0, 0x84, 0xf0, 0x28, 0x91,
	0x23, 0x00, 0x80, 0x52, 0x22, 0x00, 0x80, 0x52,
	0x61, 0x74, 0x80, 0x52, 0x20, 0x00, 0x00, 0xf0,
	0x00, 0xdc, 0x24, 0x91, 0x94, 0x17, 0x00, 0x94,
	0xe0, 0x03, 0x15, 0x2a, 0xf2, 0xfd, 0xff, 0x97,
	0x73, 0x1e, 0x40, 0xf9, 0xe6, 0xff, 0xff, 0x17,
	0xfd, 0x7b, 0xbc, 0xa9, 0x01, 0x00, 0x04, 0x91,
	0xfd, 0x03, 0x00, 0x91, 0xf5, 0x13, 0x00, 0xf9,
	0x15, 0x40, 0x04, 0x91, 0xf3, 0x53, 0x01, 0xa9,
	0xf3, 0x03, 0x00, 0xaa, 0xe0, 0x03, 0x15, 0xaa,
	0xff, 0x1f, 0x00, 0xf9, 0x19, 0xff, 0xff, 0x97,
	0xa0, 0x01, 0x00, 0x34, 0xf4, 0x03, 0x00, 0x2a,
	0x24, 0x00, 0x00, 0xd0, 0x20, 0x00, 0x00, 0xf0,
	0xe5, 0x03, 0x15, 0xaa, 0x84, 0x24, 0x29, 0x91,
	0x00, 0x68, 0x24, 0x91, 0x23, 0x00, 0x80, 0x52,
	0x22, 0x00, 0x80, 0x52, 0xa1, 0x3d, 0x80, 0x52,
	0x7b, 0x17, 0x00, 0x94, 0xe0, 0x03, 0x14, 0x2a,
	0xd9, 0xfd, 0xff, 0x97, 0x60, 0x02, 0x40, 0x39,
	0x35, 0x00, 0x80, 0x52, 0x63, 0x02, 0x41, 0xb9,
	0x06, 0x00, 0x80, 0xd2, 0x05, 0x00, 0x80, 0xd2,
	0x04, 0x00, 0x80, 0xd2, 0x1f, 0x00, 0x40, 0xf2,
	0xa2, 0x00, 0x80, 0x52, 0xe0, 0xe3, 0x00, 0x91,
	0x42, 0x00, 0x95, 0x1a, 0x01, 0x00, 0x82, 0xd2,
	0x05, 0xff, 0xff, 0x97, 0xf4, 0x03, 0x00, 0x2a,
	0x40, 0x01, 0x00, 0x34, 0xe3, 0x03, 0x15, 0x2a,
	0xe2, 0x03, 0x15, 0x2a, 0x24, 0x00, 0x00, 0xd0,
	0xe1, 0x3e, 0x80, 0x52, 0x84, 0x7c, 0x29, 0x91,
	0x20, 0x00, 0x00, 0xf0, 0x00, 0x68, 0x24, 0x91,
	0x63, 0x17, 0x00, 0x94, 0xe8, 0xff, 0xff, 0x17,
	0x60, 0x02, 0x40, 0x39, 0xe1, 0x1f, 0x40, 0xf9,
	0x61, 0x12, 0x00, 0xf9, 0xa0, 0x00, 0x00, 0x37,
	0x20, 0x04, 0x40, 0x91, 0x61, 0x82, 0x00, 0xa9,
	0x00, 0x00, 0x82, 0xd2, 0x60, 0x0e, 0x00, 0xf9,
	0x22, 0x00, 0x40, 0xb9, 0xe0, 0xaf, 0x88, 0x52,
	0x80, 0xc9, 0xa8, 0x72, 0x5f, 0x00, 0x00, 0x6b,
	0x60, 0x01, 0x00, 0x54, 0x24, 0x00, 0x00, 0xd0,
	0x84, 0xb8, 0x29, 0x91, 0x23, 0x00, 0x80, 0x52,
	0x22, 0x00, 0x80, 0x52, 0x01, 0x40, 0x80, 0x52,
	0x20, 0x00, 0x00, 0xf0, 0x00, 0x68, 0x24, 0x91,
	0x4d, 0x17, 0x00, 0x94, 0x40, 0xff, 0x9f, 0x12,
	0xd2, 0xff, 0xff, 0x17, 0x20, 0x04, 0x40, 0xb9,
	0xe2, 0x83, 0x00, 0x32, 0x00, 0x9c, 0x00, 0x12,
	0x1f, 0x00, 0x02, 0x6b, 0x21, 0x03, 0x00, 0x54,
	0x20, 0x14, 0x40, 0x39, 0x1f, 0x04, 0x00, 0x71,
	0xc1, 0x02, 0x00, 0x54, 0x22, 0x1c, 0x40, 0x39,
	0x5f, 0x84, 0x01, 0x71, 0x44, 0x18, 0x40, 0x7a,
	0x41, 0x02, 0x00, 0x54, 0x23, 0x10, 0x40, 0xb9,
	0x60, 0x00, 0x80, 0x52, 0x00, 0x05, 0xa0, 0x72,
	0x7f, 0x00, 0x00, 0x6b, 0xa1, 0x01, 0x00, 0x54,
	0x20, 0x54, 0x40, 0x79, 0x1f, 0x80, 0x00, 0x71,
	0x41, 0x01, 0x00, 0x54, 0x20, 0x5c, 0x40, 0x79,
	0x1f, 0xa0, 0x00, 0x71, 0xe1, 0x00, 0x00, 0x54,
	0x20, 0x24, 0x40, 0xb9, 0xa2, 0x04, 0x00, 0x35,
	0x00, 0x1c, 0x08, 0x12, 0x02, 0xa0, 0xa0, 0x52,
	0x1f, 0x00, 0x02, 0x6b, 0x80, 0x04, 0x00, 0x54,
	0x20, 0x00, 0x40, 0xf9, 0x42, 0x20, 0xc0, 0xd2,
	0x22, 0x00, 0xe0, 0xf2, 0x00, 0x7c, 0x60, 0x92,
	0x1f, 0x00, 0x02, 0xeb, 0xc1, 0x07, 0x00, 0x54,
	0x22, 0x10, 0x40, 0xb9, 0x60, 0x00, 0x80, 0xd2,
	0xe0, 0x16, 0xa0, 0xf2, 0x5f, 0x00, 0x00, 0xeb,
	0x21, 0x07, 0x00, 0x54, 0x20, 0x18, 0x40, 0xf9,
	0x02, 0x07, 0xe0, 0xd2, 0x00, 0xbc, 0x50, 0x92,
	0x1f, 0x00, 0x02, 0xeb, 0x81, 0x06, 0x00, 0x54,
	0x22, 0x74, 0x40, 0x79, 0x5f, 0x00, 0x01, 0x71,
	0x21, 0x06, 0x00, 0x54, 0x20, 0x0c, 0x40, 0xf9,
	0x60, 0x16, 0x00, 0xf9, 0x20, 0x10, 0x40, 0xf9,
	0x60, 0x1a, 0x00, 0xf9, 0x20, 0x14, 0x40, 0xf9,
	0x60, 0x1e, 0x00, 0xf9, 0x20, 0x70, 0x40, 0x79,
	0x60, 0x42, 0x00, 0xb9, 0x20, 0x78, 0x40, 0x79,
	0x7f, 0x06, 0x00, 0x39, 0x60, 0x46, 0x00, 0xb9,
	0x20, 0x6c, 0x40, 0x79, 0x12, 0x00, 0x00, 0x14,
	0x02, 0xe0, 0xbf, 0x12, 0x1f, 0x00, 0x02, 0x6b,
	0xc8, 0xfb, 0xff, 0x54, 0x20, 0x00, 0x80, 0x52,
	0x60, 0x06, 0x00, 0x39, 0x20, 0x18, 0x40, 0xb9,
	0x02, 0x05, 0x80, 0x52, 0x60, 0x16, 0x00, 0xf9,
	0x20, 0x1c, 0x40, 0xb9, 0x60, 0x1a, 0x00, 0xf9,
	0x20, 0x20, 0x40, 0xb9, 0x60, 0x1e, 0x00, 0xf9,
	0x20, 0x58, 0x40, 0x79, 0x60, 0x42, 0x00, 0xb9,
	0x20, 0x60, 0x40, 0x79, 0x60, 0x46, 0x00, 0xb9,
	0x00, 0x04, 0x80, 0x52, 0x63, 0x42, 0x40, 0xb9,
	0x60, 0x0a, 0x09, 0x29, 0x62, 0x1a, 0x40, 0xf9,
	0x00, 0x7c, 0xa3, 0x9b, 0x00, 0x00, 0x02, 0xab,
	0x62, 0x02, 0x00, 0x54, 0x1f, 0x04, 0x40, 0xf1,
	0xe9, 0x02, 0x00, 0x54, 0x24, 0x00, 0x00, 0xd0,
	0x23, 0x00, 0x80, 0x52, 0x84, 0xb8, 0x2a, 0x91,
	0x22, 0x00, 0x80, 0x52, 0xa1, 0x41, 0x80, 0x52,
	0x20, 0x00, 0x00, 0xf0, 0x00, 0x68, 0x24, 0x91,
	0xed, 0x16, 0x00, 0x94, 0xa0, 0xfe, 0x9f, 0x12,
	0x72, 0xff, 0xff, 0x17, 0x24, 0x00, 0x00, 0xd0,
	0x23, 0x00, 0x80, 0x52, 0x84, 0xfc, 0x29, 0x91,
	0x22, 0x00, 0x80, 0x52, 0xc1, 0x40, 0x80, 0x52,
	0x96, 0xff, 0xff, 0x17, 0x24, 0x00, 0x00, 0xd0,
	0x23, 0x00, 0x80, 0x52, 0x84, 0x40, 0x2a, 0x91,
	0x22, 0x00, 0x80, 0x52, 0x41, 0x41, 0x80, 0x52,
	0x90, 0xff, 0xff, 0x17, 0xf5, 0x13, 0x40, 0xf9,
	0x21, 0x00, 0x02, 0x8b, 0x61, 0x2a, 0x00, 0xf9,
	0xf3, 0x53, 0x41, 0xa9, 0xfd, 0x7b, 0xc4, 0xa8,
	0xc0, 0x03, 0x5f, 0xd6, 0xfd, 0x7b, 0xbe, 0xa9,
	0xfd, 0x03, 0x00, 0x91, 0xf3, 0x53, 0x01, 0xa9,
	0xf3, 0x03, 0x00, 0xaa, 0x00, 0x00, 0x41, 0xb9,
	0x69, 0xfe, 0xff, 0x97, 0x80, 0x01, 0x00, 0x34,
	0x24, 0x00, 0x00, 0xd0, 0x84, 0x28, 0x2b, 0x91,
	0x23, 0x00, 0x80, 0x52, 0x22, 0x00, 0x80, 0x52,
	0x01, 0x8f, 0x80, 0x52, 0xf4, 0x03, 0x00, 0x2a,
	0x20, 0x00, 0x00, 0xf0, 0x00, 0x54, 0x20, 0x91,
	0xc9, 0x16, 0x00, 0x94, 0xe0, 0x03, 0x14, 0x2a,
	0x27, 0xfd, 0xff, 0x97, 0x00, 0x00, 0x80, 0x12,
	0x60, 0x02, 0x01, 0xb9, 0xf3, 0x53, 0x41, 0xa9,
	0xfd, 0x7b, 0xc2, 0xa8, 0xc0, 0x03, 0x5f, 0xd6,
	0xfd, 0x7b, 0xb8, 0xa9, 0xe8, 0x03, 0x01, 0xaa,
	0xe1, 0x03, 0x02, 0xaa, 0xfd, 0x03, 0x00, 0x91,
	0xe2, 0x03, 0x02, 0x91, 0xe2, 0x0b, 0x03, 0xa9,
	0xe2, 0x43, 0x01, 0x91, 0xe2, 0x23, 0x00, 0xf9,
	0xe2, 0x04, 0x80, 0x12, 0xe2, 0x4b, 0x00, 0xb9,
	0xff, 0x4f, 0x00, 0xb9, 0xe3, 0x93, 0x05, 0xa9,
	0xe2, 0x0f, 0x43, 0xa9, 0xe2, 0x0f, 0x01, 0xa9,
	0xe2, 0x0f, 0x44, 0xa9, 0xe2, 0x0f, 0x02, 0xa9,
	0xe5, 0x9b, 0x06, 0xa9, 0xe2, 0x43, 0x00, 0x91,
	0xe7, 0x3f, 0x00, 0xf9, 0x00, 0x01, 0x3f, 0xd6,
	0xfd, 0x7b, 0xc8, 0xa8, 0xc0, 0x03, 0x5f, 0xd6,
	0xfd, 0x7b, 0xbf, 0xa9, 0x21, 0x00, 0x02, 0xab,
	0xfd, 0x03, 0x00, 0x91, 0x82, 0x01, 0x00, 0x54,
	0x00, 0x88, 0x40, 0xa9, 0x40, 0x00, 0x00, 0xcb,
	0x3f, 0x00, 0x00, 0xeb, 0x69, 0x02, 0x00, 0x54,
	0x24, 0x00, 0x00, 0xd0, 0x45, 0x00, 0x80, 0x52,
	0x84, 0xdc, 0x2b, 0x91, 0x23, 0x00, 0x80, 0x52,
	0x22, 0x00, 0x80, 0x52, 0xc1, 0x1a, 0x80, 0x52,
	0x07, 0x00, 0x00, 0x14, 0x24, 0x00, 0x00, 0xd0,
	0x84, 0x6c, 0x2b, 0x91, 0x45, 0x00, 0x80, 0x52,
	0x23, 0x00, 0x80, 0x52, 0x22, 0x00, 0x80, 0x52,
	0xc1, 0x19, 0x80, 0x52, 0x20, 0x00, 0x00, 0xf0,
	0x00, 0x70, 0x22, 0x91, 0x94, 0x16, 0x00, 0x94,
	0x40, 0xff, 0x9f, 0x12, 0xf2, 0xfc, 0xff, 0x97,
	0xfd, 0x7b, 0xc1, 0xa8, 0xc0, 0x03, 0x5f, 0xd6,
	0xe3, 0x03, 0x02, 0xaa, 0xe2, 0x03, 0x01, 0x2a,
	0x21, 0x00, 0x00, 0xd0, 0x21, 0x60, 0x2c, 0x91,
	0xfd, 0x7b, 0xbf, 0xa9, 0xfd, 0x03, 0x00, 0x91,
	0x60, 0x0f, 0x00, 0x94, 0x70, 0x0f, 0x00, 0x94,
	0xff, 0x43, 0x02, 0xd1, 0xfd, 0x7b, 0x02, 0xa9,
	0xfd, 0x83, 0x00, 0x91, 0xf5, 0x5b, 0x04, 0xa9,
	0xf6, 0x03, 0x00, 0xaa, 0xa0, 0xa5, 0x85, 0x52,
	0xa0, 0xa5, 0xa5, 0x72, 0xf3, 0x53, 0x03, 0xa9,
	0xf5, 0x03, 0x04, 0xaa, 0xf7, 0x63, 0x05, 0xa9,
	0xf3, 0x03, 0x07, 0x2a, 0xf7, 0x03, 0x01, 0xaa,
	0xf9, 0x6b, 0x06, 0xa9, 0xf8, 0x03, 0x02, 0xaa,
	0xf9, 0x03, 0x05, 0xaa, 0xe0, 0x7b, 0x00, 0xb9,
	0xfa, 0x03, 0x06, 0xaa, 0xff, 0xf3, 0x01, 0x39,
	0xf4, 0x03, 0x02, 0x91, 0xff, 0x43, 0x00, 0xf9,
	0xff, 0x8b, 0x00, 0xb9, 0xff, 0x1b, 0x01, 0x79,
	0xc3, 0x04, 0xf8, 0x37, 0x22, 0x00, 0x00, 0xd0,
	0xe0, 0x03, 0x14, 0xaa, 0x42, 0x9c, 0x2c, 0x91,
	0xc1, 0x01, 0x80, 0xd2, 0x7c, 0x12, 0x00, 0x94,
	0x73, 0x00, 0x00, 0x36, 0x40, 0x0e, 0x80, 0x52,
	0xe0, 0xe3, 0x01, 0x39, 0x73, 0x00, 0x08, 0x36,
	0xe0, 0x0e, 0x80, 0x52, 0xe0, 0xe7, 0x01, 0x39,
	0x73, 0x00, 0x10, 0x36, 0x00, 0x0f, 0x80, 0x52,
	0xe0, 0xeb, 0x01, 0x39, 0x73, 0x00, 0x18, 0x36,
	0x60, 0x0e, 0x80, 0x52, 0xe0, 0xef, 0x01, 0x39,
	0xe0, 0xe3, 0x01, 0x91, 0xfa, 0x03, 0x00, 0xa9,
	0xe7, 0x03, 0x19, 0xaa, 0xf4, 0x0b, 0x00, 0xf9,
	0xe5, 0x03, 0x15, 0xaa, 0xe3, 0x03, 0x18, 0xaa,
	0xe1, 0x03, 0x17, 0xaa, 0xe0, 0x03, 0x16, 0xaa,
	0x06, 0x01, 0x80, 0x52, 0x22, 0x00, 0x00, 0xd0,
	0xe4, 0x03, 0x06, 0x2a, 0x42, 0x20, 0x2d, 0x91,
	0x92, 0xff, 0xff, 0x97, 0xfd, 0x7b, 0x42, 0xa9,
	0xf3, 0x53, 0x43, 0xa9, 0xf5, 0x5b, 0x44, 0xa9,
	0xf7, 0x63, 0x45, 0xa9, 0xf9, 0x6b, 0x46, 0xa9,
	0xff, 0x43, 0x02, 0x91, 0xc0, 0x03, 0x5f, 0xd6,
	0xb3, 0x00, 0x20, 0x36, 0x21, 0x00, 0x00, 0xd0,
	0xe0, 0x03, 0x14, 0xaa, 0x21, 0xb4, 0x2c, 0x91,
	0x8e, 0x12, 0x00, 0x94, 0xb3, 0x00, 0x38, 0x36,
	0x21, 0x00, 0x00, 0xd0, 0xe0, 0x03, 0x14, 0xaa,
	0x21, 0xd8, 0x2c, 0x91, 0x89, 0x12, 0x00, 0x94,
	0x40, 0x00, 0x00, 0x90, 0x00, 0x04, 0x41, 0xf9,
	0x1f, 0x00, 0x15, 0xeb, 0x61, 0xfa, 0xff, 0x54,
	0xe0, 0x03, 0x14, 0xaa, 0x21, 0x00, 0x00, 0xd0,
	0x21, 0xfc, 0x2c, 0x91, 0x81, 0x12, 0x00, 0x94,
	0xce, 0xff, 0xff, 0x17, 0xfd, 0x7b, 0xbc, 0xa9,
	0xfd, 0x03, 0x00, 0x91, 0xf3, 0x53, 0x01, 0xa9,
	0xf4, 0x03, 0x00, 0xaa, 0xf5, 0x5b, 0x02, 0xa9,
	0x15, 0x44, 0x40, 0xb9, 0x00, 0x4c, 0x40, 0xb9,
	0xf7, 0x1b, 0x00, 0xf9, 0xb5, 0x7e, 0xa0, 0x9b,
	0xe0, 0x03, 0x15, 0xaa, 0xe4, 0x11, 0x00, 0x94,
	0x80, 0x2e, 0x00, 0xf9, 0x60, 0x01, 0x00, 0xb5,
	0x24, 0x00, 0x00, 0xd0, 0x23, 0x00, 0x80, 0x52,
	0x84, 0x10, 0x2e, 0x91, 0x22, 0x00, 0x80, 0x52,
	0x81, 0x8b, 0x80, 0x52, 0x20, 0x00, 0x00, 0xf0,
	0x00, 0xec, 0x21, 0x91, 0x24, 0x16, 0x00, 0x94,
	0x60, 0xfe, 0x9f, 0x12, 0x82, 0xfc, 0xff, 0x97,
	0x97, 0x1e, 0x40, 0xf9, 0xf6, 0x03, 0x00, 0xaa,
	0xff, 0xfe, 0x3f, 0xf1, 0x88, 0x04, 0x00, 0x54,
	0x81, 0x02, 0x40, 0x39, 0xe1, 0x00, 0x00, 0x36,
	0x22, 0x00, 0x00, 0xf0, 0x20, 0x00, 0x00, 0xd0,
	0x42, 0xec, 0x21, 0x91, 0x00, 0x2c, 0x2e, 0x91,
	0x81, 0x8c, 0x80, 0x52, 0x87, 0xff, 0xff, 0x97,
	0x13, 0x00, 0x82, 0xd2, 0x73, 0x02, 0x17, 0xcb,
	0x81, 0x06, 0x40, 0xf9, 0x7f, 0x02, 0x15, 0xeb,
	0x73, 0x92, 0x95, 0x9a, 0xe2, 0x03, 0x13, 0xaa,
	0xe1, 0x02, 0x01, 0x8b, 0x35, 0xfc, 0xff, 0x97,
	0xbf, 0x02, 0x13, 0xeb, 0x89, 0x02, 0x00, 0x54,
	0x82, 0x02, 0x41, 0xb9, 0xe3, 0x02, 0x13, 0x8b,
	0xa1, 0x02, 0x13, 0xcb, 0xc0, 0x02, 0x13, 0x8b,
	0xa6, 0xfd, 0xff, 0x97, 0xf3, 0x03, 0x00, 0x2a,
	0xa0, 0x01, 0x00, 0x34, 0x24, 0x00, 0x00, 0xd0,
	0x23, 0x00, 0x80, 0x52, 0x84, 0x64, 0x2e, 0x91,
	0x22, 0x00, 0x80, 0x52, 0xe1, 0x8d, 0x80, 0x52,
	0x20, 0x00, 0x00, 0xf0, 0x00, 0xec, 0x21, 0x91,
	0xfd, 0x15, 0x00, 0x94, 0xe0, 0x03, 0x13, 0x2a,
	0xd9, 0xff, 0xff, 0x17, 0x13, 0x00, 0x80, 0xd2,
	0xec, 0xff, 0xff, 0x17, 0xf3, 0x53, 0x41, 0xa9,
	0xf5, 0x5b, 0x42, 0xa9, 0xf7, 0x1b, 0x40, 0xf9,
	0xfd, 0x7b, 0xc4, 0xa8, 0xc0, 0x03, 0x5f, 0xd6,
	0xfd, 0x7b, 0xb9, 0xa9, 0xfd, 0x03, 0x00, 0x91,
	0xf3, 0x53, 0x01, 0xa9, 0xf3, 0x03, 0x00, 0xaa,
	0x00, 0x08, 0x40, 0x39, 0xf5, 0x5b, 0x02, 0xa9,
	0xf7, 0x63, 0x03, 0xa9, 0xf9, 0x6b, 0x04, 0xa9,
	0xfb, 0x73, 0x05, 0xa9, 0xff, 0x37, 0x00, 0xf9,
	0xe0, 0x00, 0x00, 0x36, 0x22, 0x00, 0x00, 0xd0,
	0x20, 0x00, 0x00, 0xb0, 0x42, 0x5c, 0x25, 0x91,
	0x00, 0xb8, 0x2e, 0x91, 0x41, 0x63, 0x80, 0x52,
	0x54, 0xff, 0xff, 0x97, 0x75, 0x52, 0x40, 0xf9,
	0xf6, 0xa3, 0x01, 0x91, 0x15, 0x01, 0x00, 0xb5,
	0xf3, 0x53, 0x41, 0xa9, 0xf5, 0x5b, 0x42, 0xa9,
	0xf7, 0x63, 0x43, 0xa9, 0xf9, 0x6b, 0x44, 0xa9,
	0xfb, 0x73, 0x45, 0xa9, 0xfd, 0x7b, 0xc7, 0xa8,
	0xc0, 0x03, 0x5f, 0xd6, 0x60, 0x56, 0x40, 0xf9,
	0xa3, 0x06, 0x40, 0xf9, 0x00, 0x04, 0x40, 0xf9,
	0xb9, 0x0e, 0x40, 0xf9, 0x00, 0x00, 0x40, 0xf9,
	0x62, 0x00, 0x19, 0x8b, 0x18, 0x04, 0x40, 0xf9,
	0x00, 0x0c, 0x40, 0xf9, 0x18, 0x03, 0x00, 0x8b,
	0xa0, 0xc2, 0x40, 0x39, 0x18, 0x03, 0x02, 0xcb,
	0x18, 0xff, 0x3f, 0x91, 0x18, 0xcf, 0x74, 0x92,
	0x00, 0x0b, 0x00, 0x36, 0x54, 0xfc, 0x3f, 0x91,
	0x60, 0xcc, 0x74, 0x92, 0x94, 0xce, 0x74, 0x92,
	0x94, 0x02, 0x00, 0xcb, 0x60, 0x06, 0x40, 0xf9,
	0xe0, 0x00, 0x00, 0xb5, 0x22, 0x00, 0x00, 0xd0,
	0x20, 0x00, 0x00, 0xb0, 0x42, 0x5c, 0x25, 0x91,
	0x00, 0xf8, 0x2e, 0x91, 0x81, 0x64, 0x80, 0x52,
	0xdc, 0xff, 0xff, 0x17, 0x63, 0x00, 0x00, 0x8b,
	0x60, 0x0a, 0x40, 0xf9, 0x63, 0xcc, 0x74, 0x92,
	0xe3, 0x37, 0x00, 0xf9, 0x1f, 0x00, 0x03, 0xeb,
	0xe9, 0x00, 0x00, 0x54, 0x22, 0x00, 0x00, 0xd0,
	0x20, 0x00, 0x00, 0xb0, 0x42, 0x5c, 0x25, 0x91,
	0x00, 0x34, 0x2f, 0x91, 0xc1, 0x64, 0x80, 0x52,
	0xd0, 0xff, 0xff, 0x17, 0xe4, 0x03, 0x18, 0xaa,
	0xe2, 0x03, 0x16, 0xaa, 0xe0, 0x03, 0x14, 0xaa,
	0x03, 0x00, 0x80, 0xd2, 0x01, 0x00, 0x80, 0x52,
	0x38, 0xfd, 0xff, 0x97, 0xf8, 0x03, 0x00, 0x2a,
	0x60, 0x01, 0x00, 0x34, 0x24, 0x00, 0x00, 0xb0,
	0x84, 0x84, 0x2f, 0x91, 0x23, 0x00, 0x80, 0x52,
	0x22, 0x00, 0x80, 0x52, 0x21, 0x65, 0x80, 0x52,
	0x20, 0x00, 0x00, 0xd0, 0x00, 0x5c, 0x25, 0x91,
	0xa3, 0x15, 0x00, 0x94, 0xe0, 0x03, 0x18, 0x2a,
	0x25, 0x00, 0x00, 0x14, 0xb8, 0x12, 0x40, 0xa9,
	0x60, 0x06, 0x40, 0xf9, 0xba, 0x0a, 0x40, 0xf9,
	0x84, 0x00, 0x00, 0x8b, 0x60, 0x0e, 0x40, 0xf9,
	0x1f, 0x03, 0x00, 0xeb, 0xa2, 0x01, 0x00, 0x54,
	0x61, 0x0a, 0x40, 0xf9, 0x19, 0x00, 0x18, 0xcb,
	0x3f, 0x03, 0x1a, 0xeb, 0x39, 0x93, 0x9a, 0x9a,
	0x21, 0x00, 0x00, 0xcb, 0x21, 0x00, 0x18, 0x8b,
	0xe0, 0x03, 0x04, 0xaa, 0xe2, 0x03, 0x19, 0xaa,
	0x5a, 0x03, 0x19, 0xcb, 0xb7, 0xfb, 0xff, 0x97,
	0x18, 0x03, 0x19, 0x8b, 0x04, 0x00, 0x19, 0x8b,
	0xba, 0x02, 0x00, 0xb4, 0x62, 0x02, 0x41, 0xb9,
	0xe3, 0x03, 0x18, 0xaa, 0xe1, 0x03, 0x1a, 0xaa,
	0xe0, 0x03, 0x04, 0xaa, 0x27, 0xfd, 0xff, 0x97,
	0xf9, 0x03, 0x00, 0x2a, 0x60, 0x01, 0x00, 0x34,
	0x24, 0x00, 0x00, 0xb0, 0x23, 0x00, 0x80, 0x52,
	0x84, 0x64, 0x2e, 0x91, 0x22, 0x00, 0x80, 0x52,
	0xc1, 0x4d, 0x80, 0x52, 0x20, 0x00, 0x00, 0xd0,
	0x00, 0x18, 0x25, 0x91, 0x7e, 0x15, 0x00, 0x94,
	0xe0, 0x03, 0x19, 0x2a, 0xdc, 0xfb, 0xff, 0x97,
	0x60, 0x0e, 0x40, 0xf9, 0x00, 0x00, 0x18, 0x8b,
	0x60, 0x0e, 0x00, 0xf9, 0xe0, 0x37, 0x40, 0xf9,
	0x00, 0x00, 0x14, 0x8b, 0x60, 0x0a, 0x00, 0xf9,
	0xb5, 0x1e, 0x40, 0xf9, 0x94, 0xff, 0xff, 0x17,
	0xba, 0x02, 0x40, 0xf9, 0x60, 0x0e, 0x40, 0xf9,
	0xb4, 0x0a, 0x40, 0xf9, 0x1f, 0x00, 0x1a, 0xeb,
	0x89, 0x05, 0x00, 0x54, 0x60, 0x00, 0x14, 0x8b,
	0x1f, 0xfc, 0x3f, 0xf1, 0xa8, 0x04, 0x00, 0x54,
	0x5f, 0x04, 0x40, 0xf1, 0xa9, 0xfe, 0xff, 0x54,
	0x60, 0x0a, 0x40, 0xf9, 0x54, 0xfc, 0x3f, 0x91,
	0x63, 0xfc, 0x3f, 0x91, 0x94, 0xce, 0x74, 0x92,
	0x63, 0xcc, 0x74, 0x92, 0xe0, 0x37, 0x00, 0xf9,
	0x94, 0x02, 0x03, 0xcb, 0x94, 0x06, 0x40, 0xf1,
	0xe1, 0x00, 0x00, 0x54, 0x22, 0x00, 0x00, 0xd0,
	0x20, 0x00, 0x00, 0xb0, 0x42, 0x5c, 0x25, 0x91,
	0x00, 0xb0, 0x2f, 0x91, 0xa1, 0x69, 0x80, 0x52,
	0x78, 0xff, 0xff, 0x17, 0xe2, 0x03, 0x16, 0xaa,
	0xe0, 0x03, 0x14, 0xaa, 0x04, 0x00, 0x80, 0xd2,
	0x03, 0x00, 0x80, 0xd2, 0x01, 0x00, 0x80, 0x52,
	0xe0, 0xfc, 0xff, 0x97, 0xf8, 0x03, 0x00, 0x2a,
	0xe0, 0x00, 0x00, 0x34, 0x24, 0x00, 0x00, 0xb0,
	0x23, 0x00, 0x80, 0x52, 0x84, 0x84, 0x2f, 0x91,
	0x22, 0x00, 0x80, 0x52, 0x21, 0x6a, 0x80, 0x52,
	0xa8, 0xff, 0xff, 0x17, 0xe0, 0x37, 0x40, 0xf9,
	0x00, 0xfc, 0x3f, 0x91, 0x00, 0x00, 0x14, 0x8b,
	0x00, 0xcc, 0x74, 0x92, 0xd2, 0xff, 0xff, 0x17,
	0x63, 0x04, 0x40, 0x91, 0x94, 0x06, 0x40, 0xd1,
	0x39, 0x07, 0x40, 0xd1, 0x5a, 0x07, 0x40, 0x91,
	0x60, 0x06, 0x40, 0xf9, 0xa0, 0x02, 0x00, 0xb5,
	0xff, 0x37, 0x00, 0xf9, 0x83, 0xfd, 0xff, 0x97,
	0xf7, 0x03, 0x00, 0xaa, 0xa0, 0x12, 0x40, 0xf9,
	0x01, 0x04, 0x01, 0x53, 0x1c, 0x00, 0x00, 0x13,
	0x21, 0x04, 0x00, 0x11, 0x9c, 0x03, 0x1e, 0x12,
	0x9c, 0x03, 0x01, 0x2a, 0xe0, 0x01, 0x10, 0x37,
	0x24, 0x00, 0x00, 0xb0, 0x23, 0x00, 0x80, 0x52,
	0x84, 0xd8, 0x2f, 0x91, 0x22, 0x00, 0x80, 0x52,
	0x21, 0x6e, 0x80, 0x52, 0x20, 0x00, 0x00, 0xd0,
	0x00, 0x5c, 0x25, 0x91, 0x30, 0x15, 0x00, 0x94,
	0xa0, 0xfe, 0x9f, 0x12, 0xb2, 0xff, 0xff, 0x17,
	0x00, 0x00, 0x03, 0x8b, 0x17, 0x00, 0x80, 0xd2,
	0xe0, 0x37, 0x00, 0xf9, 0xec, 0xff, 0xff, 0x17,
	0x7c, 0x05, 0x08, 0x36, 0xe4, 0x03, 0x18, 0xaa,
	0xe3, 0x03, 0x17, 0xaa, 0xe2, 0x03, 0x16, 0xaa,
	0xe0, 0x03, 0x19, 0xaa, 0x01, 0x00, 0x80, 0x52,
	0xae, 0xfc, 0xff, 0x97, 0xff, 0x02, 0x00, 0xf1,
	0xfb, 0x03, 0x00, 0x2a, 0x60, 0xfe, 0x9f, 0x12,
	0x60, 0x13, 0x40, 0x7a, 0x01, 0x01, 0x00, 0x54,
	0xe4, 0x03, 0x18, 0xaa, 0xe2, 0x03, 0x16, 0xaa,
	0xe0, 0x03, 0x19, 0xaa, 0x03, 0x00, 0x80, 0xd2,
	0x01, 0x00, 0x80, 0x52, 0xa3, 0xfc, 0xff, 0x97,
	0xfb, 0x03, 0x00, 0x2a, 0x7b, 0x01, 0x00, 0x34,
	0x24, 0x00, 0x00, 0xb0, 0x84, 0x84, 0x2f, 0x91,
	0x23, 0x00, 0x80, 0x52, 0x22, 0x00, 0x80, 0x52,
	0x41, 0x6f, 0x80, 0x52, 0x20, 0x00, 0x00, 0xd0,
	0x00, 0x5c, 0x25, 0x91, 0x0e, 0x15, 0x00, 0x94,
	0xe0, 0x03, 0x1b, 0x2a, 0x90, 0xff, 0xff, 0x17,
	0xe0, 0x37, 0x40, 0xf9, 0xe3, 0x03, 0x1a, 0xaa,
	0x62, 0x02, 0x41, 0xb9, 0xe1, 0x03, 0x14, 0xaa,
	0xa6, 0xfc, 0xff, 0x97, 0xf8, 0x03, 0x00, 0x2a,
	0x00, 0x06, 0x00, 0x34, 0x24, 0x00, 0x00, 0xb0,
	0x23, 0x00, 0x80, 0x52, 0x84, 0x64, 0x2e, 0x91,
	0x22, 0x00, 0x80, 0x52, 0xc1, 0x6f, 0x80, 0x52,
	0x5a, 0xff, 0xff, 0x17, 0x9f, 0x02, 0x19, 0xeb,
	0x60, 0x01, 0x00, 0x54, 0x24, 0x00, 0x00, 0xb0,
	0x23, 0x00, 0x80, 0x52, 0x84, 0x3c, 0x30, 0x91,
	0x22, 0x00, 0x80, 0x52, 0x21, 0x70, 0x80, 0x52,
	0x20, 0x00, 0x00, 0xd0, 0x00, 0x5c, 0x25, 0x91,
	0xf5, 0x14, 0x00, 0x94, 0x40, 0xff, 0x9f, 0x12,
	0x77, 0xff, 0xff, 0x17, 0x63, 0x02, 0x41, 0xb9,
	0xe6, 0x03, 0x18, 0xaa, 0xe5, 0x03, 0x17, 0xaa,
	0xe4, 0x03, 0x1a, 0xaa, 0xe2, 0x03, 0x1c, 0x2a,
	0xe1, 0x03, 0x14, 0xaa, 0xe0, 0x03, 0x16, 0xaa,
	0x83, 0xfc, 0xff, 0x97, 0xfb, 0x03, 0x00, 0x2a,
	0xff, 0x02, 0x00, 0xf1, 0x60, 0xfe, 0x9f, 0x12,
	0x60, 0x13, 0x40, 0x7a, 0x41, 0x01, 0x00, 0x54,
	0x63, 0x02, 0x41, 0xb9, 0xe6, 0x03, 0x18, 0xaa,
	0xe4, 0x03, 0x1a, 0xaa, 0xe2, 0x03, 0x1c, 0x2a,
	0xe1, 0x03, 0x14, 0xaa, 0xe0, 0x03, 0x16, 0xaa,
	0x05, 0x00, 0x80, 0xd2, 0x76, 0xfc, 0xff, 0x97,
	0xfb, 0x03, 0x00, 0x2a, 0xfb, 0x00, 0x00, 0x34,
	0x24, 0x00, 0x00, 0xb0, 0x23, 0x00, 0x80, 0x52,
	0x84, 0x7c, 0x29, 0x91, 0x22, 0x00, 0x80, 0x52,
	0x81, 0x71, 0x80, 0x52, 0xc6, 0xff, 0xff, 0x17,
	0x60, 0x06, 0x40, 0xf9, 0xe1, 0x37, 0x40, 0xf9,
	0x40, 0x00, 0x00, 0xb5, 0x61, 0x06, 0x00, 0xf9,
	0x60, 0x0e, 0x40, 0xf9, 0x21, 0xfc, 0x3f, 0x91,
	0x21, 0x00, 0x19, 0x8b, 0x21, 0xcc, 0x74, 0x92,
	0x00, 0x00, 0x14, 0x8b, 0x61, 0x02, 0x01, 0xa9,
	0x56, 0xff, 0xff, 0x17, 0xfd, 0x7b, 0xbb, 0xa9,
	0xfd, 0x03, 0x00, 0x91, 0xf3, 0x53, 0x01, 0xa9,
	0xf3, 0x03, 0x00, 0xaa, 0x14, 0x28, 0x40, 0xf9,
	0xf5, 0x5b, 0x02, 0xa9, 0x00, 0x04, 0x40, 0x39,
	0xf7, 0x1b, 0x00, 0xf9, 0x15, 0x00, 0x80, 0xd2,
	0x00, 0x02, 0x00, 0x37, 0x60, 0x42, 0x40, 0xb9,
	0xbf, 0x02, 0x00, 0xeb, 0x42, 0x02, 0x00, 0x54,
	0x80, 0x02, 0x40, 0xb9, 0x1f, 0x04, 0x00, 0x71,
	0x01, 0x0a, 0x00, 0x54, 0x81, 0x8a, 0x40, 0xa9,
	0xe0, 0x03, 0x13, 0xaa, 0x83, 0x12, 0x42, 0xa9,
	0x86, 0x1a, 0x40, 0xf9, 0x85, 0x06, 0x40, 0xb9,
	0xc3, 0xfc, 0xff, 0x97, 0xb5, 0x06, 0x00, 0x91,
	0x94, 0xe2, 0x00, 0x91, 0xf2, 0xff, 0xff, 0x17,
	0x36, 0x00, 0x80, 0x52, 0x16, 0x00, 0xae, 0x72,
	0x60, 0x42, 0x40, 0xb9, 0xbf, 0x02, 0x00, 0xeb,
	0xc3, 0x03, 0x00, 0x54, 0x64, 0x52, 0x40, 0xf9,
	0x03, 0x00, 0x80, 0xd2, 0xe0, 0x03, 0x04, 0xaa,
	0xe0, 0x08, 0x00, 0xb5, 0xa4, 0x00, 0x00, 0xb4,
	0x80, 0x1c, 0x40, 0xf9, 0x75, 0x04, 0x00, 0xd1,
	0x36, 0x00, 0x80, 0x52, 0xc0, 0x11, 0x00, 0xb5,
	0x60, 0x52, 0x40, 0xf9, 0x00, 0x00, 0x40, 0xf9,
	0x1f, 0xfc, 0x3f, 0xf1, 0x68, 0x20, 0x00, 0x54,
	0x60, 0xd6, 0x40, 0xa9, 0xb5, 0x02, 0x00, 0xcb,
	0x60, 0x56, 0x40, 0xf9, 0x00, 0x04, 0x40, 0xf9,
	0x16, 0x00, 0x40, 0xf9, 0xff, 0x27, 0x00, 0xf9,
	0xdc, 0xfc, 0xff, 0x97, 0xe3, 0x03, 0x00, 0xaa,
	0x60, 0x02, 0x40, 0x39, 0xc0, 0x19, 0x00, 0x36,
	0x22, 0x00, 0x00, 0xd0, 0x20, 0x00, 0x00, 0xb0,
	0x42, 0x34, 0x24, 0x91, 0x00, 0x2c, 0x2e, 0x91,
	0xe1, 0x7e, 0x80, 0x52, 0x20, 0x00, 0x00, 0x14,
	0x80, 0x02, 0x40, 0xb9, 0x1f, 0x04, 0x00, 0x71,
	0x21, 0x01, 0x00, 0x54, 0x81, 0x8a, 0x40, 0x29,
	0xe0, 0x03, 0x13, 0xaa, 0x83, 0x12, 0x42, 0x29,
	0x85, 0x1a, 0x43, 0x29, 0x96, 0xfc, 0xff, 0x97,
	0xb5, 0x06, 0x00, 0x91, 0x94, 0x82, 0x00, 0x91,
	0xd6, 0xff, 0xff, 0x17, 0x1f, 0x00, 0x16, 0x6b,
	0xc1, 0x00, 0x00, 0x54, 0x80, 0x0a, 0x40, 0xb9,
	0x60, 0x5a, 0x00, 0xf9, 0x80, 0x12, 0x40, 0xb9,
	0x60, 0x5e, 0x00, 0xf9, 0xf7, 0xff, 0xff, 0x17,
	0x1f, 0x1c, 0x00, 0x71, 0xa1, 0xfe, 0xff, 0x54,
	0x62, 0x02, 0x40, 0x39, 0x21, 0x00, 0x00, 0xf0,
	0x20, 0xa8, 0x40, 0xf9, 0x22, 0x01, 0x00, 0x36,
	0x1f, 0x04, 0x00, 0xf1, 0xe0, 0x00, 0x00, 0x54,
	0x22, 0x00, 0x00, 0xd0, 0x20, 0x00, 0x00, 0xb0,
	0x42, 0xec, 0x23, 0x91, 0x00, 0xa4, 0x30, 0x91,
	0x21, 0x07, 0x80, 0x52, 0xe1, 0xfd, 0xff, 0x97,
	0x02, 0x04, 0x00, 0x91, 0x22, 0xa8, 0x00, 0xf9,
	0x60, 0x62, 0x00, 0xf9, 0xe5, 0xff, 0xff, 0x17,
	0x1f, 0x1c, 0x00, 0x71, 0xc1, 0xf6, 0xff, 0x54,
	0x80, 0x0a, 0x40, 0xf9, 0x60, 0x66, 0x00, 0xf9,
	0x80, 0x12, 0x40, 0xf9, 0x60, 0x6a, 0x00, 0xf9,
	0x80, 0x16, 0x40, 0xf9, 0x60, 0x6e, 0x00, 0xf9,
	0xaf, 0xff, 0xff, 0x17, 0x05, 0x14, 0x40, 0xf9,
	0xbf, 0xfc, 0x3f, 0xf1, 0xe8, 0x00, 0x00, 0x54,
	0x22, 0x00, 0x00, 0xd0, 0x20, 0x00, 0x00, 0xb0,
	0x42, 0x7c, 0x23, 0x91, 0x00, 0xf8, 0x30, 0x91,
	0xe1, 0x4f, 0x80, 0x52, 0xea, 0xff, 0xff, 0x17,
	0x02, 0x04, 0x40, 0xf9, 0x01, 0x0c, 0x40, 0xf9,
	0x46, 0x00, 0x01, 0xab, 0x42, 0x01, 0x00, 0x54,
	0x06, 0x08, 0x40, 0xf9, 0x3f, 0x00, 0x06, 0xeb,
	0xa2, 0x01, 0x00, 0x54, 0x22, 0x00, 0x00, 0xd0,
	0x20, 0x00, 0x00, 0xb0, 0x42, 0x7c, 0x23, 0x91,
	0x00, 0x28, 0x32, 0x91, 0x21, 0x50, 0x80, 0x52,
	0xdd, 0xff, 0xff, 0x17, 0x22, 0x00, 0x00, 0xd0,
	0x20, 0x00, 0x00, 0xb0, 0x42, 0x7c, 0x23, 0x91,
	0x00, 0x70, 0x31, 0x91, 0x01, 0x50, 0x80, 0x52,
	0xd7, 0xff, 0xff, 0x17, 0x07, 0x00, 0x40, 0xf9,
	0x41, 0x00, 0x07, 0xca, 0x3f, 0x2c, 0x40, 0xf2,
	0xe0, 0x00, 0x00, 0x54, 0x22, 0x00, 0x00, 0xd0,
	0x20, 0x00, 0x00, 0xb0, 0x42, 0x7c, 0x23, 0x91,
	0x00, 0x90, 0x32, 0x91, 0x41, 0x50, 0x80, 0x52,
	0xcd, 0xff, 0xff, 0x17, 0x01, 0x20, 0x40, 0xf9,
	0x21, 0x04, 0x40, 0xf9, 0x21, 0x00, 0x40, 0xf9,
	0xe1, 0x02, 0x00, 0xb4, 0x26, 0x04, 0x40, 0xf9,
	0x28, 0x0c, 0x40, 0xf9, 0xc6, 0x00, 0x08, 0x8b,
	0x5f, 0x00, 0x06, 0xeb, 0xe2, 0x00, 0x00, 0x54,
	0x22, 0x00, 0x00, 0xd0, 0x20, 0x00, 0x00, 0xb0,
	0x42, 0x7c, 0x23, 0x91, 0x00, 0x98, 0x33, 0x91,
	0xe1, 0x50, 0x80, 0x52, 0xbe, 0xff, 0xff, 0x17,
	0x22, 0x00, 0x40, 0xf9, 0x21, 0x08, 0x40, 0xf9,
	0x41, 0x00, 0x01, 0x8b, 0xff, 0x00, 0x01, 0xeb,
	0xe2, 0x00, 0x00, 0x54, 0x22, 0x00, 0x00, 0xd0,
	0x20, 0x00, 0x00, 0xb0, 0x42, 0x7c, 0x23, 0x91,
	0x00, 0x58, 0x34, 0x91, 0x01, 0x51, 0x80, 0x52,
	0xb3, 0xff, 0xff, 0x17, 0x23, 0x01, 0x00, 0xb4,
	0xbf, 0x00, 0x03, 0xeb, 0xe0, 0x00, 0x00, 0x54,
	0x22, 0x00, 0x00, 0xd0, 0x20, 0x00, 0x00, 0xb0,
	0x42, 0x7c, 0x23, 0x91, 0x00, 0x24, 0x35, 0x91,
	0xa1, 0x51, 0x80, 0x52, 0xaa, 0xff, 0xff, 0x17,
	0x00, 0x1c, 0x40, 0xf9, 0xe3, 0x03, 0x05, 0xaa,
	0x6e, 0xff, 0xff, 0x17, 0x04, 0x20, 0x40, 0xf9,
	0x02, 0x00, 0x40, 0xf9, 0x81, 0x04, 0x40, 0xf9,
	0x34, 0x00, 0x40, 0xf9, 0x01, 0x04, 0x40, 0xf9,
	0x85, 0x06, 0x40, 0xf9, 0x23, 0xcc, 0x74, 0x92,
	0x86, 0x0e, 0x40, 0xf9, 0xa7, 0x00, 0x06, 0x8b,
	0xff, 0x00, 0x03, 0xeb, 0x29, 0x05, 0x00, 0x54,
	0x22, 0x00, 0x02, 0xca, 0x5f, 0x00, 0x15, 0xea,
	0xe0, 0x00, 0x00, 0x54, 0x22, 0x00, 0x00, 0xd0,
	0x20, 0x00, 0x00, 0xb0, 0x42, 0x7c, 0x23, 0x91,
	0x00, 0x74, 0x35, 0x91, 0x21, 0x55, 0x80, 0x52,
	0x93, 0xff, 0xff, 0x17, 0x82, 0x0a, 0x40, 0xf9,
	0xdf, 0x00, 0x02, 0xeb, 0xe0, 0x00, 0x00, 0x54,
	0x22, 0x00, 0x00, 0xd0, 0x20, 0x00, 0x00, 0xb0,
	0x42, 0x7c, 0x23, 0x91, 0x00, 0x24, 0x36, 0x91,
	0x41, 0x55, 0x80, 0x52, 0x8a, 0xff, 0xff, 0x17,
	0x02, 0x08, 0x40, 0xf9, 0x22, 0x00, 0x02, 0x8b,
	0x42, 0x00, 0x05, 0xcb, 0x82, 0x0a, 0x00, 0xf9,
	0x02, 0x0c, 0x40, 0xf9, 0x21, 0x00, 0x02, 0x8b,
	0x21, 0x00, 0x05, 0xcb, 0x02, 0x10, 0x40, 0xf9,
	0x81, 0x0e, 0x00, 0xf9, 0x81, 0x12, 0x40, 0xf9,
	0x21, 0x00, 0x02, 0xaa, 0x81, 0x12, 0x00, 0xf9,
	0x01, 0x1c, 0x40, 0xf9, 0xe1, 0x00, 0x00, 0xb4,
	0x24, 0x20, 0x00, 0xf9, 0x02, 0x20, 0x40, 0xf9,
	0x41, 0x00, 0x00, 0xf9, 0xb1, 0x0f, 0x00, 0x94,
	0x80, 0x1e, 0x40, 0xf9, 0x42, 0xff, 0xff, 0x17,
	0x64, 0x56, 0x00, 0xf9, 0xfa, 0xff, 0xff, 0x17,
	0x44, 0xcc, 0x74, 0x92, 0xbf, 0x02, 0x02, 0xea,
	0xe0, 0x01, 0x00, 0x54, 0x82, 0x02, 0x40, 0xf9,
	0x85, 0x0a, 0x40, 0xf9, 0x42, 0x00, 0x05, 0x8b,
	0x5f, 0x00, 0x04, 0xeb, 0x49, 0x01, 0x00, 0x54,
	0x02, 0x10, 0x40, 0xf9, 0xe2, 0x00, 0x08, 0x37,
	0x22, 0x00, 0x00, 0xd0, 0x20, 0x00, 0x00, 0xb0,
	0x42, 0x7c, 0x23, 0x91, 0x00, 0xb4, 0x36, 0x91,
	0x41, 0x58, 0x80, 0x52, 0x64, 0xff, 0xff, 0x17,
	0x16, 0xc0, 0x00, 0x39, 0x02, 0x08, 0x40, 0xf9,
	0x21, 0x00, 0x03, 0xcb, 0x04, 0x0c, 0x00, 0xa9,
	0x42, 0x00, 0x01, 0x8b, 0x02, 0x08, 0x00, 0xf9,
	0x02, 0x0c, 0x40, 0xf9, 0x41, 0x00, 0x01, 0x8b,
	0x01, 0x0c, 0x00, 0xf9, 0x00, 0x1c, 0x40, 0xf9,
	0x25, 0xff, 0xff, 0x17, 0xc4, 0x06, 0x40, 0xf9,
	0xf7, 0x23, 0x01, 0x91, 0xc0, 0x0e, 0x40, 0xf9,
	0xe2, 0x03, 0x15, 0xaa, 0xe1, 0x03, 0x17, 0xaa,
	0x84, 0x00, 0x00, 0x8b, 0x60, 0x06, 0x40, 0xf9,
	0x84, 0xfc, 0x3f, 0x91, 0x84, 0xcc, 0x74, 0x92,
	0x65, 0xfb, 0xff, 0x97, 0xf4, 0x03, 0x00, 0x2a,
	0x60, 0xfe, 0x9f, 0x12, 0x9f, 0x02, 0x00, 0x6b,
	0x81, 0x01, 0x00, 0x54, 0xc4, 0x06, 0x40, 0xf9,
	0xe2, 0x03, 0x15, 0xaa, 0xc0, 0x0e, 0x40, 0xf9,
	0xe1, 0x03, 0x17, 0xaa, 0x03, 0x00, 0x80, 0xd2,
	0x84, 0x00, 0x00, 0x8b, 0x60, 0x06, 0x40, 0xf9,
	0x84, 0xfc, 0x3f, 0x91, 0x84, 0xcc, 0x74, 0x92,
	0x57, 0xfb, 0xff, 0x97, 0xf4, 0x03, 0x00, 0x2a,
	0x74, 0x01, 0x00, 0x34, 0x24, 0x00, 0x00, 0xb0,
	0x84, 0xfc, 0x36, 0x91, 0x23, 0x00, 0x80, 0x52,
	0x22, 0x00, 0x80, 0x52, 0x81, 0x80, 0x80, 0x52,
	0x20, 0x00, 0x00, 0xd0, 0x00, 0x34, 0x24, 0x91,
	0xa7, 0x13, 0x00, 0x94, 0xe0, 0x03, 0x14, 0x2a,
	0x05, 0xfa, 0xff, 0x97, 0x61, 0x1a, 0x40, 0xf9,
	0xe0, 0x27, 0x40, 0xf9, 0x60, 0x12, 0x00, 0xf9,
	0xb5, 0x02, 0x00, 0x8b, 0x60, 0xd6, 0x00, 0xa9,
	0x20, 0x00, 0x00, 0x8b, 0x60, 0x2a, 0x00, 0xf9,
	0xf3, 0x53, 0x41, 0xa9, 0xf5, 0x5b, 0x42, 0xa9,
	0xf7, 0x1b, 0x40, 0xf9, 0xfd, 0x7b, 0xc5, 0xa8,
	0xc0, 0x03, 0x5f, 0xd6, 0x24, 0x00, 0x40, 0xf9,
	0x45, 0x00, 0x40, 0xf9, 0x9f, 0x00, 0x00, 0xf1,
	0xe7, 0x07, 0x9f, 0x1a, 0xbf, 0x00, 0x00, 0xf1,
	0xe6, 0x07, 0x9f, 0x1a, 0xff, 0x00, 0x06, 0x6b,
	0x20, 0x01, 0x00, 0x54, 0xfd, 0x7b, 0xbf, 0xa9,
	0x22, 0x00, 0x00, 0xd0, 0x20, 0x00, 0x00, 0xb0,
	0xfd, 0x03, 0x00, 0x91, 0x42, 0x8c, 0x1e, 0x91,
	0x00, 0x24, 0x37, 0x91, 0x81, 0xb2, 0x80, 0x52,
	0xfa, 0xfc, 0xff, 0x97, 0xc5, 0x00, 0x00, 0xb4,
	0xa5, 0x1c, 0x40, 0xf9, 0x85, 0x00, 0x00, 0xb4,
	0x45, 0x00, 0x00, 0xf9, 0x20, 0x00, 0x80, 0x52,
	0xc0, 0x03, 0x5f, 0xd6, 0xa4, 0x01, 0x00, 0xb4,
	0x87, 0x04, 0x40, 0xf9, 0x06, 0x00, 0x80, 0xd2,
	0x04, 0x00, 0x40, 0xf9, 0x05, 0x00, 0x80, 0xd2,
	0x00, 0x00, 0x80, 0xd2, 0x24, 0x01, 0x00, 0xb5,
	0xc0, 0x02, 0x00, 0xb4, 0x20, 0x00, 0x00, 0xf9,
	0x00, 0x50, 0x40, 0xf9, 0x40, 0x00, 0x00, 0xf9,
	0x65, 0x00, 0x00, 0xf9, 0xf2, 0xff, 0xff, 0x17,
	0x07, 0x00, 0x80, 0xd2, 0xf4, 0xff, 0xff, 0x17,
	0x88, 0x04, 0x40, 0xf9, 0x1f, 0x01, 0x07, 0xeb,
	0xc9, 0x00, 0x00, 0x54, 0x00, 0x01, 0x00, 0xb4,
	0x09, 0x04, 0x40, 0xf9, 0x1f, 0x01, 0x09, 0xeb,
	0xa5, 0x20, 0x86, 0x9a, 0x00, 0x20, 0x84, 0x9a,
	0x84, 0x90, 0x40, 0xf9, 0xc6, 0x04, 0x00, 0x91,
	0xed, 0xff, 0xff, 0x17, 0xe5, 0x03, 0x06, 0xaa,
	0xe0, 0x03, 0x04, 0xaa, 0xfb, 0xff, 0xff, 0x17,
	0x00, 0x00, 0x80, 0x52, 0xc0, 0x03, 0x5f, 0xd6,
	0x05, 0x04, 0x40, 0x39, 0x00, 0x04, 0x40, 0xf9,
	0x21, 0x00, 0x00, 0x8b, 0x05, 0x01, 0x00, 0x36,
	0x40, 0xf0, 0x7d, 0xd3, 0x22, 0x0c, 0x02, 0x8b,
	0x20, 0x68, 0x60, 0xb8, 0x60, 0x00, 0x00, 0xb9,
	0x40, 0x04, 0x40, 0xb9, 0x80, 0x00, 0x00, 0xf9,
	0xc0, 0x03, 0x5f, 0xd6, 0x40, 0xec, 0x7c, 0xd3,
	0x22, 0x10, 0x02, 0x8b, 0x20, 0x68, 0x60, 0xf8,
	0x60, 0x00, 0x00, 0xb9, 0x40, 0x04, 0x40, 0xf9,
	0xf9, 0xff, 0xff, 0x17, 0xfd, 0x7b, 0xbe, 0xa9,
	0xfd, 0x03, 0x00, 0x91, 0xff, 0x17, 0x00, 0xb9,
	0xff, 0x0f, 0x00, 0xf9, 0x3f, 0x08, 0x00, 0x71,
	0x01, 0x06, 0x00, 0x54, 0xe7, 0x03, 0x00, 0xaa,
	0x00, 0x04, 0x40, 0x39, 0x06, 0x02, 0x80, 0xd2,
	0x08, 0x00, 0x80, 0xd2, 0x1f, 0x00, 0x40, 0xf2,
	0x00, 0x01, 0x80, 0xd2, 0xc6, 0x00, 0x80, 0x9a,
	0x6a, 0x08, 0xc6, 0x9a, 0x46, 0x8d, 0x06, 0x9b,
	0x06, 0x01, 0x00, 0xb5, 0xe9, 0x03, 0x02, 0xaa,
	0xe4, 0x63, 0x00, 0x91, 0xe3, 0x53, 0x00, 0x91,
	0x1f, 0x01, 0x0a, 0xeb, 0x21, 0x01, 0x00, 0x54,
	0x08, 0x00, 0x80, 0xd2, 0x11, 0x00, 0x00, 0x14,
	0x22, 0x00, 0x00, 0xd0, 0x20, 0x00, 0x00, 0xb0,
	0x42, 0x88, 0x20, 0x91, 0x00, 0xf8, 0x37, 0x91,
	0x61, 0x2d, 0x80, 0x52, 0xa7, 0xfc, 0xff, 0x97,
	0xe0, 0x03, 0x07, 0xaa, 0xe2, 0x03, 0x08, 0xaa,
	0xe1, 0x03, 0x09, 0xaa, 0xcf, 0xff, 0xff, 0x97,
	0xe0, 0x17, 0x40, 0xb9, 0x1f, 0x14, 0x00, 0x71,
	0x81, 0x02, 0x00, 0x54, 0xe8, 0x04, 0x40, 0xf9,
	0xe0, 0x0f, 0x40, 0xf9, 0x08, 0x01, 0x00, 0x8b,
	0xe4, 0x63, 0x00, 0x91, 0xe3, 0x53, 0x00, 0x91,
	0xdf, 0x00, 0x0a, 0xeb, 0x60, 0x01, 0x00, 0x54,
	0xe0, 0x03, 0x07, 0xaa, 0xe2, 0x03, 0x06, 0xaa,
	0xe1, 0x03, 0x09, 0xaa, 0xc1, 0xff, 0xff, 0x97,
	0xe0, 0x17, 0x40, 0xb9, 0x1f, 0x38, 0x00, 0x71,
	0x01, 0x01, 0x00, 0x54, 0xe0, 0x0f, 0x40, 0xf9,
	0x08, 0x01, 0x00, 0x8b, 0xe8, 0x4c, 0x00, 0xf9,
	0xfd, 0x7b, 0xc2, 0xa8, 0xc0, 0x03, 0x5f, 0xd6,
	0x08, 0x05, 0x00, 0x91, 0xdb, 0xff, 0xff, 0x17,
	0xc6, 0x04, 0x00, 0x91, 0xef, 0xff, 0xff, 0x17,
	0xfd, 0x7b, 0xbd, 0xa9, 0xfd, 0x03, 0x00, 0x91,
	0x01, 0x44, 0x40, 0xb9, 0xf3, 0x53, 0x01, 0xa9,
	0xf3, 0x03, 0x00, 0xaa, 0xf5, 0x5b, 0x02, 0xa9,
	0x16, 0x2c, 0x40, 0xf9, 0x00, 0x04, 0x40, 0x39,
	0x20, 0x03, 0x00, 0x37, 0xf5, 0x03, 0x16, 0xaa,
	0x00, 0x00, 0x80, 0xd2, 0x1f, 0x00, 0x01, 0xeb,
	0x22, 0x03, 0x00, 0x54, 0xa3, 0x06, 0x40, 0xb9,
	0xa2, 0x02, 0x01, 0x91, 0x7f, 0x2c, 0x00, 0x71,
	0xa1, 0x12, 0x00, 0x54, 0x60, 0x06, 0x40, 0xf9,
	0xa2, 0x0a, 0x40, 0xf9, 0xb4, 0x2a, 0x40, 0xb9,
	0x42, 0x00, 0x00, 0x8b, 0x62, 0x32, 0x00, 0xf9,
	0x5f, 0x08, 0x40, 0xf2, 0xa0, 0x0c, 0x00, 0x54,
	0xe5, 0x03, 0x02, 0xaa, 0x24, 0x00, 0x00, 0xb0,
	0x20, 0x00, 0x00, 0xd0, 0x84, 0x68, 0x3a, 0x91,
	0x00, 0x6c, 0x21, 0x91, 0x23, 0x00, 0x80, 0x52,
	0x22, 0x00, 0x80, 0x52, 0x81, 0x36, 0x80, 0x52,
	0x2c, 0x00, 0x00, 0x14, 0xf4, 0x03, 0x16, 0xaa,
	0x00, 0x00, 0x80, 0xd2, 0x1f, 0x00, 0x01, 0xeb,
	0xa3, 0x02, 0x00, 0x54, 0x61, 0x06, 0x40, 0x39,
	0xc5, 0xfe, 0x9f, 0x52, 0x60, 0x2e, 0x40, 0xf9,
	0x02, 0x00, 0x80, 0xd2, 0x63, 0x46, 0x40, 0xb9,
	0xe5, 0xff, 0xad, 0x72, 0x00, 0x10, 0x00, 0x91,
	0xa1, 0x10, 0x00, 0x37, 0x5f, 0x00, 0x03, 0xeb,
	0xa2, 0x10, 0x00, 0x54, 0x64, 0x06, 0x40, 0xf9,
	0x01, 0xc0, 0x40, 0xf8, 0x21, 0x00, 0x04, 0x8b,
	0x04, 0x00, 0x40, 0xb9, 0x9f, 0x14, 0x00, 0x71,
	0x61, 0x12, 0x00, 0x54, 0x61, 0x42, 0x00, 0xf9,
	0x42, 0x04, 0x00, 0x91, 0x00, 0x00, 0x01, 0x91,
	0xf5, 0xff, 0xff, 0x17, 0x83, 0x06, 0x40, 0xb9,
	0x82, 0xa2, 0x00, 0x91, 0x7f, 0x2c, 0x00, 0x71,
	0xa1, 0x07, 0x00, 0x54, 0x60, 0x06, 0x40, 0xf9,
	0x82, 0x0e, 0x40, 0xb9, 0x95, 0x1a, 0x40, 0xb9,
	0x42, 0x00, 0x00, 0x8b, 0x62, 0x32, 0x00, 0xf9,
	0x5f, 0x04, 0x40, 0xf2, 0x60, 0x01, 0x00, 0x54,
	0x24, 0x00, 0x00, 0xb0, 0x20, 0x00, 0x00, 0xd0,
	0x84, 0x54, 0x38, 0x91, 0x00, 0xac, 0x21, 0x91,
	0xe5, 0x03, 0x02, 0xaa, 0x23, 0x00, 0x80, 0x52,
	0x22, 0x00, 0x80, 0x52, 0x41, 0x33, 0x80, 0x52,
	0xcb, 0x12, 0x00, 0x94, 0x11, 0x00, 0x00, 0x14,
	0x83, 0x16, 0x40, 0xb9, 0xe0, 0x03, 0x13, 0xaa,
	0x21, 0x00, 0x00, 0xb0, 0x21, 0xcc, 0x38, 0x91,
	0x6d, 0xfa, 0xff, 0x97, 0x80, 0x16, 0x40, 0xb9,
	0x1f, 0x0c, 0x40, 0xf2, 0x60, 0x01, 0x00, 0x54,
	0x24, 0x00, 0x00, 0xb0, 0x84, 0xf4, 0x38, 0x91,
	0x23, 0x00, 0x80, 0x52, 0x22, 0x00, 0x80, 0x52,
	0xe1, 0x33, 0x80, 0x52, 0x20, 0x00, 0x00, 0xd0,
	0x00, 0xac, 0x21, 0x91, 0xba, 0x12, 0x00, 0x94,
	0x40, 0xff, 0x9f, 0x12, 0x18, 0xf9, 0xff, 0x97,
	0x00, 0x7c, 0x04, 0x53, 0x60, 0x36, 0x00, 0xf9,
	0x60, 0x46, 0x40, 0xb9, 0xbf, 0x02, 0x00, 0x6b,
	0xe3, 0x00, 0x00, 0x54, 0x24, 0x00, 0x00, 0xb0,
	0x23, 0x00, 0x80, 0x52, 0x84, 0xc4, 0x39, 0x91,
	0x22, 0x00, 0x80, 0x52, 0x81, 0x34, 0x80, 0x52,
	0xf1, 0xff, 0xff, 0x17, 0x00, 0x05, 0x80, 0x52,
	0x21, 0x00, 0x00, 0xb0, 0x21, 0x4c, 0x3a, 0x91,
	0xb5, 0x5a, 0xa0, 0x9b, 0x60, 0x06, 0x40, 0xf9,
	0xa2, 0x0e, 0x40, 0xb9, 0xa3, 0x16, 0x40, 0xb9,
	0x42, 0x00, 0x00, 0x8b, 0x62, 0x3a, 0x00, 0xf9,
	0xe0, 0x03, 0x13, 0xaa, 0x4a, 0xfa, 0xff, 0x97,
	0xa0, 0x16, 0x40, 0xb9, 0x60, 0x3e, 0x00, 0xf9,
	0xad, 0xff, 0xff, 0x17, 0x00, 0x04, 0x00, 0x91,
	0xf4, 0x03, 0x02, 0xaa, 0xa8, 0xff, 0xff, 0x17,
	0xa3, 0x12, 0x40, 0xf9, 0xe0, 0x03, 0x13, 0xaa,
	0x21, 0x00, 0x00, 0xb0, 0x21, 0xf4, 0x3a, 0x91,
	0x3f, 0xfa, 0xff, 0x97, 0xa2, 0x12, 0x40, 0xf9,
	0x00, 0x03, 0x80, 0xd2, 0x41, 0x08, 0xc0, 0x9a,
	0x20, 0x88, 0x00, 0x9b, 0x20, 0x01, 0x00, 0xb4,
	0x24, 0x00, 0x00, 0xb0, 0x84, 0x30, 0x3b, 0x91,
	0x23, 0x00, 0x80, 0x52, 0x22, 0x00, 0x80, 0x52,
	0x41, 0x37, 0x80, 0x52, 0x20, 0x00, 0x00, 0xd0,
	0x00, 0x6c, 0x21, 0x91, 0xd0, 0xff, 0xff, 0x17,
	0x60, 0x46, 0x40, 0xb9, 0x61, 0x36, 0x00, 0xf9,
	0x9f, 0x02, 0x00, 0x6b, 0xe3, 0x00, 0x00, 0x54,
	0x24, 0x00, 0x00, 0xb0, 0x23, 0x00, 0x80, 0x52,
	0x84, 0x14, 0x3c, 0x91, 0x22, 0x00, 0x80, 0x52,
	0xe1, 0x37, 0x80, 0x52, 0xf4, 0xff, 0xff, 0x17,
	0x94, 0x7e, 0x7a, 0xd3, 0x21, 0x00, 0x00, 0xb0,
	0xd4, 0x02, 0x14, 0x8b, 0x21, 0xbc, 0x3c, 0x91,
	0x60, 0x06, 0x40, 0xf9, 0x82, 0x0a, 0x40, 0xf9,
	0x83, 0x12, 0x40, 0xf9, 0x42, 0x00, 0x00, 0x8b,
	0x62, 0x3a, 0x00, 0xf9, 0xe0, 0x03, 0x13, 0xaa,
	0x1d, 0xfa, 0xff, 0x97, 0x80, 0x12, 0x40, 0xf9,
	0xd3, 0xff, 0xff, 0x17, 0x00, 0x04, 0x00, 0x91,
	0xf5, 0x03, 0x02, 0xaa, 0x64, 0xff, 0xff, 0x17,
	0x64, 0x06, 0x40, 0xf9, 0x01, 0x08, 0x40, 0xb9,
	0x21, 0x00, 0x04, 0x8b, 0x04, 0x00, 0x40, 0xb9,
	0x9f, 0x14, 0x00, 0x71, 0x81, 0x02, 0x00, 0x54,
	0x61, 0x42, 0x00, 0xf9, 0x42, 0x04, 0x00, 0x91,
	0x00, 0xa0, 0x00, 0x91, 0x5f, 0x00, 0x03, 0xeb,
	0xc3, 0xfe, 0xff, 0x54, 0x61, 0x42, 0x40, 0xf9,
	0x21, 0x03, 0x00, 0xb5, 0x65, 0x46, 0x40, 0xf9,
	0x85, 0x07, 0x00, 0xb4, 0xbf, 0x04, 0x40, 0xf2,
	0xc0, 0x03, 0x00, 0x54, 0x24, 0x00, 0x00, 0xb0,
	0x20, 0x00, 0x00, 0xd0, 0x84, 0xf8, 0x3c, 0x91,
	0x00, 0xec, 0x20, 0x91, 0x23, 0x00, 0x80, 0x52,
	0x22, 0x00, 0x80, 0x52, 0x41, 0x23, 0x80, 0x52,
	0x8c, 0xff, 0xff, 0x17, 0x9f, 0x00, 0x05, 0x6b,
	0xa1, 0xfd, 0xff, 0x54, 0x61, 0x46, 0x00, 0xf9,
	0x01, 0x10, 0x40, 0xb9, 0x61, 0x4a, 0x00, 0xf9,
	0xe9, 0xff, 0xff, 0x17, 0x9f, 0x00, 0x05, 0x6b,
	0xc1, 0xed, 0xff, 0x54, 0x61, 0x46, 0x00, 0xf9,
	0x01, 0xc0, 0x41, 0xf8, 0x61, 0x4a, 0x00, 0xf9,
	0x6a, 0xff, 0xff, 0x17, 0xe0, 0x03, 0x13, 0xaa,
	0x03, 0x00, 0x80, 0xd2, 0x02, 0x00, 0x80, 0xd2,
	0x19, 0xfa, 0xff, 0x97, 0x61, 0x42, 0x40, 0xf9,
	0xe0, 0x03, 0x13, 0xaa, 0x22, 0x0c, 0x40, 0x29,
	0x15, 0xfa, 0xff, 0x97, 0xe0, 0xff, 0xff, 0x17,
	0x62, 0x4a, 0x40, 0xf9, 0x5f, 0x3c, 0x00, 0xf1,
	0x28, 0x01, 0x00, 0x54, 0x24, 0x00, 0x00, 0xb0,
	0x84, 0x78, 0x3d, 0x91, 0x23, 0x00, 0x80, 0x52,
	0x22, 0x00, 0x80, 0x52, 0xc1, 0x23, 0x80, 0x52,
	0x20, 0x00, 0x00, 0xd0, 0x00, 0xec, 0x20, 0x91,
	0x7d, 0xff, 0xff, 0x17, 0xa0, 0x08, 0x40, 0xb9,
	0x63, 0x06, 0x40, 0x39, 0xe1, 0x03, 0x00, 0x2a,
	0x00, 0x78, 0x1f, 0x53, 0x7f, 0x00, 0x40, 0xf2,
	0x00, 0x00, 0x81, 0x9a, 0xa1, 0x00, 0x40, 0xb9,
	0x21, 0x10, 0x00, 0x91, 0x20, 0x00, 0x00, 0x8b,
	0x5f, 0x08, 0x00, 0xeb, 0xe2, 0x00, 0x00, 0x54,
	0x24, 0x00, 0x00, 0xb0, 0x23, 0x00, 0x80, 0x52,
	0x84, 0xd0, 0x3d, 0x91, 0x22, 0x00, 0x80, 0x52,
	0x41, 0x25, 0x80, 0x52, 0xed, 0xff, 0xff, 0x17,
	0x60, 0x06, 0x40, 0x39, 0x15, 0x00, 0x80, 0xd2,
	0x74, 0x2a, 0x40, 0xf9, 0x20, 0x02, 0x00, 0x37,
	0x60, 0x42, 0x40, 0xb9, 0xbf, 0x02, 0x00, 0xeb,
	0x22, 0x02, 0x00, 0x54, 0x82, 0x0a, 0x40, 0xf9,
	0xe0, 0x03, 0x13, 0xaa, 0x83, 0x16, 0x40, 0xf9,
	0xb5, 0x06, 0x00, 0x91, 0x81, 0x86, 0x43, 0xb8,
	0xc7, 0xfe, 0xff, 0x97, 0xf7, 0xff, 0xff, 0x17,
	0x82, 0x0a, 0x40, 0xb9, 0xe0, 0x03, 0x13, 0xaa,
	0x83, 0x16, 0x40, 0xb9, 0xb5, 0x06, 0x00, 0x91,
	0x81, 0x06, 0x42, 0xb8, 0xc0, 0xfe, 0xff, 0x97,
	0x60, 0x42, 0x40, 0xb9, 0xbf, 0x02, 0x00, 0xeb,
	0x03, 0xff, 0xff, 0x54, 0xf3, 0x53, 0x41, 0xa9,
	0xf5, 0x5b, 0x42, 0xa9, 0xfd, 0x7b, 0xc3, 0xa8,
	0xc0, 0x03, 0x5f, 0xd6, 0xfd, 0x7b, 0xba, 0xa9,
	0xfd, 0x03, 0x00, 0x91, 0xf3, 0x53, 0x01, 0xa9,
	0xf3, 0x03, 0x00, 0xaa, 0xf4, 0x03, 0x01, 0xaa,
	0xf5, 0x5b, 0x02, 0xa9, 0xf5, 0x03, 0x03, 0xaa,
	0xf6, 0x03, 0x04, 0xaa, 0xf7, 0x63, 0x03, 0xa9,
	0xf8, 0x03, 0x06, 0xaa, 0xf7, 0x03, 0x05, 0xaa,
	0xf9, 0x23, 0x00, 0xf9, 0xf9, 0x03, 0x02, 0xaa,
	0xff, 0x57, 0x00, 0xb9, 0x51, 0xfb, 0xff, 0x97,
	0x60, 0x06, 0x40, 0x39, 0x08, 0x01, 0x80, 0xd2,
	0x07, 0x02, 0x80, 0xd2, 0x00, 0x00, 0x00, 0x72,
	0xe7, 0x00, 0x88, 0x9a, 0x80, 0x00, 0x80, 0xd2,
	0x08, 0x01, 0x80, 0x9a, 0x26, 0x0b, 0xc7, 0x9a,
	0xc7, 0xe4, 0x07, 0x9b, 0x67, 0x01, 0x00, 0xb5,
	0xe4, 0x63, 0x01, 0x91, 0xe3, 0x53, 0x01, 0x91,
	0xdf, 0x00, 0x07, 0xeb, 0xa1, 0x01, 0x00, 0x54,
	0xf3, 0x53, 0x41, 0xa9, 0xf5, 0x5b, 0x42, 0xa9,
	0xf7, 0x63, 0x43, 0xa9, 0xf9, 0x23, 0x40, 0xf9,
	0xfd, 0x7b, 0xc6, 0xa8, 0xc0, 0x03, 0x5f, 0xd6,
	0x22, 0x00, 0x00, 0xb0, 0x20, 0x00, 0x00, 0x90,
	0x42, 0x94, 0x1d, 0x91, 0x00, 0xf8, 0x37, 0x91,
	0x81, 0xd0, 0x80, 0x52, 0x53, 0xfb, 0xff, 0x97,
	0xe0, 0x03, 0x13, 0xaa, 0xe2, 0x03, 0x07, 0xaa,
	0xe1, 0x03, 0x14, 0xaa, 0x7b, 0xfe, 0xff, 0x97,
	0xe0, 0x57, 0x40, 0xb9, 0x1f, 0x64, 0x00, 0x71,
	0xe1, 0x00, 0x00, 0x54, 0x60, 0x06, 0x40, 0xf9,
	0xe1, 0x2f, 0x40, 0xf9, 0x00, 0x00, 0x01, 0x8b,
	0xa0, 0x02, 0x00, 0xf9, 0xe7, 0x04, 0x00, 0x91,
	0xe6, 0xff, 0xff, 0x17, 0x1f, 0x68, 0x00, 0x71,
	0xc1, 0x00, 0x00, 0x54, 0x60, 0x06, 0x40, 0xf9,
	0xe1, 0x2f, 0x40, 0xf9, 0x00, 0x00, 0x01, 0x8b,
	0xe0, 0x02, 0x00, 0xf9, 0xf8, 0xff, 0xff, 0x17,
	0x1f, 0x6c, 0x00, 0x71, 0xa1, 0x00, 0x00, 0x54,
	0xe0, 0x2f, 0x40, 0xf9, 0x00, 0x08, 0xc8, 0x9a,
	0xc0, 0x02, 0x00, 0xf9, 0xf2, 0xff, 0xff, 0x17,
	0x1f, 0x70, 0x00, 0x71, 0x01, 0xfe, 0xff, 0x54,
	0xe0, 0x2f, 0x40, 0xf9, 0x00, 0x08, 0xc8, 0x9a,
	0x00, 0x03, 0x00, 0xf9, 0xec, 0xff, 0xff, 0x17,
	0xe5, 0x03, 0x03, 0xaa, 0x03, 0x04, 0x40, 0x39,
	0x07, 0x28, 0x40, 0xf9, 0xe6, 0x03, 0x04, 0xaa,
	0x08, 0x40, 0x40, 0xb9, 0xa3, 0x01, 0x00, 0x37,
	0x03, 0x00, 0x80, 0xd2, 0x7f, 0x00, 0x08, 0xeb,
	0xa2, 0x01, 0x00, 0x54, 0xe4, 0x03, 0x07, 0xaa,
	0x89, 0x84, 0x43, 0xb8, 0x3f, 0x09, 0x00, 0x71,
	0xc1, 0x02, 0x00, 0x54, 0xe4, 0x03, 0x02, 0xaa,
	0xe3, 0x03, 0x01, 0xaa, 0xe1, 0x08, 0x40, 0xf9,
	0xe2, 0x14, 0x40, 0xf9, 0x0d, 0x00, 0x00, 0x14,
	0x03, 0x00, 0x80, 0xd2, 0x7f, 0x00, 0x08, 0xeb,
	0x43, 0x00, 0x00, 0x54, 0xc0, 0x03, 0x5f, 0xd6,
	0xe4, 0x03, 0x07, 0xaa, 0x89, 0x04, 0x42, 0xb8,
	0x3f, 0x09, 0x00, 0x71, 0xc1, 0x00, 0x00, 0x54,
	0xe4, 0x03, 0x02, 0xaa, 0xe3, 0x03, 0x01, 0xaa,
	0xe2, 0x14, 0x40, 0xb9, 0xe1, 0x08, 0x40, 0xb9,
	0x99, 0xff, 0xff, 0x17, 0x63, 0x04, 0x00, 0x91,
	0xe7, 0x03, 0x04, 0xaa, 0xf2, 0xff, 0xff, 0x17,
	0x63, 0x04, 0x00, 0x91, 0xe7, 0x03, 0x04, 0xaa,
	0xe3, 0xff, 0xff, 0x17, 0xfd, 0x7b, 0xbe, 0xa9,
	0xfd, 0x03, 0x00, 0x91, 0xf3, 0x53, 0x01, 0xa9,
	0xf4, 0x03, 0x00, 0xaa, 0x20, 0x00, 0x00, 0xd0,
	0x13, 0xb0, 0x40, 0xf9, 0xb3, 0x00, 0x00, 0xb5,
	0xe0, 0x03, 0x13, 0xaa, 0xf3, 0x53, 0x41, 0xa9,
	0xfd, 0x7b, 0xc2, 0xa8, 0xc0, 0x03, 0x5f, 0xd6,
	0x61, 0x42, 0x04, 0x91, 0xe0, 0x03, 0x14, 0xaa,
	0x02, 0x02, 0x80, 0xd2, 0xb8, 0x0d, 0x00, 0x94,
	0x00, 0xff, 0xff, 0x34, 0x73, 0x92, 0x40, 0xf9,
	0xf5, 0xff, 0xff, 0x17, 0xfd, 0x7b, 0xbe, 0xa9,
	0xfd, 0x03, 0x00, 0x91, 0xf3, 0x0b, 0x00, 0xf9,
	0xf3, 0x03, 0x00, 0xaa, 0xea, 0xff, 0xff, 0x97,
	0xc0, 0x01, 0x00, 0xb5, 0xe0, 0x03, 0x13, 0xaa,
	0x77, 0xf9, 0xff, 0x97, 0x80, 0x01, 0x00, 0xb5,
	0x24, 0x00, 0x00, 0x90, 0x84, 0x24, 0x3e, 0x91,
	0x23, 0x00, 0x80, 0x52, 0x22, 0x00, 0x80, 0x52,
	0x81, 0x0a, 0x80, 0x52, 0x20, 0x00, 0x00, 0xb0,
	0x00, 0xcc, 0x25, 0x91, 0x7a, 0x11, 0x00, 0x94,
	0x60, 0xfe, 0x9f, 0x12, 0xd8, 0xf7, 0xff, 0x97,
	0x00, 0x00, 0x80, 0xd2, 0xf3, 0x0b, 0x40, 0xf9,
	0xfd, 0x7b, 0xc2, 0xa8, 0xc0, 0x03, 0x5f, 0xd6,
	0xfd, 0x7b, 0xb7, 0xa9, 0xfd, 0x03, 0x00, 0x91,
	0xf3, 0x53, 0x01, 0xa9, 0xf5, 0x5b, 0x02, 0xa9,
	0xf7, 0x63, 0x03, 0xa9, 0xf9, 0x6b, 0x04, 0xa9,
	0xfb, 0x73, 0x05, 0xa9, 0xff, 0x77, 0x00, 0xb9,
	0xff, 0x3f, 0x00, 0xf9, 0xff, 0x7f, 0x08, 0xa9,
	0x3f, 0x08, 0x00, 0x71, 0x61, 0x05, 0x00, 0x54,
	0xf4, 0x03, 0x00, 0xaa, 0xf6, 0x03, 0x02, 0xaa,
	0xf5, 0x03, 0x03, 0xaa, 0xe2, 0x03, 0x03, 0xaa,
	0xe1, 0x03, 0x16, 0xaa, 0xb7, 0xfa, 0xff, 0x97,
	0x80, 0x06, 0x40, 0x39, 0x13, 0x02, 0x80, 0xd2,
	0x1f, 0x00, 0x40, 0xf2, 0x00, 0x01, 0x80, 0xd2,
	0x73, 0x02, 0x80, 0x9a, 0xb9, 0x0a, 0xd3, 0x9a,
	0x33, 0xd7, 0x13, 0x9b, 0xf3, 0x00, 0x00, 0xb4,
	0x22, 0x00, 0x00, 0xb0, 0x20, 0x00, 0x00, 0x90,
	0x42, 0xc0, 0x22, 0x91, 0x00, 0xf8, 0x37, 0x91,
	0x41, 0x84, 0x80, 0x52, 0xc5, 0xfa, 0xff, 0x97,
	0xe4, 0xe3, 0x01, 0x91, 0xe3, 0xd3, 0x01, 0x91,
	0x18, 0x00, 0x80, 0xd2, 0x06, 0x00, 0x80, 0xd2,
	0x15, 0x00, 0x80, 0xd2, 0xdf, 0x00, 0x19, 0xeb,
	0x80, 0x00, 0x00, 0x54, 0xbf, 0x02, 0x00, 0xf1,
	0x04, 0x1b, 0x40, 0xfa, 0x80, 0x02, 0x00, 0x54,
	0xe0, 0x03, 0x14, 0xaa, 0xe3, 0x03, 0x18, 0xaa,
	0xe2, 0x03, 0x15, 0xaa, 0x21, 0x00, 0x00, 0x90,
	0xfc, 0xd3, 0x01, 0x91, 0x21, 0xbc, 0x3c, 0x91,
	0xfa, 0x03, 0x02, 0x91, 0xea, 0xf8, 0xff, 0x97,
	0xe0, 0xe3, 0x01, 0x91, 0xe0, 0x37, 0x00, 0xf9,
	0x7f, 0x02, 0x19, 0xeb, 0x01, 0x03, 0x00, 0x54,
	0xf3, 0x53, 0x41, 0xa9, 0xf5, 0x5b, 0x42, 0xa9,
	0xf7, 0x63, 0x43, 0xa9, 0xf9, 0x6b, 0x44, 0xa9,
	0xfb, 0x73, 0x45, 0xa9, 0xfd, 0x7b, 0xc9, 0xa8,
	0xc0, 0x03, 0x5f, 0xd6, 0xe0, 0x03, 0x14, 0xaa,
	0xe2, 0x03, 0x06, 0xaa, 0xe1, 0x03, 0x16, 0xaa,
	0xd0, 0xfd, 0xff, 0x97, 0xe0, 0x77, 0x40, 0xb9,
	0x1f, 0x14, 0x00, 0x71, 0xc1, 0x00, 0x00, 0x54,
	0x95, 0x06, 0x40, 0xf9, 0xe0, 0x3f, 0x40, 0xf9,
	0xb5, 0x02, 0x00, 0x8b, 0xc6, 0x04, 0x00, 0x91,
	0xdd, 0xff, 0xff, 0x17, 0x1f, 0x28, 0x00, 0x71,
	0xa1, 0xff, 0xff, 0x54, 0xf8, 0x3f, 0x40, 0xf9,
	0xfb, 0xff, 0xff, 0x17, 0xe4, 0x37, 0x40, 0xf9,
	0xe3, 0x03, 0x1c, 0xaa, 0xe2, 0x03, 0x13, 0xaa,
	0xe1, 0x03, 0x16, 0xaa, 0xe0, 0x03, 0x14, 0xaa,
	0xbe, 0xfd, 0xff, 0x97, 0xf7, 0x77, 0x40, 0xb9,
	0xff, 0x06, 0x00, 0x71, 0xe1, 0x03, 0x00, 0x54,
	0xe1, 0x3f, 0x40, 0xf9, 0x3f, 0x00, 0x18, 0xeb,
	0x63, 0x01, 0x00, 0x54, 0xe3, 0x03, 0x17, 0x2a,
	0xe2, 0x03, 0x17, 0x2a, 0x24, 0x00, 0x00, 0x90,
	0xa1, 0x86, 0x80, 0x52, 0x84, 0x68, 0x3e, 0x91,
	0x20, 0x00, 0x00, 0xb0, 0x00, 0xc0, 0x22, 0x91,
	0x13, 0x11, 0x00, 0x94, 0x40, 0xff, 0x9f, 0x12,
	0x71, 0xf7, 0xff, 0x97, 0xa1, 0x02, 0x01, 0x8b,
	0xe0, 0x03, 0x1a, 0xaa, 0x1b, 0x0a, 0x00, 0x94,
	0xfb, 0x03, 0x00, 0x2a, 0x60, 0x01, 0x00, 0x34,
	0xe3, 0x03, 0x17, 0x2a, 0xe2, 0x03, 0x17, 0x2a,
	0x24, 0x00, 0x00, 0x90, 0x21, 0x87, 0x80, 0x52,
	0x84, 0x08, 0x3f, 0x91, 0x20, 0x00, 0x00, 0xb0,
	0x00, 0xc0, 0x22, 0x91, 0x04, 0x11, 0x00, 0x94,
	0xe0, 0x03, 0x1b, 0x2a, 0xf1, 0xff, 0xff, 0x17,
	0xe0, 0x03, 0x1a, 0xaa, 0x76, 0xff, 0xff, 0x97,
	0x73, 0x06, 0x00, 0x91, 0xbf, 0xff, 0xff, 0x17,
	0xfd, 0x7b, 0xbd, 0xa9, 0xfd, 0x03, 0x00, 0x91,
	0xf3, 0x53, 0x01, 0xa9, 0xf4, 0x03, 0x00, 0xaa,
	0x13, 0x28, 0x40, 0xf9, 0x00, 0x04, 0x40, 0x39,
	0xf5, 0x13, 0x00, 0xf9, 0x15, 0x00, 0x80, 0xd2,
	0x20, 0x02, 0x00, 0x37, 0x80, 0x42, 0x40, 0xb9,
	0x1f, 0x00, 0x15, 0xeb, 0x29, 0x02, 0x00, 0x54,
	0x62, 0x0a, 0x40, 0xf9, 0xe0, 0x03, 0x14, 0xaa,
	0x63, 0x16, 0x40, 0xf9, 0xb5, 0x06, 0x00, 0x91,
	0x61, 0x86, 0x43, 0xb8, 0x79, 0xff, 0xff, 0x97,
	0xf7, 0xff, 0xff, 0x17, 0x62, 0x0a, 0x40, 0xb9,
	0xe0, 0x03, 0x14, 0xaa, 0x63, 0x16, 0x40, 0xb9,
	0xb5, 0x06, 0x00, 0x91, 0x61, 0x06, 0x42, 0xb8,
	0x72, 0xff, 0xff, 0x97, 0x80, 0x42, 0x40, 0xb9,
	0xbf, 0x02, 0x00, 0xeb, 0x03, 0xff, 0xff, 0x54,
	0xf3, 0x53, 0x41, 0xa9, 0xf5, 0x13, 0x40, 0xf9,
	0xfd, 0x7b, 0xc3, 0xa8, 0xc0, 0x03, 0x5f, 0xd6,
	0xfd, 0x7b, 0xb9, 0xa9, 0xfd, 0x03, 0x00, 0x91,
	0xf3, 0x53, 0x01, 0xa9, 0xf5, 0x5b, 0x02, 0xa9,
	0xf6, 0x03, 0x02, 0xaa, 0xf7, 0x63, 0x03, 0xa9,
	0xf8, 0x03, 0x01, 0xaa, 0xf7, 0x03, 0x03, 0xaa,
	0xf9, 0x6b, 0x04, 0xa9, 0x4a, 0xff, 0xff, 0x97,
	0xff, 0x2f, 0x00, 0xf9, 0xe0, 0x00, 0x00, 0xb5,
	0x22, 0x00, 0x00, 0xb0, 0x20, 0x00, 0x00, 0x90,
	0x42, 0xf4, 0x25, 0x91, 0x00, 0x7c, 0x3f, 0x91,
	0x21, 0x9f, 0x80, 0x52, 0x3d, 0xfa, 0xff, 0x97,
	0x21, 0x00, 0x80, 0x52, 0x01, 0x00, 0x00, 0x39,
	0xf3, 0x03, 0x00, 0xaa, 0xff, 0x33, 0x00, 0xf9,
	0x38, 0xf9, 0xff, 0x97, 0xe0, 0x03, 0x13, 0xaa,
	0xfb, 0xfb, 0xff, 0x97, 0xe0, 0x03, 0x13, 0xaa,
	0xd0, 0xfa, 0xff, 0x97, 0xe0, 0x03, 0x13, 0xaa,
	0xc4, 0xff, 0xff, 0x97, 0xe0, 0x03, 0x13, 0xaa,
	0x87, 0xfa, 0xff, 0x97, 0xe0, 0x03, 0x13, 0xaa,
	0xa6, 0xfd, 0xff, 0x97, 0xe0, 0x03, 0x13, 0xaa,
	0xe3, 0xf9, 0xff, 0x97, 0x60, 0x66, 0x40, 0xf9,
	0xe0, 0x00, 0x00, 0xb4, 0x21, 0x00, 0x00, 0xd0,
	0x60, 0x6e, 0x40, 0xf9, 0x22, 0xac, 0x40, 0xf9,
	0x62, 0x72, 0x00, 0xf9, 0x00, 0x00, 0x02, 0x8b,
	0x20, 0xac, 0x00, 0xf9, 0x60, 0x0e, 0x40, 0x39,
	0x60, 0x00, 0x00, 0x36, 0xe0, 0x03, 0x13, 0xaa,
	0xff, 0xf8, 0xff, 0x97, 0x20, 0x00, 0x00, 0x90,
	0xe3, 0x03, 0x13, 0xaa, 0xe1, 0x83, 0x01, 0x91,
	0x00, 0x8c, 0x3f, 0x91, 0x02, 0x00, 0x80, 0xd2,
	0x14, 0x05, 0x00, 0x94, 0xa0, 0x02, 0x00, 0x35,
	0xe0, 0x33, 0x40, 0xf9, 0x60, 0x86, 0x00, 0xf9,
	0x00, 0x0c, 0x40, 0xf9, 0x1f, 0x04, 0x00, 0xb1,
	0xe0, 0x15, 0x00, 0x54, 0x60, 0x12, 0x40, 0xf9,
	0x01, 0x00, 0x82, 0xd2, 0x32, 0xf8, 0xff, 0x97,
	0xf4, 0x03, 0x00, 0x2a, 0xa0, 0x05, 0x00, 0x34,
	0x24, 0x00, 0x00, 0x90, 0x20, 0x00, 0x00, 0xb0,
	0x84, 0xac, 0x3f, 0x91, 0x00, 0x8c, 0x24, 0x91,
	0x23, 0x00, 0x80, 0x52, 0x22, 0x00, 0x80, 0x52,
	0xa1, 0x90, 0x80, 0x52, 0x96, 0x10, 0x00, 0x94,
	0xe0, 0x03, 0x14, 0x2a, 0x1b, 0x00, 0x00, 0x14,
	0x60, 0x06, 0x40, 0xf9, 0xec, 0xff, 0xff, 0x17,
	0x60, 0x06, 0x40, 0xf9, 0x82, 0x06, 0x40, 0xf9,
	0x83, 0xc2, 0x40, 0x39, 0x40, 0x00, 0x00, 0x8b,
	0x81, 0x0e, 0x40, 0xf9, 0x00, 0xcc, 0x74, 0x92,
	0xc3, 0x00, 0x00, 0x36, 0x41, 0x00, 0x01, 0x8b,
	0x42, 0xcc, 0x74, 0x92, 0x21, 0xfc, 0x3f, 0x91,
	0x21, 0xcc, 0x74, 0x92, 0x21, 0x00, 0x02, 0xcb,
	0x17, 0xf8, 0xff, 0x97, 0xf5, 0x03, 0x00, 0x2a,
	0x60, 0x01, 0x00, 0x34, 0x24, 0x00, 0x00, 0x90,
	0x23, 0x00, 0x80, 0x52, 0x84, 0xac, 0x3f, 0x91,
	0x22, 0x00, 0x80, 0x52, 0xa1, 0x92, 0x80, 0x52,
	0x20, 0x00, 0x00, 0xb0, 0x00, 0x8c, 0x24, 0x91,
	0x7b, 0x10, 0x00, 0x94, 0xe0, 0x03, 0x15, 0x2a,
	0xd9, 0xf6, 0xff, 0x97, 0x80, 0x86, 0x43, 0xa9,
	0xe0, 0x03, 0x00, 0xb4, 0x01, 0x20, 0x00, 0xf9,
	0x81, 0x22, 0x40, 0xf9, 0x20, 0x00, 0x00, 0xf9,
	0xe0, 0x03, 0x14, 0xaa, 0x3b, 0x0c, 0x00, 0x94,
	0x74, 0x52, 0x40, 0xf9, 0xf4, 0xfb, 0xff, 0xb5,
	0x60, 0x2e, 0x40, 0xf9, 0x37, 0x0c, 0x00, 0x94,
	0xe2, 0x21, 0x80, 0xd2, 0x01, 0x00, 0x80, 0x52,
	0x60, 0x06, 0x00, 0x91, 0xa1, 0x0c, 0x00, 0x94,
	0x60, 0x82, 0x02, 0x91, 0x60, 0x56, 0x00, 0xf9,
	0x20, 0x00, 0x80, 0x52, 0x60, 0x0a, 0x00, 0x39,
	0xe0, 0x03, 0x13, 0xaa, 0xd5, 0xf8, 0xff, 0x97,
	0xe0, 0x03, 0x13, 0xaa, 0x98, 0xfb, 0xff, 0x97,
	0x60, 0x0a, 0x40, 0x39, 0xff, 0x37, 0x00, 0xf9,
	0x20, 0x01, 0x00, 0x37, 0x22, 0x00, 0x00, 0xb0,
	0x20, 0x00, 0x00, 0x90, 0x42, 0x18, 0x23, 0x91,
	0x00, 0xbc, 0x2e, 0x91, 0x21, 0x5b, 0x80, 0x52,
	0x8d, 0xff, 0xff, 0x17, 0x61, 0x56, 0x00, 0xf9,
	0xe2, 0xff, 0xff, 0x17, 0x74, 0x52, 0x40, 0xf9,
	0xf9, 0xa3, 0x01, 0x91, 0x34, 0x03, 0x00, 0xb5,
	0xe0, 0x03, 0x13, 0xaa, 0x55, 0xff, 0xff, 0x97,
	0xe0, 0x03, 0x13, 0xaa, 0x18, 0xfa, 0xff, 0x97,
	0xe0, 0x03, 0x13, 0xaa, 0x37, 0xfd, 0xff, 0x97,
	0xe0, 0x03, 0x13, 0xaa, 0x74, 0xf9, 0xff, 0x97,
	0x60, 0x06, 0x40, 0xf9, 0x60, 0x86, 0x00, 0xf9,
	0x00, 0x0c, 0x40, 0xf9, 0x1f, 0x04, 0x00, 0xb1,
	0x61, 0x0a, 0x00, 0x54, 0x65, 0x42, 0x04, 0x91,
	0x24, 0x00, 0x00, 0x90, 0x23, 0x00, 0x80, 0x52,
	0x84, 0xd4, 0x3f, 0x91, 0x22, 0x00, 0x80, 0x52,
	0x61, 0x9d, 0x80, 0x52, 0x20, 0x00, 0x00, 0xb0,
	0x00, 0xa4, 0x25, 0x91, 0x3e, 0x10, 0x00, 0x94,
	0xe0, 0xff, 0xbf, 0xd2, 0xc3, 0xff, 0xff, 0x17,
	0x60, 0x56, 0x40, 0xf9, 0x81, 0x06, 0x40, 0xf9,
	0x00, 0x04, 0x40, 0xf9, 0x95, 0x0e, 0x40, 0xf9,
	0x00, 0x00, 0x40, 0xf9, 0x04, 0x04, 0x40, 0xf9,
	0x00, 0x0c, 0x40, 0xf9, 0x84, 0x00, 0x00, 0x8b,
	0x20, 0x00, 0x15, 0x8b, 0x84, 0x00, 0x00, 0xcb,
	0xb5, 0xfe, 0x3f, 0x91, 0x60, 0x06, 0x40, 0xf9,
	0x84, 0xfc, 0x3f, 0x91, 0x84, 0xcc, 0x74, 0x92,
	0xb5, 0xce, 0x74, 0x92, 0x40, 0x00, 0x00, 0xb4,
	0x00, 0x00, 0x01, 0x8b, 0xe0, 0x37, 0x00, 0xf9,
	0x80, 0x12, 0x40, 0xf9, 0x60, 0x01, 0x10, 0x37,
	0x24, 0x00, 0x00, 0x90, 0x23, 0x00, 0x80, 0x52,
	0x84, 0xd8, 0x2f, 0x91, 0x22, 0x00, 0x80, 0x52,
	0xe1, 0x5c, 0x80, 0x52, 0x20, 0x00, 0x00, 0xb0,
	0x00, 0x18, 0x23, 0x91, 0x20, 0x10, 0x00, 0x94,
	0xa0, 0xfe, 0x9f, 0x12, 0xa5, 0xff, 0xff, 0x17,
	0xe2, 0x03, 0x19, 0xaa, 0xe0, 0x03, 0x15, 0xaa,
	0x03, 0x00, 0x80, 0xd2, 0x01, 0x00, 0x80, 0x52,
	0xa4, 0xf7, 0xff, 0x97, 0xfa, 0x03, 0x00, 0x2a,
	0x60, 0x01, 0x00, 0x34, 0x24, 0x00, 0x00, 0x90,
	0x84, 0x84, 0x2f, 0x91, 0x23, 0x00, 0x80, 0x52,
	0x22, 0x00, 0x80, 0x52, 0x81, 0x5d, 0x80, 0x52,
	0x20, 0x00, 0x00, 0xb0, 0x00, 0x18, 0x23, 0x91,
	0x0f, 0x10, 0x00, 0x94, 0xe0, 0x03, 0x1a, 0x2a,
	0x94, 0xff, 0xff, 0x17, 0x83, 0x02, 0x40, 0xf9,
	0x81, 0x0a, 0x40, 0xf9, 0xe0, 0x37, 0x40, 0xf9,
	0x62, 0x02, 0x41, 0xb9, 0xa7, 0xf7, 0xff, 0x97,
	0xfa, 0x03, 0x00, 0x2a, 0xe0, 0x00, 0x00, 0x34,
	0x24, 0x00, 0x00, 0x90, 0x23, 0x00, 0x80, 0x52,
	0x84, 0x64, 0x2e, 0x91, 0x22, 0x00, 0x80, 0x52,
	0x01, 0x5e, 0x80, 0x52, 0xef, 0xff, 0xff, 0x17,
	0x61, 0x06, 0x40, 0xf9, 0xe0, 0x37, 0x40, 0xf9,
	0x41, 0x00, 0x00, 0xb5, 0x60, 0x06, 0x00, 0xf9,
	0x81, 0x0a, 0x40, 0xf9, 0xb5, 0x02, 0x00, 0x8b,
	0x80, 0x02, 0x40, 0xf9, 0x94, 0x1e, 0x40, 0xf9,
	0x00, 0x00, 0x01, 0x8b, 0x75, 0x02, 0x01, 0xa9,
	0xa1, 0xff, 0xff, 0x17, 0x60, 0x06, 0x40, 0x39,
	0xe2, 0x63, 0x01, 0x91, 0x00, 0x03, 0x00, 0xb9,
	0x04, 0x00, 0x80, 0xd2, 0x60, 0x86, 0x40, 0xf9,
	0x03, 0x00, 0x80, 0xd2, 0x01, 0x00, 0x80, 0x52,
	0x00, 0x10, 0x40, 0xb9, 0x77, 0xf7, 0xff, 0x97,
	0xf4, 0x03, 0x00, 0x2a, 0x20, 0x01, 0x00, 0x34,
	0x24, 0x00, 0x00, 0xb0, 0x20, 0x00, 0x00, 0xb0,
	0x84, 0x7c, 0x00, 0x91, 0x00, 0xf4, 0x25, 0x91,
	0x23, 0x00, 0x80, 0x52, 0x22, 0x00, 0x80, 0x52,
	0x21, 0xa0, 0x80, 0x52, 0x4c, 0xff, 0xff, 0x17,
	0x60, 0x86, 0x40, 0xf9, 0x05, 0x14, 0x40, 0xb9,
	0xbf, 0xfc, 0x1f, 0x71, 0x89, 0x01, 0x00, 0x54,
	0xa5, 0x50, 0x15, 0x12, 0x24, 0x00, 0x00, 0xb0,
	0x23, 0x00, 0x80, 0x52, 0x84, 0xc0, 0x00, 0x91,
	0x22, 0x00, 0x80, 0x52, 0x81, 0xa0, 0x80, 0x52,
	0x20, 0x00, 0x00, 0xb0, 0x00, 0xf4, 0x25, 0x91,
	0xd5, 0x0f, 0x00, 0x94, 0x40, 0xff, 0x9f, 0x12,
	0x5a, 0xff, 0xff, 0x17, 0xf3, 0x53, 0x41, 0xa9,
	0xf9, 0x6b, 0x44, 0xa9, 0xe5, 0x02, 0x00, 0xb9,
	0xe1, 0x2f, 0x40, 0xf9, 0x00, 0x10, 0x40, 0xb9,
	0xf7, 0x63, 0x43, 0xa9, 0x02, 0x00, 0x01, 0x8b,
	0xc2, 0x02, 0x00, 0xf9, 0x22, 0x00, 0x00, 0xd0,
	0xf5, 0x5b, 0x42, 0xa9, 0x41, 0x04, 0x01, 0xf9,
	0x21, 0x00, 0x00, 0xd0, 0x20, 0x00, 0x01, 0xf9,
	0xfd, 0x7b, 0xc7, 0xa8, 0xc0, 0x03, 0x5f, 0xd6,
	0xfd, 0x7b, 0xbe, 0xa9, 0xfd, 0x03, 0x00, 0x91,
	0xf3, 0x53, 0x01, 0xa9, 0x34, 0x1c, 0x00, 0x12,
	0x01, 0x00, 0x40, 0x39, 0x61, 0x06, 0x00, 0x37,
	0xf3, 0x03, 0x00, 0xaa, 0x2d, 0xf8, 0xff, 0x97,
	0x61, 0x06, 0x40, 0x39, 0x9f, 0x02, 0x01, 0x6b,
	0x80, 0x02, 0x00, 0x54, 0x3f, 0x00, 0x40, 0xf2,
	0x20, 0x00, 0x00, 0xb0, 0x27, 0x00, 0x00, 0x90,
	0x00, 0x20, 0x01, 0x91, 0xe7, 0xac, 0x24, 0x91,
	0x65, 0x42, 0x04, 0x91, 0xe6, 0x00, 0x80, 0x9a,
	0x9f, 0x02, 0x40, 0xf2, 0xe7, 0x00, 0x80, 0x9a,
	0x24, 0x00, 0x00, 0xb0, 0x84, 0x2c, 0x01, 0x91,
	0x23, 0x00, 0x80, 0x52, 0x22, 0x00, 0x80, 0x52,
	0x61, 0xa5, 0x80, 0x52, 0x20, 0x00, 0x00, 0xb0,
	0x00, 0x90, 0x1f, 0x91, 0xa8, 0x0f, 0x00, 0x94,
	0x40, 0xff, 0x9f, 0x12, 0x06, 0xf6, 0xff, 0x97,
	0xe0, 0x03, 0x13, 0xaa, 0xda, 0xfa, 0xff, 0x97,
	0xe0, 0x03, 0x13, 0xaa, 0xaf, 0xf9, 0xff, 0x97,
	0xe0, 0x03, 0x13, 0xaa, 0xa3, 0xfe, 0xff, 0x97,
	0xe0, 0x03, 0x13, 0xaa, 0x66, 0xf9, 0xff, 0x97,
	0xe0, 0x03, 0x13, 0xaa, 0x85, 0xfc, 0xff, 0x97,
	0xe0, 0x03, 0x13, 0xaa, 0xc2, 0xf8, 0xff, 0x97,
	0x60, 0x66, 0x40, 0xf9, 0xe0, 0x00, 0x00, 0xb4,
	0x21, 0x00, 0x00, 0xd0, 0x60, 0x6e, 0x40, 0xf9,
	0x22, 0xac, 0x40, 0xf9, 0x62, 0x72, 0x00, 0xf9,
	0x00, 0x00, 0x02, 0x8b, 0x20, 0xac, 0x00, 0xf9,
	0x60, 0x0e, 0x40, 0x39, 0xa0, 0x00, 0x00, 0x36,
	0xe0, 0x03, 0x13, 0xaa, 0xf3, 0x53, 0x41, 0xa9,
	0xfd, 0x7b, 0xc2, 0xa8, 0xdc, 0xf7, 0xff, 0x17,
	0xf3, 0x53, 0x41, 0xa9, 0xfd, 0x7b, 0xc2, 0xa8,
	0xc0, 0x03, 0x5f, 0xd6, 0xfd, 0x7b, 0xbd, 0xa9,
	0xfd, 0x03, 0x00, 0x91, 0xf3, 0x53, 0x01, 0xa9,
	0xf4, 0x03, 0x00, 0xaa, 0x00, 0x08, 0x40, 0x39,
	0xf5, 0x13, 0x00, 0xf9, 0x60, 0x00, 0x00, 0x36,
	0x93, 0x52, 0x40, 0xf9, 0xb3, 0x00, 0x00, 0xb5,
	0xf3, 0x53, 0x41, 0xa9, 0xf5, 0x13, 0x40, 0xf9,
	0xfd, 0x7b, 0xc3, 0xa8, 0xc0, 0x03, 0x5f, 0xd6,
	0x60, 0x12, 0x40, 0xf9, 0x83, 0x06, 0x40, 0xf9,
	0x02, 0x00, 0x1f, 0x12, 0x01, 0x00, 0x00, 0x13,
	0x21, 0x00, 0x1e, 0x12, 0x22, 0x00, 0x02, 0x2a,
	0x61, 0x0e, 0x40, 0xf9, 0x60, 0x06, 0x40, 0xf9,
	0x60, 0x00, 0x00, 0x8b, 0x16, 0xf7, 0xff, 0x97,
	0xf5, 0x03, 0x00, 0x2a, 0x60, 0x01, 0x00, 0x34,
	0x24, 0x00, 0x00, 0x90, 0x84, 0xf0, 0x28, 0x91,
	0x23, 0x00, 0x80, 0x52, 0x22, 0x00, 0x80, 0x52,
	0xc1, 0xa9, 0x80, 0x52, 0x20, 0x00, 0x00, 0xb0,
	0x00, 0x2c, 0x1f, 0x91, 0x68, 0x0f, 0x00, 0x94,
	0xe0, 0x03, 0x15, 0x2a, 0xc6, 0xf5, 0xff, 0x97,
	0x73, 0x1e, 0x40, 0xf9, 0xe4, 0xff, 0xff, 0x17,
	0xfd, 0x7b, 0xb6, 0xa9, 0xfd, 0x03, 0x00, 0x91,
	0xf7, 0x63, 0x03, 0xa9, 0xf7, 0x03, 0x02, 0xaa,
	0xf8, 0x03, 0x03, 0xaa, 0xf9, 0x6b, 0x04, 0xa9,
	0xfa, 0x63, 0x02, 0x91, 0xe3, 0x03, 0x1a, 0xaa,
	0xfb, 0x73, 0x05, 0xa9, 0xfb, 0x23, 0x02, 0x91,
	0xfc, 0x43, 0x02, 0x91, 0xe2, 0x03, 0x1b, 0xaa,
	0xf3, 0x53, 0x01, 0xa9, 0xf4, 0x03, 0x04, 0xaa,
	0xf5, 0x5b, 0x02, 0xa9, 0xf5, 0x03, 0x00, 0xaa,
	0xf6, 0x03, 0x01, 0xaa, 0xe0, 0x03, 0x17, 0xaa,
	0xe1, 0x03, 0x1c, 0xaa, 0xe5, 0x33, 0x00, 0xf9,
	0x19, 0x00, 0x80, 0xd2, 0xff, 0xff, 0x08, 0xa9,
	0xff, 0x4f, 0x00, 0xf9, 0xb4, 0xfb, 0xff, 0x97,
	0x0a, 0x00, 0x80, 0xd2, 0xeb, 0x47, 0x40, 0xf9,
	0x2b, 0x0c, 0x00, 0xb4, 0xe1, 0x4b, 0x40, 0xf9,
	0x60, 0x05, 0x40, 0xf9, 0x73, 0x0d, 0x40, 0xf9,
	0x28, 0x04, 0x40, 0xf9, 0x13, 0x00, 0x13, 0x8b,
	0x73, 0xfe, 0x3f, 0x91, 0x08, 0x00, 0x08, 0x8b,
	0x73, 0xce, 0x74, 0x92, 0x00, 0xcc, 0x74, 0x92,
	0x08, 0xcd, 0x74, 0x92, 0x73, 0x02, 0x00, 0xcb,
	0x5f, 0x01, 0x18, 0xeb, 0xc2, 0x00, 0x00, 0x54,
	0x40, 0xe9, 0x7b, 0xd3, 0x81, 0x16, 0x0a, 0x8b,
	0x84, 0x6a, 0x60, 0xf8, 0x9f, 0x00, 0x08, 0xeb,
	0xc9, 0x03, 0x00, 0x54, 0x2b, 0x0a, 0x00, 0xb4,
	0x60, 0x11, 0x40, 0xf9, 0x65, 0x01, 0x40, 0xf9,
	0x07, 0x08, 0x02, 0x53, 0xa5, 0xcc, 0x74, 0x92,
	0xe7, 0x20, 0x00, 0x11, 0x40, 0x00, 0x08, 0x36,
	0xe7, 0x00, 0x1f, 0x32, 0xe3, 0x9b, 0x40, 0xb9,
	0x00, 0x00, 0x00, 0x13, 0x00, 0x00, 0x1e, 0x12,
	0xe6, 0x03, 0x13, 0xaa, 0x07, 0x00, 0x07, 0x2a,
	0xe4, 0x03, 0x08, 0xaa, 0xe2, 0x03, 0x19, 0xaa,
	0xe1, 0x03, 0x16, 0xaa, 0xe0, 0x03, 0x15, 0xaa,
	0xea, 0x37, 0x00, 0xf9, 0x9d, 0xf8, 0xff, 0x97,
	0x39, 0x07, 0x00, 0x91, 0xe3, 0x03, 0x1a, 0xaa,
	0xe2, 0x03, 0x1b, 0xaa, 0xe1, 0x03, 0x1c, 0xaa,
	0xe0, 0x03, 0x17, 0xaa, 0x86, 0xfb, 0xff, 0x97,
	0xea, 0x37, 0x40, 0xf9, 0x40, 0xfa, 0x07, 0x37,
	0xff, 0x47, 0x00, 0xf9, 0xd0, 0xff, 0xff, 0x17,
	0x26, 0x08, 0x40, 0xf9, 0x4c, 0x05, 0x00, 0x91,
	0xc1, 0x03, 0x00, 0x54, 0x1f, 0x03, 0x0c, 0xeb,
	0x89, 0x02, 0x00, 0x54, 0xdf, 0x04, 0x40, 0xf1,
	0x41, 0x02, 0x00, 0x54, 0x00, 0x80, 0x00, 0x91,
	0x02, 0x05, 0x40, 0x91, 0x83, 0x02, 0x00, 0x8b,
	0x84, 0x6a, 0x60, 0xf8, 0x9f, 0x00, 0x02, 0xeb,
	0x81, 0x01, 0x00, 0x54, 0x60, 0x08, 0x40, 0xf9,
	0x00, 0x04, 0x40, 0x91, 0x1f, 0x00, 0x13, 0xeb,
	0x01, 0x01, 0x00, 0x54, 0x21, 0x18, 0x40, 0xb9,
	0x60, 0x18, 0x40, 0xb9, 0x3f, 0x00, 0x00, 0x6b,
	0x81, 0x00, 0x00, 0x54, 0x4c, 0x09, 0x00, 0x91,
	0xea, 0x03, 0x0c, 0xaa, 0xc5, 0xff, 0xff, 0x17,
	0x7f, 0x02, 0x06, 0xeb, 0xa0, 0xff, 0xff, 0x54,
	0x22, 0x00, 0x00, 0xb0, 0x20, 0x00, 0x00, 0xb0,
	0x42, 0xd4, 0x1e, 0x91, 0x00, 0xb8, 0x01, 0x91,
	0x81, 0xbd, 0x80, 0x52, 0x6b, 0xf8, 0xff, 0x97,
	0xe0, 0x33, 0x40, 0xf9, 0xe2, 0x03, 0x19, 0xaa,
	0x25, 0x04, 0x40, 0xf9, 0x9f, 0x00, 0x00, 0xeb,
	0x20, 0x18, 0x40, 0xb9, 0xe7, 0x17, 0x9f, 0x1a,
	0xe1, 0x03, 0x16, 0xaa, 0x03, 0x00, 0x80, 0x12,
	0xeb, 0xa3, 0x06, 0xa9, 0x39, 0x07, 0x00, 0x91,
	0x07, 0x1c, 0x07, 0x2a, 0xe0, 0x03, 0x15, 0xaa,
	0xec, 0x3f, 0x00, 0xf9, 0x65, 0xf8, 0xff, 0x97,
	0xeb, 0xa3, 0x46, 0xa9, 0xec, 0x3f, 0x40, 0xf9,
	0xe6, 0xff, 0xff, 0x17, 0x13, 0x00, 0x80, 0xd2,
	0x08, 0x00, 0x80, 0x92, 0xa9, 0xff, 0xff, 0x17,
	0xf3, 0x02, 0x40, 0xf9, 0x37, 0x00, 0x00, 0xb0,
	0xf7, 0x16, 0x02, 0x91, 0xff, 0x4f, 0x00, 0xf9,
	0xf3, 0x4b, 0x00, 0xf9, 0x13, 0x01, 0x00, 0xb5,
	0xf3, 0x53, 0x41, 0xa9, 0xf5, 0x5b, 0x42, 0xa9,
	0xf7, 0x63, 0x43, 0xa9, 0xf9, 0x6b, 0x44, 0xa9,
	0xfb, 0x73, 0x45, 0xa9, 0xfd, 0x7b, 0xca, 0xa8,
	0xc0, 0x03, 0x5f, 0xd6, 0x66, 0x06, 0x40, 0xf9,
	0x64, 0x42, 0x04, 0x91, 0xf4, 0x4f, 0x40, 0xf9,
	0xe2, 0x03, 0x17, 0xaa, 0xe1, 0x03, 0x16, 0xaa,
	0xe0, 0x03, 0x15, 0xaa, 0xe3, 0x03, 0x14, 0xaa,
	0x05, 0x01, 0x80, 0x52, 0x94, 0x06, 0x00, 0x91,
	0x0e, 0xf8, 0xff, 0x97, 0x73, 0x92, 0x40, 0xf9,
	0xf4, 0x4f, 0x00, 0xf9, 0xeb, 0xff, 0xff, 0x17,
	0x23, 0x00, 0x00, 0xd0, 0x63, 0xb0, 0x40, 0xf9,
	0x63, 0x00, 0x00, 0xb5, 0x00, 0x00, 0x80, 0x52,
	0x1a, 0x00, 0x00, 0x14, 0x66, 0x04, 0x40, 0xf9,
	0xdf, 0x00, 0x00, 0xeb, 0x88, 0x00, 0x00, 0x54,
	0x64, 0x50, 0x40, 0xf9, 0x07, 0x00, 0x06, 0xcb,
	0x64, 0x00, 0x00, 0xb5, 0x63, 0x90, 0x40, 0xf9,
	0xf6, 0xff, 0xff, 0x17, 0x85, 0x04, 0x40, 0xf9,
	0xbf, 0x00, 0x07, 0xeb, 0x08, 0x02, 0x00, 0x54,
	0x88, 0x08, 0x40, 0xf9, 0xe5, 0x00, 0x05, 0xcb,
	0xbf, 0x00, 0x08, 0xeb, 0x82, 0x01, 0x00, 0x54,
	0x60, 0x58, 0x40, 0xf9, 0x00, 0x00, 0x06, 0x8b,
	0x20, 0x00, 0x00, 0xf9, 0x61, 0x04, 0x40, 0xf9,
	0x60, 0x58, 0x40, 0xf9, 0x00, 0x00, 0x01, 0x8b,
	0x61, 0x5c, 0x40, 0xf9, 0x00, 0x00, 0x01, 0x8b,
	0x40, 0x00, 0x00, 0xf9, 0x20, 0x00, 0x80, 0x52,
	0xc0, 0x03, 0x5f, 0xd6, 0x84, 0x1c, 0x40, 0xf9,
	0xea, 0xff, 0xff, 0x17, 0xfd, 0x7b, 0xb9, 0xa9,
	0xe1, 0x03, 0x00, 0xaa, 0x02, 0x08, 0x80, 0xd2,
	0xe3, 0x43, 0x00, 0x91, 0xfd, 0x03, 0x00, 0x91,
	0xe0, 0x03, 0x03, 0xaa, 0xff, 0x7f, 0x05, 0xa9,
	0xff, 0x7f, 0x06, 0xa9, 0xc9, 0xf4, 0xff, 0x97,
	0xe3, 0x03, 0x00, 0xaa, 0x20, 0x00, 0x00, 0xd0,
	0x02, 0x00, 0x41, 0xf9, 0x20, 0x00, 0x00, 0xd0,
	0x01, 0x04, 0x41, 0xf9, 0xe0, 0x03, 0x03, 0xaa,
	0x06, 0x07, 0x00, 0x94, 0xfd, 0x7b, 0xc7, 0xa8,
	0xc0, 0x03, 0x5f, 0xd6, 0xfd, 0x7b, 0xbd, 0xa9,
	0xfd, 0x03, 0x00, 0x91, 0xe0, 0x87, 0x01, 0xa9,
	0x20, 0x00, 0x00, 0xd0, 0xe2, 0x17, 0x00, 0xf9,
	0x02, 0x00, 0x41, 0xf9, 0x20, 0x00, 0x00, 0xd0,
	0x01, 0x04, 0x41, 0xf9, 0xe0, 0x63, 0x00, 0x91,
	0x43, 0x07, 0x00, 0x94, 0xfd, 0x7b, 0xc3, 0xa8,
	0xc0, 0x03, 0x5f, 0xd6, 0xfd, 0x7b, 0xb6, 0xa9,
	0x03, 0x00, 0x80, 0xd2, 0x02, 0x00, 0x80, 0xd2,
	0xfd, 0x03, 0x00, 0x91, 0xe1, 0xe3, 0x01, 0x91,
	0xf3, 0x53, 0x01, 0xa9, 0xf5, 0x5b, 0x02, 0xa9,
	0x15, 0x1c, 0x00, 0x12, 0x20, 0x00, 0x00, 0xb0,
	0x00, 0x70, 0x02, 0x91, 0xf7, 0x63, 0x03, 0xa9,
	0xf9, 0x6b, 0x04, 0xa9, 0xfb, 0x73, 0x05, 0xa9,
	0xff, 0x3f, 0x00, 0xf9, 0xe9, 0x02, 0x00, 0x94,
	0x80, 0x01, 0x00, 0x34, 0xe1, 0xfe, 0x9f, 0x12,
	0x1f, 0x00, 0x01, 0x6b, 0x41, 0x00, 0x00, 0x54,
	0x00, 0x00, 0x80, 0x52, 0xf3, 0x53, 0x41, 0xa9,
	0xf5, 0x5b, 0x42, 0xa9, 0xf7, 0x63, 0x43, 0xa9,
	0xf9, 0x6b, 0x44, 0xa9, 0xfb, 0x73, 0x45, 0xa9,
	0xfd, 0x7b, 0xca, 0xa8, 0xc0, 0x03, 0x5f, 0xd6,
	0xf3, 0x3f, 0x40, 0xf9, 0xf3, 0x00, 0x00, 0xb5,
	0x22, 0x00, 0x00, 0xb0, 0x20, 0x00, 0x00, 0xb0,
	0x42, 0x08, 0x1e, 0x91, 0x00, 0xb4, 0x02, 0x91,
	0x21, 0xea, 0x80, 0x52, 0xdb, 0xf7, 0xff, 0x97,
	0x60, 0x02, 0x40, 0xb9, 0xc0, 0x10, 0x00, 0x35,
	0x37, 0x00, 0x00, 0xd0, 0x14, 0x00, 0x80, 0xd2,
	0xe0, 0xb2, 0x40, 0xf9, 0x00, 0x01, 0x00, 0xb5,
	0x54, 0x01, 0x00, 0xb5, 0x22, 0x00, 0x00, 0xb0,
	0x20, 0x00, 0x00, 0xb0, 0x42, 0x08, 0x1e, 0x91,
	0x00, 0xd4, 0x02, 0x91, 0x61, 0xeb, 0x80, 0x52,
	0xf3, 0xff, 0xff, 0x17, 0x00, 0x90, 0x40, 0xf9,
	0x94, 0x06, 0x00, 0x91, 0xf6, 0xff, 0xff, 0x17,
	0xb6, 0x02, 0x00, 0x12, 0xb5, 0x04, 0x00, 0x36,
	0x60, 0x0a, 0x40, 0xb9, 0x81, 0xee, 0x7c, 0xd3,
	0x18, 0x0a, 0x00, 0x94, 0xf5, 0x03, 0x00, 0xaa,
	0x40, 0x06, 0x00, 0xb4, 0x60, 0x0a, 0x40, 0x79,
	0x9f, 0x02, 0x00, 0xeb, 0xc9, 0x00, 0x00, 0x54,
	0x82, 0x02, 0x00, 0xcb, 0x01, 0x00, 0x80, 0x52,
	0xa0, 0x12, 0x00, 0x8b, 0x42, 0xec, 0x7c, 0xd3,
	0x82, 0x0a, 0x00, 0x94, 0x75, 0x0a, 0x00, 0xb9,
	0x74, 0x0a, 0x00, 0x79, 0xf8, 0x23, 0x02, 0x91,
	0xf4, 0xb2, 0x40, 0xf9, 0xf9, 0x63, 0x02, 0x91,
	0xfa, 0x03, 0x02, 0x91, 0xfb, 0x43, 0x02, 0x91,
	0x13, 0x00, 0x80, 0xd2, 0x1c, 0x03, 0x80, 0xd2,
	0x14, 0xf9, 0xff, 0xb4, 0xe0, 0x3f, 0x40, 0xf9,
	0x01, 0x08, 0x40, 0x79, 0xff, 0x7f, 0x08, 0xa9,
	0x7f, 0x02, 0x01, 0xeb, 0xff, 0x7f, 0x09, 0xa9,
	0x36, 0x07, 0x00, 0x34, 0xa3, 0x03, 0x00, 0x54,
	0x22, 0x00, 0x00, 0xb0, 0x20, 0x00, 0x00, 0xb0,
	0x42, 0xe4, 0x1d, 0x91, 0x00, 0xe4, 0x02, 0x91,
	0xc1, 0xe2, 0x80, 0x52, 0xca, 0xff, 0xff, 0x17,
	0x18, 0x03, 0x80, 0xd2, 0x60, 0x06, 0x40, 0xf9,
	0x81, 0x7e, 0x18, 0x9b, 0xf3, 0x09, 0x00, 0x94,
	0xf5, 0x03, 0x00, 0xaa, 0xa0, 0x01, 0x00, 0xb4,
	0x61, 0x0a, 0x40, 0x79, 0x60, 0x0a, 0x40, 0x79,
	0x9f, 0x02, 0x01, 0xeb, 0xe9, 0x00, 0x00, 0x54,
	0x81, 0x02, 0x01, 0xcb, 0x00, 0x7c, 0xb8, 0x9b,
	0xa0, 0x02, 0x00, 0x8b, 0x22, 0x7c, 0x18, 0x9b,
	0x01, 0x00, 0x80, 0x52, 0x5b, 0x0a, 0x00, 0x94,
	0x75, 0x06, 0x00, 0xf9, 0xd9, 0xff, 0xff, 0x17,
	0xe0, 0x03, 0x13, 0xaa, 0xe9, 0x09, 0x00, 0x94,
	0x60, 0xfe, 0x9f, 0x12, 0xa6, 0xff, 0xff, 0x17,
	0x15, 0x08, 0x40, 0xb9, 0x65, 0xee, 0x7c, 0xd3,
	0xe5, 0x37, 0x00, 0xf9, 0xb7, 0x12, 0x13, 0x8b,
	0xa0, 0x6a, 0x65, 0xb8, 0x60, 0x02, 0x00, 0x37,
	0xe0, 0x03, 0x14, 0xaa, 0xe4, 0x03, 0x18, 0xaa,
	0xe3, 0x03, 0x19, 0xaa, 0xe2, 0x03, 0x1a, 0xaa,
	0xe1, 0x03, 0x1b, 0xaa, 0x51, 0xfc, 0xff, 0x97,
	0xe5, 0x37, 0x40, 0xf9, 0xe0, 0x4b, 0x40, 0xf9,
	0xe0, 0x0a, 0x00, 0xb9, 0xe0, 0x43, 0x40, 0xf9,
	0xe0, 0x0a, 0x00, 0x79, 0xe0, 0x4f, 0x40, 0xf9,
	0xe0, 0x0e, 0x00, 0xb9, 0xe0, 0x47, 0x40, 0xf9,
	0xe0, 0x0e, 0x00, 0x79, 0xa0, 0x6a, 0x65, 0xb8,
	0x00, 0x00, 0x00, 0x32, 0xa0, 0x6a, 0x25, 0xb8,
	0x94, 0x92, 0x40, 0xf9, 0x73, 0x06, 0x00, 0x91,
	0xc2, 0xff, 0xff, 0x17, 0xe3, 0x00, 0x00, 0x54,
	0x22, 0x00, 0x00, 0xb0, 0x20, 0x00, 0x00, 0xb0,
	0x42, 0xe4, 0x1d, 0x91, 0x00, 0x30, 0x03, 0x91,
	0xe1, 0xe4, 0x80, 0x52, 0x92, 0xff, 0xff, 0x17,
	0x17, 0x04, 0x40, 0xf9, 0x75, 0x7e, 0x1c, 0x9b,
	0xe5, 0x02, 0x15, 0x8b, 0xe5, 0x37, 0x00, 0xf9,
	0xe0, 0x6a, 0x75, 0xb8, 0x20, 0xfe, 0x07, 0x37,
	0xe0, 0x03, 0x14, 0xaa, 0xe4, 0x03, 0x18, 0xaa,
	0xe3, 0x03, 0x19, 0xaa, 0xe2, 0x03, 0x1a, 0xaa,
	0xe1, 0x03, 0x1b, 0xaa, 0x2f, 0xfc, 0xff, 0x97,
	0xe5, 0x37, 0x40, 0xf9, 0xe0, 0x4b, 0x40, 0xf9,
	0xa0, 0x04, 0x00, 0xf9, 0xe0, 0x43, 0x40, 0xf9,
	0xa0, 0x08, 0x00, 0x79, 0xe0, 0x4f, 0x40, 0xf9,
	0xa0, 0x08, 0x00, 0xf9, 0xe0, 0x47, 0x40, 0xf9,
	0xa0, 0x0c, 0x00, 0x79, 0xe0, 0x6a, 0x75, 0xb8,
	0x00, 0x00, 0x00, 0x32, 0xe0, 0x6a, 0x35, 0xb8,
	0xde, 0xff, 0xff, 0x17, 0xa0, 0xfe, 0x9f, 0x12,
	0x69, 0xff, 0xff, 0x17, 0xfd, 0x7b, 0xbb, 0xa9,
	0x03, 0x00, 0x80, 0xd2, 0x02, 0x00, 0x80, 0xd2,
	0xfd, 0x03, 0x00, 0x91, 0xe1, 0x23, 0x01, 0x91,
	0xf3, 0x53, 0x01, 0xa9, 0xf5, 0x5b, 0x02, 0xa9,
	0x15, 0x1c, 0x00, 0x12, 0x20, 0x00, 0x00, 0x90,
	0x00, 0x74, 0x03, 0x91, 0xf7, 0x63, 0x03, 0xa9,
	0xff, 0x27, 0x00, 0xf9, 0x3f, 0x02, 0x00, 0x94,
	0x40, 0x01, 0x00, 0x34, 0xe1, 0xfe, 0x9f, 0x12,
	0x1f, 0x00, 0x01, 0x6b, 0x41, 0x00, 0x00, 0x54,
	0x00, 0x00, 0x80, 0x52, 0xf3, 0x53, 0x41, 0xa9,
	0xf5, 0x5b, 0x42, 0xa9, 0xf7, 0x63, 0x43, 0xa9,
	0xfd, 0x7b, 0xc5, 0xa8, 0xc0, 0x03, 0x5f, 0xd6,
	0xf3, 0x27, 0x40, 0xf9, 0xf3, 0x00, 0x00, 0xb5,
	0x22, 0x00, 0x00, 0x90, 0x20, 0x00, 0x00, 0x90,
	0x42, 0x30, 0x1d, 0x91, 0x00, 0xb4, 0x02, 0x91,
	0x81, 0xf9, 0x80, 0x52, 0x33, 0xf7, 0xff, 0x97,
	0x60, 0x02, 0x40, 0xb9, 0xa0, 0x0d, 0x00, 0x35,
	0x37, 0x00, 0x00, 0xb0, 0x14, 0x00, 0x80, 0xd2,
	0xe0, 0xb2, 0x40, 0xf9, 0x60, 0x01, 0x00, 0xb5,
	0xb6, 0x02, 0x00, 0x12, 0x35, 0x05, 0x00, 0x36,
	0x18, 0x05, 0x80, 0xd2, 0x60, 0x0a, 0x40, 0xb9,
	0x81, 0x7e, 0x18, 0x9b, 0x79, 0x09, 0x00, 0x94,
	0xf5, 0x03, 0x00, 0xaa, 0xc0, 0x00, 0x00, 0xb5,
	0x60, 0xfe, 0x9f, 0x12, 0xe4, 0xff, 0xff, 0x17,
	0x00, 0x90, 0x40, 0xf9, 0x94, 0x06, 0x00, 0x91,
	0xf3, 0xff, 0xff, 0x17, 0x61, 0x0a, 0x40, 0x79,
	0x60, 0x0a, 0x40, 0x79, 0x9f, 0x02, 0x01, 0xeb,
	0xe9, 0x00, 0x00, 0x54, 0x81, 0x02, 0x01, 0xcb,
	0x00, 0x7c, 0xb8, 0x9b, 0xa0, 0x02, 0x00, 0x8b,
	0x22, 0x7c, 0x18, 0x9b, 0x01, 0x00, 0x80, 0x52,
	0xdc, 0x09, 0x00, 0x94, 0x75, 0x0a, 0x00, 0xb9,
	0xe3, 0x27, 0x40, 0xf9, 0x01, 0x00, 0x80, 0xd2,
	0xe0, 0xb2, 0x40, 0xf9, 0x65, 0x1c, 0x00, 0x91,
	0x26, 0x00, 0x80, 0xd2, 0x08, 0x05, 0x80, 0xd2,
	0x74, 0x0a, 0x00, 0x79, 0xa0, 0xf9, 0xff, 0xb4,
	0x62, 0x08, 0x40, 0x79, 0x3f, 0x00, 0x02, 0xeb,
	0x96, 0x05, 0x00, 0x34, 0xc3, 0x02, 0x00, 0x54,
	0x22, 0x00, 0x00, 0x90, 0x20, 0x00, 0x00, 0x90,
	0x42, 0xe4, 0x1c, 0x91, 0x00, 0xb4, 0x03, 0x91,
	0x61, 0xf3, 0x80, 0x52, 0xd0, 0xff, 0xff, 0x17,
	0x60, 0x06, 0x40, 0xf9, 0x81, 0xe6, 0x7a, 0xd3,
	0x52, 0x09, 0x00, 0x94, 0xf5, 0x03, 0x00, 0xaa,
	0x40, 0xfb, 0xff, 0xb4, 0x60, 0x0a, 0x40, 0x79,
	0x9f, 0x02, 0x00, 0xeb, 0xc9, 0x00, 0x00, 0x54,
	0x82, 0x02, 0x00, 0xcb, 0x01, 0x00, 0x80, 0x52,
	0xa0, 0x1a, 0x00, 0x8b, 0x42, 0xe4, 0x7a, 0xd3,
	0xbc, 0x09, 0x00, 0x94, 0x75, 0x06, 0x00, 0xf9,
	0xe0, 0xff, 0xff, 0x17, 0x67, 0x08, 0x40, 0xb9,
	0x24, 0x7c, 0x08, 0x9b, 0x09, 0x04, 0x40, 0xf9,
	0xe2, 0x00, 0x04, 0x8b, 0xe9, 0x68, 0x24, 0xb8,
	0x04, 0x4c, 0x40, 0xf9, 0x9f, 0x00, 0x00, 0xf1,
	0xa4, 0x00, 0x84, 0x9a, 0x44, 0x04, 0x00, 0xb9,
	0x04, 0x28, 0x40, 0xf9, 0x44, 0x08, 0x00, 0xb9,
	0x04, 0x40, 0x40, 0xb9, 0x44, 0x18, 0x00, 0x79,
	0x04, 0x60, 0x40, 0xf9, 0x44, 0x20, 0x00, 0xb9,
	0x04, 0x64, 0x40, 0xf9, 0x46, 0x7c, 0x01, 0xa9,
	0x44, 0x24, 0x00, 0xb9, 0x00, 0x90, 0x40, 0xf9,
	0x21, 0x04, 0x00, 0x91, 0xd2, 0xff, 0xff, 0x17,
	0xe3, 0x00, 0x00, 0x54, 0x22, 0x00, 0x00, 0x90,
	0x20, 0x00, 0x00, 0x90, 0x42, 0xe4, 0x1c, 0x91,
	0x00, 0x04, 0x04, 0x91, 0x41, 0xf5, 0x80, 0x52,
	0xa5, 0xff, 0xff, 0x17, 0x67, 0x04, 0x40, 0xf9,
	0x24, 0xe4, 0x7a, 0xd3, 0x09, 0x04, 0x40, 0xf9,
	0xe9, 0x68, 0x24, 0xf8, 0xe2, 0x18, 0x01, 0x8b,
	0x04, 0x4c, 0x40, 0xf9, 0x9f, 0x00, 0x00, 0xf1,
	0x84, 0x10, 0x85, 0x9a, 0x44, 0x04, 0x00, 0xf9,
	0x04, 0x28, 0x40, 0xf9, 0x44, 0x08, 0x00, 0xf9,
	0x04, 0x40, 0x40, 0xb9, 0x44, 0x30, 0x00, 0x79,
	0x04, 0x60, 0x40, 0xf9, 0x44, 0x18, 0x00, 0xf9,
	0x04, 0x64, 0x40, 0xf9, 0x46, 0x7c, 0x02, 0xa9,
	0x44, 0x1c, 0x00, 0xf9, 0xe4, 0xff, 0xff, 0x17,
	0xa0, 0xfe, 0x9f, 0x12, 0x84, 0xff, 0xff, 0x17,
	0xfd, 0x7b, 0xbd, 0xa9, 0xfd, 0x03, 0x00, 0x91,
	0xf5, 0x5b, 0x02, 0xa9, 0xf6, 0x03, 0x00, 0xaa,
	0x20, 0x00, 0x00, 0xb0, 0xf3, 0x53, 0x01, 0xa9,
	0x13, 0xb0, 0x40, 0xf9, 0x60, 0x02, 0x40, 0x39,
	0xe0, 0x00, 0x00, 0x37, 0x22, 0x00, 0x00, 0x90,
	0x00, 0x00, 0x00, 0xf0, 0x42, 0xec, 0x1f, 0x91,
	0x00, 0x08, 0x25, 0x91, 0x41, 0xa2, 0x80, 0x52,
	0xb4, 0xf6, 0xff, 0x97, 0x60, 0x06, 0x40, 0x39,
	0xf5, 0x03, 0x01, 0xaa, 0xb4, 0xfe, 0xff, 0x97,
	0xf4, 0x03, 0x00, 0x2a, 0x60, 0x01, 0x00, 0x34,
	0x24, 0x00, 0x00, 0x90, 0x84, 0x4c, 0x04, 0x91,
	0x23, 0x00, 0x80, 0x52, 0x22, 0x00, 0x80, 0x52,
	0xc1, 0xa2, 0x80, 0x52, 0x20, 0x00, 0x00, 0x90,
	0x00, 0xec, 0x1f, 0x91, 0x36, 0x0d, 0x00, 0x94,
	0xe0, 0x03, 0x14, 0x2a, 0x94, 0xf3, 0xff, 0x97,
	0x60, 0x06, 0x40, 0x39, 0x52, 0xff, 0xff, 0x97,
	0xf4, 0x03, 0x00, 0x2a, 0xe0, 0x00, 0x00, 0x34,
	0x24, 0x00, 0x00, 0x90, 0x23, 0x00, 0x80, 0x52,
	0x84, 0xd0, 0x04, 0x91, 0x22, 0x00, 0x80, 0x52,
	0x21, 0xa3, 0x80, 0x52, 0xf2, 0xff, 0xff, 0x17,
	0x60, 0x0a, 0x40, 0x39, 0x40, 0x01, 0x00, 0x36,
	0x60, 0x86, 0x40, 0xf9, 0x02, 0x0c, 0x40, 0xf9,
	0xc2, 0x02, 0x00, 0xf9, 0x60, 0x06, 0x40, 0xf9,
	0xf3, 0x53, 0x41, 0xa9, 0xa0, 0x02, 0x00, 0xf9,
	0xf5, 0x5b, 0x42, 0xa9, 0xfd, 0x7b, 0xc3, 0xa8,
	0xc0, 0x03, 0x5f, 0xd6, 0x60, 0x06, 0x40, 0xf9,
	0x62, 0x16, 0x40, 0xf9, 0x42, 0x00, 0x00, 0x8b,
	0xf6, 0xff, 0xff, 0x17, 0xfd, 0x7b, 0xbd, 0xa9,
	0xfd, 0x03, 0x00, 0x91, 0xf3, 0x53, 0x01, 0xa9,
	0xf3, 0x03, 0x00, 0xaa, 0xf5, 0x13, 0x00, 0xf9,
	0x79, 0xfb, 0xff, 0x97, 0xc0, 0x03, 0x00, 0xb5,
	0x20, 0x00, 0x00, 0xb0, 0x15, 0xb0, 0x40, 0xf9,
	0xe0, 0x03, 0x13, 0xaa, 0x04, 0xf5, 0xff, 0x97,
	0xf3, 0x03, 0x00, 0xaa, 0xa0, 0x03, 0x00, 0xb4,
	0xf4, 0x03, 0x00, 0xaa, 0xa1, 0x06, 0x40, 0x39,
	0xe0, 0x03, 0x14, 0xaa, 0x47, 0xfd, 0xff, 0x97,
	0x94, 0x92, 0x40, 0xf9, 0x94, 0xff, 0xff, 0xb5,
	0xf4, 0x03, 0x13, 0xaa, 0xe0, 0x03, 0x14, 0xaa,
	0x04, 0x02, 0x00, 0x94, 0xe0, 0x03, 0x14, 0xaa,
	0x7b, 0xfd, 0xff, 0x97, 0x94, 0x92, 0x40, 0xf9,
	0x74, 0xff, 0xff, 0xb5, 0x73, 0x92, 0x40, 0xf9,
	0xf3, 0xff, 0xff, 0xb5, 0xa0, 0x06, 0x40, 0x39,
	0x71, 0xfe, 0xff, 0x97, 0xe0, 0x00, 0x00, 0x35,
	0xf3, 0x53, 0x41, 0xa9, 0xa0, 0x06, 0x40, 0x39,
	0xf5, 0x13, 0x40, 0xf9, 0xfd, 0x7b, 0xc3, 0xa8,
	0x17, 0xff, 0xff, 0x17, 0x00, 0x00, 0x80, 0x52,
	0xf3, 0x53, 0x41, 0xa9, 0xf5, 0x13, 0x40, 0xf9,
	0xfd, 0x7b, 0xc3, 0xa8, 0xc0, 0x03, 0x5f, 0xd6,
	0x60, 0xfe, 0x9f, 0x12, 0xfb, 0xff, 0xff, 0x17,
	0xfd, 0x7b, 0xbb, 0xa9, 0xfd, 0x03, 0x00, 0x91,
	0xf3, 0x53, 0x01, 0xa9, 0xf3, 0x03, 0x00, 0xaa,
	0xe0, 0x03, 0x01, 0xaa, 0xf5, 0x5b, 0x02, 0xa9,
	0x61, 0x36, 0x40, 0xf9, 0xf7, 0x63, 0x03, 0xa9,
	0xf9, 0x23, 0x00, 0xf9, 0x3f, 0x00, 0x04, 0xeb,
	0x68, 0x01, 0x00, 0x54, 0x24, 0x00, 0x00, 0x90,
	0x20, 0x00, 0x00, 0x90, 0x84, 0x34, 0x05, 0x91,
	0x00, 0xd4, 0x27, 0x91, 0x23, 0x00, 0x80, 0x52,
	0x22, 0x00, 0x80, 0x52, 0x01, 0x0d, 0x80, 0x52,
	0xdd, 0x0c, 0x00, 0x94, 0x40, 0xff, 0x9f, 0x12,
	0x3b, 0xf3, 0xff, 0x97, 0x9f, 0x00, 0x01, 0xeb,
	0x84, 0x30, 0x9f, 0x9a, 0x9f, 0x22, 0x03, 0xd5,
	0x61, 0x06, 0x40, 0x39, 0xf5, 0x03, 0x02, 0xaa,
	0x62, 0x32, 0x40, 0xf9, 0x79, 0x1c, 0x00, 0x12,
	0xa1, 0x02, 0x00, 0x36, 0x81, 0xec, 0x7c, 0xd3,
	0x44, 0x10, 0x04, 0x8b, 0x94, 0x30, 0x40, 0x39,
	0x97, 0x1c, 0x40, 0x79, 0x42, 0x68, 0x61, 0xb8,
	0x96, 0x04, 0x40, 0xb9, 0x98, 0x7e, 0x04, 0x53,
	0x94, 0x0e, 0x00, 0x12, 0x22, 0x0a, 0x00, 0xb4,
	0x61, 0x3e, 0x40, 0xf9, 0x5f, 0x00, 0x01, 0xeb,
	0x69, 0x02, 0x00, 0x54, 0x24, 0x00, 0x00, 0x90,
	0x84, 0x80, 0x05, 0x91, 0x23, 0x00, 0x80, 0x52,
	0x22, 0x00, 0x80, 0x52, 0x01, 0x07, 0x80, 0x52,
	0x20, 0x00, 0x00, 0x90, 0x00, 0xa4, 0x27, 0x91,
	0xe2, 0xff, 0xff, 0x17, 0x01, 0x03, 0x80, 0xd2,
	0x84, 0x7c, 0x01, 0x9b, 0x41, 0x00, 0x04, 0x8b,
	0x42, 0x68, 0x64, 0xb8, 0x34, 0x10, 0x40, 0x39,
	0x36, 0x04, 0x40, 0xf9, 0x98, 0x7e, 0x04, 0x53,
	0x37, 0x0c, 0x40, 0x79, 0x94, 0x0e, 0x00, 0x12,
	0xeb, 0xff, 0xff, 0x17, 0x61, 0x3a, 0x40, 0xf9,
	0x21, 0x00, 0x02, 0x8b, 0xf0, 0x08, 0x00, 0x94,
	0x00, 0x07, 0x00, 0x35, 0x1f, 0x0b, 0x00, 0x71,
	0xe1, 0x17, 0x9f, 0x1a, 0x1f, 0x07, 0x00, 0x71,
	0x80, 0x00, 0x00, 0x54, 0x20, 0x03, 0x01, 0x0a,
	0x3f, 0x03, 0x01, 0x6a, 0x20, 0x01, 0x00, 0x54,
	0xff, 0x02, 0x00, 0xf1, 0xe2, 0x17, 0x9f, 0x1a,
	0x40, 0x00, 0x01, 0x0a, 0x5f, 0x00, 0x01, 0x6a,
	0x40, 0x01, 0x00, 0x54, 0x55, 0x00, 0x00, 0xb4,
	0xbf, 0x02, 0x00, 0xf9, 0x20, 0x00, 0x80, 0x52,
	0xf3, 0x53, 0x41, 0xa9, 0xf5, 0x5b, 0x42, 0xa9,
	0xf7, 0x63, 0x43, 0xa9, 0xf9, 0x23, 0x40, 0xf9,
	0xfd, 0x7b, 0xc5, 0xa8, 0xc0, 0x03, 0x5f, 0xd6,
	0x5f, 0x00, 0x00, 0x71, 0xe1, 0xff, 0x9f, 0xd2,
	0xe4, 0x02, 0x41, 0xfa, 0xe0, 0xfe, 0xff, 0x54,
	0x9f, 0x0a, 0x00, 0x71, 0xa9, 0x01, 0x00, 0x54,
	0x9f, 0x1a, 0x00, 0x71, 0x20, 0x03, 0x00, 0x54,
	0x24, 0x00, 0x00, 0x90, 0x23, 0x00, 0x80, 0x52,
	0x84, 0x58, 0x06, 0x91, 0x22, 0x00, 0x80, 0x52,
	0xc1, 0x0a, 0x80, 0x52, 0x20, 0x00, 0x00, 0x90,
	0x00, 0xa4, 0x27, 0x91, 0x8c, 0x0c, 0x00, 0x94,
	0xa0, 0xfe, 0x9f, 0x12, 0xaf, 0xff, 0xff, 0x17,
	0x61, 0x82, 0x40, 0xa9, 0x00, 0x00, 0x01, 0xcb,
	0xdf, 0x02, 0x00, 0xeb, 0xe9, 0x00, 0x00, 0x54,
	0x24, 0x00, 0x00, 0x90, 0x23, 0x00, 0x80, 0x52,
	0x84, 0xe4, 0x05, 0x91, 0x22, 0x00, 0x80, 0x52,
	0x81, 0x09, 0x80, 0x52, 0xbf, 0xff, 0xff, 0x17,
	0xb5, 0xfb, 0xff, 0xb4, 0xd6, 0x02, 0x01, 0x8b,
	0xb6, 0x02, 0x00, 0xf9, 0xda, 0xff, 0xff, 0x17,
	0xd5, 0xff, 0xff, 0xb5, 0xd8, 0xff, 0xff, 0x17,
	0x00, 0x00, 0x80, 0x52, 0xd7, 0xff, 0xff, 0x17,
	0xfd, 0x7b, 0xb9, 0xa9, 0xfd, 0x03, 0x00, 0x91,
	0xf7, 0x63, 0x03, 0xa9, 0xf8, 0x03, 0x02, 0xaa,
	0x57, 0x44, 0x40, 0xf9, 0xf3, 0x53, 0x01, 0xa9,
	0xf4, 0x03, 0x01, 0xaa, 0xf5, 0x5b, 0x02, 0xa9,
	0x75, 0x1c, 0x00, 0x12, 0xf9, 0x6b, 0x04, 0xa9,
	0xf9, 0x03, 0x00, 0xaa, 0xfb, 0x73, 0x05, 0xa9,
	0xb7, 0x0a, 0x00, 0xb4, 0x5b, 0x48, 0x40, 0xf9,
	0xa3, 0xa0, 0x82, 0x52, 0x01, 0x00, 0x40, 0x39,
	0x21, 0x03, 0x00, 0x35, 0xe4, 0x06, 0x41, 0x29,
	0x00, 0x07, 0x40, 0x39, 0x61, 0x24, 0xc1, 0x1a,
	0x60, 0x06, 0x00, 0x36, 0x20, 0x00, 0x80, 0x52,
	0x02, 0x20, 0xc3, 0x1a, 0x00, 0x20, 0xc1, 0x1a,
	0x61, 0x7c, 0x05, 0x53, 0x42, 0x00, 0x00, 0x2a,
	0x20, 0x08, 0xc4, 0x1a, 0x00, 0x84, 0x04, 0x1b,
	0x01, 0x02, 0x80, 0xd2, 0x20, 0x48, 0x20, 0x8b,
	0xe0, 0x6a, 0x60, 0xb8, 0x5f, 0x00, 0x20, 0x6a,
	0xa0, 0x01, 0x00, 0x54, 0xe0, 0xfe, 0x9f, 0x12,
	0xf3, 0x53, 0x41, 0xa9, 0xf5, 0x5b, 0x42, 0xa9,
	0xf7, 0x63, 0x43, 0xa9, 0xf9, 0x6b, 0x44, 0xa9,
	0xfb, 0x73, 0x45, 0xa9, 0xfd, 0x7b, 0xc7, 0xa8,
	0xc0, 0x03, 0x5f, 0xd6, 0x63, 0x14, 0x03, 0x0b,
	0x00, 0x04, 0x00, 0x91, 0x23, 0x00, 0x03, 0x0b,
	0xe3, 0xff, 0xff, 0x17, 0x21, 0x48, 0x24, 0x8b,
	0xf6, 0x02, 0x01, 0x8b, 0xe1, 0x02, 0x40, 0xb9,
	0xe5, 0x03, 0x01, 0x2a, 0x60, 0x08, 0xc1, 0x1a,
	0x00, 0x8c, 0x01, 0x1b, 0xda, 0x7a, 0x60, 0xb8,
	0xe0, 0x06, 0x40, 0xb9, 0x1f, 0x00, 0x1a, 0x6b,
	0x68, 0xfd, 0xff, 0x54, 0xfb, 0x02, 0x1b, 0x8b,
	0x73, 0x00, 0x00, 0x32, 0xe3, 0x06, 0x40, 0xb9,
	0x43, 0x03, 0x03, 0x4b, 0x63, 0x00, 0x05, 0x8b,
	0x60, 0xf4, 0x7e, 0xd3, 0xc3, 0x0a, 0x03, 0x8b,
	0x7f, 0x00, 0x1b, 0xeb, 0x48, 0xfc, 0xff, 0x54,
	0xdc, 0x6a, 0x60, 0xb8, 0x80, 0x03, 0x00, 0x32,
	0x1f, 0x00, 0x13, 0x6b, 0x60, 0x02, 0x00, 0x54,
	0x5a, 0x07, 0x00, 0x11, 0x9c, 0xfe, 0x07, 0x36,
	0xdb, 0xff, 0xff, 0x17, 0x20, 0x00, 0x80, 0xd2,
	0x02, 0x20, 0xc3, 0x9a, 0x00, 0x20, 0xc1, 0x9a,
	0x41, 0x00, 0x00, 0xaa, 0x62, 0x7c, 0x06, 0x53,
	0x40, 0x08, 0xc4, 0x1a, 0x00, 0x88, 0x04, 0x1b,
	0x02, 0x02, 0x80, 0xd2, 0x40, 0x4c, 0x20, 0x8b,
	0xe0, 0x6a, 0x60, 0xf8, 0x3f, 0x00, 0x20, 0xea,
	0xe1, 0xf9, 0xff, 0x54, 0x44, 0x4c, 0x24, 0x8b,
	0xf6, 0x02, 0x04, 0x8b, 0xda, 0xff, 0xff, 0x17,
	0xe4, 0x03, 0x1a, 0x2a, 0xe3, 0x03, 0x15, 0x2a,
	0xe2, 0x03, 0x14, 0xaa, 0xe1, 0x03, 0x19, 0xaa,
	0xe0, 0x03, 0x18, 0xaa, 0xe5, 0x37, 0x00, 0xf9,
	0x2c, 0xff, 0xff, 0x97, 0xe5, 0x37, 0x40, 0xf9,
	0xc0, 0xfc, 0x07, 0x36, 0x00, 0x00, 0x80, 0x52,
	0xc2, 0xff, 0xff, 0x17, 0x42, 0x40, 0x40, 0xf9,
	0xe2, 0xf7, 0xff, 0xb4, 0x41, 0x68, 0x40, 0x29,
	0x56, 0x20, 0x00, 0x91, 0x03, 0x00, 0x80, 0x52,
	0xf7, 0x03, 0x01, 0x2a, 0x02, 0x00, 0x40, 0x39,
	0x22, 0x02, 0x00, 0x35, 0x60, 0x08, 0xc1, 0x1a,
	0x00, 0x8c, 0x01, 0x1b, 0xc4, 0x7a, 0x60, 0xb8,
	0xa4, 0xf6, 0xff, 0x34, 0x9f, 0x00, 0x1a, 0x6b,
	0x43, 0x02, 0x00, 0x54, 0x24, 0x00, 0x00, 0x90,
	0x84, 0x34, 0x05, 0x91, 0x23, 0x00, 0x80, 0x52,
	0x22, 0x00, 0x80, 0x52, 0xa1, 0x19, 0x80, 0x52,
	0x20, 0x00, 0x00, 0x90, 0x00, 0x14, 0x28, 0x91,
	0x01, 0x0c, 0x00, 0x94, 0x40, 0xff, 0x9f, 0x12,
	0x5f, 0xf2, 0xff, 0x97, 0x43, 0x10, 0x03, 0x0b,
	0x00, 0x04, 0x00, 0x91, 0x62, 0x0c, 0x04, 0x72,
	0x40, 0x00, 0x00, 0x54, 0x63, 0x60, 0x42, 0x4a,
	0x63, 0x00, 0x22, 0x0a, 0xe8, 0xff, 0xff, 0x17,
	0xf3, 0x03, 0x04, 0x2a, 0xe3, 0x03, 0x15, 0x2a,
	0xe4, 0x03, 0x13, 0xaa, 0xe2, 0x03, 0x14, 0xaa,
	0xe1, 0x03, 0x19, 0xaa, 0xe0, 0x03, 0x18, 0xaa,
	0x02, 0xff, 0xff, 0x97, 0x00, 0xfb, 0x07, 0x37,
	0xe4, 0x02, 0x13, 0x8b, 0xc4, 0x7a, 0x64, 0xb8,
	0xe2, 0xff, 0xff, 0x17, 0xfd, 0x7b, 0xbf, 0xa9,
	0x84, 0xfc, 0x60, 0xd3, 0xfd, 0x03, 0x00, 0x91,
	0x9f, 0x00, 0x01, 0xeb, 0x63, 0x01, 0x00, 0x54,
	0x24, 0x00, 0x00, 0x90, 0x84, 0xc0, 0x06, 0x91,
	0x23, 0x00, 0x80, 0x52, 0x22, 0x00, 0x80, 0x52,
	0x81, 0x3d, 0x80, 0x52, 0x20, 0x00, 0x00, 0x90,
	0x00, 0x38, 0x26, 0x91, 0xe0, 0x0b, 0x00, 0x94,
	0x40, 0xff, 0x9f, 0x12, 0x3e, 0xf2, 0xff, 0x97,
	0x9f, 0x00, 0x01, 0xeb, 0x84, 0x30, 0x9f, 0x9a,
	0x9f, 0x22, 0x03, 0xd5, 0x01, 0x03, 0x80, 0xd2,
	0x84, 0x7c, 0x01, 0x9b, 0x01, 0x00, 0x04, 0x8b,
	0x00, 0x68, 0x64, 0xb8, 0x1f, 0x00, 0x03, 0xeb,
	0xe3, 0x00, 0x00, 0x54, 0x24, 0x00, 0x00, 0x90,
	0x23, 0x00, 0x80, 0x52, 0x84, 0x28, 0x07, 0x91,
	0x22, 0x00, 0x80, 0x52, 0x21, 0x3e, 0x80, 0x52,
	0xed, 0xff, 0xff, 0x17, 0x42, 0x00, 0x00, 0x8b,
	0x20, 0x0c, 0x40, 0x79, 0xa2, 0x00, 0x00, 0xf9,
	0x00, 0x01, 0x00, 0x35, 0x20, 0x10, 0x40, 0x39,
	0x00, 0x7c, 0x04, 0x53, 0x1f, 0x08, 0x00, 0x71,
	0xe0, 0x17, 0x9f, 0x1a, 0xfd, 0x7b, 0xc1, 0xa8,
	0xc0, 0x00, 0x00, 0x39, 0xc0, 0x03, 0x5f, 0xd6,
	0x00, 0x00, 0x80, 0x52, 0xfc, 0xff, 0xff, 0x17,
	0xfd, 0x7b, 0xbf, 0xa9, 0x84, 0x7c, 0x08, 0x53,
	0xfd, 0x03, 0x00, 0x91, 0x9f, 0x00, 0x01, 0xeb,
	0x63, 0x01, 0x00, 0x54, 0x24, 0x00, 0x00, 0x90,
	0x84, 0xc0, 0x06, 0x91, 0x23, 0x00, 0x80, 0x52,
	0x22, 0x00, 0x80, 0x52, 0x81, 0x20, 0x80, 0x52,
	0x20, 0x00, 0x00, 0x90, 0x00, 0x2c, 0x27, 0x91,
	0xb5, 0x0b, 0x00, 0x94, 0x40, 0xff, 0x9f, 0x12,
	0x13, 0xf2, 0xff, 0x97, 0x9f, 0x00, 0x01, 0xeb,
	0x84, 0x30, 0x9f, 0x9a, 0x9f, 0x22, 0x03, 0xd5,
	0x81, 0xec, 0x7c, 0xd3, 0x04, 0x10, 0x04, 0x8b,
	0x00, 0x68, 0x61, 0xb8, 0x1f, 0x00, 0x03, 0xeb,
	0xe3, 0x00, 0x00, 0x54, 0x24, 0x00, 0x00, 0x90,
	0x23, 0x00, 0x80, 0x52, 0x84, 0x28, 0x07, 0x91,
	0x22, 0x00, 0x80, 0x52, 0x21, 0x21, 0x80, 0x52,
	0xee, 0xff, 0xff, 0x17, 0x42, 0x00, 0x00, 0x8b,
	0xa2, 0x00, 0x00, 0xf9, 0x26, 0x01, 0x00, 0xb4,
	0x80, 0x1c, 0x40, 0x79, 0x20, 0x01, 0x00, 0x35,
	0x80, 0x30, 0x40, 0x39, 0x00, 0x7c, 0x04, 0x53,
	0x1f, 0x08, 0x00, 0x71, 0xa1, 0x00, 0x00, 0x54,
	0x20, 0x00, 0x80, 0x52, 0xc0, 0x00, 0x00, 0x39,
	0xfd, 0x7b, 0xc1, 0xa8, 0xc0, 0x03, 0x5f, 0xd6,
	0xdf, 0x00, 0x00, 0x39, 0xfd, 0xff, 0xff, 0x17,
	0xfd, 0x7b, 0xbd, 0xa9, 0xfd, 0x03, 0x00, 0x91,
	0xf3, 0x53, 0x01, 0xa9, 0xf4, 0x03, 0x00, 0xaa,
	0xf5, 0x5b, 0x02, 0xa9, 0xf5, 0x03, 0x01, 0xaa,
	0xf6, 0x03, 0x02, 0xaa, 0x43, 0x01, 0x00, 0xb5,
	0x20, 0x00, 0x00, 0xb0, 0x00, 0x98, 0x40, 0xf9,
	0x13, 0x00, 0x40, 0xf9, 0x93, 0x02, 0x00, 0xb5,
	0xe0, 0xfe, 0x9f, 0x12, 0xf3, 0x53, 0x41, 0xa9,
	0xf5, 0x5b, 0x42, 0xa9, 0xfd, 0x7b, 0xc3, 0xa8,
	0xc0, 0x03, 0x5f, 0xd6, 0xf3, 0x03, 0x03, 0xaa,
	0x03, 0x00, 0x80, 0x52, 0xe2, 0x03, 0x13, 0xaa,
	0x0a, 0xff, 0xff, 0x97, 0xe0, 0x00, 0x00, 0x34,
	0xe2, 0x03, 0x13, 0xaa, 0xe1, 0x03, 0x15, 0xaa,
	0xe0, 0x03, 0x14, 0xaa, 0x23, 0x00, 0x80, 0x52,
	0x04, 0xff, 0xff, 0x97, 0xa0, 0xfd, 0xff, 0x35,
	0x36, 0x02, 0x00, 0xb5, 0x00, 0x00, 0x80, 0x52,
	0xef, 0xff, 0xff, 0x17, 0xe2, 0x03, 0x13, 0xaa,
	0xe1, 0x03, 0x15, 0xaa, 0xe0, 0x03, 0x14, 0xaa,
	0x03, 0x00, 0x80, 0x52, 0xfb, 0xfe, 0xff, 0x97,
	0x00, 0xff, 0xff, 0x34, 0xe2, 0x03, 0x13, 0xaa,
	0xe1, 0x03, 0x15, 0xaa, 0xe0, 0x03, 0x14, 0xaa,
	0x23, 0x00, 0x80, 0x52, 0xf5, 0xfe, 0xff, 0x97,
	0x40, 0xfe, 0xff, 0x34, 0x73, 0x92, 0x40, 0xf9,
	0xdf, 0xff, 0xff, 0x17, 0xd3, 0x02, 0x00, 0xf9,
	0xef, 0xff, 0xff, 0x17, 0xfd, 0x7b, 0xbd, 0xa9,
	0xfd, 0x03, 0x00, 0x91, 0xf3, 0x53, 0x01, 0xa9,
	0xf3, 0x03, 0x01, 0xaa, 0xf5, 0x5b, 0x02, 0xa9,
	0x76, 0x1c, 0x00, 0x12, 0xf5, 0x03, 0x00, 0xaa,
	0x03, 0x00, 0x80, 0xd2, 0xc9, 0xff, 0xff, 0x97,
	0x00, 0x02, 0x00, 0x34, 0xb6, 0x01, 0x00, 0x36,
	0xe5, 0x03, 0x15, 0xaa, 0x24, 0x00, 0x00, 0x90,
	0x84, 0x88, 0x07, 0x91, 0x23, 0x00, 0x80, 0x52,
	0x22, 0x00, 0x80, 0x52, 0x81, 0x23, 0x80, 0x52,
	0xf4, 0x03, 0x00, 0x2a, 0x20, 0x00, 0x00, 0x90,
	0x00, 0xfc, 0x26, 0x91, 0x52, 0x0b, 0x00, 0x94,
	0xe0, 0x03, 0x14, 0x2a, 0xb0, 0xf1, 0xff, 0x97,
	0x53, 0x00, 0x00, 0xb4, 0x7f, 0x02, 0x00, 0xf9,
	0xf3, 0x53, 0x41, 0xa9, 0xf5, 0x5b, 0x42, 0xa9,
	0xfd, 0x7b, 0xc3, 0xa8, 0xc0, 0x03, 0x5f, 0xd6,
	0xfd, 0x7b, 0xbc, 0xa9, 0xfd, 0x03, 0x00, 0x91,
	0x84, 0x04, 0x40, 0xb9, 0xe6, 0xbf, 0x00, 0x91,
	0xf3, 0x0b, 0x00, 0xf9, 0xf3, 0x03, 0x05, 0xaa,
	0xe5, 0xc3, 0x00, 0x91, 0xff, 0xbf, 0x00, 0x39,
	0xff, 0x1f, 0x00, 0xf9, 0x7f, 0xff, 0xff, 0x97,
	0xe0, 0x1b, 0x40, 0xf9, 0xe1, 0xe3, 0x00, 0x91,
	0xe3, 0xbf, 0x40, 0x39, 0x02, 0x00, 0x80, 0xd2,
	0x63, 0x00, 0x00, 0x52, 0xd4, 0xff, 0xff, 0x97,
	0xe0, 0x1f, 0x40, 0xf9, 0x60, 0x02, 0x00, 0xb9,
	0xf3, 0x0b, 0x40, 0xf9, 0xfd, 0x7b, 0xc4, 0xa8,
	0xc0, 0x03, 0x5f, 0xd6, 0xfd, 0x7b, 0xbc, 0xa9,
	0xfd, 0x03, 0x00, 0x91, 0x84, 0x04, 0x40, 0xf9,
	0xe6, 0xbf, 0x00, 0x91, 0xf3, 0x0b, 0x00, 0xf9,
	0xf3, 0x03, 0x05, 0xaa, 0xe5, 0xc3, 0x00, 0x91,
	0xff, 0x1f, 0x00, 0xf9, 0x40, 0xff, 0xff, 0x97,
	0xe0, 0x1b, 0x40, 0xf9, 0xe1, 0xe3, 0x00, 0x91,
	0xe3, 0xbf, 0x40, 0x39, 0x02, 0x00, 0x80, 0xd2,
	0x63, 0x00, 0x00, 0x52, 0xc0, 0xff, 0xff, 0x97,
	0xe0, 0x1f, 0x40, 0xf9, 0x60, 0x02, 0x00, 0xf9,
	0xf3, 0x0b, 0x40, 0xf9, 0xfd, 0x7b, 0xc4, 0xa8,
	0xc0, 0x03, 0x5f, 0xd6, 0xfd, 0x7b, 0xbc, 0xa9,
	0xfd, 0x03, 0x00, 0x91, 0xf3, 0x53, 0x01, 0xa9,
	0xf3, 0x03, 0x04, 0xaa, 0xf4, 0x03, 0x05, 0xaa,
	0x84, 0x04, 0x40, 0xf9, 0xff, 0x17, 0x00, 0xf9,
	0xff, 0x1f, 0x00, 0xf9, 0xff, 0x83, 0x44, 0xeb,
	0x80, 0x02, 0x00, 0x54, 0xe6, 0x9f, 0x00, 0x91,
	0xe5, 0xc3, 0x00, 0x91, 0x28, 0xff, 0xff, 0x97,
	0xe0, 0x1b, 0x40, 0xf9, 0xe2, 0xa3, 0x00, 0x91,
	0xe3, 0x9f, 0x40, 0x39, 0xe1, 0xe3, 0x00, 0x91,
	0x63, 0x00, 0x00, 0x52, 0xa8, 0xff, 0xff, 0x97,
	0xe0, 0x17, 0x40, 0xf9, 0xe1, 0x1f, 0x40, 0xf9,
	0x00, 0x70, 0x40, 0xf9, 0x00, 0x00, 0x01, 0x8b,
	0x61, 0x0a, 0x40, 0xf9, 0x00, 0x00, 0x01, 0x8b,
	0x80, 0x02, 0x00, 0xf9, 0xf3, 0x53, 0x41, 0xa9,
	0xfd, 0x7b, 0xc4, 0xa8, 0xc0, 0x03, 0x5f, 0xd6,
	0xe6, 0x17, 0x00, 0xf9, 0xf5, 0xff, 0xff, 0x17,
	0xfd, 0x7b, 0xb5, 0xa9, 0xfd, 0x03, 0x00, 0x91,
	0xf3, 0x53, 0x01, 0xa9, 0xf3, 0x03, 0x00, 0xaa,
	0x00, 0x2c, 0x40, 0xf9, 0xe0, 0x37, 0x00, 0xf9,
	0x60, 0x06, 0x40, 0x39, 0xf5, 0x5b, 0x02, 0xa9,
	0xf7, 0x63, 0x03, 0xa9, 0xf9, 0x6b, 0x04, 0xa9,
	0xfb, 0x73, 0x05, 0xa9, 0x60, 0x27, 0x00, 0x37,
	0x3c, 0x00, 0x00, 0xb0, 0x1a, 0x00, 0x80, 0xd2,
	0x1b, 0x03, 0x80, 0xd2, 0x97, 0xa7, 0x40, 0xf9,
	0x64, 0x46, 0x40, 0xb9, 0xe1, 0x03, 0x04, 0x2a,
	0x5f, 0x43, 0x24, 0xeb, 0x82, 0x02, 0x00, 0x54,
	0xe2, 0x37, 0x40, 0xf9, 0x40, 0xe7, 0x7a, 0xd3,
	0x42, 0x10, 0x00, 0x91, 0x42, 0x68, 0x60, 0xb8,
	0x5f, 0x10, 0x00, 0x71, 0x80, 0x26, 0x00, 0x54,
	0x5a, 0x07, 0x00, 0x91, 0xf5, 0xff, 0xff, 0x17,
	0xe2, 0x37, 0x40, 0xf9, 0xc0, 0x7e, 0x18, 0x9b,
	0x42, 0x10, 0x00, 0x91, 0x42, 0x68, 0x60, 0xb8,
	0x5f, 0x24, 0x00, 0x71, 0xa0, 0x01, 0x00, 0x54,
	0xd6, 0x06, 0x00, 0x91, 0x63, 0x46, 0x40, 0xb9,
	0xe1, 0x03, 0x03, 0x2a, 0xdf, 0x42, 0x23, 0xeb,
	0xc3, 0xfe, 0xff, 0x54, 0xf3, 0x53, 0x41, 0xa9,
	0xf5, 0x5b, 0x42, 0xa9, 0xf7, 0x63, 0x43, 0xa9,
	0xf9, 0x6b, 0x44, 0xa9, 0xfb, 0x73, 0x45, 0xa9,
	0xfd, 0x7b, 0xcb, 0xa8, 0xc0, 0x03, 0x5f, 0xd6,
	0x65, 0x2e, 0x40, 0xf9, 0xa0, 0x00, 0x00, 0x8b,
	0x02, 0x04, 0x40, 0xb9, 0x5f, 0x24, 0x00, 0x71,
	0x40, 0x01, 0x00, 0x54, 0x23, 0x00, 0x00, 0x90,
	0x21, 0x00, 0x00, 0x90, 0x20, 0x00, 0x00, 0x90,
	0x63, 0x70, 0x27, 0x91, 0x21, 0xd8, 0x07, 0x91,
	0x00, 0x24, 0x08, 0x91, 0x82, 0x2b, 0x80, 0x52,
	0x9e, 0x03, 0x00, 0x94, 0xae, 0x03, 0x00, 0x94,
	0x02, 0x24, 0x40, 0xb9, 0x5f, 0x20, 0x00, 0x71,
	0x20, 0x01, 0x00, 0x54, 0x23, 0x00, 0x00, 0x90,
	0x21, 0x00, 0x00, 0x90, 0x20, 0x00, 0x00, 0x90,
	0x63, 0x70, 0x27, 0x91, 0x21, 0xd8, 0x07, 0x91,
	0x00, 0xac, 0x08, 0x91, 0xc2, 0x2b, 0x80, 0x52,
	0xf4, 0xff, 0xff, 0x17, 0x02, 0x18, 0x40, 0xb9,
	0xfb, 0x03, 0x02, 0x2a, 0x62, 0x0a, 0x00, 0x34,
	0x7f, 0x00, 0x02, 0x6b, 0x48, 0x01, 0x00, 0x54,
	0x24, 0x00, 0x00, 0x90, 0x84, 0x68, 0x09, 0x91,
	0x23, 0x00, 0x80, 0x52, 0x22, 0x00, 0x80, 0x52,
	0xa1, 0x2c, 0x80, 0x52, 0x20, 0x00, 0x00, 0x90,
	0x00, 0x70, 0x27, 0x91, 0xae, 0x0a, 0x00, 0x94,
	0x78, 0x00, 0x00, 0x14, 0x7f, 0x03, 0x01, 0xeb,
	0x62, 0x33, 0x9f, 0x9a, 0x9f, 0x22, 0x03, 0xd5,
	0x42, 0x14, 0x18, 0x9b, 0x44, 0x24, 0x40, 0xb9,
	0x9f, 0x40, 0x00, 0x71, 0x20, 0x01, 0x00, 0x54,
	0x23, 0x00, 0x00, 0x90, 0x21, 0x00, 0x00, 0x90,
	0x20, 0x00, 0x00, 0x90, 0x63, 0x70, 0x27, 0x91,
	0x21, 0xd8, 0x07, 0x91, 0x00, 0xd0, 0x09, 0x91,
	0x02, 0x2d, 0x80, 0x52, 0xd7, 0xff, 0xff, 0x17,
	0x74, 0x92, 0x40, 0xa9, 0x5c, 0x0c, 0x40, 0xb9,
	0x47, 0x14, 0x40, 0xb9, 0x84, 0x00, 0x14, 0xcb,
	0x86, 0x43, 0x27, 0x8b, 0xdf, 0x00, 0x04, 0xeb,
	0xe3, 0x00, 0x00, 0x54, 0x24, 0x00, 0x00, 0x90,
	0x23, 0x00, 0x80, 0x52, 0x84, 0x98, 0x0a, 0x91,
	0x22, 0x00, 0x80, 0x52, 0xe1, 0x2d, 0x80, 0x52,
	0xe1, 0xff, 0xff, 0x17, 0x42, 0x18, 0x40, 0xb9,
	0x9c, 0x03, 0x14, 0x8b, 0xfb, 0x7c, 0x04, 0x53,
	0xf9, 0x03, 0x02, 0x2a, 0x62, 0x05, 0x00, 0x34,
	0x7f, 0x00, 0x02, 0x6b, 0xe8, 0x00, 0x00, 0x54,
	0x24, 0x00, 0x00, 0x90, 0x23, 0x00, 0x80, 0x52,
	0x84, 0xe8, 0x0a, 0x91, 0x22, 0x00, 0x80, 0x52,
	0x21, 0x2f, 0x80, 0x52, 0xd4, 0xff, 0xff, 0x17,
	0x02, 0x05, 0x80, 0xd2, 0x3f, 0x03, 0x01, 0xeb,
	0x21, 0x33, 0x9f, 0x9a, 0x9f, 0x22, 0x03, 0xd5,
	0x21, 0x14, 0x02, 0x9b, 0x22, 0x0c, 0x40, 0xb9,
	0x39, 0x14, 0x40, 0xb9, 0x41, 0x00, 0x19, 0x8b,
	0x9f, 0x00, 0x01, 0xeb, 0xe8, 0x00, 0x00, 0x54,
	0x04, 0x00, 0x00, 0xf0, 0x23, 0x00, 0x80, 0x52,
	0x84, 0xb8, 0x3e, 0x91, 0x22, 0x00, 0x80, 0x52,
	0x61, 0x30, 0x80, 0x52, 0xc4, 0xff, 0xff, 0x17,
	0x94, 0x02, 0x02, 0x8b, 0x09, 0x0c, 0x40, 0xb9,
	0x15, 0x14, 0x40, 0xb9, 0x61, 0x82, 0x40, 0xa9,
	0x22, 0x41, 0x35, 0x8b, 0x00, 0x00, 0x01, 0xcb,
	0x5f, 0x00, 0x00, 0xeb, 0xa3, 0x01, 0x00, 0x54,
	0x24, 0x00, 0x00, 0x90, 0x23, 0x00, 0x80, 0x52,
	0x84, 0x50, 0x0b, 0x91, 0x22, 0x00, 0x80, 0x52,
	0x21, 0x32, 0x80, 0x52, 0xb6, 0xff, 0xff, 0x17,
	0x19, 0x00, 0x80, 0xd2, 0x14, 0x00, 0x80, 0xd2,
	0x1c, 0x00, 0x80, 0xd2, 0xf0, 0xff, 0xff, 0x17,
	0x14, 0x00, 0x80, 0xd2, 0xee, 0xff, 0xff, 0x17,
	0x3a, 0x01, 0x01, 0x8b, 0xb5, 0x72, 0x7d, 0x92,
	0x40, 0x03, 0x15, 0x8b, 0xe0, 0x3f, 0x00, 0xf9,
	0xe0, 0x83, 0x02, 0x91, 0xe0, 0x43, 0x00, 0xf9,
	0xe0, 0x3f, 0x40, 0xf9, 0x1f, 0x00, 0x1a, 0xeb,
	0x09, 0xef, 0xff, 0x54, 0x75, 0x82, 0x40, 0xa9,
	0xff, 0xff, 0x09, 0xa9, 0x42, 0x03, 0x40, 0xb9,
	0xf7, 0x03, 0x02, 0x2a, 0x00, 0x00, 0x15, 0xcb,
	0x1f, 0x40, 0x22, 0xeb, 0xe8, 0x00, 0x00, 0x54,
	0x24, 0x00, 0x00, 0x90, 0x23, 0x00, 0x80, 0x52,
	0x84, 0xb0, 0x0b, 0x91, 0x22, 0x00, 0x80, 0x52,
	0xa1, 0x33, 0x80, 0x52, 0x9a, 0xff, 0xff, 0x17,
	0x44, 0x07, 0x40, 0xb9, 0xe5, 0x02, 0x15, 0x8b,
	0x80, 0x1c, 0x00, 0x12, 0x1f, 0x44, 0x00, 0x71,
	0x60, 0x0a, 0x00, 0x54, 0x28, 0x02, 0x00, 0x54,
	0x1f, 0x08, 0x00, 0x71, 0x20, 0x04, 0x00, 0x54,
	0x1f, 0x0c, 0x00, 0x71, 0x20, 0x07, 0x00, 0x54,
	0x00, 0x06, 0x00, 0x34, 0xe5, 0x03, 0x00, 0x2a,
	0x24, 0x00, 0x00, 0x90, 0x20, 0x00, 0x00, 0x90,
	0x84, 0x80, 0x0c, 0x91, 0x00, 0x70, 0x27, 0x91,
	0x23, 0x00, 0x80, 0x52, 0x22, 0x00, 0x80, 0x52,
	0x61, 0x3b, 0x80, 0x52, 0x36, 0x0a, 0x00, 0x94,
	0x40, 0xff, 0x9f, 0x12, 0x94, 0xf0, 0xff, 0x97,
	0x1f, 0x58, 0x00, 0x71, 0x88, 0x01, 0x00, 0x54,
	0x1f, 0x50, 0x00, 0x71, 0xe8, 0x06, 0x00, 0x54,
	0x1f, 0x48, 0x00, 0x71, 0x01, 0xfe, 0xff, 0x54,
	0x9c, 0x0c, 0x00, 0xb5, 0x24, 0x00, 0x00, 0x90,
	0x23, 0x00, 0x80, 0x52, 0x84, 0x2c, 0x0c, 0x91,
	0x22, 0x00, 0x80, 0x52, 0x81, 0x3a, 0x80, 0x52,
	0x77, 0xff, 0xff, 0x17, 0x1f, 0x5c, 0x00, 0x71,
	0xe1, 0xfc, 0xff, 0x54, 0xe0, 0x6a, 0x75, 0xb8,
	0x00, 0x00, 0x15, 0x0b, 0x19, 0x00, 0x00, 0x14,
	0x84, 0x7c, 0x08, 0x53, 0x9f, 0x00, 0x1b, 0xeb,
	0xe3, 0x00, 0x00, 0x54, 0x24, 0x00, 0x00, 0x90,
	0x23, 0x00, 0x80, 0x52, 0x84, 0xc0, 0x06, 0x91,
	0x22, 0x00, 0x80, 0x52, 0x81, 0x35, 0x80, 0x52,
	0x69, 0xff, 0xff, 0x17, 0x84, 0x13, 0x04, 0x8b,
	0x80, 0x1c, 0x40, 0x79, 0x20, 0x01, 0x00, 0x35,
	0xe4, 0x03, 0x1a, 0xaa, 0xe3, 0x03, 0x19, 0xaa,
	0xe2, 0x03, 0x14, 0xaa, 0xe1, 0x03, 0x1b, 0xaa,
	0xe0, 0x03, 0x1c, 0xaa, 0xc7, 0xfe, 0xff, 0x97,
	0x5a, 0x23, 0x00, 0x91, 0xb5, 0xff, 0xff, 0x17,
	0xe0, 0x6a, 0x75, 0xb8, 0x81, 0x04, 0x40, 0xb9,
	0x00, 0x00, 0x15, 0x0b, 0x00, 0x00, 0x01, 0x0b,
	0xe0, 0x6a, 0x35, 0xb8, 0xf9, 0xff, 0xff, 0x17,
	0x84, 0x7c, 0x08, 0x53, 0x7f, 0x03, 0x04, 0xeb,
	0xe8, 0x00, 0x00, 0x54, 0x24, 0x00, 0x00, 0x90,
	0x23, 0x00, 0x80, 0x52, 0x84, 0xc0, 0x06, 0x91,
	0x22, 0x00, 0x80, 0x52, 0x41, 0x37, 0x80, 0x52,
	0x4f, 0xff, 0xff, 0x17, 0x84, 0x13, 0x04, 0x8b,
	0xe1, 0x6a, 0x75, 0xb8, 0x21, 0x00, 0x02, 0x4b,
	0x80, 0x04, 0x40, 0xb9, 0xf0, 0xff, 0xff, 0x17,
	0x9c, 0xfc, 0xff, 0xb5, 0x24, 0x00, 0x00, 0x90,
	0x23, 0x00, 0x80, 0x52, 0x84, 0x2c, 0x0c, 0x91,
	0x22, 0x00, 0x80, 0x52, 0x81, 0x38, 0x80, 0x52,
	0x43, 0xff, 0xff, 0x17, 0xfc, 0x00, 0x00, 0xb5,
	0x04, 0x00, 0x00, 0xf0, 0x23, 0x00, 0x80, 0x52,
	0x84, 0x2c, 0x0c, 0x91, 0x22, 0x00, 0x80, 0x52,
	0x61, 0x39, 0x80, 0x52, 0x3c, 0xff, 0xff, 0x17,
	0x80, 0x7c, 0x08, 0x53, 0xf3, 0x4f, 0x00, 0xf9,
	0x7f, 0x03, 0x00, 0xeb, 0x28, 0x01, 0x00, 0x54,
	0x04, 0x00, 0x00, 0xf0, 0x00, 0x00, 0x00, 0xf0,
	0x84, 0xc0, 0x06, 0x91, 0x00, 0xb0, 0x26, 0x91,
	0x23, 0x00, 0x80, 0x52, 0x22, 0x00, 0x80, 0x52,
	0x21, 0x27, 0x80, 0x52, 0x32, 0xff, 0xff, 0x17,
	0x1f, 0x00, 0x1b, 0xeb, 0x00, 0x30, 0x9f, 0x9a,
	0x9f, 0x22, 0x03, 0xd5, 0x00, 0x02, 0x00, 0xb4,
	0x80, 0x13, 0x00, 0x8b, 0x00, 0x1c, 0x40, 0x79,
	0xa0, 0x01, 0x00, 0x35, 0xe5, 0x3b, 0x40, 0xf9,
	0xe3, 0x03, 0x19, 0xaa, 0xe2, 0x03, 0x14, 0xaa,
	0xe1, 0x03, 0x1b, 0xaa, 0xe0, 0x03, 0x1c, 0xaa,
	0x06, 0x00, 0x80, 0xd2, 0x11, 0xfe, 0xff, 0x97,
	0xe2, 0x47, 0x40, 0xf9, 0x03, 0x00, 0x80, 0x52,
	0xe0, 0x57, 0x40, 0xf9, 0x01, 0x00, 0x80, 0xd2,
	0x67, 0xfe, 0xff, 0x97, 0xe0, 0x4f, 0x40, 0xf9,
	0x00, 0x60, 0x40, 0xf9, 0xc1, 0xff, 0xff, 0x17,
	0xe5, 0x3b, 0x40, 0xf9, 0xe3, 0x03, 0x19, 0xaa,
	0xe2, 0x03, 0x14, 0xaa, 0xe1, 0x03, 0x1b, 0xaa,
	0xe0, 0x03, 0x1c, 0xaa, 0x06, 0x00, 0x80, 0xd2,
	0x02, 0xfe, 0xff, 0x97, 0xe1, 0x43, 0x40, 0xf9,
	0x03, 0x00, 0x80, 0x52, 0xe0, 0x57, 0x40, 0xf9,
	0x02, 0x00, 0x80, 0xd2, 0x58, 0xfe, 0xff, 0x97,
	0xe0, 0x53, 0x40, 0xf9, 0xb3, 0xff, 0xff, 0x17,
	0xe0, 0xa3, 0x02, 0x91, 0x16, 0x00, 0x80, 0xd2,
	0x18, 0x05, 0x80, 0xd2, 0xe0, 0x3b, 0x00, 0xf9,
	0xe0, 0x63, 0x02, 0x91, 0xe0, 0x47, 0x00, 0xf9,
	0xd7, 0xfe, 0xff, 0x17, 0x66, 0x2e, 0x40, 0xf9,
	0xc0, 0x00, 0x00, 0x8b, 0x02, 0x04, 0x40, 0xb9,
	0x5f, 0x10, 0x00, 0x71, 0x20, 0x01, 0x00, 0x54,
	0x03, 0x00, 0x00, 0xf0, 0x01, 0x00, 0x00, 0xf0,
	0x00, 0x00, 0x00, 0xf0, 0x63, 0x7c, 0x26, 0x91,
	0x21, 0xd8, 0x07, 0x91, 0x00, 0xec, 0x0c, 0x91,
	0x82, 0x49, 0x80, 0x52, 0xe1, 0xfe, 0xff, 0x17,
	0x02, 0x1c, 0x40, 0xf9, 0x5f, 0x60, 0x00, 0xf1,
	0x20, 0x01, 0x00, 0x54, 0x03, 0x00, 0x00, 0xf0,
	0x01, 0x00, 0x00, 0xf0, 0x00, 0x00, 0x00, 0xf0,
	0x63, 0x7c, 0x26, 0x91, 0x21, 0xd8, 0x07, 0x91,
	0x00, 0x78, 0x0d, 0x91, 0xc2, 0x49, 0x80, 0x52,
	0xd6, 0xfe, 0xff, 0x17, 0x02, 0x28, 0x40, 0xb9,
	0xf5, 0x03, 0x02, 0x2a, 0x02, 0x0c, 0x00, 0x34,
	0x9f, 0x00, 0x02, 0x6b, 0x28, 0x01, 0x00, 0x54,
	0x04, 0x00, 0x00, 0xf0, 0x84, 0x68, 0x09, 0x91,
	0x23, 0x00, 0x80, 0x52, 0x22, 0x00, 0x80, 0x52,
	0xa1, 0x4a, 0x80, 0x52, 0x00, 0x00, 0x00, 0xf0,
	0x00, 0x7c, 0x26, 0x91, 0xe2, 0xfe, 0xff, 0x17,
	0xbf, 0x02, 0x01, 0xeb, 0xa2, 0x32, 0x9f, 0x9a,
	0x9f, 0x22, 0x03, 0xd5, 0xc2, 0x18, 0x02, 0x8b,
	0x43, 0x1c, 0x40, 0xf9, 0x7f, 0x60, 0x00, 0xf1,
	0x20, 0x01, 0x00, 0x54, 0x03, 0x00, 0x00, 0xf0,
	0x01, 0x00, 0x00, 0xf0, 0x00, 0x00, 0x00, 0xf0,
	0x63, 0x7c, 0x26, 0x91, 0x21, 0xd8, 0x07, 0x91,
	0x00, 0x38, 0x0e, 0x91, 0x02, 0x4b, 0x80, 0x52,
	0xba, 0xfe, 0xff, 0x17, 0x56, 0x08, 0x40, 0xf9,
	0x55, 0x10, 0x40, 0xf9, 0xc7, 0x02, 0x15, 0xab,
	0x62, 0x01, 0x00, 0x54, 0x78, 0x96, 0x40, 0xa9,
	0xa5, 0x00, 0x18, 0xcb, 0xff, 0x00, 0x05, 0xeb,
	0xa3, 0x01, 0x00, 0x54, 0x04, 0x00, 0x00, 0xf0,
	0x23, 0x00, 0x80, 0x52, 0x84, 0x98, 0x0a, 0x91,
	0x22, 0x00, 0x80, 0x52, 0xe1, 0x4b, 0x80, 0x52,
	0xe1, 0xff, 0xff, 0x17, 0x04, 0x00, 0x00, 0xf0,
	0x23, 0x00, 0x80, 0x52, 0x84, 0x00, 0x0f, 0x91,
	0x22, 0x00, 0x80, 0x52, 0xa1, 0x4b, 0x80, 0x52,
	0xdb, 0xff, 0xff, 0x17, 0x42, 0x28, 0x40, 0xb9,
	0xd6, 0x02, 0x18, 0x8b, 0xb5, 0x0a, 0xc3, 0x9a,
	0xfc, 0x03, 0x02, 0x2a, 0x42, 0x06, 0x00, 0x34,
	0x9f, 0x00, 0x02, 0x6b, 0xe8, 0x00, 0x00, 0x54,
	0x04, 0x00, 0x00, 0xf0, 0x23, 0x00, 0x80, 0x52,
	0x84, 0xe8, 0x0a, 0x91, 0x22, 0x00, 0x80, 0x52,
	0x21, 0x4d, 0x80, 0x52, 0xce, 0xff, 0xff, 0x17,
	0x9f, 0x03, 0x01, 0xeb, 0x81, 0x33, 0x9f, 0x9a,
	0x9f, 0x22, 0x03, 0xd5, 0xc1, 0x18, 0x01, 0x8b,
	0x22, 0x08, 0x40, 0xf9, 0x3c, 0x10, 0x40, 0xf9,
	0x41, 0x00, 0x1c, 0xab, 0x22, 0x01, 0x00, 0x54,
	0xbf, 0x00, 0x01, 0xeb, 0xa8, 0x01, 0x00, 0x54,
	0x04, 0x00, 0x00, 0xd0, 0x23, 0x00, 0x80, 0x52,
	0x84, 0xb8, 0x3e, 0x91, 0x22, 0x00, 0x80, 0x52,
	0x61, 0x4e, 0x80, 0x52, 0xbe, 0xff, 0xff, 0x17,
	0x04, 0x00, 0x00, 0xf0, 0x23, 0x00, 0x80, 0x52,
	0x84, 0x00, 0x0f, 0x91, 0x22, 0x00, 0x80, 0x52,
	0x21, 0x4e, 0x80, 0x52, 0xb8, 0xff, 0xff, 0x17,
	0x18, 0x03, 0x02, 0x8b, 0x14, 0x08, 0x40, 0xf9,
	0x19, 0x10, 0x40, 0xf9, 0x82, 0x02, 0x19, 0xab,
	0x22, 0x02, 0x00, 0x54, 0x61, 0x82, 0x40, 0xa9,
	0x00, 0x00, 0x01, 0xcb, 0x5f, 0x00, 0x00, 0xeb,
	0x63, 0x02, 0x00, 0x54, 0x04, 0x00, 0x00, 0xf0,
	0x23, 0x00, 0x80, 0x52, 0x84, 0x50, 0x0b, 0x91,
	0x22, 0x00, 0x80, 0x52, 0x21, 0x50, 0x80, 0x52,
	0xa9, 0xff, 0xff, 0x17, 0x1c, 0x00, 0x80, 0xd2,
	0x18, 0x00, 0x80, 0xd2, 0x16, 0x00, 0x80, 0xd2,
	0xef, 0xff, 0xff, 0x17, 0x18, 0x00, 0x80, 0xd2,
	0xed, 0xff, 0xff, 0x17, 0x04, 0x00, 0x00, 0xf0,
	0x23, 0x00, 0x80, 0x52, 0x84, 0x00, 0x0f, 0x91,
	0x22, 0x00, 0x80, 0x52, 0xe1, 0x4f, 0x80, 0x52,
	0x9d, 0xff, 0xff, 0x17, 0x39, 0x0b, 0xdb, 0x9a,
	0x94, 0x02, 0x01, 0x8b, 0x39, 0x53, 0x1b, 0x9b,
	0x3f, 0x03, 0x14, 0xeb, 0x69, 0xc8, 0xff, 0x54,
	0x62, 0x82, 0x40, 0xa9, 0x84, 0x02, 0x40, 0xf9,
	0x00, 0x00, 0x02, 0xcb, 0x9f, 0x00, 0x00, 0xeb,
	0xe3, 0x00, 0x00, 0x54, 0x04, 0x00, 0x00, 0xf0,
	0x23, 0x00, 0x80, 0x52, 0x84, 0xb0, 0x0b, 0x91,
	0x22, 0x00, 0x80, 0x52, 0x61, 0x51, 0x80, 0x52,
	0x8d, 0xff, 0xff, 0x17, 0x80, 0x06, 0x40, 0xf9,
	0x85, 0x00, 0x02, 0x8b, 0x01, 0x7c, 0x40, 0x92,
	0x3f, 0x0c, 0x10, 0xf1, 0x00, 0x07, 0x00, 0x54,
	0x28, 0x03, 0x00, 0x54, 0x3f, 0x04, 0x04, 0xf1,
	0xe0, 0x03, 0x00, 0x54, 0x88, 0x01, 0x00, 0x54,
	0x21, 0x06, 0x00, 0xb4, 0xe5, 0x03, 0x01, 0xaa,
	0x04, 0x00, 0x00, 0xf0, 0x23, 0x00, 0x80, 0x52,
	0x84, 0x24, 0x0f, 0x91, 0x22, 0x00, 0x80, 0x52,
	0x21, 0x5a, 0x80, 0x52, 0x00, 0x00, 0x00, 0xf0,
	0x00, 0x7c, 0x26, 0x91, 0x0c, 0x09, 0x00, 0x94,
	0xd6, 0xfe, 0xff, 0x17, 0x20, 0x04, 0x10, 0xd1,
	0x1f, 0x04, 0x00, 0xf1, 0x88, 0xfe, 0xff, 0x54,
	0xe4, 0x03, 0x14, 0xaa, 0xe3, 0x03, 0x1c, 0xaa,
	0xe2, 0x03, 0x18, 0xaa, 0xe1, 0x03, 0x15, 0xaa,
	0xe0, 0x03, 0x16, 0xaa, 0xce, 0xfd, 0xff, 0x97,
	0x1d, 0x00, 0x00, 0x14, 0x3f, 0x18, 0x10, 0xf1,
	0x00, 0x04, 0x00, 0x54, 0x3f, 0x1c, 0x10, 0xf1,
	0x21, 0xfd, 0xff, 0x54, 0xe6, 0x03, 0x13, 0xaa,
	0xa5, 0x20, 0x00, 0x91, 0x97, 0x68, 0x22, 0xf8,
	0x1b, 0x00, 0x00, 0x14, 0x00, 0xfc, 0x60, 0xd3,
	0x1f, 0x00, 0x15, 0xeb, 0xe3, 0x00, 0x00, 0x54,
	0x04, 0x00, 0x00, 0xf0, 0x23, 0x00, 0x80, 0x52,
	0x84, 0xc0, 0x06, 0x91, 0x22, 0x00, 0x80, 0x52,
	0x81, 0x53, 0x80, 0x52, 0x5e, 0xff, 0xff, 0x17,
	0x1f, 0x00, 0x15, 0xeb, 0x00, 0x30, 0x9f, 0x9a,
	0x9f, 0x22, 0x03, 0xd5, 0x00, 0x58, 0x1b, 0x9b,
	0x01, 0x0c, 0x40, 0x79, 0x61, 0xfc, 0xff, 0x34,
	0x81, 0x0a, 0x40, 0xf9, 0x00, 0x04, 0x40, 0xf9,
	0x41, 0x00, 0x01, 0x8b, 0x20, 0x00, 0x00, 0x8b,
	0x80, 0x68, 0x22, 0xf8, 0x94, 0x62, 0x00, 0x91,
	0xb8, 0xff, 0xff, 0x17, 0x80, 0x0a, 0x40, 0xf9,
	0x00, 0x00, 0x02, 0x8b, 0xfb, 0xff, 0xff, 0x17,
	0xe6, 0x03, 0x13, 0xaa, 0xe4, 0x03, 0x14, 0xaa,
	0xe3, 0x03, 0x1c, 0xaa, 0xe2, 0x03, 0x18, 0xaa,
	0xe1, 0x03, 0x15, 0xaa, 0xe0, 0x03, 0x16, 0xaa,
	0xb9, 0xfd, 0xff, 0x97, 0xf4, 0xff, 0xff, 0x17,
	0xfd, 0x7b, 0xbe, 0xa9, 0xfd, 0x03, 0x00, 0x91,
	0xf3, 0x0b, 0x00, 0xf9, 0xf3, 0x03, 0x01, 0xaa,
	0x21, 0x00, 0x40, 0xf9, 0x3f, 0x00, 0x02, 0xeb,
	0xe3, 0x01, 0x00, 0x54, 0xe4, 0x03, 0x03, 0xaa,
	0x23, 0x10, 0x00, 0x91, 0x42, 0x00, 0x04, 0x8b,
	0x7f, 0x00, 0x02, 0xeb, 0x48, 0x01, 0x00, 0x54,
	0x82, 0x00, 0x80, 0xd2, 0xf1, 0xee, 0xff, 0x97,
	0x60, 0x02, 0x40, 0xf9, 0x00, 0x10, 0x00, 0x91,
	0x60, 0x02, 0x00, 0xf9, 0x20, 0x00, 0x80, 0x52,
	0xf3, 0x0b, 0x40, 0xf9, 0xfd, 0x7b, 0xc2, 0xa8,
	0xc0, 0x03, 0x5f, 0xd6, 0x00, 0x00, 0x80, 0x52,
	0xfc, 0xff, 0xff, 0x17, 0xfd, 0x7b, 0xbc, 0xa9,
	0x82, 0x00, 0x80, 0xd2, 0xfd, 0x03, 0x00, 0x91,
	0xf3, 0x53, 0x01, 0xa9, 0xf3, 0x03, 0x00, 0xaa,
	0x14, 0x24, 0x40, 0xf9, 0xe0, 0xf3, 0x00, 0x91,
	0xf5, 0x13, 0x00, 0xf9, 0xf5, 0x03, 0x01, 0xaa,
	0xe1, 0x03, 0x14, 0xaa, 0xdd, 0xee, 0xff, 0x97,
	0x61, 0x56, 0x40, 0xb9, 0xe0, 0x3f, 0x40, 0xb9,
	0x21, 0x70, 0x1d, 0x53, 0x00, 0x24, 0xc1, 0x1a,
	0x00, 0x1c, 0x00, 0x12, 0xa0, 0x02, 0x00, 0xb9,
	0x60, 0x56, 0x40, 0xb9, 0xa0, 0x01, 0x00, 0x35,
	0x60, 0x00, 0x80, 0x52, 0x60, 0x56, 0x00, 0xb9,
	0x60, 0x52, 0x40, 0xb9, 0x94, 0x12, 0x00, 0x91,
	0x74, 0x26, 0x00, 0xf9, 0x00, 0x04, 0x00, 0x51,
	0x60, 0x52, 0x00, 0xb9, 0xf3, 0x53, 0x41, 0xa9,
	0x20, 0x00, 0x80, 0x52, 0xf5, 0x13, 0x40, 0xf9,
	0xfd, 0x7b, 0xc4, 0xa8, 0xc0, 0x03, 0x5f, 0xd6,
	0x00, 0x04, 0x00, 0x51, 0x60, 0x56, 0x00, 0xb9,
	0xf9, 0xff, 0xff, 0x17, 0xfd, 0x7b, 0xb6, 0xa9,
	0xfd, 0x03, 0x00, 0x91, 0xf3, 0x53, 0x01, 0xa9,
	0xf3, 0x03, 0x00, 0xaa, 0x14, 0x3c, 0x40, 0xb9,
	0xf5, 0x5b, 0x02, 0xa9, 0xf6, 0x03, 0x01, 0xaa,
	0xf7, 0x63, 0x03, 0xa9, 0xf8, 0x63, 0x02, 0x91,
	0xf7, 0x03, 0x02, 0xaa, 0xf9, 0x6b, 0x04, 0xa9,
	0xf9, 0x43, 0x02, 0x91, 0xe2, 0x03, 0x18, 0xaa,
	0xfb, 0x73, 0x05, 0xa9, 0xe1, 0x03, 0x19, 0xaa,
	0x14, 0x40, 0x00, 0xb9, 0x94, 0x0a, 0x00, 0x51,
	0x1f, 0xb0, 0x00, 0x79, 0xe0, 0x03, 0x14, 0xaa,
	0xff, 0x7f, 0x09, 0xa9, 0xbf, 0xf9, 0xff, 0x97,
	0x60, 0x01, 0x00, 0x36, 0x1a, 0x1c, 0x00, 0x12,
	0x15, 0x00, 0x80, 0x52, 0xe0, 0x07, 0x49, 0xa9,
	0x21, 0x00, 0x00, 0xcb, 0x21, 0x88, 0x43, 0xd3,
	0x26, 0x04, 0x00, 0x11, 0xbf, 0x02, 0x01, 0x6b,
	0x61, 0x01, 0x00, 0x54, 0x15, 0x4c, 0x35, 0x8b,
	0x35, 0x03, 0x00, 0xb5, 0x00, 0x00, 0x80, 0x52,
	0xf3, 0x53, 0x41, 0xa9, 0xf5, 0x5b, 0x42, 0xa9,
	0xf7, 0x63, 0x43, 0xa9, 0xf9, 0x6b, 0x44, 0xa9,
	0xfb, 0x73, 0x45, 0xa9, 0xfd, 0x7b, 0xca, 0xa8,
	0xc0, 0x03, 0x5f, 0xd6, 0xc2, 0x00, 0x15, 0x4b,
	0xa4, 0x06, 0x42, 0x0b, 0xa2, 0x06, 0x42, 0x0b,
	0x45, 0xf0, 0x7d, 0xd3, 0x03, 0x0c, 0x02, 0x8b,
	0x05, 0x68, 0x65, 0xb8, 0xa2, 0x78, 0x1f, 0x53,
	0x42, 0x00, 0x01, 0x12, 0x42, 0x00, 0x05, 0x2a,
	0x62, 0xc0, 0x22, 0x8b, 0x9f, 0x02, 0x02, 0xeb,
	0x62, 0x00, 0x00, 0x54, 0x81, 0x04, 0x00, 0x51,
	0xe6, 0xff, 0xff, 0x17, 0xf5, 0x03, 0x04, 0x2a,
	0xe5, 0xff, 0xff, 0x17, 0xa2, 0x06, 0x40, 0xb9,
	0x5f, 0x04, 0x00, 0x71, 0x40, 0x06, 0x00, 0x54,
	0x41, 0x78, 0x1f, 0x53, 0xa0, 0x12, 0x00, 0x91,
	0x21, 0x00, 0x01, 0x12, 0x5f, 0x00, 0x00, 0x71,
	0x21, 0x00, 0x02, 0x2a, 0x7f, 0x3e, 0x00, 0xb9,
	0x82, 0x00, 0x80, 0xd2, 0x01, 0xc0, 0x21, 0x8b,
	0x21, 0xa0, 0x80, 0x9a, 0x61, 0x26, 0x00, 0xf9,
	0xe0, 0x23, 0x02, 0x91, 0x7f, 0xee, 0xff, 0x97,
	0xe0, 0x8b, 0x40, 0xb9, 0x02, 0x00, 0xb0, 0x52,
	0x01, 0x1c, 0x08, 0x12, 0x3f, 0x00, 0x02, 0x6b,
	0x40, 0x16, 0x00, 0x54, 0x02, 0x20, 0xb0, 0x52,
	0x3f, 0x00, 0x02, 0x6b, 0xe1, 0x0f, 0x00, 0x54,
	0x00, 0x5c, 0x50, 0xd3, 0x21, 0x00, 0x80, 0x52,
	0x00, 0x04, 0x00, 0x11, 0x60, 0x06, 0x0a, 0x29,
	0xe0, 0x33, 0x02, 0x91, 0xe0, 0x37, 0x00, 0xf9,
	0x0f, 0x00, 0x00, 0x14, 0xe1, 0x37, 0x40, 0xf9,
	0x7c, 0x36, 0x40, 0xb9, 0xe0, 0x03, 0x1c, 0x2a,
	0xe0, 0x4f, 0x00, 0xf9, 0xe0, 0x03, 0x13, 0xaa,
	0x83, 0xff, 0xff, 0x97, 0x20, 0x0e, 0x00, 0x36,
	0xf4, 0x8f, 0x40, 0xb9, 0x80, 0x06, 0x1a, 0x72,
	0x01, 0x02, 0x00, 0x54, 0x94, 0x16, 0x1e, 0x53,
	0x94, 0x12, 0x00, 0x11, 0x94, 0x02, 0x1c, 0x0b,
	0x74, 0x36, 0x00, 0xb9, 0x60, 0x52, 0x40, 0xb9,
	0x20, 0xfe, 0xff, 0x35, 0x60, 0x3e, 0x40, 0xb9,
	0x20, 0x13, 0x00, 0x34, 0x00, 0x00, 0x80, 0x52,
	0xa1, 0x06, 0x40, 0xb9, 0x3f, 0x04, 0x00, 0x71,
	0x41, 0x00, 0x00, 0x54, 0xe0, 0x03, 0x1a, 0x2a,
	0x00, 0x00, 0x00, 0x52, 0xb3, 0xff, 0xff, 0x17,
	0x1f, 0x00, 0x01, 0x71, 0xc1, 0x00, 0x00, 0x54,
	0x94, 0x16, 0x1e, 0x53, 0x9c, 0x03, 0x14, 0x4b,
	0x9c, 0x13, 0x00, 0x51, 0x7c, 0x36, 0x00, 0xb9,
	0xef, 0xff, 0xff, 0x17, 0x80, 0x0e, 0x1c, 0x12,
	0x1f, 0x00, 0x02, 0x71, 0x61, 0x05, 0x00, 0x54,
	0xe1, 0x03, 0x19, 0xaa, 0xe0, 0x03, 0x13, 0xaa,
	0x63, 0xff, 0xff, 0x97, 0x20, 0x0a, 0x00, 0x36,
	0xe0, 0x93, 0x40, 0xb9, 0x94, 0x0e, 0x18, 0x53,
	0x94, 0x02, 0x00, 0x2a, 0xf4, 0x93, 0x00, 0xb9,
	0x94, 0x09, 0x00, 0x34, 0x3b, 0x00, 0x80, 0x52,
	0x65, 0x42, 0x00, 0x91, 0xe6, 0x03, 0x1b, 0x2a,
	0x94, 0x00, 0x80, 0x52, 0xfc, 0x93, 0x40, 0xb9,
	0x7c, 0x00, 0x00, 0x34, 0x9f, 0x42, 0x00, 0x71,
	0x81, 0x00, 0x00, 0x54, 0x5b, 0xfb, 0xff, 0x34,
	0xe0, 0x4f, 0x40, 0xf9, 0x1f, 0x00, 0x00, 0x14,
	0x3c, 0x02, 0x00, 0x36, 0xe3, 0x03, 0x17, 0xaa,
	0xe2, 0x03, 0x16, 0xaa, 0xe1, 0x03, 0x18, 0xaa,
	0xe0, 0x03, 0x05, 0xaa, 0xe5, 0x3b, 0x00, 0xf9,
	0xe6, 0x7f, 0x00, 0xb9, 0x33, 0xff, 0xff, 0x97,
	0x00, 0x07, 0x00, 0x36, 0xe6, 0x7f, 0x40, 0xb9,
	0x9f, 0x36, 0x00, 0x71, 0xe5, 0x3b, 0x40, 0xf9,
	0x7b, 0x13, 0x9f, 0x1a, 0x61, 0xb2, 0x40, 0x79,
	0xc0, 0x20, 0xd4, 0x1a, 0x00, 0x00, 0x01, 0x2a,
	0x60, 0xb2, 0x00, 0x79, 0x9c, 0x7f, 0x01, 0x53,
	0x94, 0x06, 0x00, 0x11, 0xa5, 0x10, 0x00, 0x91,
	0xfc, 0x93, 0x00, 0xb9, 0xe4, 0xff, 0xff, 0x17,
	0x1f, 0x40, 0x02, 0x71, 0x21, 0x01, 0x00, 0x54,
	0xa0, 0x01, 0x80, 0x52, 0x80, 0x02, 0x00, 0x0a,
	0x1f, 0x34, 0x00, 0x71, 0xe0, 0x04, 0x00, 0x54,
	0x94, 0x0e, 0x40, 0x92, 0x60, 0x7a, 0x74, 0xb8,
	0x60, 0x36, 0x00, 0xb9, 0xb8, 0xff, 0xff, 0x17,
	0x1f, 0x80, 0x02, 0x71, 0x21, 0x04, 0x00, 0x54,
	0x84, 0x0a, 0x00, 0x12, 0x65, 0x42, 0x00, 0x91,
	0x9b, 0x10, 0x00, 0x11, 0x9c, 0x00, 0x80, 0x52,
	0x26, 0x00, 0x80, 0x52, 0xe3, 0x03, 0x17, 0xaa,
	0xe2, 0x03, 0x16, 0xaa, 0xe1, 0x03, 0x18, 0xaa,
	0xe0, 0x03, 0x05, 0xaa, 0xe5, 0x3b, 0x00, 0xf9,
	0xe6, 0x7f, 0x00, 0xb9, 0x0d, 0xff, 0xff, 0x97,
	0x40, 0x02, 0x00, 0x36, 0xe6, 0x7f, 0x40, 0xb9,
	0xe5, 0x3b, 0x40, 0xf9, 0x61, 0xb2, 0x40, 0x79,
	0xc0, 0x20, 0xdc, 0x1a, 0x9c, 0x07, 0x00, 0x11,
	0xa5, 0x10, 0x00, 0x91, 0x00, 0x00, 0x01, 0x2a,
	0x60, 0xb2, 0x00, 0x79, 0x7f, 0x03, 0x1c, 0x6b,
	0xe2, 0xfd, 0xff, 0x54, 0xb4, 0xf8, 0x1f, 0x36,
	0xe3, 0x03, 0x17, 0xaa, 0xe2, 0x03, 0x16, 0xaa,
	0xe1, 0x03, 0x18, 0xaa, 0x60, 0xe2, 0x00, 0x91,
	0xfc, 0xfe, 0xff, 0x97, 0xe0, 0xf7, 0x07, 0x37,
	0xe0, 0x03, 0x1a, 0x2a, 0x9b, 0xff, 0xff, 0x17,
	0x9f, 0xc2, 0x02, 0x71, 0x61, 0x00, 0x00, 0x54,
	0x7f, 0x52, 0x00, 0xb9, 0x92, 0xff, 0xff, 0x17,
	0x9f, 0xc6, 0x02, 0x71, 0xc1, 0x03, 0x00, 0x54,
	0xe1, 0x03, 0x19, 0xaa, 0xe0, 0x03, 0x13, 0xaa,
	0x07, 0xff, 0xff, 0x97, 0xa0, 0xfe, 0x07, 0x36,
	0xe0, 0x93, 0x40, 0xb9, 0x60, 0xfe, 0xff, 0x34,
	0x1f, 0x0c, 0x1c, 0x72, 0x21, 0xfe, 0xff, 0x54,
	0x14, 0x00, 0x80, 0xd2, 0x3b, 0x00, 0x80, 0x52,
	0xfc, 0x93, 0x40, 0xb9, 0x7c, 0xf5, 0xff, 0x34,
	0x9f, 0x12, 0x00, 0xf1, 0x20, 0xf5, 0xff, 0x54,
	0x7c, 0x01, 0x00, 0x36, 0xe3, 0x03, 0x17, 0xaa,
	0xe2, 0x03, 0x16, 0xaa, 0xe1, 0x03, 0x18, 0xaa,
	0x60, 0x0a, 0x14, 0x8b, 0xdf, 0xfe, 0xff, 0x97,
	0x80, 0xfc, 0x07, 0x36, 0x61, 0xb2, 0x40, 0x79,
	0x60, 0x23, 0xd4, 0x1a, 0x00, 0x00, 0x01, 0x2a,
	0x60, 0xb2, 0x00, 0x79, 0x9c, 0x7f, 0x01, 0x53,
	0x94, 0x06, 0x00, 0x91, 0xfc, 0x93, 0x00, 0xb9,
	0xee, 0xff, 0xff, 0x17, 0x94, 0x1e, 0x00, 0x12,
	0x9f, 0xca, 0x02, 0x71, 0x21, 0xfb, 0xff, 0x54,
	0xe1, 0x03, 0x19, 0xaa, 0xe0, 0x03, 0x13, 0xaa,
	0xe7, 0xfe, 0xff, 0x97, 0xa0, 0xfa, 0x07, 0x36,
	0xe0, 0x93, 0x40, 0xb9, 0x80, 0x0b, 0x00, 0x0b,
	0x00, 0x10, 0x08, 0x11, 0xaf, 0xff, 0xff, 0x17,
	0x41, 0x00, 0x80, 0x52, 0x20, 0x00, 0x80, 0x52,
	0x53, 0xff, 0xff, 0x17, 0x60, 0x3a, 0x40, 0xb9,
	0x61, 0x42, 0x40, 0xb9, 0x60, 0x3e, 0x00, 0xb9,
	0x1f, 0x00, 0x01, 0x6b, 0x80, 0xec, 0xff, 0x54,
	0x60, 0xb2, 0x40, 0x79, 0x00, 0x40, 0x11, 0x32,
	0x60, 0xb2, 0x00, 0x79, 0x60, 0xff, 0xff, 0x17,
	0xfd, 0x7b, 0xbd, 0xa9, 0x04, 0x00, 0x00, 0xf0,
	0x23, 0x00, 0x80, 0x52, 0xfd, 0x03, 0x00, 0x91,
	0xf5, 0x5b, 0x02, 0xa9, 0x16, 0x00, 0x00, 0xf0,
	0xd6, 0xc6, 0x0f, 0x91, 0xf5, 0x03, 0x02, 0xaa,
	0x84, 0x94, 0x0f, 0x91, 0x22, 0x00, 0x80, 0x52,
	0xf3, 0x53, 0x01, 0xa9, 0xf3, 0x03, 0x00, 0xaa,
	0xf4, 0x03, 0x01, 0xaa, 0x00, 0x00, 0x80, 0xd2,
	0x01, 0x00, 0x80, 0x52, 0x86, 0x07, 0x00, 0x94,
	0x65, 0x3e, 0x40, 0xb9, 0xe4, 0x03, 0x16, 0xaa,
	0x23, 0x00, 0x80, 0x52, 0x22, 0x00, 0x80, 0x52,
	0x01, 0x00, 0x80, 0x52, 0x00, 0x00, 0x80, 0xd2,
	0x7f, 0x07, 0x00, 0x94, 0xe2, 0x03, 0x15, 0xaa,
	0xe1, 0x03, 0x14, 0xaa, 0xe0, 0x03, 0x13, 0xaa,
	0xdd, 0xfe, 0xff, 0x97, 0xa0, 0xfe, 0x07, 0x37,
	0xf3, 0x53, 0x41, 0xa9, 0xf5, 0x5b, 0x42, 0xa9,
	0xfd, 0x7b, 0xc3, 0xa8, 0xc0, 0x03, 0x5f, 0xd6,
	0xc0, 0x03, 0x5f, 0xd6, 0xc0, 0x03, 0x5f, 0xd6,
	0xfd, 0x7b, 0xbd, 0xa9, 0xfd, 0x03, 0x00, 0x91,
	0xf3, 0x53, 0x01, 0xa9, 0x14, 0x00, 0x40, 0xf9,
	0xf5, 0x13, 0x00, 0xf9, 0x9f, 0x02, 0x01, 0xeb,
	0xc2, 0x00, 0x00, 0x54, 0x00, 0x00, 0x80, 0x52,
	0xf3, 0x53, 0x41, 0xa9, 0xf5, 0x13, 0x40, 0xf9,
	0xfd, 0x7b, 0xc3, 0xa8, 0xc0, 0x03, 0x5f, 0xd6,
	0xe3, 0x03, 0x01, 0xaa, 0x81, 0x62, 0x00, 0x91,
	0x63, 0x00, 0x02, 0x8b, 0x3f, 0x00, 0x03, 0xeb,
	0xe8, 0xfe, 0xff, 0x54, 0xf3, 0x03, 0x00, 0xaa,
	0x81, 0x42, 0x00, 0x91, 0x01, 0x04, 0x00, 0xf9,
	0x02, 0x01, 0x80, 0xd2, 0xe1, 0x03, 0x14, 0xaa,
	0x84, 0xed, 0xff, 0x97, 0x60, 0x02, 0x40, 0xf9,
	0xe0, 0xfd, 0xff, 0xb4, 0x02, 0x01, 0x80, 0xd2,
	0x81, 0x02, 0x02, 0x8b, 0x75, 0x42, 0x00, 0x91,
	0xe0, 0x03, 0x15, 0xaa, 0x7d, 0xed, 0xff, 0x97,
	0xe0, 0x03, 0x15, 0xaa, 0xe0, 0xff, 0xff, 0x97,
	0xe0, 0x03, 0x15, 0xaa, 0xdd, 0xff, 0xff, 0x97,
	0x60, 0x0a, 0x40, 0xf9, 0x00, 0x10, 0x00, 0xd1,
	0x60, 0x0a, 0x00, 0xf9, 0x20, 0x00, 0x80, 0x52,
	0xe2, 0xff, 0xff, 0x17, 0xfd, 0x7b, 0xbd, 0xa9,
	0x04, 0x00, 0x00, 0xf0, 0x84, 0x94, 0x0f, 0x91,
	0xfd, 0x03, 0x00, 0x91, 0xf5, 0x5b, 0x02, 0xa9,
	0x16, 0x00, 0x00, 0xf0, 0xd6, 0xe6, 0x0f, 0x91,
	0x23, 0x00, 0x80, 0x52, 0xf5, 0x03, 0x02, 0xaa,
	0x22, 0x00, 0x80, 0x52, 0xf3, 0x53, 0x01, 0xa9,
	0xf4, 0x03, 0x01, 0xaa, 0x01, 0x00, 0x80, 0x52,
	0xf3, 0x03, 0x00, 0xaa, 0x00, 0x00, 0x80, 0xd2,
	0x3d, 0x07, 0x00, 0x94, 0x60, 0x42, 0x00, 0x91,
	0xc6, 0xff, 0xff, 0x97, 0x66, 0x0a, 0x40, 0xf9,
	0xe4, 0x03, 0x16, 0xaa, 0x05, 0x01, 0x80, 0x52,
	0x23, 0x00, 0x80, 0x52, 0x22, 0x00, 0x80, 0x52,
	0x01, 0x00, 0x80, 0x52, 0x00, 0x00, 0x80, 0xd2,
	0x33, 0x07, 0x00, 0x94, 0xe2, 0x03, 0x15, 0xaa,
	0xe1, 0x03, 0x14, 0xaa, 0xe0, 0x03, 0x13, 0xaa,
	0xbc, 0xff, 0xff, 0x97, 0x80, 0xfe, 0x07, 0x37,
	0xf3, 0x53, 0x41, 0xa9, 0xf5, 0x5b, 0x42, 0xa9,
	0xfd, 0x7b, 0xc3, 0xa8, 0xc0, 0x03, 0x5f, 0xd6,
	0xff, 0x83, 0x00, 0xd1, 0xe7, 0x03, 0x02, 0x2a,
	0xe6, 0x03, 0x01, 0xaa, 0xe5, 0x03, 0x00, 0xaa,
	0x22, 0x00, 0x80, 0x52, 0x01, 0x00, 0x80, 0x52,
	0xfd, 0x7b, 0x01, 0xa9, 0xfd, 0x43, 0x00, 0x91,
	0x00, 0x00, 0x80, 0xd2, 0x04, 0x00, 0x00, 0xf0,
	0xe3, 0x03, 0x00, 0xf9, 0x84, 0x08, 0x10, 0x91,
	0x23, 0x00, 0x80, 0x52, 0x1c, 0x07, 0x00, 0x94,
	0xfd, 0x7b, 0x41, 0xa9, 0xff, 0x83, 0x00, 0x91,
	0xc0, 0x03, 0x5f, 0xd6, 0xfd, 0x7b, 0xbf, 0xa9,
	0xe0, 0xff, 0xbf, 0xd2, 0xfd, 0x03, 0x00, 0x91,
	0x75, 0x00, 0x00, 0x94, 0x00, 0x00, 0x00, 0x14,
	0xfd, 0x7b, 0xbc, 0xa9, 0xfd, 0x03, 0x00, 0x91,
	0xf3, 0x53, 0x01, 0xa9, 0xf3, 0x03, 0x00, 0xaa,
	0xf5, 0x5b, 0x02, 0xa9, 0xf6, 0x03, 0x02, 0xaa,
	0x15, 0x00, 0x80, 0x52, 0xf7, 0x1b, 0x00, 0xf9,
	0x17, 0x00, 0x01, 0x8b, 0x60, 0x02, 0x40, 0x39,
	0x2e, 0x03, 0x00, 0x94, 0x03, 0xc0, 0x00, 0x51,
	0xf4, 0x03, 0x00, 0x2a, 0x7f, 0x24, 0x00, 0x71,
	0x89, 0x00, 0x00, 0x54, 0x0a, 0x03, 0x00, 0x94,
	0xc0, 0x01, 0x00, 0x34, 0x83, 0x5e, 0x01, 0x51,
	0x73, 0x06, 0x00, 0x91, 0x75, 0x10, 0x15, 0x0b,
	0x7f, 0x02, 0x17, 0xeb, 0x81, 0xfe, 0xff, 0x54,
	0x00, 0x00, 0x80, 0x52, 0xf3, 0x53, 0x41, 0xa9,
	0xf7, 0x1b, 0x40, 0xf9, 0xc0, 0x02, 0x00, 0xb9,
	0xe0, 0x03, 0x15, 0x2a, 0xf5, 0x5b, 0x42, 0xa9,
	0xfd, 0x7b, 0xc4, 0xa8, 0xc0, 0x03, 0x5f, 0xd6,
	0x40, 0xff, 0x9f, 0x12, 0xf8, 0xff, 0xff, 0x17,
	0xfd, 0x7b, 0xb9, 0xa9, 0xfd, 0x03, 0x00, 0x91,
	0xf3, 0x53, 0x01, 0xa9, 0xf5, 0x5b, 0x02, 0xa9,
	0xf7, 0x63, 0x03, 0xa9, 0xf9, 0x6b, 0x04, 0xa9,
	0xff, 0x7f, 0x06, 0xa9, 0x41, 0x09, 0x00, 0xb4,
	0xf3, 0x03, 0x01, 0xaa, 0xf6, 0x03, 0x00, 0xaa,
	0xa1, 0x04, 0x80, 0xd2, 0xe0, 0x03, 0x13, 0xaa,
	0x34, 0x03, 0x00, 0x94, 0x1f, 0x90, 0x00, 0xf1,
	0x61, 0x08, 0x00, 0x54, 0x60, 0x22, 0x40, 0x39,
	0x1f, 0xb4, 0x00, 0x71, 0x01, 0x08, 0x00, 0x54,
	0x60, 0x36, 0x40, 0x39, 0x1f, 0xb4, 0x00, 0x71,
	0xa1, 0x07, 0x00, 0x54, 0x60, 0x4a, 0x40, 0x39,
	0x1f, 0xb4, 0x00, 0x71, 0x41, 0x07, 0x00, 0x54,
	0x60, 0x5e, 0x40, 0x39, 0x1f, 0xb4, 0x00, 0x71,
	0xe1, 0x06, 0x00, 0x54, 0xf5, 0x73, 0x01, 0x91,
	0xe0, 0x03, 0x13, 0xaa, 0xe2, 0x03, 0x15, 0xaa,
	0x01, 0x01, 0x80, 0xd2, 0xc1, 0xff, 0xff, 0x97,
	0xf9, 0x03, 0x00, 0x2a, 0xe0, 0x5f, 0x40, 0xb9,
	0x00, 0x05, 0x00, 0x35, 0xe2, 0x03, 0x15, 0xaa,
	0x60, 0x26, 0x00, 0x91, 0x81, 0x00, 0x80, 0xd2,
	0xba, 0xff, 0xff, 0x97, 0xf8, 0x03, 0x00, 0x2a,
	0xe0, 0x5f, 0x40, 0xb9, 0x20, 0x04, 0x00, 0x35,
	0xe2, 0x03, 0x15, 0xaa, 0x60, 0x3a, 0x00, 0x91,
	0x81, 0x00, 0x80, 0xd2, 0xb3, 0xff, 0xff, 0x97,
	0xf7, 0x03, 0x00, 0x2a, 0xe0, 0x5f, 0x40, 0xb9,
	0x40, 0x03, 0x00, 0x35, 0x73, 0x4e, 0x00, 0x91,
	0xfa, 0x83, 0x01, 0x91, 0x14, 0x00, 0x80, 0xd2,
	0x41, 0x00, 0x80, 0xd2, 0xe2, 0x03, 0x15, 0xaa,
	0xe0, 0x03, 0x13, 0xaa, 0xa9, 0xff, 0xff, 0x97,
	0x81, 0x02, 0x1a, 0x8b, 0x20, 0x20, 0x00, 0x39,
	0xe0, 0x5f, 0x40, 0xb9, 0xe0, 0x01, 0x00, 0x35,
	0x60, 0x0e, 0x00, 0x91, 0x9f, 0x06, 0x00, 0xf1,
	0x73, 0x0a, 0x00, 0x91, 0x94, 0x06, 0x00, 0x91,
	0x73, 0x12, 0x80, 0x9a, 0x9f, 0x22, 0x00, 0xf1,
	0x41, 0xfe, 0xff, 0x54, 0xe1, 0x03, 0x1a, 0xaa,
	0xe0, 0x03, 0x16, 0xaa, 0x02, 0x02, 0x80, 0xd2,
	0xf9, 0x63, 0x00, 0xb9, 0xf8, 0xcb, 0x00, 0x79,
	0xf7, 0xcf, 0x00, 0x79, 0xd1, 0xec, 0xff, 0x97,
	0xe0, 0x5f, 0x40, 0xb9, 0xf3, 0x53, 0x41, 0xa9,
	0xf5, 0x5b, 0x42, 0xa9, 0xf7, 0x63, 0x43, 0xa9,
	0xf9, 0x6b, 0x44, 0xa9, 0xfd, 0x7b, 0xc7, 0xa8,
	0xc0, 0x03, 0x5f, 0xd6, 0x40, 0xff, 0x9f, 0x12,
	0xf9, 0xff, 0xff, 0x17, 0xfd, 0x7b, 0xbf, 0xa9,
	0xe1, 0x03, 0x00, 0x91, 0x01, 0x00, 0x00, 0x94,
	0x48, 0x00, 0x80, 0xd2, 0x01, 0x00, 0x00, 0xd4,
	0xc0, 0x03, 0x5f, 0xd6, 0xfd, 0x7b, 0xbf, 0xa9,
	0xfd, 0x03, 0x00, 0x91, 0x6f, 0xff, 0xff, 0x97,
	0x7f, 0xff, 0xff, 0x97, 0xfd, 0x7b, 0xbf, 0xa9,
	0x03, 0x00, 0x00, 0xf0, 0x01, 0x00, 0x00, 0xf0,
	0xfd, 0x03, 0x00, 0x91, 0x00, 0x00, 0x00, 0xf0,
	0x63, 0xb0, 0x28, 0x91, 0x21, 0xa4, 0x10, 0x91,
	0x00, 0x24, 0x11, 0x91, 0x22, 0x1a, 0x80, 0x52,
	0xf3, 0xff, 0xff, 0x97, 0xfd, 0x7b, 0xbf, 0xa9,
	0xfd, 0x03, 0x00, 0x91, 0x5f, 0x00, 0x00, 0xf1,
	0x2c, 0x01, 0x00, 0x54, 0x03, 0x00, 0x00, 0xf0,
	0x01, 0x00, 0x00, 0xf0, 0x00, 0x00, 0x00, 0xf0,
	0x63, 0x2c, 0x29, 0x91, 0x21, 0x4c, 0x11, 0x91,
	0x00, 0x28, 0x11, 0x91, 0x22, 0x4e, 0x80, 0x52,
	0xe7, 0xff, 0xff, 0x97, 0x1f, 0x00, 0x00, 0xf1,
	0x6b, 0x02, 0x00, 0x54, 0x80, 0x00, 0x00, 0x54,
	0xe4, 0x03, 0x00, 0xcb, 0x1f, 0x00, 0x24, 0xea,
	0xe1, 0x01, 0x00, 0x54, 0x3f, 0x0c, 0x40, 0xf2,
	0xa1, 0x01, 0x00, 0x54, 0x5f, 0x3c, 0x00, 0xf1,
	0x04, 0x02, 0x80, 0xd2, 0x42, 0x80, 0x84, 0x9a,
	0x1f, 0x3c, 0x00, 0xf1, 0x00, 0x80, 0x84, 0x9a,
	0x44, 0x3c, 0x00, 0xb1, 0xc4, 0x00, 0x00, 0x54,
	0x9f, 0x00, 0x02, 0xeb, 0x83, 0x00, 0x00, 0x54,
	0x84, 0xec, 0x7c, 0x92, 0x84, 0x40, 0x00, 0xb1,
	0x67, 0x00, 0x00, 0x54, 0x00, 0x00, 0x80, 0xd2,
	0x8c, 0x00, 0x00, 0x14, 0x84, 0x00, 0x01, 0xab,
	0xa6, 0xff, 0xff, 0x54, 0x62, 0x08, 0x40, 0xf9,
	0x29, 0x40, 0x00, 0x91, 0xe0, 0x03, 0x00, 0xcb,
	0xea, 0xe7, 0x7b, 0xb2, 0x7f, 0x00, 0x02, 0xeb,
	0xe0, 0xfe, 0xff, 0x54, 0x46, 0x04, 0x40, 0xf9,
	0x9f, 0x00, 0x06, 0xeb, 0x6c, 0x10, 0x00, 0x54,
	0x45, 0x00, 0x04, 0xcb, 0x47, 0x00, 0x01, 0x8b,
	0xa5, 0x00, 0x09, 0x8b, 0xa5, 0x00, 0x06, 0x8b,
	0x05, 0x00, 0x05, 0x8a, 0xa5, 0x00, 0x07, 0xcb,
	0xa7, 0x40, 0x00, 0xd1, 0xe8, 0x03, 0x07, 0xaa,
	0x87, 0x00, 0x00, 0xb4, 0xa5, 0xc0, 0x00, 0xd1,
	0xbf, 0x00, 0x0a, 0xeb, 0xe2, 0x0e, 0x00, 0x54,
	0x41, 0x68, 0x66, 0xf8, 0x40, 0x00, 0x07, 0x8b,
	0x45, 0x00, 0x06, 0x8b, 0x3f, 0x00, 0x06, 0xeb,
	0x20, 0x01, 0x00, 0x54, 0x03, 0x00, 0x00, 0xf0,
	0x01, 0x00, 0x00, 0xf0, 0x00, 0x00, 0x00, 0xf0,
	0x63, 0x2c, 0x29, 0x91, 0x21, 0x4c, 0x11, 0x91,
	0x00, 0xb0, 0x11, 0x91, 0x42, 0x56, 0x80, 0x52,
	0xc6, 0xff, 0xff, 0x17, 0x41, 0x0c, 0x40, 0xf9,
	0x5f, 0x68, 0x26, 0xf8, 0x29, 0x08, 0x40, 0xf9,
	0x3f, 0x01, 0x02, 0xeb, 0x20, 0x01, 0x00, 0x54,
	0x03, 0x00, 0x00, 0xf0, 0x01, 0x00, 0x00, 0xf0,
	0x00, 0x00, 0x00, 0xf0, 0x63, 0x2c, 0x29, 0x91,
	0x21, 0x4c, 0x11, 0x91, 0x00, 0x30, 0x12, 0x91,
	0x42, 0x57, 0x80, 0x52, 0xb9, 0xff, 0xff, 0x17,
	0x49, 0x08, 0x40, 0xf9, 0x2a, 0x0d, 0x40, 0xf9,
	0x5f, 0x01, 0x02, 0xeb, 0x20, 0x01, 0x00, 0x54,
	0x03, 0x00, 0x00, 0xf0, 0x01, 0x00, 0x00, 0xf0,
	0x00, 0x00, 0x00, 0xf0, 0x63, 0x2c, 0x29, 0x91,
	0x21, 0x4c, 0x11, 0x91, 0x00, 0x9c, 0x12, 0x91,
	0x62, 0x57, 0x80, 0x52, 0xad, 0xff, 0xff, 0x17,
	0x07, 0x02, 0x00, 0xb5, 0x29, 0x08, 0x00, 0xf9,
	0xe8, 0x03, 0x06, 0xcb, 0x47, 0x08, 0x40, 0xf9,
	0xe1, 0x0c, 0x00, 0xf9, 0x48, 0x04, 0x00, 0xf9,
	0x02, 0x04, 0x40, 0xf9, 0x82, 0x01, 0xf8, 0xb7,
	0x03, 0x00, 0x00, 0xf0, 0x01, 0x00, 0x00, 0xf0,
	0x00, 0x00, 0x00, 0xf0, 0x63, 0x2c, 0x29, 0x91,
	0x21, 0x4c, 0x11, 0x91, 0x00, 0x08, 0x13, 0x91,
	0x22, 0x5a, 0x80, 0x52, 0x9d, 0xff, 0xff, 0x17,
	0xe6, 0x00, 0x06, 0xcb, 0x07, 0x18, 0x00, 0xa9,
	0xf3, 0xff, 0xff, 0x17, 0xe2, 0x03, 0x02, 0xcb,
	0x42, 0x00, 0x04, 0xcb, 0x5f, 0x80, 0x00, 0xf1,
	0x09, 0x06, 0x00, 0x54, 0x01, 0x00, 0x04, 0x8b,
	0x22, 0x04, 0x00, 0xf9, 0x1f, 0x68, 0x24, 0xf8,
	0x04, 0x04, 0x40, 0xf9, 0x82, 0x00, 0x02, 0x8b,
	0x02, 0x04, 0x00, 0xf9, 0x62, 0x0c, 0x40, 0xf9,
	0x44, 0x08, 0x40, 0xf9, 0x9f, 0x00, 0x03, 0xeb,
	0x20, 0x01, 0x00, 0x54, 0x03, 0x00, 0x00, 0xf0,
	0x01, 0x00, 0x00, 0xf0, 0x00, 0x00, 0x00, 0xf0,
	0x63, 0x2c, 0x29, 0x91, 0x21, 0x4c, 0x11, 0x91,
	0x00, 0x54, 0x13, 0x91, 0x42, 0x5c, 0x80, 0x52,
	0x84, 0xff, 0xff, 0x17, 0x64, 0x08, 0x40, 0xf9,
	0x84, 0x0c, 0x40, 0xf9, 0x9f, 0x00, 0x03, 0xeb,
	0x20, 0x01, 0x00, 0x54, 0x03, 0x00, 0x00, 0xf0,
	0x01, 0x00, 0x00, 0xf0, 0x00, 0x00, 0x00, 0xf0,
	0x63, 0x2c, 0x29, 0x91, 0x21, 0x4c, 0x11, 0x91,
	0x00, 0x40, 0x14, 0x91, 0x82, 0x5c, 0x80, 0x52,
	0x78, 0xff, 0xff, 0x17, 0x23, 0x08, 0x01, 0xa9,
	0x61, 0x0c, 0x00, 0xf9, 0x22, 0x0c, 0x40, 0xf9,
	0x41, 0x08, 0x00, 0xf9, 0x22, 0x04, 0x40, 0xf9,
	0x21, 0x00, 0x02, 0x8b, 0xbf, 0x00, 0x01, 0xeb,
	0x20, 0x01, 0x00, 0x54, 0x03, 0x00, 0x00, 0xd0,
	0x01, 0x00, 0x00, 0xd0, 0x00, 0x00, 0x00, 0xd0,
	0x63, 0x2c, 0x29, 0x91, 0x21, 0x4c, 0x11, 0x91,
	0x00, 0x2c, 0x15, 0x91, 0x62, 0x5d, 0x80, 0x52,
	0x68, 0xff, 0xff, 0x17, 0xa2, 0x00, 0x00, 0xf9,
	0x02, 0x04, 0x40, 0xf9, 0x00, 0x40, 0x00, 0x91,
	0x61, 0x10, 0x40, 0xf9, 0x21, 0x00, 0x02, 0xcb,
	0x61, 0x10, 0x00, 0xf9, 0x61, 0x14, 0x40, 0xf9,
	0x21, 0x04, 0x00, 0x91, 0x61, 0x14, 0x00, 0xf9,
	0xfd, 0x7b, 0xc1, 0xa8, 0xc0, 0x03, 0x5f, 0xd6,
	0x42, 0x08, 0x40, 0xf9, 0x78, 0xff, 0xff, 0x17,
	0xfd, 0x7b, 0xbe, 0xa9, 0xe5, 0x03, 0x00, 0xaa,
	0xe0, 0x03, 0x02, 0xaa, 0xfd, 0x03, 0x00, 0x91,
	0xf3, 0x53, 0x01, 0xa9, 0x62, 0x00, 0x01, 0xab,
	0xf4, 0x03, 0x03, 0xaa, 0xf3, 0x03, 0x04, 0xaa,
	0x04, 0x03, 0x00, 0x54, 0x5f, 0x00, 0x01, 0xeb,
	0xc3, 0x02, 0x00, 0x54, 0x5f, 0x00, 0x00, 0xf1,
	0xe3, 0x03, 0x04, 0xaa, 0x42, 0x14, 0x9f, 0x9a,
	0xe1, 0x03, 0x05, 0xaa, 0x40, 0xff, 0xff, 0x97,
	0x61, 0x12, 0x40, 0xf9, 0x62, 0x6e, 0x40, 0xb9,
	0x3f, 0x00, 0x02, 0xeb, 0x4d, 0x00, 0x00, 0x54,
	0x61, 0x6e, 0x00, 0xb9, 0x00, 0x01, 0x00, 0xb5,
	0x62, 0x76, 0x40, 0xb9, 0x42, 0x04, 0x00, 0x11,
	0x62, 0x76, 0x00, 0xb9, 0x62, 0x7a, 0x40, 0xb9,
	0x9f, 0x02, 0x02, 0xeb, 0x49, 0x00, 0x00, 0x54,
	0x74, 0x06, 0x0f, 0x29, 0xf3, 0x53, 0x41, 0xa9,
	0xfd, 0x7b, 0xc2, 0xa8, 0xc0, 0x03, 0x5f, 0xd6,
	0x00, 0x00, 0x80, 0xd2, 0xef, 0xff, 0xff, 0x17,
	0xfd, 0x7b, 0xbe, 0xa9, 0xfd, 0x03, 0x00, 0x91,
	0xf3, 0x0b, 0x00, 0xf9, 0xf3, 0x03, 0x02, 0xaa,
	0x29, 0xff, 0xff, 0x97, 0xe3, 0x03, 0x00, 0xaa,
	0xe0, 0x02, 0x00, 0xb4, 0x00, 0x80, 0x5f, 0xf8,
	0xc0, 0x01, 0x00, 0xb5, 0x61, 0x00, 0x7e, 0xa9,
	0x21, 0x80, 0x00, 0xd1, 0x21, 0x00, 0x00, 0xcb,
	0x3f, 0x00, 0x13, 0xeb, 0x6a, 0x01, 0x00, 0x54,
	0x03, 0x00, 0x00, 0xd0, 0x01, 0x00, 0x00, 0xd0,
	0x00, 0x00, 0x00, 0xd0, 0x63, 0x14, 0x29, 0x91,
	0x21, 0x4c, 0x11, 0x91, 0x00, 0xc4, 0x15, 0x91,
	0x22, 0x6c, 0x80, 0x52, 0x0a, 0xff, 0xff, 0x97,
	0xe1, 0x01, 0x80, 0x92, 0xf4, 0xff, 0xff, 0x17,
	0x22, 0x7c, 0x40, 0x93, 0xe0, 0x03, 0x03, 0xaa,
	0x01, 0x00, 0x80, 0x52, 0xd5, 0x01, 0x00, 0x94,
	0xe3, 0x03, 0x00, 0xaa, 0xf3, 0x0b, 0x40, 0xf9,
	0xe0, 0x03, 0x03, 0xaa, 0xfd, 0x7b, 0xc2, 0xa8,
	0xc0, 0x03, 0x5f, 0xd6, 0xfd, 0x7b, 0xbe, 0xa9,
	0xe6, 0x03, 0x02, 0x2a, 0xe3, 0x03, 0x00, 0xaa,
	0xfd, 0x03, 0x00, 0x91, 0x22, 0x18, 0x40, 0xf9,
	0xf3, 0x53, 0x01, 0xa9, 0x42, 0x04, 0x00, 0x91,
	0x22, 0x18, 0x00, 0xf9, 0x20, 0x01, 0x00, 0xb5,
	0x03, 0x00, 0x00, 0xd0, 0x01, 0x00, 0x00, 0xd0,
	0x00, 0x00, 0x00, 0xd0, 0x63, 0x00, 0x29, 0x91,
	0x21, 0x4c, 0x11, 0x91, 0x00, 0xfc, 0x15, 0x91,
	0x82, 0x74, 0x80, 0x52, 0xee, 0xfe, 0xff, 0x97,
	0x04, 0x80, 0x5f, 0xf8, 0x00, 0x40, 0x00, 0xd1,
	0x24, 0x01, 0xf8, 0xb7, 0x03, 0x00, 0x00, 0xd0,
	0x01, 0x00, 0x00, 0xd0, 0x00, 0x00, 0x00, 0xd0,
	0x63, 0x00, 0x29, 0x91, 0x21, 0x4c, 0x11, 0x91,
	0x00, 0x2c, 0x16, 0x91, 0xa2, 0x78, 0x80, 0x52,
	0xf5, 0xff, 0xff, 0x17, 0x02, 0x00, 0x04, 0xcb,
	0x42, 0x00, 0x40, 0xf9, 0x22, 0x01, 0x00, 0xb4,
	0x03, 0x00, 0x00, 0xd0, 0x01, 0x00, 0x00, 0xd0,
	0x00, 0x00, 0x00, 0xd0, 0x63, 0x00, 0x29, 0x91,
	0x21, 0x4c, 0x11, 0x91, 0x00, 0x6c, 0x16, 0x91,
	0x42, 0x79, 0x80, 0x52, 0xea, 0xff, 0xff, 0x17,
	0x25, 0x10, 0x40, 0xf9, 0x85, 0x00, 0x05, 0x8b,
	0x25, 0x10, 0x00, 0xf9, 0x25, 0x01, 0xf8, 0xb6,
	0x03, 0x00, 0x00, 0xd0, 0x01, 0x00, 0x00, 0xd0,
	0x00, 0x00, 0x00, 0xd0, 0x63, 0x00, 0x29, 0x91,
	0x21, 0x4c, 0x11, 0x91, 0x00, 0x1c, 0x17, 0x91,
	0xc2, 0x79, 0x80, 0x52, 0xde, 0xff, 0xff, 0x17,
	0x65, 0x00, 0x5f, 0xf8, 0xe2, 0x03, 0x04, 0xcb,
	0xe5, 0x03, 0x00, 0xb4, 0x13, 0x00, 0x05, 0xcb,
	0x61, 0x06, 0x40, 0xf9, 0xbf, 0x00, 0x01, 0xeb,
	0x20, 0x01, 0x00, 0x54, 0x03, 0x00, 0x00, 0xd0,
	0x01, 0x00, 0x00, 0xd0, 0x00, 0x00, 0x00, 0xd0,
	0x63, 0x00, 0x29, 0x91, 0x21, 0x4c, 0x11, 0x91,
	0x00, 0x78, 0x17, 0x91, 0x42, 0x7c, 0x80, 0x52,
	0xcf, 0xff, 0xff, 0x17, 0xa5, 0x00, 0x04, 0xcb,
	0x65, 0x06, 0x00, 0xf9, 0x61, 0x06, 0x40, 0xf9,
	0x74, 0x02, 0x01, 0x8b, 0x83, 0x06, 0x40, 0xf9,
	0x7f, 0x00, 0x00, 0xf1, 0x8d, 0x09, 0x00, 0x54,
	0x84, 0x6a, 0x63, 0xf8, 0x7f, 0x00, 0x04, 0xeb,
	0x60, 0x05, 0x00, 0x54, 0x03, 0x00, 0x00, 0xd0,
	0x01, 0x00, 0x00, 0xd0, 0x00, 0x00, 0x00, 0xd0,
	0x63, 0x00, 0x29, 0x91, 0x21, 0x4c, 0x11, 0x91,
	0x00, 0x5c, 0x18, 0x91, 0x22, 0x80, 0x80, 0x52,
	0xbd, 0xff, 0xff, 0x17, 0x27, 0x0c, 0x40, 0xf9,
	0xe5, 0x08, 0x40, 0xf9, 0xbf, 0x00, 0x01, 0xeb,
	0x20, 0x01, 0x00, 0x54, 0x03, 0x00, 0x00, 0xd0,
	0x01, 0x00, 0x00, 0xd0, 0x00, 0x00, 0x00, 0xd0,
	0x63, 0x00, 0x29, 0x91, 0x21, 0x4c, 0x11, 0x91,
	0x00, 0x54, 0x13, 0x91, 0x42, 0x7d, 0x80, 0x52,
	0xb1, 0xff, 0xff, 0x17, 0xa1, 0x08, 0x40, 0xf9,
	0x21, 0x0c, 0x40, 0xf9, 0xbf, 0x00, 0x01, 0xeb,
	0x20, 0x01, 0x00, 0x54, 0x03, 0x00, 0x00, 0xd0,
	0x01, 0x00, 0x00, 0xd0, 0x00, 0x00, 0x00, 0xd0,
	0x63, 0x00, 0x29, 0x91, 0x21, 0x4c, 0x11, 0x91,
	0x00, 0x40, 0x14, 0x91, 0x62, 0x7d, 0x80, 0x52,
	0xa5, 0xff, 0xff, 0x17, 0x05, 0x1c, 0x01, 0xa9,
	0xf3, 0x03, 0x00, 0xaa, 0xa0, 0x0c, 0x00, 0xf9,
	0x01, 0x0c, 0x40, 0xf9, 0x20, 0x08, 0x00, 0xf9,
	0xe1, 0x03, 0x80, 0x92, 0x02, 0x04, 0x00, 0xf9,
	0x22, 0x00, 0x04, 0xcb, 0x60, 0x40, 0x00, 0x91,
	0xcf, 0xff, 0xff, 0x17, 0x85, 0x0e, 0x40, 0xf9,
	0xa7, 0x08, 0x40, 0xf9, 0xff, 0x00, 0x14, 0xeb,
	0x20, 0x01, 0x00, 0x54, 0x03, 0x00, 0x00, 0xd0,
	0x01, 0x00, 0x00, 0xd0, 0x00, 0x00, 0x00, 0xd0,
	0x63, 0x00, 0x29, 0x91, 0x21, 0x4c, 0x11, 0x91,
	0x00, 0x40, 0x19, 0x91, 0x42, 0x80, 0x80, 0x52,
	0x8f, 0xff, 0xff, 0x17, 0xe4, 0x08, 0x40, 0xf9,
	0x88, 0x0c, 0x40, 0xf9, 0x1f, 0x01, 0x07, 0xeb,
	0x20, 0x01, 0x00, 0x54, 0x03, 0x00, 0x00, 0xd0,
	0x01, 0x00, 0x00, 0xd0, 0x00, 0x00, 0x00, 0xd0,
	0x63, 0x00, 0x29, 0x91, 0x21, 0x4c, 0x11, 0x91,
	0x00, 0xb4, 0x19, 0x91, 0x62, 0x80, 0x80, 0x52,
	0x83, 0xff, 0xff, 0x17, 0x21, 0x00, 0x03, 0x8b,
	0xa4, 0x08, 0x00, 0xf9, 0x74, 0x02, 0x01, 0x8b,
	0x42, 0x80, 0x00, 0x91, 0x85, 0x0c, 0x00, 0xf9,
	0x61, 0x06, 0x00, 0xf9, 0x66, 0x00, 0x00, 0x34,
	0xa1, 0x0a, 0x80, 0x52, 0x39, 0x01, 0x00, 0x94,
	0x80, 0x06, 0x40, 0xf9, 0x20, 0x01, 0xf8, 0xb7,
	0x03, 0x00, 0x00, 0xd0, 0x01, 0x00, 0x00, 0xd0,
	0x00, 0x00, 0x00, 0xd0, 0x63, 0x00, 0x29, 0x91,
	0x21, 0x4c, 0x11, 0x91, 0x00, 0x28, 0x1a, 0x91,
	0xc2, 0x82, 0x80, 0x52, 0x70, 0xff, 0xff, 0x17,
	0x60, 0x06, 0x40, 0xf9, 0x80, 0x02, 0x00, 0xf9,
	0xf3, 0x53, 0x41, 0xa9, 0xfd, 0x7b, 0xc2, 0xa8,
	0xc0, 0x03, 0x5f, 0xd6, 0xfd, 0x7b, 0xbf, 0xa9,
	0x21, 0xec, 0x7c, 0x92, 0x21, 0x40, 0x00, 0xf1,
	0xfd, 0x03, 0x00, 0x91, 0x25, 0x01, 0x00, 0x54,
	0x03, 0x00, 0x00, 0xd0, 0x01, 0x00, 0x00, 0xd0,
	0x00, 0x00, 0x00, 0xd0, 0x63, 0xe8, 0x28, 0x91,
	0x21, 0x4c, 0x11, 0x91, 0x00, 0x6c, 0x1a, 0x91,
	0x02, 0x8d, 0x80, 0x52, 0x4c, 0xfe, 0xff, 0x97,
	0x44, 0x0c, 0x40, 0xf9, 0x83, 0x08, 0x40, 0xf9,
	0x1f, 0x00, 0x00, 0xf9, 0x7f, 0x00, 0x02, 0xeb,
	0x20, 0x01, 0x00, 0x54, 0x03, 0x00, 0x00, 0xd0,
	0x01, 0x00, 0x00, 0xd0, 0x00, 0x00, 0x00, 0xd0,
	0x63, 0xe8, 0x28, 0x91, 0x21, 0x4c, 0x11, 0x91,
	0x00, 0x54, 0x13, 0x91, 0x42, 0x8e, 0x80, 0x52,
	0xf3, 0xff, 0xff, 0x17, 0x62, 0x08, 0x40, 0xf9,
	0x42, 0x0c, 0x40, 0xf9, 0x7f, 0x00, 0x02, 0xeb,
	0x20, 0x01, 0x00, 0x54, 0x03, 0x00, 0x00, 0xd0,
	0x01, 0x00, 0x00, 0xd0, 0x00, 0x00, 0x00, 0xd0,
	0x63, 0xe8, 0x28, 0x91, 0x21, 0x4c, 0x11, 0x91,
	0x00, 0x40, 0x14, 0x91, 0x62, 0x8e, 0x80, 0x52,
	0xe7, 0xff, 0xff, 0x17, 0x03, 0x10, 0x01, 0xa9,
	0x60, 0x0c, 0x00, 0xf9, 0x02, 0x0c, 0x40, 0xf9,
	0x40, 0x08, 0x00, 0xf9, 0x02, 0x00, 0x01, 0x8b,
	0x01, 0x04, 0x00, 0xf9, 0x01, 0x68, 0x21, 0xf8,
	0x00, 0x00, 0xf0, 0xd2, 0x40, 0x04, 0x00, 0xf9,
	0xfd, 0x7b, 0xc1, 0xa8, 0xc0, 0x03, 0x5f, 0xd6,
	0xe4, 0x03, 0x03, 0xaa, 0xe3, 0x03, 0x02, 0xaa,
	0x02, 0x02, 0x80, 0xd2, 0xe3, 0xfe, 0xff, 0x17,
	0x42, 0x1c, 0x00, 0x12, 0x40, 0x00, 0x00, 0xb4,
	0x23, 0xff, 0xff, 0x17, 0xc0, 0x03, 0x5f, 0xd6,
	0xfd, 0x7b, 0xbe, 0xa9, 0xfd, 0x03, 0x00, 0x91,
	0xf3, 0x53, 0x01, 0xa9, 0x54, 0x7c, 0x03, 0x9b,
	0x42, 0x7c, 0xc3, 0x9b, 0xf3, 0x03, 0x04, 0xaa,
	0x5f, 0x00, 0x00, 0xf1, 0xe2, 0x07, 0x9f, 0x9a,
	0xb4, 0x03, 0xf8, 0xb7, 0x82, 0x03, 0x00, 0xb5,
	0x82, 0x02, 0x01, 0x8b, 0x03, 0x00, 0xf0, 0xd2,
	0x43, 0x00, 0x03, 0x8b, 0x7f, 0x00, 0x01, 0xeb,
	0xe3, 0x02, 0x00, 0x54, 0x5f, 0x00, 0x00, 0xf1,
	0xe1, 0x03, 0x00, 0xaa, 0xe3, 0x03, 0x04, 0xaa,
	0x42, 0x14, 0x9f, 0x9a, 0x00, 0x00, 0x80, 0xd2,
	0xec, 0xfe, 0xff, 0x97, 0x61, 0x12, 0x40, 0xf9,
	0x62, 0x6e, 0x40, 0xb9, 0x3f, 0x00, 0x02, 0xeb,
	0x4d, 0x00, 0x00, 0x54, 0x61, 0x6e, 0x00, 0xb9,
	0x00, 0x01, 0x00, 0xb5, 0x62, 0x76, 0x40, 0xb9,
	0x42, 0x04, 0x00, 0x11, 0x62, 0x76, 0x00, 0xb9,
	0x62, 0x7a, 0x40, 0xb9, 0x9f, 0x02, 0x02, 0xeb,
	0x49, 0x00, 0x00, 0x54, 0x74, 0x06, 0x0f, 0x29,
	0xf3, 0x53, 0x41, 0xa9, 0xfd, 0x7b, 0xc2, 0xa8,
	0xc0, 0x03, 0x5f, 0xd6, 0x00, 0x00, 0x80, 0xd2,
	0xef, 0xff, 0xff, 0x17, 0xfd, 0x7b, 0xbc, 0xa9,
	0xfd, 0x03, 0x00, 0x91, 0xf3, 0x53, 0x01, 0xa9,
	0xf3, 0x03, 0x04, 0xaa, 0x74, 0x00, 0x01, 0xab,
	0xf5, 0x5b, 0x02, 0xa9, 0xf7, 0x63, 0x03, 0xa9,
	0xf8, 0x03, 0x03, 0xaa, 0x24, 0x01, 0x00, 0x54,
	0x9f, 0x02, 0x01, 0xeb, 0xe3, 0x00, 0x00, 0x54,
	0x94, 0x02, 0x02, 0x8b, 0xf6, 0x03, 0x00, 0xaa,
	0x00, 0x00, 0xf0, 0xd2, 0x80, 0x02, 0x00, 0x8b,
	0x1f, 0x00, 0x02, 0xeb, 0xa2, 0x02, 0x00, 0x54,
	0x15, 0x00, 0x80, 0xd2, 0x60, 0x12, 0x40, 0xf9,
	0x61, 0x6e, 0x40, 0xb9, 0x1f, 0x00, 0x01, 0xeb,
	0x4d, 0x00, 0x00, 0x54, 0x60, 0x6e, 0x00, 0xb9,
	0x15, 0x01, 0x00, 0xb5, 0x61, 0x76, 0x40, 0xb9,
	0x21, 0x04, 0x00, 0x11, 0x61, 0x76, 0x00, 0xb9,
	0x61, 0x7a, 0x40, 0xb9, 0x1f, 0x03, 0x01, 0xeb,
	0x49, 0x00, 0x00, 0x54, 0x78, 0x02, 0x0f, 0x29,
	0xf3, 0x53, 0x41, 0xa9, 0xe0, 0x03, 0x15, 0xaa,
	0xf5, 0x5b, 0x42, 0xa9, 0xf7, 0x63, 0x43, 0xa9,
	0xfd, 0x7b, 0xc4, 0xa8, 0xc0, 0x03, 0x5f, 0xd6,
	0x9f, 0x02, 0x00, 0xf1, 0xe3, 0x03, 0x04, 0xaa,
	0x94, 0x16, 0x9f, 0x9a, 0x01, 0x00, 0x80, 0xd2,
	0xe2, 0x03, 0x14, 0xaa, 0x00, 0x00, 0x80, 0xd2,
	0xdb, 0xfd, 0xff, 0x97, 0x1f, 0x00, 0x00, 0xf1,
	0xf5, 0x03, 0x00, 0xaa, 0xc4, 0x1a, 0x40, 0xfa,
	0x60, 0xfc, 0xff, 0x54, 0xc1, 0x82, 0x5f, 0xf8,
	0xf7, 0x01, 0x80, 0x92, 0xf7, 0x02, 0x01, 0xcb,
	0xff, 0x02, 0x00, 0xf1, 0x4c, 0x00, 0x00, 0x54,
	0xc7, 0xfd, 0xff, 0x97, 0x9f, 0x02, 0x17, 0xeb,
	0xad, 0x01, 0x00, 0x54, 0xe2, 0x03, 0x17, 0xaa,
	0xe1, 0x03, 0x16, 0xaa, 0x7f, 0xea, 0xff, 0x97,
	0x82, 0x02, 0x17, 0xcb, 0xa0, 0x02, 0x17, 0x8b,
	0x01, 0x00, 0x80, 0x52, 0x8b, 0x00, 0x00, 0x94,
	0xe1, 0x03, 0x13, 0xaa, 0xe0, 0x03, 0x16, 0xaa,
	0x02, 0x00, 0x80, 0x52, 0xb8, 0xfe, 0xff, 0x97,
	0xcf, 0xff, 0xff, 0x17, 0xe2, 0x03, 0x14, 0xaa,
	0xe1, 0x03, 0x16, 0xaa, 0x73, 0xea, 0xff, 0x97,
	0xf8, 0xff, 0xff, 0x17, 0xe2, 0x03, 0x00, 0xaa,
	0x03, 0x00, 0x00, 0xf0, 0x01, 0x00, 0x80, 0xd2,
	0x63, 0xc0, 0x05, 0x91, 0x00, 0x00, 0x80, 0xd2,
	0x84, 0xff, 0xff, 0x17, 0xe3, 0x03, 0x01, 0xaa,
	0xe2, 0x03, 0x00, 0xaa, 0x04, 0x00, 0x00, 0xf0,
	0x01, 0x00, 0x80, 0xd2, 0x84, 0xc0, 0x05, 0x91,
	0x00, 0x00, 0x80, 0xd2, 0x85, 0xff, 0xff, 0x17,
	0xe3, 0x03, 0x01, 0xaa, 0x04, 0x00, 0x00, 0xf0,
	0x02, 0x00, 0x80, 0xd2, 0x84, 0xc0, 0x05, 0x91,
	0x01, 0x00, 0x80, 0xd2, 0xa6, 0xff, 0xff, 0x17,
	0x02, 0x00, 0x80, 0x52, 0x01, 0x00, 0x00, 0xf0,
	0x21, 0xc0, 0x05, 0x91, 0x77, 0xff, 0xff, 0x17,
	0xfd, 0x7b, 0xbd, 0xa9, 0xfd, 0x03, 0x00, 0x91,
	0xf3, 0x53, 0x01, 0xa9, 0x34, 0x00, 0x02, 0x8b,
	0x21, 0x3c, 0x00, 0x91, 0x94, 0xee, 0x7c, 0x92,
	0xf5, 0x5b, 0x02, 0xa9, 0x35, 0xec, 0x7c, 0x92,
	0xbf, 0x02, 0x14, 0xeb, 0xe8, 0x04, 0x00, 0x54,
	0x94, 0x02, 0x15, 0xcb, 0x9f, 0xbe, 0x00, 0xf1,
	0x89, 0x04, 0x00, 0x54, 0xf3, 0x03, 0x00, 0xaa,
	0x00, 0x20, 0x40, 0xf9, 0x60, 0x00, 0x00, 0xb5,
	0x9f, 0xfe, 0x0f, 0xf1, 0xe9, 0x03, 0x00, 0x54,
	0xe2, 0x03, 0x13, 0xaa, 0xe1, 0x03, 0x14, 0xaa,
	0xe0, 0x03, 0x15, 0xaa, 0x2c, 0xff, 0xff, 0x97,
	0x60, 0xda, 0x43, 0xa9, 0xe4, 0x03, 0x13, 0xaa,
	0x02, 0x00, 0x80, 0xd2, 0x01, 0x00, 0x80, 0xd2,
	0xd6, 0x06, 0x00, 0x91, 0xc3, 0xee, 0x7c, 0xd3,
	0x85, 0xff, 0xff, 0x97, 0x20, 0x01, 0x00, 0xb5,
	0x03, 0x00, 0x00, 0xd0, 0x01, 0x00, 0x00, 0xd0,
	0x00, 0x00, 0x00, 0xb0, 0x63, 0x60, 0x28, 0x91,
	0x21, 0xa4, 0x10, 0x91, 0x00, 0x00, 0x28, 0x91,
	0x22, 0x75, 0x80, 0x52, 0x74, 0xfd, 0xff, 0x97,
	0x61, 0x22, 0x40, 0xf9, 0x60, 0x1e, 0x00, 0xf9,
	0x22, 0xec, 0x7c, 0xd3, 0x01, 0x10, 0x01, 0x8b,
	0x15, 0x68, 0x22, 0xf8, 0x60, 0x72, 0x40, 0xb9,
	0x34, 0x04, 0x00, 0xf9, 0x00, 0x00, 0x14, 0x0b,
	0x76, 0x22, 0x00, 0xf9, 0x60, 0x72, 0x00, 0xb9,
	0xf3, 0x53, 0x41, 0xa9, 0xf5, 0x5b, 0x42, 0xa9,
	0xfd, 0x7b, 0xc3, 0xa8, 0xc0, 0x03, 0x5f, 0xd6,
	0xe2, 0x03, 0x01, 0xaa, 0xe1, 0x03, 0x00, 0xaa,
	0x00, 0x00, 0x00, 0xf0, 0x00, 0xc0, 0x05, 0x91,
	0xc8, 0xff, 0xff, 0x17, 0x01, 0xc0, 0x00, 0x51,
	0x3f, 0x24, 0x00, 0x71, 0xc9, 0x00, 0x00, 0x54,
	0x00, 0x78, 0x1a, 0x12, 0x00, 0x04, 0x01, 0x51,
	0x1f, 0x14, 0x00, 0x71, 0xe0, 0x87, 0x9f, 0x1a,
	0xc0, 0x03, 0x5f, 0xd6, 0x20, 0x00, 0x80, 0x52,
	0xfe, 0xff, 0xff, 0x17, 0xfd, 0x7b, 0xb8, 0xa9,
	0xfd, 0x03, 0x00, 0x91, 0xe3, 0x93, 0x05, 0xa9,
	0xe3, 0x03, 0x02, 0x91, 0xe3, 0x0f, 0x03, 0xa9,
	0xe3, 0x43, 0x01, 0x91, 0xe3, 0x23, 0x00, 0xf9,
	0xe3, 0x04, 0x80, 0x12, 0xe3, 0x4b, 0x00, 0xb9,
	0xe3, 0x43, 0x00, 0x91, 0xff, 0x4f, 0x00, 0xb9,
	0xe5, 0x9b, 0x06, 0xa9, 0xe4, 0x17, 0x43, 0xa9,
	0xe4, 0x17, 0x01, 0xa9, 0xe4, 0x17, 0x44, 0xa9,
	0xe4, 0x17, 0x02, 0xa9, 0xe7, 0x3f, 0x00, 0xf9,
	0x04, 0x00, 0x80, 0x52, 0x35, 0x00, 0x00, 0x94,
	0xfd, 0x7b, 0xc8, 0xa8, 0xc0, 0x03, 0x5f, 0xd6,
	0x01, 0x04, 0x01, 0x51, 0x3f, 0x64, 0x00, 0x71,
	0x48, 0x00, 0x00, 0x54, 0x00, 0x80, 0x00, 0x11,
	0xc0, 0x03, 0x5f, 0xd6, 0x21, 0x04, 0x00, 0xd1,
	0x04, 0x00, 0x80, 0xd2, 0x5f, 0x00, 0x04, 0xeb,
	0x61, 0x00, 0x00, 0x54, 0x00, 0x00, 0x80, 0x52,
	0x07, 0x00, 0x00, 0x14, 0x03, 0x68, 0x64, 0x38,
	0x84, 0x04, 0x00, 0x91, 0x25, 0x68, 0x64, 0x38,
	0x7f, 0x00, 0x05, 0x6b, 0x00, 0xff, 0xff, 0x54,
	0x60, 0x00, 0x05, 0x4b, 0xc0, 0x03, 0x5f, 0xd6,
	0x03, 0x00, 0x80, 0xd2, 0x5f, 0x00, 0x03, 0xeb,
	0x41, 0x00, 0x00, 0x54, 0xc0, 0x03, 0x5f, 0xd6,
	0x01, 0x68, 0x23, 0x38, 0x63, 0x04, 0x00, 0x91,
	0xfb, 0xff, 0xff, 0x17, 0x02, 0x00, 0x80, 0xd2,
	0x03, 0x68, 0x62, 0x38, 0x24, 0x68, 0x62, 0x38,
	0x83, 0x00, 0x00, 0x34, 0x42, 0x04, 0x00, 0x91,
	0x7f, 0x00, 0x04, 0x6b, 0x60, 0xff, 0xff, 0x54,
	0x60, 0x00, 0x04, 0x4b, 0xc0, 0x03, 0x5f, 0xd6,
	0x02, 0x00, 0x80, 0xd2, 0x23, 0x68, 0x62, 0x38,
	0x03, 0x68, 0x22, 0x38, 0x42, 0x04, 0x00, 0x91,
	0xa3, 0xff, 0xff, 0x35, 0xc0, 0x03, 0x5f, 0xd6,
	0x01, 0x00, 0x01, 0x8b, 0xe2, 0x03, 0x00, 0xaa,
	0x5f, 0x00, 0x01, 0xeb, 0x60, 0x00, 0x00, 0x54,
	0x43, 0x00, 0x40, 0x39, 0x63, 0x00, 0x00, 0x35,
	0x40, 0x00, 0x00, 0xcb, 0xc0, 0x03, 0x5f, 0xd6,
	0x42, 0x04, 0x00, 0x91, 0xf9, 0xff, 0xff, 0x17,
	0xfd, 0x7b, 0xb9, 0xa9, 0xe5, 0x03, 0x01, 0x91,
	0xfd, 0x03, 0x00, 0x91, 0xf3, 0x53, 0x01, 0xa9,
	0xf4, 0x03, 0x01, 0xaa, 0xf3, 0x03, 0x00, 0xaa,
	0xe1, 0x03, 0x03, 0xaa, 0xf5, 0x5b, 0x02, 0xa9,
	0xf5, 0x03, 0x02, 0xaa, 0x16, 0x00, 0x14, 0x8b,
	0x02, 0x04, 0x80, 0xd2, 0xe0, 0x03, 0x05, 0xaa,
	0xf7, 0x1b, 0x00, 0xf9, 0x97, 0x1c, 0x00, 0x12,
	0xf6, 0x37, 0x00, 0xf9, 0xc1, 0xe9, 0xff, 0x97,
	0xe3, 0x03, 0x00, 0xaa, 0xe4, 0x03, 0x17, 0x2a,
	0xe2, 0x03, 0x13, 0xaa, 0xe1, 0xa3, 0x01, 0x91,
	0xe0, 0x03, 0x15, 0xaa, 0x39, 0x00, 0x00, 0x94,
	0x7f, 0x02, 0x00, 0xf1, 0x84, 0x1a, 0x40, 0xfa,
	0xa0, 0x00, 0x00, 0x54, 0x01, 0x7c, 0x40, 0x93,
	0x9f, 0xc2, 0x20, 0xeb, 0xe8, 0x00, 0x00, 0x54,
	0xdf, 0xf2, 0x1f, 0x38, 0xf3, 0x53, 0x41, 0xa9,
	0xf5, 0x5b, 0x42, 0xa9, 0xf7, 0x1b, 0x40, 0xf9,
	0xfd, 0x7b, 0xc7, 0xa8, 0xc0, 0x03, 0x5f, 0xd6,
	0x7f, 0x6a, 0x21, 0x38, 0xfa, 0xff, 0xff, 0x17,
	0xfd, 0x7b, 0xbb, 0xa9, 0xe4, 0xc3, 0x00, 0x91,
	0xfd, 0x03, 0x00, 0x91, 0xf3, 0x53, 0x01, 0xa9,
	0xf3, 0x03, 0x00, 0xaa, 0xf4, 0x03, 0x01, 0xaa,
	0xe0, 0x03, 0x04, 0xaa, 0xe1, 0x03, 0x03, 0xaa,
	0xf5, 0x13, 0x00, 0xf9, 0xf5, 0x03, 0x02, 0xaa,
	0x02, 0x04, 0x80, 0xd2, 0xa1, 0xe9, 0xff, 0x97,
	0xe2, 0x03, 0x15, 0xaa, 0xe3, 0x03, 0x00, 0xaa,
	0xe1, 0x03, 0x14, 0xaa, 0xe0, 0x03, 0x13, 0xaa,
	0x24, 0x00, 0x80, 0x52, 0xcb, 0xff, 0xff, 0x97,
	0xf3, 0x53, 0x41, 0xa9, 0xf5, 0x13, 0x40, 0xf9,
	0xfd, 0x7b, 0xc5, 0xa8, 0xc0, 0x03, 0x5f, 0xd6,
	0xfd, 0x7b, 0xb8, 0xa9, 0xfd, 0x03, 0x00, 0x91,
	0xe3, 0x93, 0x05, 0xa9, 0xe3, 0x03, 0x02, 0x91,
	0xe3, 0x0f, 0x03, 0xa9, 0xe3, 0x43, 0x01, 0x91,
	0xe3, 0x23, 0x00, 0xf9, 0xe3, 0x04, 0x80, 0x12,
	0xe3, 0x4b, 0x00, 0xb9, 0xe3, 0x43, 0x00, 0x91,
	0xff, 0x4f, 0x00, 0xb9, 0xe5, 0x9b, 0x06, 0xa9,
	0xe4, 0x17, 0x43, 0xa9, 0xe4, 0x17, 0x01, 0xa9,
	0xe4, 0x17, 0x44, 0xa9, 0xe4, 0x17, 0x02, 0xa9,
	0xe7, 0x3f, 0x00, 0xf9, 0xd9, 0xff, 0xff, 0x97,
	0xfd, 0x7b, 0xc8, 0xa8, 0xc0, 0x03, 0x5f, 0xd6,
	0xff, 0xc3, 0x03, 0xd1, 0xe9, 0x03, 0x01, 0xaa,
	0xfd, 0x7b, 0x03, 0xa9, 0xfd, 0xc3, 0x00, 0x91,
	0xf3, 0x53, 0x04, 0xa9, 0x74, 0x18, 0x40, 0xb9,
	0xf5, 0x5b, 0x05, 0xa9, 0xf6, 0x03, 0x02, 0xaa,
	0xf7, 0x63, 0x06, 0xa9, 0xf9, 0x6b, 0x07, 0xa9,
	0xfb, 0x73, 0x08, 0xa9, 0xfc, 0x03, 0x00, 0xaa,
	0x80, 0x1c, 0x00, 0x12, 0xe0, 0x93, 0x00, 0xb9,
	0x73, 0x6c, 0x40, 0xa9, 0x81, 0x04, 0x00, 0xb4,
	0x39, 0x00, 0x40, 0xf9, 0x18, 0x00, 0x00, 0xb0,
	0x17, 0x00, 0x80, 0xd2, 0x00, 0x63, 0x22, 0x91,
	0x1a, 0x00, 0x80, 0x52, 0xe0, 0x4f, 0x00, 0xf9,
	0x80, 0x03, 0x40, 0x39, 0x1f, 0x94, 0x00, 0x71,
	0x04, 0x18, 0x40, 0x7a, 0x81, 0x03, 0x00, 0x54,
	0xc0, 0x01, 0x00, 0x34, 0x9c, 0x07, 0x00, 0x91,
	0xe4, 0x03, 0x14, 0x2a, 0xe3, 0x03, 0x13, 0xaa,
	0x01, 0x00, 0x80, 0x52, 0x05, 0x00, 0x80, 0x12,
	0x0b, 0x00, 0x80, 0x52, 0x15, 0x00, 0x80, 0x52,
	0x98, 0x17, 0x40, 0x38, 0x1f, 0xe7, 0x00, 0x71,
	0xec, 0x06, 0x00, 0x54, 0x1f, 0x7f, 0x00, 0x71,
	0x8c, 0x05, 0x00, 0x54, 0xf8, 0x06, 0x00, 0x35,
	0x49, 0x00, 0x00, 0xb4, 0x36, 0x01, 0x00, 0xf9,
	0xfd, 0x7b, 0x43, 0xa9, 0xe0, 0x03, 0x1a, 0x2a,
	0xf3, 0x53, 0x44, 0xa9, 0xf5, 0x5b, 0x45, 0xa9,
	0xf7, 0x63, 0x46, 0xa9, 0xf9, 0x6b, 0x47, 0xa9,
	0xfb, 0x73, 0x48, 0xa9, 0xff, 0xc3, 0x03, 0x91,
	0xc0, 0x03, 0x5f, 0xd6, 0x19, 0x00, 0x80, 0xd2,
	0xdd, 0xff, 0xff, 0x17, 0x5a, 0x07, 0x00, 0x11,
	0xb6, 0x00, 0x00, 0xb4, 0x3f, 0x01, 0x00, 0xf1,
	0xc0, 0x12, 0x59, 0xfa, 0x42, 0x00, 0x00, 0x54,
	0xc0, 0x16, 0x00, 0x38, 0x9c, 0x07, 0x00, 0x91,
	0xda, 0xff, 0xff, 0x17, 0x61, 0x05, 0x80, 0x52,
	0xe4, 0xff, 0xff, 0x17, 0xe2, 0x4f, 0x40, 0xf9,
	0x40, 0x58, 0x60, 0x78, 0x62, 0x00, 0x00, 0x10,
	0x40, 0xa8, 0x20, 0x8b, 0x00, 0x00, 0x1f, 0xd6,
	0x17, 0x00, 0x00, 0xd0, 0xf7, 0x86, 0x29, 0x91,
	0x95, 0x44, 0x38, 0x36, 0xc4, 0x45, 0xf8, 0x37,
	0x73, 0x3c, 0x00, 0x91, 0xf4, 0x03, 0x04, 0x2a,
	0x73, 0xf2, 0x7d, 0x92, 0x62, 0x00, 0x40, 0xf9,
	0x15, 0x35, 0x00, 0x36, 0xe2, 0x34, 0x00, 0xb4,
	0xb5, 0x02, 0x1f, 0x32, 0x40, 0x00, 0x80, 0x52,
	0x01, 0x00, 0x80, 0x52, 0x86, 0x00, 0x00, 0x14,
	0x02, 0x83, 0x00, 0x51, 0x5f, 0x64, 0x00, 0x71,
	0x68, 0xfa, 0xff, 0x54, 0x00, 0x00, 0x00, 0xb0,
	0x00, 0x20, 0x24, 0x91, 0x00, 0x48, 0x62, 0x38,
	0x62, 0x00, 0x00, 0x10, 0x40, 0x88, 0x20, 0x8b,
	0x00, 0x00, 0x1f, 0xd6, 0x00, 0x13, 0x01, 0x51,
	0x1f, 0xd8, 0x00, 0x71, 0x49, 0xfc, 0xff, 0x54,
	0xf4, 0x03, 0x04, 0x2a, 0xf3, 0x03, 0x03, 0xaa,
	0xf8, 0x23, 0x03, 0x39, 0x5d, 0x00, 0x00, 0x14,
	0x3f, 0x00, 0x00, 0x71, 0x00, 0x04, 0x80, 0x52,
	0x21, 0x10, 0x80, 0x1a, 0xbd, 0xff, 0xff, 0x17,
	0xb5, 0x02, 0x00, 0x32, 0xbb, 0xff, 0xff, 0x17,
	0x24, 0x01, 0xf8, 0x37, 0x62, 0x2c, 0x00, 0x91,
	0xe0, 0x03, 0x03, 0xaa, 0x43, 0xf0, 0x7d, 0x92,
	0x0b, 0x00, 0x40, 0xb9, 0xab, 0xf6, 0xff, 0x36,
	0xeb, 0x03, 0x0b, 0x4b, 0xb5, 0x02, 0x1e, 0x32,
	0xb2, 0xff, 0xff, 0x17, 0x82, 0x20, 0x00, 0x11,
	0x5f, 0x00, 0x00, 0x71, 0xcd, 0x00, 0x00, 0x54,
	0x66, 0x2c, 0x00, 0x91, 0xe0, 0x03, 0x03, 0xaa,
	0xe4, 0x03, 0x02, 0x2a, 0xc3, 0xf0, 0x7d, 0x92,
	0xf4, 0xff, 0xff, 0x17, 0x60, 0xc3, 0x24, 0x8b,
	0xe4, 0x03, 0x02, 0x2a, 0xf1, 0xff, 0xff, 0x17,
	0x98, 0x17, 0x40, 0x38, 0x1f, 0xab, 0x00, 0x71,
	0x81, 0x03, 0x00, 0x54, 0x44, 0x01, 0xf8, 0x37,
	0x60, 0x2c, 0x00, 0x91, 0xe2, 0x03, 0x04, 0x2a,
	0x00, 0xf0, 0x7d, 0x92, 0x65, 0x00, 0x40, 0xb9,
	0xe4, 0x03, 0x02, 0x2a, 0xe3, 0x03, 0x00, 0xaa,
	0xbf, 0x00, 0x00, 0x71, 0xa5, 0xa0, 0x9f, 0x5a,
	0x9a, 0xff, 0xff, 0x17, 0x82, 0x20, 0x00, 0x11,
	0x5f, 0x00, 0x00, 0x71, 0x8d, 0x00, 0x00, 0x54,
	0x60, 0x2c, 0x00, 0x91, 0x00, 0xf0, 0x7d, 0x92,
	0xf5, 0xff, 0xff, 0x17, 0xe0, 0x03, 0x03, 0xaa,
	0x63, 0xc3, 0x24, 0x8b, 0xf2, 0xff, 0xff, 0x17,
	0xa5, 0x00, 0x02, 0x1b, 0x98, 0x17, 0x40, 0x38,
	0x00, 0xc3, 0x00, 0x51, 0x1f, 0x24, 0x00, 0x71,
	0x89, 0xff, 0xff, 0x54, 0xbf, 0x00, 0x00, 0x71,
	0xa5, 0xa0, 0x9f, 0x5a, 0x8a, 0xff, 0xff, 0x17,
	0x05, 0x00, 0x80, 0x52, 0x42, 0x01, 0x80, 0x52,
	0xf8, 0xff, 0xff, 0x17, 0xb5, 0x02, 0x16, 0x32,
	0x84, 0xff, 0xff, 0x17, 0x0b, 0x00, 0x80, 0x52,
	0x42, 0x01, 0x80, 0x52, 0x08, 0xc3, 0x00, 0x51,
	0x98, 0x17, 0x40, 0x38, 0x00, 0xc3, 0x00, 0x51,
	0x6b, 0x21, 0x02, 0x1b, 0x1f, 0x24, 0x00, 0x71,
	0x69, 0xff, 0xff, 0x54, 0x7c, 0xff, 0xff, 0x17,
	0xb5, 0x02, 0x1a, 0x32, 0x79, 0xff, 0xff, 0x17,
	0xb5, 0x02, 0x19, 0x32, 0x77, 0xff, 0xff, 0x17,
	0x80, 0x03, 0x40, 0x39, 0x1f, 0xb0, 0x01, 0x71,
	0x81, 0x00, 0x00, 0x54, 0x9c, 0x07, 0x00, 0x91,
	0xb5, 0x02, 0x1b, 0x32, 0x71, 0xff, 0xff, 0x17,
	0xb5, 0x02, 0x1c, 0x32, 0x6f, 0xff, 0xff, 0x17,
	0xb5, 0x02, 0x18, 0x32, 0x6d, 0xff, 0xff, 0x17,
	0xb5, 0x02, 0x17, 0x32, 0x6b, 0xff, 0xff, 0x17,
	0x64, 0x01, 0xf8, 0x37, 0x73, 0x2c, 0x00, 0x91,
	0xf4, 0x03, 0x04, 0x2a, 0x73, 0xf2, 0x7d, 0x92,
	0x60, 0x00, 0x40, 0xb9, 0xe0, 0x23, 0x03, 0x39,
	0xed, 0x23, 0x03, 0x91, 0x25, 0x00, 0x80, 0x52,
	0x02, 0x00, 0x80, 0x52, 0x01, 0x00, 0x80, 0x52,
	0xf3, 0x00, 0x00, 0x14, 0x94, 0x20, 0x00, 0x11,
	0x9f, 0x02, 0x00, 0x71, 0x8d, 0x00, 0x00, 0x54,
	0x73, 0x2c, 0x00, 0x91, 0x73, 0xf2, 0x7d, 0x92,
	0xf4, 0xff, 0xff, 0x17, 0xf3, 0x03, 0x03, 0xaa,
	0x63, 0xc3, 0x24, 0x8b, 0xf1, 0xff, 0xff, 0x17,
	0xb5, 0x02, 0x1c, 0x32, 0x15, 0x04, 0x38, 0x36,
	0x44, 0x05, 0xf8, 0x37, 0x73, 0x3c, 0x00, 0x91,
	0xf4, 0x03, 0x04, 0x2a, 0x73, 0xf2, 0x7d, 0x92,
	0x62, 0x00, 0x40, 0xf9, 0x82, 0x2c, 0xf8, 0xb6,
	0xe2, 0x03, 0x02, 0xcb, 0x20, 0x00, 0x80, 0x52,
	0xa1, 0x05, 0x80, 0x52, 0x05, 0x38, 0xf8, 0x36,
	0x1f, 0x04, 0x00, 0x71, 0xe0, 0x2b, 0x00, 0x54,
	0x1f, 0x08, 0x00, 0x71, 0x60, 0x23, 0x00, 0x54,
	0xed, 0xb7, 0x03, 0x91, 0x40, 0x08, 0x00, 0x12,
	0xe4, 0x03, 0x0d, 0xaa, 0x00, 0xc0, 0x00, 0x11,
	0xa0, 0xfd, 0x1f, 0x38, 0x42, 0xfc, 0x43, 0xd3,
	0x62, 0xff, 0xff, 0xb5, 0xd5, 0x00, 0x00, 0x36,
	0x1f, 0xc0, 0x00, 0x71, 0x80, 0x00, 0x00, 0x54,
	0x00, 0x06, 0x80, 0x52, 0xa0, 0xf1, 0x1f, 0x38,
	0x8d, 0x08, 0x00, 0xd1, 0xe2, 0x03, 0x05, 0x2a,
	0xe5, 0xb7, 0x03, 0x91, 0xa5, 0x00, 0x0d, 0x4b,
	0xc9, 0x00, 0x00, 0x14, 0x35, 0xfc, 0x47, 0x37,
	0x15, 0xfc, 0x4f, 0x37, 0xf5, 0xfb, 0x2f, 0x37,
	0xd5, 0xfb, 0x27, 0x37, 0x35, 0x03, 0x30, 0x36,
	0xe4, 0x01, 0xf8, 0x37, 0x73, 0x2c, 0x00, 0x91,
	0xf4, 0x03, 0x04, 0x2a, 0x73, 0xf2, 0x7d, 0x92,
	0x62, 0x00, 0x80, 0x79, 0xdc, 0xff, 0xff, 0x17,
	0x94, 0x20, 0x00, 0x11, 0x9f, 0x02, 0x00, 0x71,
	0x8d, 0x00, 0x00, 0x54, 0x73, 0x3c, 0x00, 0x91,
	0x73, 0xf2, 0x7d, 0x92, 0xd5, 0xff, 0xff, 0x17,
	0xf3, 0x03, 0x03, 0xaa, 0x63, 0xc3, 0x24, 0x8b,
	0xd2, 0xff, 0xff, 0x17, 0x94, 0x20, 0x00, 0x11,
	0x9f, 0x02, 0x00, 0x71, 0x8d, 0x00, 0x00, 0x54,
	0x73, 0x2c, 0x00, 0x91, 0x73, 0xf2, 0x7d, 0x92,
	0xf0, 0xff, 0xff, 0x17, 0xf3, 0x03, 0x03, 0xaa,
	0x63, 0xc3, 0x24, 0x8b, 0xed, 0xff, 0xff, 0x17,
	0xc4, 0x00, 0xf8, 0x37, 0x73, 0x2c, 0x00, 0x91,
	0xf4, 0x03, 0x04, 0x2a, 0x73, 0xf2, 0x7d, 0x92,
	0x62, 0x00, 0x80, 0xb9, 0xc4, 0xff, 0xff, 0x17,
	0x94, 0x20, 0x00, 0x11, 0x9f, 0x02, 0x00, 0x71,
	0x8d, 0x00, 0x00, 0x54, 0x73, 0x2c, 0x00, 0x91,
	0x73, 0xf2, 0x7d, 0x92, 0xf9, 0xff, 0xff, 0x17,
	0xf3, 0x03, 0x03, 0xaa, 0x63, 0xc3, 0x24, 0x8b,
	0xf6, 0xff, 0xff, 0x17, 0x35, 0x01, 0x38, 0x36,
	0x84, 0x02, 0xf8, 0x37, 0x73, 0x3c, 0x00, 0x91,
	0xf4, 0x03, 0x04, 0x2a, 0x73, 0xf2, 0x7d, 0x92,
	0x60, 0x00, 0x40, 0xf9, 0x41, 0x7f, 0x40, 0x93,
	0x01, 0x00, 0x00, 0xf9, 0xf5, 0xfe, 0xff, 0x17,
	0x15, 0xff, 0x47, 0x37, 0xf5, 0xfe, 0x4f, 0x37,
	0xd5, 0xfe, 0x2f, 0x37, 0xb5, 0xfe, 0x27, 0x37,
	0x55, 0x03, 0x30, 0x36, 0x04, 0x02, 0xf8, 0x37,
	0x73, 0x3c, 0x00, 0x91, 0xf4, 0x03, 0x04, 0x2a,
	0x73, 0xf2, 0x7d, 0x92, 0x60, 0x00, 0x40, 0xf9,
	0x1a, 0x00, 0x00, 0x79, 0xe9, 0xfe, 0xff, 0x17,
	0x94, 0x20, 0x00, 0x11, 0x9f, 0x02, 0x00, 0x71,
	0x8d, 0x00, 0x00, 0x54, 0x73, 0x3c, 0x00, 0x91,
	0x73, 0xf2, 0x7d, 0x92, 0xeb, 0xff, 0xff, 0x17,
	0xf3, 0x03, 0x03, 0xaa, 0x63, 0xc3, 0x24, 0x8b,
	0xe8, 0xff, 0xff, 0x17, 0x94, 0x20, 0x00, 0x11,
	0x9f, 0x02, 0x00, 0x71, 0x8d, 0x00, 0x00, 0x54,
	0x73, 0x3c, 0x00, 0x91, 0x73, 0xf2, 0x7d, 0x92,
	0xef, 0xff, 0xff, 0x17, 0xf3, 0x03, 0x03, 0xaa,
	0x63, 0xc3, 0x24, 0x8b, 0xec, 0xff, 0xff, 0x17,
	0xe4, 0x00, 0xf8, 0x37, 0x73, 0x3c, 0x00, 0x91,
	0xf4, 0x03, 0x04, 0x2a, 0x73, 0xf2, 0x7d, 0x92,
	0x60, 0x00, 0x40, 0xf9, 0x1a, 0x00, 0x00, 0xb9,
	0xd0, 0xfe, 0xff, 0x17, 0x94, 0x20, 0x00, 0x11,
	0x9f, 0x02, 0x00, 0x71, 0x8d, 0x00, 0x00, 0x54,
	0x73, 0x3c, 0x00, 0x91, 0x73, 0xf2, 0x7d, 0x92,
	0xf8, 0xff, 0xff, 0x17, 0xf3, 0x03, 0x03, 0xaa,
	0x63, 0xc3, 0x24, 0x8b, 0xf5, 0xff, 0xff, 0x17,
	0xb5, 0x02, 0x1c, 0x32, 0x55, 0x01, 0x38, 0x36,
	0x84, 0x02, 0xf8, 0x37, 0x73, 0x3c, 0x00, 0x91,
	0xf4, 0x03, 0x04, 0x2a, 0x73, 0xf2, 0x7d, 0x92,
	0x62, 0x00, 0x40, 0xf9, 0x01, 0x00, 0x80, 0x52,
	0x85, 0xf0, 0xff, 0x37, 0x00, 0x00, 0x80, 0x52,
	0x3d, 0x01, 0x00, 0x14, 0xf5, 0xfe, 0x47, 0x37,
	0xd5, 0xfe, 0x4f, 0x37, 0xb5, 0xfe, 0x2f, 0x37,
	0x95, 0xfe, 0x27, 0x37, 0x35, 0x03, 0x30, 0x36,
	0xe4, 0x01, 0xf8, 0x37, 0x73, 0x2c, 0x00, 0x91,
	0xf4, 0x03, 0x04, 0x2a, 0x73, 0xf2, 0x7d, 0x92,
	0x62, 0x00, 0x40, 0x79, 0xf2, 0xff, 0xff, 0x17,
	0x94, 0x20, 0x00, 0x11, 0x9f, 0x02, 0x00, 0x71,
	0x8d, 0x00, 0x00, 0x54, 0x73, 0x3c, 0x00, 0x91,
	0x73, 0xf2, 0x7d, 0x92, 0xeb, 0xff, 0xff, 0x17,
	0xf3, 0x03, 0x03, 0xaa, 0x63, 0xc3, 0x24, 0x8b,
	0xe8, 0xff, 0xff, 0x17, 0x94, 0x20, 0x00, 0x11,
	0x9f, 0x02, 0x00, 0x71, 0x8d, 0x00, 0x00, 0x54,
	0x73, 0x2c, 0x00, 0x91, 0x73, 0xf2, 0x7d, 0x92,
	0xf0, 0xff, 0xff, 0x17, 0xf3, 0x03, 0x03, 0xaa,
	0x63, 0xc3, 0x24, 0x8b, 0xed, 0xff, 0xff, 0x17,
	0xc4, 0x00, 0xf8, 0x37, 0x73, 0x2c, 0x00, 0x91,
	0xf4, 0x03, 0x04, 0x2a, 0x73, 0xf2, 0x7d, 0x92,
	0x62, 0x00, 0x40, 0xb9, 0xda, 0xff, 0xff, 0x17,
	0x94, 0x20, 0x00, 0x11, 0x9f, 0x02, 0x00, 0x71,
	0x8d, 0x00, 0x00, 0x54, 0x73, 0x2c, 0x00, 0x91,
	0x73, 0xf2, 0x7d, 0x92, 0xf9, 0xff, 0xff, 0x17,
	0xf3, 0x03, 0x03, 0xaa, 0x63, 0xc3, 0x24, 0x8b,
	0xf6, 0xff, 0xff, 0x17, 0xe0, 0x4b, 0x40, 0xf9,
	0x60, 0x0c, 0x00, 0x36, 0x80, 0x03, 0x40, 0x39,
	0x1f, 0x54, 0x01, 0x71, 0x01, 0x0c, 0x00, 0x54,
	0x80, 0x07, 0x40, 0x39, 0x1f, 0xb0, 0x01, 0x71,
	0xa1, 0x0b, 0x00, 0x54, 0x9c, 0x0b, 0x00, 0x91,
	0x44, 0x0a, 0xf8, 0x37, 0x73, 0x3c, 0x00, 0x91,
	0xf4, 0x03, 0x04, 0x2a, 0x73, 0xf2, 0x7d, 0x92,
	0x61, 0x00, 0x40, 0xf9, 0xed, 0x23, 0x03, 0x91,
	0x02, 0x00, 0x00, 0xb0, 0x42, 0x5c, 0x1b, 0x91,
	0xed, 0x53, 0x00, 0xf9, 0x20, 0x3c, 0x40, 0x39,
	0x27, 0x24, 0x40, 0x39, 0x26, 0x20, 0x40, 0x39,
	0x25, 0x0c, 0x40, 0x79, 0x24, 0x08, 0x40, 0x79,
	0xe0, 0x2b, 0x00, 0xb9, 0xeb, 0xaf, 0x00, 0xb9,
	0x20, 0x38, 0x40, 0x39, 0xe0, 0x23, 0x00, 0xb9,
	0xe9, 0x5b, 0x00, 0xf9, 0x20, 0x34, 0x40, 0x39,
	0xe0, 0x1b, 0x00, 0xb9, 0x20, 0x30, 0x40, 0x39,
	0xe0, 0x13, 0x00, 0xb9, 0x20, 0x2c, 0x40, 0x39,
	0xe0, 0x0b, 0x00, 0xb9, 0x20, 0x28, 0x40, 0x39,
	0xe0, 0x03, 0x00, 0xb9, 0xe0, 0x03, 0x0d, 0xaa,
	0x23, 0x00, 0x40, 0xb9, 0xa1, 0x04, 0x80, 0xd2,
	0x3e, 0xfe, 0xff, 0x97, 0xed, 0x53, 0x40, 0xf9,
	0xe5, 0x03, 0x00, 0x2a, 0xe9, 0x5b, 0x40, 0xf9,
	0x02, 0x00, 0x80, 0x52, 0xeb, 0xaf, 0x40, 0xb9,
	0x01, 0x00, 0x80, 0x52, 0x5f, 0x00, 0x05, 0x6b,
	0x40, 0xa0, 0x85, 0x1a, 0xa1, 0x1e, 0x00, 0x34,
	0x00, 0x04, 0x00, 0x11, 0x1f, 0x00, 0x0b, 0x6b,
	0x04, 0xa0, 0x8b, 0x1a, 0x5a, 0x03, 0x04, 0x0b,
	0x84, 0x80, 0x80, 0x52, 0xa4, 0x02, 0x04, 0x6a,
	0x81, 0x00, 0x00, 0x54, 0x66, 0x01, 0x00, 0x4b,
	0xdf, 0x00, 0x00, 0x71, 0xcc, 0x1d, 0x00, 0x54,
	0xa1, 0x1e, 0x00, 0x34, 0xb6, 0x00, 0x00, 0xb4,
	0x3f, 0x01, 0x00, 0xf1, 0x22, 0x13, 0x56, 0xfa,
	0x49, 0x00, 0x00, 0x54, 0xc1, 0x16, 0x00, 0x38,
	0x9f, 0x00, 0x10, 0x71, 0xa1, 0x00, 0x00, 0x54,
	0x61, 0x01, 0x00, 0x4b, 0x04, 0x06, 0x80, 0x52,
	0x3f, 0x00, 0x00, 0x71, 0x8c, 0x1f, 0x00, 0x54,
	0x42, 0x00, 0x05, 0x4b, 0x01, 0x06, 0x80, 0x52,
	0x5f, 0x00, 0x00, 0x71, 0xec, 0x1f, 0x00, 0x54,
	0xe5, 0x03, 0x05, 0x2a, 0x01, 0x00, 0x80, 0xd2,
	0x3f, 0x00, 0x05, 0xeb, 0x41, 0x20, 0x00, 0x54,
	0x15, 0xc8, 0x17, 0x36, 0x60, 0x01, 0x00, 0x4b,
	0x1f, 0x00, 0x00, 0x71, 0xad, 0xc7, 0xff, 0x54,
	0xd6, 0x00, 0x00, 0xb4, 0x3f, 0x01, 0x00, 0xf1,
	0x22, 0x13, 0x56, 0xfa, 0x69, 0x00, 0x00, 0x54,
	0x01, 0x04, 0x80, 0x52, 0xc1, 0x16, 0x00, 0x38,
	0x00, 0x04, 0x00, 0x51, 0xf7, 0xff, 0xff, 0x17,
	0x94, 0x20, 0x00, 0x11, 0x9f, 0x02, 0x00, 0x71,
	0x8d, 0x00, 0x00, 0x54, 0x73, 0x3c, 0x00, 0x91,
	0x73, 0xf2, 0x7d, 0x92, 0xad, 0xff, 0xff, 0x17,
	0xf3, 0x03, 0x03, 0xaa, 0x63, 0xc3, 0x24, 0x8b,
	0xaa, 0xff, 0xff, 0x17, 0x44, 0x02, 0xf8, 0x37,
	0x73, 0x3c, 0x00, 0x91, 0xf4, 0x03, 0x04, 0x2a,
	0x73, 0xf2, 0x7d, 0x92, 0x62, 0x00, 0x40, 0xf9,
	0x17, 0x00, 0x00, 0xb0, 0xb5, 0x02, 0x1f, 0x32,
	0xf7, 0x86, 0x29, 0x91, 0x18, 0x0f, 0x80, 0x52,
	0x01, 0x00, 0x80, 0x52, 0x25, 0x15, 0xf8, 0x36,
	0xed, 0xb7, 0x03, 0x91, 0x40, 0x0c, 0x40, 0x92,
	0x42, 0xfc, 0x44, 0xd3, 0xe0, 0x6a, 0x60, 0x38,
	0xa0, 0xfd, 0x1f, 0x38, 0x82, 0xff, 0xff, 0xb5,
	0xed, 0xfe, 0xff, 0x17, 0x94, 0x20, 0x00, 0x11,
	0x9f, 0x02, 0x00, 0x71, 0x8d, 0x00, 0x00, 0x54,
	0x73, 0x3c, 0x00, 0x91, 0x73, 0xf2, 0x7d, 0x92,
	0xed, 0xff, 0xff, 0x17, 0xf3, 0x03, 0x03, 0xaa,
	0x63, 0xc3, 0x24, 0x8b, 0xea, 0xff, 0xff, 0x17,
	0x44, 0x03, 0xf8, 0x37, 0x73, 0x3c, 0x00, 0x91,
	0xf4, 0x03, 0x04, 0x2a, 0x73, 0xf2, 0x7d, 0x92,
	0x6d, 0x00, 0x40, 0xf9, 0x6d, 0x00, 0x00, 0xb5,
	0x03, 0x00, 0x00, 0xb0, 0x6d, 0x40, 0x1b, 0x91,
	0x65, 0x03, 0xf8, 0x37, 0xa2, 0x7c, 0x40, 0x93,
	0xe0, 0x03, 0x0d, 0xaa, 0x01, 0x00, 0x80, 0x52,
	0xed, 0x53, 0x00, 0xf9, 0xe5, 0xaf, 0x15, 0x29,
	0xe9, 0x5f, 0x00, 0xf9, 0x59, 0x01, 0x00, 0x94,
	0xed, 0x53, 0x40, 0xf9, 0xe9, 0x5f, 0x40, 0xf9,
	0xe5, 0xaf, 0x55, 0x29, 0x80, 0x00, 0x00, 0xb4,
	0x00, 0x00, 0x0d, 0xcb, 0xbf, 0x00, 0x00, 0x6b,
	0xa5, 0xd0, 0x80, 0x1a, 0x02, 0x00, 0x80, 0x52,
	0x01, 0x00, 0x80, 0x52, 0x96, 0xff, 0xff, 0x17,
	0x94, 0x20, 0x00, 0x11, 0x9f, 0x02, 0x00, 0x71,
	0x8d, 0x00, 0x00, 0x54, 0x73, 0x3c, 0x00, 0x91,
	0x73, 0xf2, 0x7d, 0x92, 0xe5, 0xff, 0xff, 0x17,
	0xf3, 0x03, 0x03, 0xaa, 0x63, 0xc3, 0x24, 0x8b,
	0xe2, 0xff, 0xff, 0x17, 0xe0, 0x03, 0x0d, 0xaa,
	0xed, 0x53, 0x00, 0xf9, 0xeb, 0xaf, 0x00, 0xb9,
	0xe9, 0x5b, 0x00, 0xf9, 0x4c, 0x01, 0x00, 0x94,
	0x81, 0xff, 0xff, 0x17, 0xb5, 0x02, 0x1c, 0x32,
	0x75, 0x01, 0x38, 0x36, 0xa4, 0x02, 0xf8, 0x37,
	0x73, 0x3c, 0x00, 0x91, 0xf4, 0x03, 0x04, 0x2a,
	0x73, 0xf2, 0x7d, 0x92, 0x62, 0x00, 0x40, 0xf9,
	0x01, 0x00, 0x80, 0x52, 0xe5, 0x0b, 0xf8, 0x36,
	0xe0, 0xb7, 0x03, 0x91, 0x44, 0x01, 0x80, 0xd2,
	0x6c, 0x00, 0x00, 0x14, 0xd5, 0xfe, 0x47, 0x37,
	0xb5, 0xfe, 0x4f, 0x37, 0x95, 0xfe, 0x2f, 0x37,
	0x75, 0xfe, 0x27, 0x37, 0x35, 0x03, 0x30, 0x36,
	0xe4, 0x01, 0xf8, 0x37, 0x73, 0x2c, 0x00, 0x91,
	0xf4, 0x03, 0x04, 0x2a, 0x73, 0xf2, 0x7d, 0x92,
	0x62, 0x00, 0x40, 0x79, 0xf1, 0xff, 0xff, 0x17,
	0x94, 0x20, 0x00, 0x11, 0x9f, 0x02, 0x00, 0x71,
	0x8d, 0x00, 0x00, 0x54, 0x73, 0x3c, 0x00, 0x91,
	0x73, 0xf2, 0x7d, 0x92, 0xea, 0xff, 0xff, 0x17,
	0xf3, 0x03, 0x03, 0xaa, 0x63, 0xc3, 0x24, 0x8b,
	0xe7, 0xff, 0xff, 0x17, 0x94, 0x20, 0x00, 0x11,
	0x9f, 0x02, 0x00, 0x71, 0x8d, 0x00, 0x00, 0x54,
	0x73, 0x2c, 0x00, 0x91, 0x73, 0xf2, 0x7d, 0x92,
	0xf0, 0xff, 0xff, 0x17, 0xf3, 0x03, 0x03, 0xaa,
	0x63, 0xc3, 0x24, 0x8b, 0xed, 0xff, 0xff, 0x17,
	0xc4, 0x00, 0xf8, 0x37, 0x73, 0x2c, 0x00, 0x91,
	0xf4, 0x03, 0x04, 0x2a, 0x73, 0xf2, 0x7d, 0x92,
	0x62, 0x00, 0x40, 0xb9, 0xd9, 0xff, 0xff, 0x17,
	0x94, 0x20, 0x00, 0x11, 0x9f, 0x02, 0x00, 0x71,
	0x8d, 0x00, 0x00, 0x54, 0x73, 0x2c, 0x00, 0x91,
	0x73, 0xf2, 0x7d, 0x92, 0xf9, 0xff, 0xff, 0x17,
	0xf3, 0x03, 0x03, 0xaa, 0x63, 0xc3, 0x24, 0x8b,
	0xf6, 0xff, 0xff, 0x17, 0x17, 0x00, 0x00, 0xb0,
	0xf7, 0x42, 0x29, 0x91, 0xdd, 0xfd, 0xff, 0x17,
	0xb5, 0xbb, 0x47, 0x37, 0x95, 0xbb, 0x4f, 0x37,
	0x75, 0xbb, 0x2f, 0x37, 0x55, 0xbb, 0x27, 0x37,
	0x35, 0x03, 0x30, 0x36, 0xe4, 0x01, 0xf8, 0x37,
	0x73, 0x2c, 0x00, 0x91, 0xf4, 0x03, 0x04, 0x2a,
	0x73, 0xf2, 0x7d, 0x92, 0x62, 0x00, 0x40, 0x79,
	0xd8, 0xfd, 0xff, 0x17, 0x94, 0x20, 0x00, 0x11,
	0x9f, 0x02, 0x00, 0x71, 0x8d, 0x00, 0x00, 0x54,
	0x73, 0x3c, 0x00, 0x91, 0x73, 0xf2, 0x7d, 0x92,
	0xd1, 0xfd, 0xff, 0x17, 0xf3, 0x03, 0x03, 0xaa,
	0x63, 0xc3, 0x24, 0x8b, 0xce, 0xfd, 0xff, 0x17,
	0x94, 0x20, 0x00, 0x11, 0x9f, 0x02, 0x00, 0x71,
	0x8d, 0x00, 0x00, 0x54, 0x73, 0x2c, 0x00, 0x91,
	0x73, 0xf2, 0x7d, 0x92, 0xf0, 0xff, 0xff, 0x17,
	0xf3, 0x03, 0x03, 0xaa, 0x63, 0xc3, 0x24, 0x8b,
	0xed, 0xff, 0xff, 0x17, 0xc4, 0x00, 0xf8, 0x37,
	0x73, 0x2c, 0x00, 0x91, 0xf4, 0x03, 0x04, 0x2a,
	0x73, 0xf2, 0x7d, 0x92, 0x62, 0x00, 0x40, 0xb9,
	0xc0, 0xfd, 0xff, 0x17, 0x94, 0x20, 0x00, 0x11,
	0x9f, 0x02, 0x00, 0x71, 0x8d, 0x00, 0x00, 0x54,
	0x73, 0x2c, 0x00, 0x91, 0x73, 0xf2, 0x7d, 0x92,
	0xf9, 0xff, 0xff, 0x17, 0xf3, 0x03, 0x03, 0xaa,
	0x63, 0xc3, 0x24, 0x8b, 0xf6, 0xff, 0xff, 0x17,
	0x20, 0x00, 0x80, 0x52, 0x5f, 0x00, 0x00, 0xf1,
	0xb5, 0x7a, 0x15, 0x12, 0xa0, 0x08, 0x40, 0x7a,
	0xc1, 0xc7, 0xff, 0x54, 0xed, 0xb7, 0x03, 0x91,
	0x05, 0x00, 0x80, 0x52, 0x4c, 0xfe, 0xff, 0x17,
	0x40, 0x00, 0x80, 0x52, 0xf8, 0xff, 0xff, 0x17,
	0x46, 0x08, 0xc4, 0x9a, 0xc2, 0x88, 0x04, 0x9b,
	0x42, 0xc0, 0x00, 0x11, 0x02, 0xf0, 0x1f, 0x38,
	0xe2, 0x03, 0x06, 0xaa, 0xe0, 0x03, 0x0d, 0xaa,
	0x0d, 0x04, 0x00, 0xd1, 0x5f, 0x24, 0x00, 0xf1,
	0x08, 0xff, 0xff, 0x54, 0x42, 0xc0, 0x00, 0x11,
	0x02, 0xf0, 0x1f, 0x38, 0x3e, 0xfe, 0xff, 0x17,
	0xb5, 0xe1, 0x0f, 0x36, 0x00, 0x08, 0x00, 0x11,
	0x0b, 0xff, 0xff, 0x17, 0xd6, 0x00, 0x00, 0xb4,
	0x3f, 0x01, 0x00, 0xf1, 0x22, 0x13, 0x56, 0xfa,
	0x69, 0x00, 0x00, 0x54, 0x03, 0x04, 0x80, 0x52,
	0xc3, 0x16, 0x00, 0x38, 0xc6, 0x04, 0x00, 0x51,
	0x0a, 0xff, 0xff, 0x17, 0x35, 0xe2, 0x0f, 0x36,
	0x16, 0xe2, 0xff, 0xb4, 0x3f, 0x01, 0x00, 0xf1,
	0xe6, 0x17, 0x9f, 0x1a, 0xdf, 0x00, 0x00, 0x71,
	0x22, 0x03, 0x56, 0xfa, 0x69, 0xe1, 0xff, 0x54,
	0xe1, 0x03, 0x16, 0xaa, 0x07, 0x06, 0x80, 0x52,
	0xdf, 0x00, 0x00, 0x71, 0x27, 0x14, 0x00, 0x38,
	0x22, 0x03, 0x41, 0xfa, 0x89, 0x00, 0x00, 0x54,
	0xd6, 0x0a, 0x00, 0x91, 0xd8, 0xf2, 0x1f, 0x38,
	0x02, 0xff, 0xff, 0x17, 0xf6, 0x03, 0x01, 0xaa,
	0x00, 0xff, 0xff, 0x17, 0xb6, 0x00, 0x00, 0xb4,
	0x3f, 0x01, 0x00, 0xf1, 0x22, 0x13, 0x56, 0xfa,
	0x49, 0x00, 0x00, 0x54, 0xc4, 0x16, 0x00, 0x38,
	0x21, 0x04, 0x00, 0x51, 0xfd, 0xfe, 0xff, 0x17,
	0xb6, 0x00, 0x00, 0xb4, 0x3f, 0x01, 0x00, 0xf1,
	0x22, 0x13, 0x56, 0xfa, 0x49, 0x00, 0x00, 0x54,
	0xc1, 0x16, 0x00, 0x38, 0x42, 0x04, 0x00, 0x51,
	0xfa, 0xfe, 0xff, 0x17, 0xd6, 0x00, 0x00, 0xb4,
	0x3f, 0x01, 0x00, 0xf1, 0x22, 0x13, 0x56, 0xfa,
	0x69, 0x00, 0x00, 0x54, 0xa2, 0x69, 0x61, 0x38,
	0xc2, 0x16, 0x00, 0x38, 0x21, 0x04, 0x00, 0x91,
	0xf6, 0xfe, 0xff, 0x17, 0xfd, 0x7b, 0xa8, 0xa9,
	0xfd, 0x03, 0x00, 0x91, 0xf3, 0x53, 0x01, 0xa9,
	0xf3, 0x03, 0x02, 0x2a, 0xf5, 0x5b, 0x02, 0xa9,
	0xf6, 0x03, 0x00, 0xaa, 0xf7, 0x63, 0x03, 0xa9,
	0xf7, 0x03, 0x04, 0xaa, 0xf8, 0x03, 0x05, 0xaa,
	0xf9, 0x6b, 0x04, 0xa9, 0xf9, 0x03, 0x01, 0x2a,
	0x7a, 0x00, 0x00, 0x12, 0xfb, 0x2b, 0x00, 0xf9,
	0x63, 0x0b, 0x00, 0x36, 0x03, 0x00, 0x00, 0xd0,
	0x63, 0x9c, 0x40, 0xf9, 0x60, 0x00, 0x40, 0xb9,
	0x1f, 0x00, 0x02, 0x6b, 0xeb, 0x09, 0x00, 0x54,
	0x5f, 0x14, 0x00, 0x71, 0x00, 0x00, 0x00, 0xb0,
	0x41, 0x30, 0x9f, 0x1a, 0x00, 0xc8, 0x29, 0x91,
	0x03, 0xc8, 0x61, 0x38, 0xf5, 0x03, 0x02, 0x91,
	0x02, 0x00, 0x00, 0xb0, 0xe0, 0x03, 0x15, 0xaa,
	0x42, 0x20, 0x1c, 0x91, 0x01, 0x20, 0x80, 0xd2,
	0xf0, 0xfc, 0xff, 0x97, 0x60, 0x08, 0xf8, 0x37,
	0x03, 0x00, 0x00, 0xd0, 0x1b, 0x20, 0x80, 0xd2,
	0x14, 0x7c, 0x40, 0x93, 0x61, 0xc3, 0x20, 0xcb,
	0x63, 0xa0, 0x40, 0xf9, 0x02, 0x00, 0x00, 0xb0,
	0xa0, 0xc2, 0x20, 0x8b, 0x42, 0x30, 0x1c, 0x91,
	0xe6, 0xfc, 0xff, 0x97, 0x20, 0x07, 0xf8, 0x37,
	0x94, 0xc2, 0x20, 0x8b, 0x3a, 0x09, 0x00, 0x34,
	0x40, 0x03, 0x80, 0x52, 0x00, 0x24, 0xd3, 0x1a,
	0xc0, 0x08, 0x00, 0x36, 0x7d, 0x00, 0x00, 0x94,
	0xba, 0x02, 0x14, 0x8b, 0x7b, 0x03, 0x14, 0xcb,
	0xe4, 0x03, 0x00, 0x2a, 0x00, 0x07, 0xf8, 0x37,
	0x02, 0x00, 0x00, 0xb0, 0xe1, 0x03, 0x1b, 0xaa,
	0x42, 0x40, 0x1c, 0x91, 0xe0, 0x03, 0x1a, 0xaa,
	0x23, 0x00, 0x80, 0x52, 0xd5, 0xfc, 0xff, 0x97,
	0x00, 0x05, 0xf8, 0x37, 0x93, 0xc2, 0x20, 0x8b,
	0x76, 0x01, 0x00, 0xb4, 0x02, 0x00, 0x00, 0xb0,
	0x01, 0x20, 0x80, 0xd2, 0xe4, 0x03, 0x19, 0x2a,
	0xe3, 0x03, 0x16, 0xaa, 0x42, 0x6c, 0x1c, 0x91,
	0x21, 0x00, 0x13, 0xcb, 0xa0, 0x02, 0x13, 0x8b,
	0xca, 0xfc, 0xff, 0x97, 0xa0, 0x03, 0xf8, 0x37,
	0x73, 0xc2, 0x20, 0x8b, 0xe3, 0x83, 0x01, 0x91,
	0xe1, 0x03, 0x18, 0xaa, 0xe0, 0x03, 0x03, 0xaa,
	0x02, 0x04, 0x80, 0xd2, 0x59, 0xe6, 0xff, 0x97,
	0xe3, 0x03, 0x00, 0xaa, 0x01, 0x20, 0x80, 0xd2,
	0xe2, 0x03, 0x17, 0xaa, 0x21, 0x00, 0x13, 0xcb,
	0xa0, 0x02, 0x13, 0x8b, 0xa7, 0xfc, 0xff, 0x97,
	0x1f, 0x00, 0x00, 0x71, 0x4d, 0x00, 0x00, 0x54,
	0x73, 0xc2, 0x20, 0x8b, 0x7f, 0xfa, 0x03, 0xf1,
	0xc0, 0x1f, 0x80, 0xd2, 0x73, 0x92, 0x80, 0x9a,
	0x40, 0x01, 0x80, 0x52, 0xa0, 0x6a, 0x33, 0x38,
	0x93, 0x00, 0x00, 0xb4, 0xa0, 0x6a, 0x73, 0x38,
	0x1f, 0x28, 0x00, 0x71, 0xc0, 0x03, 0x00, 0x54,
	0xe0, 0x0b, 0x02, 0x91, 0x1f, 0x68, 0x33, 0x38,
	0xe0, 0x03, 0x15, 0xaa, 0x41, 0x00, 0x00, 0x94,
	0xf3, 0x53, 0x41, 0xa9, 0xf5, 0x5b, 0x42, 0xa9,
	0xf7, 0x63, 0x43, 0xa9, 0xf9, 0x6b, 0x44, 0xa9,
	0xfb, 0x2b, 0x40, 0xf9, 0xfd, 0x7b, 0xd8, 0xa8,
	0xc0, 0x03, 0x5f, 0xd6, 0xa3, 0x09, 0x80, 0x52,
	0xaf, 0xff, 0xff, 0x17, 0xe1, 0x03, 0x1b, 0xaa,
	0xe0, 0x03, 0x1a, 0xaa, 0x04, 0x00, 0x00, 0x90,
	0x23, 0x00, 0x80, 0x52, 0x84, 0x0c, 0x2e, 0x91,
	0x02, 0x00, 0x00, 0xb0, 0x42, 0x58, 0x1c, 0x91,
	0x9c, 0xfc, 0xff, 0x97, 0xc7, 0xff, 0xff, 0x17,
	0x9f, 0xfa, 0x03, 0xf1, 0xa8, 0xfd, 0xff, 0x54,
	0x93, 0x06, 0x00, 0x91, 0x00, 0x04, 0x80, 0x52,
	0xa0, 0x6a, 0x34, 0x38, 0xbf, 0x6a, 0x33, 0x38,
	0xcd, 0xff, 0xff, 0x17, 0x73, 0x06, 0x00, 0xd1,
	0xde, 0xff, 0xff, 0x17, 0xfd, 0x7b, 0xb9, 0xa9,
	0xfd, 0x03, 0x00, 0x91, 0xe5, 0x9b, 0x05, 0xa9,
	0xe5, 0xc3, 0x01, 0x91, 0xe5, 0x17, 0x03, 0xa9,
	0xe5, 0x43, 0x01, 0x91, 0xe5, 0x23, 0x00, 0xf9,
	0xe5, 0x02, 0x80, 0x12, 0xe5, 0x4b, 0x00, 0xb9,
	0xe5, 0x43, 0x00, 0x91, 0xff, 0x4f, 0x00, 0xb9,
	0xe7, 0x37, 0x00, 0xf9, 0xe6, 0x1f, 0x43, 0xa9,
	0xe6, 0x1f, 0x01, 0xa9, 0xe6, 0x1f, 0x44, 0xa9,
	0xe6, 0x1f, 0x02, 0xa9, 0x74, 0xff, 0xff, 0x97,
	0xfd, 0x7b, 0xc7, 0xa8, 0xc0, 0x03, 0x5f, 0xd6,
	0x21, 0x1c, 0x00, 0x12, 0x02, 0x00, 0x02, 0x8b,
	0x1f, 0x00, 0x02, 0xeb, 0x61, 0x00, 0x00, 0x54,
	0x00, 0x00, 0x80, 0xd2, 0xc0, 0x03, 0x5f, 0xd6,
	0x03, 0x00, 0x40, 0x39, 0x7f, 0x00, 0x01, 0x6b,
	0xa0, 0xff, 0xff, 0x54, 0x00, 0x04, 0x00, 0x91,
	0xf8, 0xff, 0xff, 0x17, 0xe1, 0x03, 0x00, 0xaa,
	0x22, 0x00, 0x40, 0x39, 0x62, 0x00, 0x00, 0x35,
	0x20, 0x00, 0x00, 0xcb, 0xc0, 0x03, 0x5f, 0xd6,
	0x21, 0x04, 0x00, 0x91, 0xfb, 0xff, 0xff, 0x17,
	0xfd, 0x7b, 0xbe, 0xa9, 0xfd, 0x03, 0x00, 0x91,
	0xf3, 0x0b, 0x00, 0xf9, 0xf3, 0x03, 0x00, 0xaa,
	0xf5, 0xff, 0xff, 0x97, 0xe1, 0x03, 0x00, 0xaa,
	0xe0, 0x03, 0x13, 0xaa, 0xf3, 0x0b, 0x40, 0xf9,
	0xfd, 0x7b, 0xc2, 0xa8, 0x35, 0xe6, 0xff, 0x17,
	0x00, 0x00, 0x80, 0x12, 0xc0, 0x03, 0x5f, 0xd6,
	0x88, 0x00, 0xe3, 0xff, 0xe3, 0xff, 0xe3, 0xff,
	0xe3, 0xff, 0xe3, 0xff, 0xe3, 0xff, 0xe3, 0xff,
	0xe3, 0xff, 0xe3, 0xff, 0xe3, 0xff, 0x0c, 0x01,
	0xe3, 0xff, 0xe3, 0xff, 0xe3, 0xff, 0xe3, 0xff,
	0xe3, 0xff, 0xeb, 0x01, 0xe3, 0xff, 0xe3, 0xff,
	0x23, 0x02, 0xe3, 0xff, 0xe3, 0xff, 0xe3, 0xff,
	0xe3, 0xff, 0xe3, 0xff, 0xe3, 0xff, 0xe3, 0xff,
	0xe3, 0xff, 0xe3, 0xff, 0xe3, 0xff, 0x74, 0x00,
	0x89, 0x00, 0xe3, 0xff, 0xe3, 0xff, 0xe3, 0xff,
	0x64, 0x00, 0x89, 0x00, 0x66, 0x00, 0xe3, 0xff,
	0x68, 0x00, 0xe3, 0xff, 0xd5, 0x00, 0x0d, 0x01,
	0x43, 0x01, 0x6c, 0x00, 0xe3, 0xff, 0xc2, 0x01,
	0x70, 0x00, 0xec, 0x01, 0xe3, 0xff, 0xe3, 0xff,
	0x00, 0x00, 0xe3, 0xff, 0x72, 0x00, 0x00, 0x00,
	0x07, 0xcc, 0xcc, 0x0b, 0xcc, 0xcc, 0xcc, 0xcc,
	0xcc, 0xcc, 0x0d, 0xe2, 0xcc, 0x14, 0x21, 0xcc,
	0x42, 0x44, 0x44, 0x44, 0x44, 0x44, 0x44, 0x44,
	0x44, 0x44, 0x61, 0x72, 0x6d, 0x00, 0x61, 0x61,
	0x72, 0x63, 0x68, 0x36, 0x34, 0x00, 0x6c, 0x64,
	0x65, 0x6c, 0x66, 0x2f, 0x6d, 0x61, 0x69, 0x6e,
	0x2e, 0x63, 0x00, 0x65, 0x6c, 0x66, 0x20, 0x26,
	0x26, 0x20, 0x65, 0x6c, 0x66, 0x2d, 0x3e, 0x69,
	0x73, 0x5f, 0x6d, 0x61, 0x69, 0x6e, 0x00, 0x53,
	0x74, 0x61, 0x74, 0x75, 0x73, 0x20, 0x6f, 0x66,
	0x20, 0x54, 0x41, 0x20, 0x25, 0x70, 0x55, 0x6c,
	0x00, 0x20, 0x61, 0x72, 0x63, 0x68, 0x3a, 0x20,
	0x25, 0x73, 0x00, 0x73, 0x79, 0x73, 0x5f, 0x6d,
	0x61, 0x70, 0x5f, 0x7a, 0x69, 0x28, 0x25, 0x7a,
	0x75, 0x29, 0x3a, 0x20, 0x72, 0x65, 0x73, 0x75,
	0x6c, 0x74, 0x20, 0x25, 0x78, 0x00, 0x3f, 0x00,
	0x3c, 0x00, 0x3e, 0x00, 0x50, 0x61, 0x6e, 0x69,
	0x63, 0x00, 0x50, 0x61, 0x6e, 0x69, 0x63, 0x20,
	0x61, 0x74, 0x20, 0x25, 0x73, 0x3a, 0x25, 0x64,
	0x20, 0x25, 0x73, 0x25, 0x73, 0x25, 0x73, 0x00,
	0x25, 0x73, 0x20, 0x25, 0x70, 0x20, 0x6f, 0x75,
	0x74, 0x20, 0x6f, 0x66, 0x20, 0x72, 0x61, 0x6e,
	0x67, 0x65, 0x00, 0x25, 0x73, 0x20, 0x72, 0x61,
	0x6e, 0x67, 0x65, 0x20, 0x6f, 0x76, 0x65, 0x72,
	0x66, 0x6c, 0x6f, 0x77, 0x00, 0x25, 0x73, 0x20,
	0x25, 0x70, 0x2e, 0x2e, 0x25, 0x23, 0x7a, 0x78,
	0x20, 0x6f, 0x75, 0x74, 0x20, 0x6f, 0x66, 0x20,
	0x72, 0x61, 0x6e, 0x67, 0x65, 0x00, 0x42, 0x61,
	0x64, 0x20, 0x61, 0x6c, 0x69, 0x67, 0x6e, 0x6d,
	0x65, 0x6e, 0x74, 0x20, 0x6f, 0x66, 0x20, 0x44,
	0x54, 0x5f, 0x48, 0x41, 0x53, 0x48, 0x20, 0x25,
	0x70, 0x00, 0x44, 0x54, 0x5f, 0x48, 0x41, 0x53,
	0x48, 0x20, 0x6f, 0x76, 0x65, 0x72, 0x66, 0x6c,
	0x6f, 0x77, 0x00, 0x44, 0x54, 0x5f, 0x48, 0x41,
	0x53, 0x48, 0x00, 0x63, 0x61, 0x6c, 0x6c, 0x6f,
	0x63, 0x00, 0x4d, 0x65, 0x6d, 0x73, 0x7a, 0x20,
	0x73, 0x6d, 0x61, 0x6c, 0x6c, 0x65, 0x72, 0x20,
	0x74, 0x68, 0x61, 0x6e, 0x20, 0x66, 0x69, 0x6c,
	0x65, 0x73, 0x7a, 0x00, 0x73, 0x79, 0x73, 0x5f,
	0x73, 0x65, 0x74, 0x5f, 0x70, 0x72, 0x6f, 0x74,
	0x00, 0x73, 0x79, 0x73, 0x5f, 0x6f, 0x70, 0x65,
	0x6e, 0x5f, 0x74, 0x61, 0x5f, 0x62, 0x69, 0x6e,
	0x28, 0x25, 0x70, 0x55, 0x6c, 0x29, 0x00, 0x73,
	0x79, 0x73, 0x5f, 0x6d, 0x61, 0x70, 0x5f, 0x74,
	0x61, 0x5f, 0x62, 0x69, 0x6e, 0x00, 0x54, 0x41,
	0x20, 0x69, 0x73, 0x20, 0x6e, 0x6f, 0x74, 0x20,
	0x61, 0x6e, 0x20, 0x45, 0x4c, 0x46, 0x00, 0x43,
	0x61, 0x6e, 0x6e, 0x6f, 0x74, 0x20, 0x70, 0x61,
	0x72, 0x73, 0x65, 0x20, 0x45, 0x4c, 0x46, 0x00,
	0x50, 0x72, 0x6f, 0x67, 0x72, 0x61, 0x6d, 0x20,
	0x68, 0x65, 0x61, 0x64, 0x65, 0x72, 0x73, 0x20,
	0x73, 0x69, 0x7a, 0x65, 0x20, 0x6f, 0x76, 0x65,
	0x72, 0x66, 0x6c, 0x6f, 0x77, 0x00, 0x43, 0x61,
	0x6e, 0x6e, 0x6f, 0x74, 0x20, 0x72, 0x65, 0x61,
	0x64, 0x20, 0x70, 0x72, 0x6f, 0x67, 0x72, 0x61,
	0x6d, 0x20, 0x68, 0x65, 0x61, 0x64, 0x65, 0x72,
	0x73, 0x00, 0x73, 0x79, 0x73, 0x5f, 0x63, 0x6c,
	0x6f, 0x73, 0x65, 0x5f, 0x74, 0x61, 0x5f, 0x62,
	0x69, 0x6e, 0x00, 0x50, 0x72, 0x6f, 0x67, 0x72,
	0x61, 0x6d, 0x20, 0x68, 0x65, 0x61, 0x64, 0x65,
	0x72, 0x20, 0x25, 0x23, 0x78, 0x20, 0x6f, 0x76,
	0x65, 0x72, 0x66, 0x6c, 0x6f, 0x77, 0x00, 0x50,
	0x72, 0x6f, 0x67, 0x72, 0x61, 0x6d, 0x20, 0x68,
	0x65, 0x61, 0x64, 0x65, 0x72, 0x20, 0x25, 0x23,
	0x78, 0x20, 0x6f, 0x75, 0x74, 0x20, 0x6f, 0x66,
	0x20, 0x62, 0x6f, 0x75, 0x6e, 0x64, 0x73, 0x00,
	0x6c, 0x64, 0x65, 0x6c, 0x66, 0x2f, 0x74, 0x61,
	0x5f, 0x65, 0x6c, 0x66, 0x2e, 0x63, 0x00, 0x20,
	0x5b, 0x25, 0x64, 0x5d, 0x00, 0x20, 0x28, 0x70,
	0x61, 0x72, 0x61, 0x6d, 0x29, 0x00, 0x20, 0x28,
	0x6c, 0x64, 0x65, 0x6c, 0x66, 0x29, 0x00, 0x20,
	0x28, 0x73, 0x74, 0x61, 0x63, 0x6b, 0x29, 0x00,
	0x72, 0x65, 0x67, 0x69, 0x6f, 0x6e, 0x20, 0x25,
	0x32, 0x7a, 0x75, 0x3a, 0x20, 0x76, 0x61, 0x20,
	0x30, 0x78, 0x25, 0x30, 0x2a, 0x6c, 0x78, 0x20,
	0x70, 0x61, 0x20, 0x30, 0x78, 0x25, 0x30, 0x2a,
	0x6c, 0x78, 0x20, 0x73, 0x69, 0x7a, 0x65, 0x20,
	0x30, 0x78, 0x25, 0x30, 0x36, 0x7a, 0x78, 0x20,
	0x66, 0x6c, 0x61, 0x67, 0x73, 0x20, 0x25, 0x73,
	0x25, 0x73, 0x0a, 0x00, 0x6d, 0x61, 0x6c, 0x6c,
	0x6f, 0x63, 0x00, 0x21, 0x65, 0x6c, 0x66, 0x2d,
	0x3e, 0x69, 0x73, 0x5f, 0x6d, 0x61, 0x69, 0x6e,
	0x00, 0x73, 0x79, 0x73, 0x5f, 0x63, 0x6f, 0x70,
	0x79, 0x5f, 0x66, 0x72, 0x6f, 0x6d, 0x5f, 0x74,
	0x61, 0x5f, 0x62, 0x69, 0x6e, 0x00, 0x21, 0x65,
	0x6c, 0x66, 0x2d, 0x3e, 0x69, 0x73, 0x5f, 0x6c,
	0x65, 0x67, 0x61, 0x63, 0x79, 0x00, 0x65, 0x6c,
	0x66, 0x2d, 0x3e, 0x6c, 0x6f, 0x61, 0x64, 0x5f,
	0x61, 0x64, 0x64, 0x72, 0x00, 0x76, 0x61, 0x20,
	0x3e, 0x3d, 0x20, 0x65, 0x6c, 0x66, 0x2d, 0x3e,
	0x6d, 0x61, 0x78, 0x5f, 0x61, 0x64, 0x64, 0x72,
	0x00, 0x73, 0x79, 0x73, 0x5f, 0x6d, 0x61, 0x70,
	0x5f, 0x7a, 0x69, 0x00, 0x6e, 0x75, 0x6d, 0x5f,
	0x62, 0x79, 0x74, 0x65, 0x73, 0x00, 0x53, 0x65,
	0x67, 0x6d, 0x65, 0x6e, 0x74, 0x20, 0x6d, 0x75,
	0x73, 0x74, 0x20, 0x62, 0x65, 0x20, 0x72, 0x65,
	0x61, 0x64, 0x61, 0x62, 0x6c, 0x65, 0x00, 0x46,
	0x69, 0x6c, 0x65, 0x73, 0x7a, 0x20, 0x61, 0x6e,
	0x64, 0x20, 0x6d, 0x65, 0x6d, 0x73, 0x7a, 0x20,
	0x6d, 0x69, 0x73, 0x6d, 0x61, 0x74, 0x63, 0x68,
	0x00, 0x6c, 0x61, 0x73, 0x74, 0x5f, 0x74, 0x6c,
	0x73, 0x5f, 0x6d, 0x6f, 0x64, 0x5f, 0x69, 0x64,
	0x20, 0x3d, 0x3d, 0x20, 0x31, 0x00, 0x73, 0x65,
	0x67, 0x2d, 0x3e, 0x61, 0x6c, 0x69, 0x67, 0x6e,
	0x20, 0x3e, 0x3d, 0x20, 0x53, 0x4d, 0x41, 0x4c,
	0x4c, 0x5f, 0x50, 0x41, 0x47, 0x45, 0x5f, 0x53,
	0x49, 0x5a, 0x45, 0x00, 0x21, 0x41, 0x44, 0x44,
	0x5f, 0x4f, 0x56, 0x45, 0x52, 0x46, 0x4c, 0x4f,
	0x57, 0x28, 0x73, 0x65, 0x67, 0x2d, 0x3e, 0x76,
	0x61, 0x64, 0x64, 0x72, 0x2c, 0x20, 0x73, 0x65,
	0x67, 0x2d, 0x3e, 0x6d, 0x65, 0x6d, 0x73, 0x7a,
	0x2c, 0x20, 0x26, 0x64, 0x75, 0x6d, 0x6d, 0x79,
	0x29, 0x00, 0x73, 0x65, 0x67, 0x2d, 0x3e, 0x66,
	0x69, 0x6c, 0x65, 0x73, 0x7a, 0x20, 0x3c, 0x3d,
	0x20, 0x73, 0x65, 0x67, 0x2d, 0x3e, 0x6d, 0x65,
	0x6d, 0x73, 0x7a, 0x00, 0x28, 0x73, 0x65, 0x67,
	0x2d, 0x3e, 0x6f, 0x66, 0x66, 0x73, 0x65, 0x74,
	0x20, 0x26, 0x20, 0x53, 0x4d, 0x41, 0x4c, 0x4c,
	0x5f, 0x50, 0x41, 0x47, 0x45, 0x5f, 0x4d, 0x41,
	0x53, 0x4b, 0x29, 0x20, 0x3d, 0x3d, 0x20, 0x28,
	0x73, 0x65, 0x67, 0x2d, 0x3e, 0x76, 0x61, 0x64,
	0x64, 0x72, 0x20, 0x26, 0x20, 0x53, 0x4d, 0x41,
	0x4c, 0x4c, 0x5f, 0x50, 0x41, 0x47, 0x45, 0x5f,
	0x4d, 0x41, 0x53, 0x4b, 0x29, 0x00, 0x73, 0x65,
	0x67, 0x2d, 0x3e, 0x76, 0x61, 0x64, 0x64, 0x72,
	0x20, 0x3e, 0x3d, 0x20, 0x70, 0x72, 0x65, 0x76,
	0x5f, 0x73, 0x65, 0x67, 0x2d, 0x3e, 0x76, 0x61,
	0x64, 0x64, 0x72, 0x20, 0x2b, 0x20, 0x70, 0x72,
	0x65, 0x76, 0x5f, 0x73, 0x65, 0x67, 0x2d, 0x3e,
	0x6d, 0x65, 0x6d, 0x73, 0x7a, 0x00, 0x73, 0x65,
	0x67, 0x2d, 0x3e, 0x6f, 0x66, 0x66, 0x73, 0x65,
	0x74, 0x20, 0x3e, 0x3d, 0x20, 0x70, 0x72, 0x65,
	0x76, 0x5f, 0x73, 0x65, 0x67, 0x2d, 0x3e, 0x6f,
	0x66, 0x66, 0x73, 0x65, 0x74, 0x20, 0x2b, 0x20,
	0x70, 0x72, 0x65, 0x76, 0x5f, 0x73, 0x65, 0x67,
	0x2d, 0x3e, 0x66, 0x69, 0x6c, 0x65, 0x73, 0x7a,
	0x00, 0x61, 0x6c, 0x69, 0x67, 0x6e, 0x20, 0x3d,
	0x3d, 0x20, 0x73, 0x65, 0x67, 0x2d, 0x3e, 0x61,
	0x6c, 0x69, 0x67, 0x6e, 0x00, 0x28, 0x73, 0x65,
	0x67, 0x2d, 0x3e, 0x76, 0x61, 0x64, 0x64, 0x72,
	0x20, 0x26, 0x20, 0x6d, 0x61, 0x73, 0x6b, 0x29,
	0x20, 0x3d, 0x3d, 0x20, 0x28, 0x73, 0x65, 0x67,
	0x2d, 0x3e, 0x6f, 0x66, 0x66, 0x73, 0x65, 0x74,
	0x20, 0x26, 0x20, 0x6d, 0x61, 0x73, 0x6b, 0x29,
	0x00, 0x70, 0x72, 0x65, 0x76, 0x5f, 0x73, 0x65,
	0x67, 0x2d, 0x3e, 0x6d, 0x65, 0x6d, 0x73, 0x7a,
	0x20, 0x3d, 0x3d, 0x20, 0x70, 0x72, 0x65, 0x76,
	0x5f, 0x73, 0x65, 0x67, 0x2d, 0x3e, 0x66, 0x69,
	0x6c, 0x65, 0x73, 0x7a, 0x00, 0x73, 0x65, 0x67,
	0x2d, 0x3e, 0x66, 0x6c, 0x61, 0x67, 0x73, 0x20,
	0x26, 0x20, 0x50, 0x46, 0x5f, 0x57, 0x00, 0x73,
	0x79, 0x73, 0x5f, 0x72, 0x65, 0x6d, 0x61, 0x70,
	0x00, 0x28, 0x65, 0x20, 0x3d, 0x3d, 0x20, 0x4e,
	0x55, 0x4c, 0x4c, 0x20, 0x26, 0x26, 0x20, 0x73,
	0x20, 0x3d, 0x3d, 0x20, 0x4e, 0x55, 0x4c, 0x4c,
	0x29, 0x20, 0x7c, 0x7c, 0x20, 0x28, 0x65, 0x20,
	0x21, 0x3d, 0x20, 0x4e, 0x55, 0x4c, 0x4c, 0x20,
	0x26, 0x26, 0x20, 0x73, 0x20, 0x21, 0x3d, 0x20,
	0x4e, 0x55, 0x4c, 0x4c, 0x29, 0x00, 0x21, 0x28,
	0x6d, 0x65, 0x6d, 0x73, 0x7a, 0x20, 0x25, 0x20,
	0x64, 0x79, 0x6e, 0x5f, 0x65, 0x6e, 0x74, 0x73,
	0x69, 0x7a, 0x65, 0x29, 0x00, 0x42, 0x61, 0x64,
	0x20, 0x61, 0x6c, 0x69, 0x67, 0x6e, 0x6d, 0x65,
	0x6e, 0x74, 0x20, 0x6f, 0x66, 0x20, 0x64, 0x79,
	0x6e, 0x73, 0x79, 0x6d, 0x74, 0x61, 0x62, 0x20,
	0x25, 0x70, 0x00, 0x44, 0x79, 0x6e, 0x73, 0x79,
	0x6d, 0x74, 0x61, 0x62, 0x00, 0x53, 0x69, 0x7a,
	0x65, 0x20, 0x6f, 0x66, 0x20, 0x64, 0x79, 0x6e,
	0x73, 0x79, 0x6d, 0x74, 0x61, 0x62, 0x20, 0x6e,
	0x6f, 0x74, 0x20, 0x61, 0x6e, 0x20, 0x65, 0x76,
	0x65, 0x6e, 0x20, 0x6d, 0x75, 0x6c, 0x74, 0x69,
	0x70, 0x6c, 0x65, 0x20, 0x6f, 0x66, 0x20, 0x45,
	0x6c, 0x66, 0x33, 0x32, 0x5f, 0x53, 0x79, 0x6d,
	0x00, 0x44, 0x79, 0x6e, 0x73, 0x74, 0x72, 0x20,
	0x73, 0x65, 0x63, 0x74, 0x69, 0x6f, 0x6e, 0x20,
	0x69, 0x6e, 0x64, 0x65, 0x78, 0x20, 0x6f, 0x75,
	0x74, 0x20, 0x6f, 0x66, 0x20, 0x72, 0x61, 0x6e,
	0x67, 0x65, 0x00, 0x44, 0x79, 0x6e, 0x73, 0x74,
	0x72, 0x00, 0x42, 0x61, 0x64, 0x20, 0x61, 0x6c,
	0x69, 0x67, 0x6e, 0x6d, 0x65, 0x6e, 0x74, 0x20,
	0x6f, 0x66, 0x20, 0x2e, 0x64, 0x79, 0x6e, 0x73,
	0x79, 0x6d, 0x2f, 0x44, 0x59, 0x4e, 0x53, 0x59,
	0x4d, 0x20, 0x25, 0x70, 0x00, 0x2e, 0x64, 0x79,
	0x6e, 0x73, 0x79, 0x6d, 0x2f, 0x44, 0x59, 0x4e,
	0x53, 0x59, 0x4d, 0x00, 0x53, 0x69, 0x7a, 0x65,
	0x20, 0x6f, 0x66, 0x20, 0x2e, 0x64, 0x79, 0x6e,
	0x73, 0x79, 0x6d, 0x2f, 0x44, 0x59, 0x4e, 0x53,
	0x59, 0x4d, 0x20, 0x6e, 0x6f, 0x74, 0x20, 0x61,
	0x6e, 0x20, 0x65, 0x76, 0x65, 0x6e, 0x20, 0x6d,
	0x75, 0x6c, 0x74, 0x69, 0x70, 0x6c, 0x65, 0x20,
	0x6f, 0x66, 0x20, 0x45, 0x6c, 0x66, 0x36, 0x34,
	0x5f, 0x53, 0x79, 0x6d, 0x00, 0x2e, 0x64, 0x79,
	0x6e, 0x73, 0x74, 0x72, 0x2f, 0x53, 0x54, 0x52,
	0x54, 0x41, 0x42, 0x20, 0x73, 0x65, 0x63, 0x74,
	0x69, 0x6f, 0x6e, 0x20, 0x69, 0x6e, 0x64, 0x65,
	0x78, 0x20, 0x6f, 0x75, 0x74, 0x20, 0x6f, 0x66,
	0x20, 0x72, 0x61, 0x6e, 0x67, 0x65, 0x00, 0x2e,
	0x64, 0x79, 0x6e, 0x73, 0x74, 0x72, 0x2f, 0x53,
	0x54, 0x52, 0x54, 0x41, 0x42, 0x00, 0x42, 0x61,
	0x64, 0x20, 0x61, 0x6c, 0x69, 0x67, 0x6e, 0x6d,
	0x65, 0x6e, 0x74, 0x20, 0x6f, 0x66, 0x20, 0x44,
	0x54, 0x5f, 0x47, 0x4e, 0x55, 0x5f, 0x48, 0x41,
	0x53, 0x48, 0x20, 0x25, 0x70, 0x00, 0x44, 0x54,
	0x5f, 0x47, 0x4e, 0x55, 0x5f, 0x48, 0x41, 0x53,
	0x48, 0x20, 0x74, 0x6f, 0x6f, 0x20, 0x73, 0x6d,
	0x61, 0x6c, 0x6c, 0x00, 0x44, 0x54, 0x5f, 0x47,
	0x4e, 0x55, 0x5f, 0x48, 0x41, 0x53, 0x48, 0x20,
	0x6f, 0x76, 0x65, 0x72, 0x66, 0x6c, 0x6f, 0x77,
	0x00, 0x71, 0x75, 0x65, 0x75, 0x65, 0x5f, 0x65,
	0x6c, 0x66, 0x5f, 0x68, 0x65, 0x6c, 0x70, 0x65,
	0x72, 0x00, 0x4f, 0x66, 0x66, 0x73, 0x65, 0x74,
	0x20, 0x69, 0x6e, 0x74, 0x6f, 0x20, 0x2e, 0x64,
	0x79, 0x6e, 0x73, 0x74, 0x72, 0x2f, 0x53, 0x54,
	0x52, 0x54, 0x41, 0x42, 0x20, 0x6f, 0x75, 0x74,
	0x20, 0x6f, 0x66, 0x20, 0x72, 0x61, 0x6e, 0x67,
	0x65, 0x00, 0x46, 0x61, 0x69, 0x6c, 0x20, 0x74,
	0x6f, 0x20, 0x67, 0x65, 0x74, 0x20, 0x55, 0x55,
	0x49, 0x44, 0x20, 0x66, 0x72, 0x6f, 0x6d, 0x20,
	0x73, 0x74, 0x72, 0x69, 0x6e, 0x67, 0x00, 0x65,
	0x6c, 0x66, 0x00, 0x74, 0x61, 0x5f, 0x68, 0x65,
	0x61, 0x64, 0x00, 0x73, 0x79, 0x73, 0x5f, 0x75,
	0x6e, 0x6d, 0x61, 0x70, 0x00, 0x54, 0x41, 0x20,
	0x25, 0x70, 0x55, 0x6c, 0x20, 0x77, 0x61, 0x73,
	0x20, 0x63, 0x68, 0x61, 0x6e, 0x67, 0x65, 0x64,
	0x20, 0x6f, 0x6e, 0x20, 0x64, 0x69, 0x73, 0x6b,
	0x20, 0x74, 0x6f, 0x20, 0x6e, 0x6f, 0x6e, 0x2d,
	0x6c, 0x65, 0x67, 0x61, 0x63, 0x79, 0x00, 0x73,
	0x79, 0x73, 0x5f, 0x6d, 0x61, 0x70, 0x5f, 0x7a,
	0x69, 0x20, 0x73, 0x74, 0x61, 0x63, 0x6b, 0x00,
	0x49, 0x6e, 0x76, 0x61, 0x6c, 0x69, 0x64, 0x20,
	0x54, 0x41, 0x20, 0x66, 0x6c, 0x61, 0x67, 0x73,
	0x28, 0x73, 0x29, 0x20, 0x25, 0x23, 0x78, 0x00,
	0x33, 0x32, 0x00, 0x45, 0x4c, 0x46, 0x20, 0x25,
	0x70, 0x55, 0x6c, 0x20, 0x69, 0x73, 0x20, 0x25,
	0x73, 0x62, 0x69, 0x74, 0x20, 0x28, 0x65, 0x78,
	0x70, 0x65, 0x63, 0x74, 0x65, 0x64, 0x20, 0x25,
	0x73, 0x62, 0x69, 0x74, 0x29, 0x00, 0x6d, 0x61,
	0x70, 0x73, 0x5b, 0x6d, 0x61, 0x70, 0x5f, 0x69,
	0x64, 0x78, 0x5d, 0x2e, 0x73, 0x7a, 0x20, 0x3d,
	0x3d, 0x20, 0x73, 0x7a, 0x00, 0x20, 0x5b, 0x25,
	0x7a, 0x75, 0x5d, 0x20, 0x25, 0x70, 0x55, 0x6c,
	0x20, 0x40, 0x20, 0x30, 0x78, 0x25, 0x30, 0x2a,
	0x6c, 0x78, 0x0a, 0x00, 0x5f, 0x5f, 0x69, 0x6e,
	0x69, 0x74, 0x5f, 0x66, 0x69, 0x6e, 0x69, 0x5f,
	0x69, 0x6e, 0x66, 0x6f, 0x00, 0x69, 0x6e, 0x66,
	0x6f, 0x5f, 0x76, 0x61, 0x00, 0x63, 0x6e, 0x74,
	0x00, 0x69, 0x64, 0x78, 0x20, 0x3c, 0x20, 0x69,
	0x6e, 0x66, 0x6f, 0x33, 0x32, 0x2d, 0x3e, 0x73,
	0x69, 0x7a, 0x65, 0x00, 0x69, 0x64, 0x78, 0x20,
	0x3c, 0x20, 0x69, 0x6e, 0x66, 0x6f, 0x2d, 0x3e,
	0x73, 0x69, 0x7a, 0x65, 0x00, 0x5f, 0x5f, 0x65,
	0x6c, 0x66, 0x5f, 0x70, 0x68, 0x64, 0x72, 0x5f,
	0x69, 0x6e, 0x66, 0x6f, 0x00, 0x69, 0x64, 0x78,
	0x20, 0x3c, 0x20, 0x69, 0x6e, 0x66, 0x6f, 0x33,
	0x32, 0x2d, 0x3e, 0x63, 0x6f, 0x75, 0x6e, 0x74,
	0x00, 0x69, 0x64, 0x78, 0x20, 0x3c, 0x20, 0x69,
	0x6e, 0x66, 0x6f, 0x2d, 0x3e, 0x63, 0x6f, 0x75,
	0x6e, 0x74, 0x00, 0x74, 0x61, 0x5f, 0x65, 0x6c,
	0x66, 0x5f, 0x73, 0x65, 0x74, 0x5f, 0x69, 0x6e,
	0x69, 0x74, 0x5f, 0x66, 0x69, 0x6e, 0x69, 0x5f,
	0x69, 0x6e, 0x66, 0x6f, 0x5f, 0x63, 0x6f, 0x6d,
	0x70, 0x61, 0x74, 0x00, 0x74, 0x61, 0x5f, 0x65,
	0x6c, 0x66, 0x5f, 0x73, 0x65, 0x74, 0x5f, 0x65,
	0x6c, 0x66, 0x5f, 0x70, 0x68, 0x64, 0x72, 0x5f,
	0x69, 0x6e, 0x66, 0x6f, 0x00, 0x49, 0x6e, 0x64,
	0x65, 0x78, 0x20, 0x6f, 0x75, 0x74, 0x20, 0x6f,
	0x66, 0x20, 0x72, 0x61, 0x6e, 0x67, 0x65, 0x00,
	0x53, 0x79, 0x6d, 0x62, 0x6f, 0x6c, 0x20, 0x6e,
	0x61, 0x6d, 0x65, 0x20, 0x6f, 0x75, 0x74, 0x20,
	0x6f, 0x66, 0x20, 0x72, 0x61, 0x6e, 0x67, 0x65,
	0x00, 0x53, 0x79, 0x6d, 0x62, 0x6f, 0x6c, 0x20,
	0x6c, 0x6f, 0x63, 0x61, 0x74, 0x69, 0x6f, 0x6e,
	0x20, 0x6f, 0x75, 0x74, 0x20, 0x6f, 0x66, 0x20,
	0x72, 0x61, 0x6e, 0x67, 0x65, 0x00, 0x53, 0x79,
	0x6d, 0x62, 0x6f, 0x6c, 0x20, 0x74, 0x79, 0x70,
	0x65, 0x20, 0x6e, 0x6f, 0x74, 0x20, 0x73, 0x75,
	0x70, 0x70, 0x6f, 0x72, 0x74, 0x65, 0x64, 0x00,
	0x53, 0x79, 0x6d, 0x62, 0x6f, 0x6c, 0x20, 0x69,
	0x6e, 0x64, 0x65, 0x78, 0x20, 0x6f, 0x75, 0x74,
	0x20, 0x6f, 0x66, 0x20, 0x72, 0x61, 0x6e, 0x67,
	0x65, 0x00, 0x4e, 0x61, 0x6d, 0x65, 0x20, 0x69,
	0x6e, 0x64, 0x65, 0x78, 0x20, 0x6f, 0x75, 0x74,
	0x20, 0x6f, 0x66, 0x20, 0x72, 0x61, 0x6e, 0x67,
	0x65, 0x00, 0x53, 0x79, 0x6d, 0x62, 0x6f, 0x6c,
	0x20, 0x25, 0x73, 0x20, 0x6e, 0x6f, 0x74, 0x20,
	0x66, 0x6f, 0x75, 0x6e, 0x64, 0x00, 0x6c, 0x64,
	0x65, 0x6c, 0x66, 0x2f, 0x74, 0x61, 0x5f, 0x65,
	0x6c, 0x66, 0x5f, 0x72, 0x65, 0x6c, 0x2e, 0x63,
	0x00, 0x73, 0x68, 0x64, 0x72, 0x5b, 0x72, 0x65,
	0x6c, 0x5f, 0x73, 0x69, 0x64, 0x78, 0x5d, 0x2e,
	0x73, 0x68, 0x5f, 0x74, 0x79, 0x70, 0x65, 0x20,
	0x3d, 0x3d, 0x20, 0x53, 0x48, 0x54, 0x5f, 0x52,
	0x45, 0x4c, 0x00, 0x73, 0x68, 0x64, 0x72, 0x5b,
	0x72, 0x65, 0x6c, 0x5f, 0x73, 0x69, 0x64, 0x78,
	0x5d, 0x2e, 0x73, 0x68, 0x5f, 0x65, 0x6e, 0x74,
	0x73, 0x69, 0x7a, 0x65, 0x20, 0x3d, 0x3d, 0x20,
	0x73, 0x69, 0x7a, 0x65, 0x6f, 0x66, 0x28, 0x45,
	0x6c, 0x66, 0x33, 0x32, 0x5f, 0x52, 0x65, 0x6c,
	0x29, 0x00, 0x53, 0x59, 0x4d, 0x54, 0x41, 0x42,
	0x20, 0x69, 0x6e, 0x64, 0x65, 0x78, 0x20, 0x6f,
	0x75, 0x74, 0x20, 0x6f, 0x66, 0x20, 0x72, 0x61,
	0x6e, 0x67, 0x65, 0x00, 0x73, 0x68, 0x64, 0x72,
	0x5b, 0x73, 0x79, 0x6d, 0x5f, 0x74, 0x61, 0x62,
	0x5f, 0x69, 0x64, 0x78, 0x5d, 0x2e, 0x73, 0x68,
	0x5f, 0x65, 0x6e, 0x74, 0x73, 0x69, 0x7a, 0x65,
	0x20, 0x3d, 0x3d, 0x20, 0x73, 0x69, 0x7a, 0x65,
	0x6f, 0x66, 0x28, 0x45, 0x6c, 0x66, 0x33, 0x32,
	0x5f, 0x53, 0x79, 0x6d, 0x29, 0x00, 0x53, 0x59,
	0x4d, 0x54, 0x41, 0x42, 0x20, 0x6f, 0x75, 0x74,
	0x20, 0x6f, 0x66, 0x20, 0x72, 0x61, 0x6e, 0x67,
	0x65, 0x00, 0x53, 0x54, 0x52, 0x54, 0x41, 0x42,
	0x20, 0x69, 0x6e, 0x64, 0x65, 0x78, 0x20, 0x6f,
	0x75, 0x74, 0x20, 0x6f, 0x66, 0x20, 0x72, 0x61,
	0x6e, 0x67, 0x65, 0x00, 0x2e, 0x72, 0x65, 0x6c,
	0x2e, 0x2a, 0x2f, 0x52, 0x45, 0x4c, 0x20, 0x6f,
	0x75, 0x74, 0x20, 0x6f, 0x66, 0x20, 0x72, 0x61,
	0x6e, 0x67, 0x65, 0x00, 0x52, 0x65, 0x6c, 0x6f,
	0x63, 0x61, 0x74, 0x69, 0x6f, 0x6e, 0x20, 0x6f,
	0x66, 0x66, 0x73, 0x65, 0x74, 0x20, 0x6f, 0x75,
	0x74, 0x20, 0x6f, 0x66, 0x20, 0x72, 0x61, 0x6e,
	0x67, 0x65, 0x00, 0x4d, 0x69, 0x73, 0x73, 0x69,
	0x6e, 0x67, 0x20, 0x73, 0x79, 0x6d, 0x62, 0x6f,
	0x6c, 0x20, 0x74, 0x61, 0x62, 0x6c, 0x65, 0x00,
	0x55, 0x6e, 0x6b, 0x6e, 0x6f, 0x77, 0x6e, 0x20,
	0x72, 0x65, 0x6c, 0x6f, 0x63, 0x61, 0x74, 0x69,
	0x6f, 0x6e, 0x20, 0x74, 0x79, 0x70, 0x65, 0x20,
	0x25, 0x64, 0x00, 0x73, 0x68, 0x64, 0x72, 0x5b,
	0x72, 0x65, 0x6c, 0x5f, 0x73, 0x69, 0x64, 0x78,
	0x5d, 0x2e, 0x73, 0x68, 0x5f, 0x74, 0x79, 0x70,
	0x65, 0x20, 0x3d, 0x3d, 0x20, 0x53, 0x48, 0x54,
	0x5f, 0x52, 0x45, 0x4c, 0x41, 0x00, 0x73, 0x68,
	0x64, 0x72, 0x5b, 0x72, 0x65, 0x6c, 0x5f, 0x73,
	0x69, 0x64, 0x78, 0x5d, 0x2e, 0x73, 0x68, 0x5f,
	0x65, 0x6e, 0x74, 0x73, 0x69, 0x7a, 0x65, 0x20,
	0x3d, 0x3d, 0x20, 0x73, 0x69, 0x7a, 0x65, 0x6f,
	0x66, 0x28, 0x45, 0x6c, 0x66, 0x36, 0x34, 0x5f,
	0x52, 0x65, 0x6c, 0x61, 0x29, 0x00, 0x73, 0x68,
	0x64, 0x72, 0x5b, 0x73, 0x79, 0x6d, 0x5f, 0x74,
	0x61, 0x62, 0x5f, 0x69, 0x64, 0x78, 0x5d, 0x2e,
	0x73, 0x68, 0x5f, 0x65, 0x6e, 0x74, 0x73, 0x69,
	0x7a, 0x65, 0x20, 0x3d, 0x3d, 0x20, 0x73, 0x69,
	0x7a, 0x65, 0x6f, 0x66, 0x28, 0x45, 0x6c, 0x66,
	0x36, 0x34, 0x5f, 0x53, 0x79, 0x6d, 0x29, 0x00,
	0x4f, 0x76, 0x65, 0x72, 0x66, 0x6c, 0x6f, 0x77,
	0x00, 0x55, 0x6e, 0x6b, 0x6e, 0x6f, 0x77, 0x6e,
	0x20, 0x72, 0x65, 0x6c, 0x6f, 0x63, 0x61, 0x74,
	0x69, 0x6f, 0x6e, 0x20, 0x74, 0x79, 0x70, 0x65,
	0x20, 0x25, 0x7a, 0x64, 0x00, 0x43, 0x61, 0x6c,
	0x6c, 0x20, 0x73, 0x74, 0x61, 0x63, 0x6b, 0x3a,
	0x00, 0x20, 0x30, 0x78, 0x25, 0x30, 0x38, 0x78,
	0x00, 0x20, 0x30, 0x78, 0x25, 0x30, 0x2a, 0x6c,
	0x78, 0x00, 0x61, 0x73, 0x73, 0x65, 0x72, 0x74,
	0x69, 0x6f, 0x6e, 0x20, 0x27, 0x25, 0x73, 0x27,
	0x20, 0x66, 0x61, 0x69, 0x6c, 0x65, 0x64, 0x20,
	0x61, 0x74, 0x20, 0x25, 0x73, 0x3a, 0x25, 0x64,
	0x20, 0x69, 0x6e, 0x20, 0x25, 0x73, 0x28, 0x29,
	0x00, 0x6c, 0x69, 0x62, 0x2f, 0x6c, 0x69, 0x62,
	0x75, 0x74, 0x69, 0x6c, 0x73, 0x2f, 0x69, 0x73,
	0x6f, 0x63, 0x2f, 0x62, 0x67, 0x65, 0x74, 0x5f,
	0x6d, 0x61, 0x6c, 0x6c, 0x6f, 0x63, 0x2e, 0x63,
	0x00, 0x6f, 0x73, 0x69, 0x7a, 0x65, 0x20, 0x3e,
	0x20, 0x30, 0x00, 0x6c, 0x69, 0x62, 0x2f, 0x6c,
	0x69, 0x62, 0x75, 0x74, 0x69, 0x6c, 0x73, 0x2f,
	0x69, 0x73, 0x6f, 0x63, 0x2f, 0x62, 0x67, 0x65,
	0x74, 0x2e, 0x63, 0x00, 0x62, 0x5f, 0x6e, 0x65,
	0x78, 0x74, 0x2d, 0x3e, 0x70, 0x72, 0x65, 0x76,
	0x66, 0x72, 0x65, 0x65, 0x20, 0x3d, 0x3d, 0x20,
	0x62, 0x2d, 0x3e, 0x62, 0x68, 0x2e, 0x62, 0x73,
	0x69, 0x7a, 0x65, 0x00, 0x62, 0x2d, 0x3e, 0x71,
	0x6c, 0x2e, 0x62, 0x6c, 0x69, 0x6e, 0x6b, 0x2d,
	0x3e, 0x71, 0x6c, 0x2e, 0x66, 0x6c, 0x69, 0x6e,
	0x6b, 0x20, 0x3d, 0x3d, 0x20, 0x62, 0x00, 0x62,
	0x2d, 0x3e, 0x71, 0x6c, 0x2e, 0x66, 0x6c, 0x69,
	0x6e, 0x6b, 0x2d, 0x3e, 0x71, 0x6c, 0x2e, 0x62,
	0x6c, 0x69, 0x6e, 0x6b, 0x20, 0x3d, 0x3d, 0x20,
	0x62, 0x00, 0x62, 0x5f, 0x61, 0x6c, 0x6c, 0x6f,
	0x63, 0x2d, 0x3e, 0x62, 0x73, 0x69, 0x7a, 0x65,
	0x20, 0x3c, 0x20, 0x30, 0x00, 0x70, 0x6f, 0x6f,
	0x6c, 0x73, 0x65, 0x74, 0x2d, 0x3e, 0x66, 0x72,
	0x65, 0x65, 0x6c, 0x69, 0x73, 0x74, 0x2e, 0x71,
	0x6c, 0x2e, 0x62, 0x6c, 0x69, 0x6e, 0x6b, 0x2d,
	0x3e, 0x71, 0x6c, 0x2e, 0x66, 0x6c, 0x69, 0x6e,
	0x6b, 0x20, 0x3d, 0x3d, 0x20, 0x26, 0x70, 0x6f,
	0x6f, 0x6c, 0x73, 0x65, 0x74, 0x2d, 0x3e, 0x66,
	0x72, 0x65, 0x65, 0x6c, 0x69, 0x73, 0x74, 0x00,
	0x70, 0x6f, 0x6f, 0x6c, 0x73, 0x65, 0x74, 0x2d,
	0x3e, 0x66, 0x72, 0x65, 0x65, 0x6c, 0x69, 0x73,
	0x74, 0x2e, 0x71, 0x6c, 0x2e, 0x66, 0x6c, 0x69,
	0x6e, 0x6b, 0x2d, 0x3e, 0x71, 0x6c, 0x2e, 0x62,
	0x6c, 0x69, 0x6e, 0x6b, 0x20, 0x3d, 0x3d, 0x20,
	0x26, 0x70, 0x6f, 0x6f, 0x6c, 0x73, 0x65, 0x74,
	0x2d, 0x3e, 0x66, 0x72, 0x65, 0x65, 0x6c, 0x69,
	0x73, 0x74, 0x00, 0x42, 0x48, 0x28, 0x28, 0x63,
	0x68, 0x61, 0x72, 0x20, 0x2a, 0x29, 0x62, 0x20,
	0x2b, 0x20, 0x62, 0x2d, 0x3e, 0x62, 0x68, 0x2e,
	0x62, 0x73, 0x69, 0x7a, 0x65, 0x29, 0x20, 0x3d,
	0x3d, 0x20, 0x62, 0x5f, 0x6e, 0x65, 0x78, 0x74,
	0x00, 0x72, 0x73, 0x69, 0x7a, 0x65, 0x20, 0x3e,
	0x3d, 0x20, 0x73, 0x69, 0x7a, 0x65, 0x00, 0x62,
	0x75, 0x66, 0x20, 0x21, 0x3d, 0x20, 0x4e, 0x55,
	0x4c, 0x4c, 0x00, 0x62, 0x2d, 0x3e, 0x62, 0x68,
	0x2e, 0x62, 0x73, 0x69, 0x7a, 0x65, 0x20, 0x3c,
	0x20, 0x30, 0x00, 0x42, 0x48, 0x28, 0x28, 0x63,
	0x68, 0x61, 0x72, 0x20, 0x2a, 0x29, 0x20, 0x62,
	0x20, 0x2d, 0x20, 0x62, 0x2d, 0x3e, 0x62, 0x68,
	0x2e, 0x62, 0x73, 0x69, 0x7a, 0x65, 0x29, 0x2d,
	0x3e, 0x70, 0x72, 0x65, 0x76, 0x66, 0x72, 0x65,
	0x65, 0x20, 0x3d, 0x3d, 0x20, 0x30, 0x00, 0x70,
	0x6f, 0x6f, 0x6c, 0x73, 0x65, 0x74, 0x2d, 0x3e,
	0x74, 0x6f, 0x74, 0x61, 0x6c, 0x6c, 0x6f, 0x63,
	0x20, 0x3e, 0x3d, 0x20, 0x30, 0x00, 0x42, 0x48,
	0x28, 0x28, 0x63, 0x68, 0x61, 0x72, 0x20, 0x2a,
	0x29, 0x20, 0x62, 0x20, 0x2d, 0x20, 0x62, 0x2d,
	0x3e, 0x62, 0x68, 0x2e, 0x70, 0x72, 0x65, 0x76,
	0x66, 0x72, 0x65, 0x65, 0x29, 0x2d, 0x3e, 0x62,
	0x73, 0x69, 0x7a, 0x65, 0x20, 0x3d, 0x3d, 0x20,
	0x62, 0x2d, 0x3e, 0x62, 0x68, 0x2e, 0x70, 0x72,
	0x65, 0x76, 0x66, 0x72, 0x65, 0x65, 0x00, 0x42,
	0x48, 0x28, 0x28, 0x63, 0x68, 0x61, 0x72, 0x20,
	0x2a, 0x29, 0x20, 0x62, 0x6e, 0x20, 0x2b, 0x20,
	0x62, 0x6e, 0x2d, 0x3e, 0x62, 0x68, 0x2e, 0x62,
	0x73, 0x69, 0x7a, 0x65, 0x29, 0x2d, 0x3e, 0x70,
	0x72, 0x65, 0x76, 0x66, 0x72, 0x65, 0x65, 0x20,
	0x3d, 0x3d, 0x20, 0x62, 0x6e, 0x2d, 0x3e, 0x62,
	0x68, 0x2e, 0x62, 0x73, 0x69, 0x7a, 0x65, 0x00,
	0x62, 0x6e, 0x2d, 0x3e, 0x71, 0x6c, 0x2e, 0x62,
	0x6c, 0x69, 0x6e, 0x6b, 0x2d, 0x3e, 0x71, 0x6c,
	0x2e, 0x66, 0x6c, 0x69, 0x6e, 0x6b, 0x20, 0x3d,
	0x3d, 0x20, 0x62, 0x6e, 0x00, 0x62, 0x6e, 0x2d,
	0x3e, 0x71, 0x6c, 0x2e, 0x66, 0x6c, 0x69, 0x6e,
	0x6b, 0x2d, 0x3e, 0x71, 0x6c, 0x2e, 0x62, 0x6c,
	0x69, 0x6e, 0x6b, 0x20, 0x3d, 0x3d, 0x20, 0x62,
	0x6e, 0x00, 0x62, 0x6e, 0x2d, 0x3e, 0x62, 0x68,
	0x2e, 0x62, 0x73, 0x69, 0x7a, 0x65, 0x20, 0x3c,
	0x20, 0x30, 0x00, 0x6c, 0x65, 0x6e, 0x20, 0x2d,
	0x20, 0x73, 0x69, 0x7a, 0x65, 0x6f, 0x66, 0x28,
	0x73, 0x74, 0x72, 0x75, 0x63, 0x74, 0x20, 0x62,
	0x68, 0x65, 0x61, 0x64, 0x29, 0x20, 0x3c, 0x3d,
	0x20, 0x2d, 0x28, 0x28, 0x62, 0x75, 0x66, 0x73,
	0x69, 0x7a, 0x65, 0x29, 0x20, 0x45, 0x53, 0x65,
	0x6e, 0x74, 0x20, 0x2b, 0x20, 0x31, 0x29, 0x00,
	0x28, 0x6e, 0x75, 0x6c, 0x6c, 0x29, 0x00, 0x25,
	0x30, 0x38, 0x78, 0x2d, 0x25, 0x30, 0x34, 0x78,
	0x2d, 0x25, 0x30, 0x34, 0x78, 0x2d, 0x25, 0x30,
	0x32, 0x78, 0x25, 0x30, 0x32, 0x78, 0x2d, 0x25,
	0x30, 0x32, 0x78, 0x25, 0x30, 0x32, 0x78, 0x25,
	0x30, 0x32, 0x78, 0x25, 0x30, 0x32, 0x78, 0x25,
	0x30, 0x32, 0x78, 0x25, 0x30, 0x32, 0x78, 0x00,
	0x25, 0x63, 0x2f, 0x00, 0x25, 0x73, 0x3a, 0x00,
	0x25, 0x30, 0x2a, 0x64, 0x20, 0x00, 0x25, 0x2a,
	0x73, 0x20, 0x00, 0x25, 0x73, 0x3a, 0x25, 0x64,
	0x20, 0x00, 0x64, 0x75, 0x6d, 0x70, 0x5f, 0x74,
	0x61, 0x5f, 0x73, 0x74, 0x61, 0x74, 0x65, 0x00,
	0x6c, 0x64, 0x65, 0x6c, 0x66, 0x00, 0x4c, 0x44,
	0x00, 0x66, 0x69, 0x6c, 0x6c, 0x5f, 0x65, 0x6c,
	0x66, 0x5f, 0x70, 0x68, 0x64, 0x72, 0x5f, 0x69,
	0x6e, 0x66, 0x6f, 0x00, 0x74, 0x61, 0x5f, 0x65,
	0x6c, 0x66, 0x5f, 0x73, 0x65, 0x74, 0x5f, 0x65,
	0x6c, 0x66, 0x5f, 0x70, 0x68, 0x64, 0x72, 0x5f,
	0x69, 0x6e, 0x66, 0x6f, 0x00, 0x67, 0x65, 0x74,
	0x5f, 0x69, 0x6e, 0x69, 0x74, 0x5f, 0x66, 0x69,
	0x6e, 0x69, 0x5f, 0x61, 0x72, 0x72, 0x61, 0x79,
	0x00, 0x66, 0x69, 0x6c, 0x6c, 0x5f, 0x69, 0x66,
	0x73, 0x00, 0x74, 0x61, 0x5f, 0x65, 0x6c, 0x66,
	0x5f, 0x73, 0x65, 0x74, 0x5f, 0x69, 0x6e, 0x69,
	0x74, 0x5f, 0x66, 0x69, 0x6e, 0x69, 0x5f, 0x69,
	0x6e, 0x66, 0x6f, 0x5f, 0x63, 0x6f, 0x6d, 0x70,
	0x61, 0x74, 0x00, 0x67, 0x65, 0x74, 0x5f, 0x6e,
	0x65, 0x78, 0x74, 0x5f, 0x69, 0x6e, 0x5f, 0x6f,
	0x72, 0x64, 0x65, 0x72, 0x00, 0x74, 0x61, 0x5f,
	0x65, 0x6c, 0x66, 0x5f, 0x70, 0x72, 0x69, 0x6e,
	0x74, 0x5f, 0x6d, 0x61, 0x70, 0x70, 0x69, 0x6e,
	0x67, 0x73, 0x00, 0x74, 0x61, 0x5f, 0x65, 0x6c,
	0x66, 0x5f, 0x66, 0x69, 0x6e, 0x61, 0x6c, 0x69,
	0x7a, 0x65, 0x5f, 0x6d, 0x61, 0x70, 0x70, 0x69,
	0x6e, 0x67, 0x73, 0x00, 0x74, 0x61, 0x5f, 0x65,
	0x6c, 0x66, 0x5f, 0x6c, 0x6f, 0x61, 0x64, 0x5f,
	0x64, 0x65, 0x70, 0x65, 0x6e, 0x64, 0x65, 0x6e,
	0x63, 0x79, 0x00, 0x74, 0x61, 0x5f, 0x65, 0x6c,
	0x66, 0x5f, 0x66, 0x69, 0x6e, 0x61, 0x6c, 0x69,
	0x7a, 0x65, 0x5f, 0x6c, 0x6f, 0x61, 0x64, 0x5f,
	0x6d, 0x61, 0x69, 0x6e, 0x00, 0x63, 0x6c, 0x6f,
	0x73, 0x65, 0x5f, 0x68, 0x61, 0x6e, 0x64, 0x6c,
	0x65, 0x00, 0x73, 0x61, 0x76, 0x65, 0x5f, 0x73,
	0x6f, 0x6e, 0x61, 0x6d, 0x65, 0x5f, 0x66, 0x72,
	0x6f, 0x6d, 0x5f, 0x73, 0x65, 0x67, 0x6d, 0x65,
	0x6e, 0x74, 0x00, 0x63, 0x68, 0x65, 0x63, 0x6b,
	0x5f, 0x67, 0x6e, 0x75, 0x5f, 0x68, 0x61, 0x73,
	0x68, 0x74, 0x61, 0x62, 0x00, 0x63, 0x68, 0x65,
	0x63, 0x6b, 0x5f, 0x68, 0x61, 0x73, 0x68, 0x74,
	0x61, 0x62, 0x00, 0x65, 0x36, 0x34, 0x5f, 0x73,
	0x61, 0x76, 0x65, 0x5f, 0x73, 0x79, 0x6d, 0x74,
	0x61, 0x62, 0x00, 0x65, 0x33, 0x32, 0x5f, 0x73,
	0x61, 0x76, 0x65, 0x5f, 0x73, 0x79, 0x6d, 0x74,
	0x61, 0x62, 0x00, 0x63, 0x6f, 0x70, 0x79, 0x5f,
	0x73, 0x65, 0x63, 0x74, 0x69, 0x6f, 0x6e, 0x5f,
	0x68, 0x65, 0x61, 0x64, 0x65, 0x72, 0x73, 0x00,
	0x63, 0x68, 0x65, 0x63, 0x6b, 0x5f, 0x72, 0x61,
	0x6e, 0x67, 0x65, 0x00, 0x63, 0x68, 0x65, 0x63,
	0x6b, 0x5f, 0x70, 0x68, 0x64, 0x72, 0x5f, 0x69,
	0x6e, 0x5f, 0x72, 0x61, 0x6e, 0x67, 0x65, 0x00,
	0x61, 0x64, 0x64, 0x5f, 0x64, 0x65, 0x70, 0x73,
	0x5f, 0x66, 0x72, 0x6f, 0x6d, 0x5f, 0x73, 0x65,
	0x67, 0x6d, 0x65, 0x6e, 0x74, 0x00, 0x70, 0x6f,
	0x70, 0x75, 0x6c, 0x61, 0x74, 0x65, 0x5f, 0x73,
	0x65, 0x67, 0x6d, 0x65, 0x6e, 0x74, 0x73, 0x5f,
	0x6c, 0x65, 0x67, 0x61, 0x63, 0x79, 0x00, 0x61,
	0x64, 0x6a, 0x75, 0x73, 0x74, 0x5f, 0x73, 0x65,
	0x67, 0x6d, 0x65, 0x6e, 0x74, 0x73, 0x00, 0x61,
	0x64, 0x64, 0x5f, 0x73, 0x65, 0x67, 0x6d, 0x65,
	0x6e, 0x74, 0x00, 0x61, 0x73, 0x73, 0x69, 0x67,
	0x6e, 0x5f, 0x74, 0x6c, 0x73, 0x5f, 0x6d, 0x6f,
	0x64, 0x5f, 0x69, 0x64, 0x00, 0x6d, 0x61, 0x70,
	0x5f, 0x73, 0x65, 0x67, 0x6d, 0x65, 0x6e, 0x74,
	0x73, 0x00, 0x69, 0x6e, 0x69, 0x74, 0x5f, 0x65,
	0x6c, 0x66, 0x00, 0x63, 0x6c, 0x65, 0x61, 0x6e,
	0x5f, 0x65, 0x6c, 0x66, 0x5f, 0x6c, 0x6f, 0x61,
	0x64, 0x5f, 0x6d, 0x61, 0x69, 0x6e, 0x00, 0x74,
	0x61, 0x5f, 0x65, 0x6c, 0x66, 0x5f, 0x61, 0x64,
	0x64, 0x5f, 0x62, 0x74, 0x69, 0x00, 0x63, 0x6f,
	0x70, 0x79, 0x5f, 0x72, 0x65, 0x6d, 0x61, 0x70,
	0x70, 0x65, 0x64, 0x5f, 0x74, 0x6f, 0x00, 0x70,
	0x6f, 0x70, 0x75, 0x6c, 0x61, 0x74, 0x65, 0x5f,
	0x73, 0x65, 0x67, 0x6d, 0x65, 0x6e, 0x74, 0x73,
	0x00, 0x6c, 0x6f, 0x61, 0x64, 0x5f, 0x6d, 0x61,
	0x69, 0x6e, 0x00, 0x71, 0x75, 0x65, 0x75, 0x65,
	0x5f, 0x65, 0x6c, 0x66, 0x00, 0x74, 0x61, 0x5f,
	0x65, 0x6c, 0x66, 0x5f, 0x6c, 0x6f, 0x61, 0x64,
	0x5f, 0x6d, 0x61, 0x69, 0x6e, 0x00, 0x65, 0x36,
	0x34, 0x5f, 0x67, 0x65, 0x74, 0x5f, 0x73, 0x79,
	0x6d, 0x5f, 0x6e, 0x61, 0x6d, 0x65, 0x00, 0x65,
	0x36, 0x34, 0x5f, 0x72, 0x65, 0x6c, 0x6f, 0x63,
	0x61, 0x74, 0x65, 0x00, 0x65, 0x33, 0x32, 0x5f,
	0x74, 0x6c, 0x73, 0x5f, 0x67, 0x65, 0x74, 0x5f,
	0x6d, 0x6f, 0x64, 0x75, 0x6c, 0x65, 0x00, 0x72,
	0x65, 0x73, 0x6f, 0x6c, 0x76, 0x65, 0x5f, 0x73,
	0x79, 0x6d, 0x00, 0x65, 0x33, 0x32, 0x5f, 0x67,
	0x65, 0x74, 0x5f, 0x73, 0x79, 0x6d, 0x5f, 0x6e,
	0x61, 0x6d, 0x65, 0x00, 0x65, 0x33, 0x32, 0x5f,
	0x72, 0x65, 0x6c, 0x6f, 0x63, 0x61, 0x74, 0x65,
	0x00, 0x73, 0x79, 0x6d, 0x5f, 0x63, 0x6f, 0x6d,
	0x70, 0x61, 0x72, 0x65, 0x00, 0x63, 0x68, 0x65,
	0x63, 0x6b, 0x5f, 0x66, 0x6f, 0x75, 0x6e, 0x64,
	0x5f, 0x73, 0x79, 0x6d, 0x00, 0x72, 0x65, 0x73,
	0x6f, 0x6c, 0x76, 0x65, 0x5f, 0x73, 0x79, 0x6d,
	0x5f, 0x68, 0x65, 0x6c, 0x70, 0x65, 0x72, 0x00,
	0x72, 0x61, 0x77, 0x5f, 0x6d, 0x61, 0x6c, 0x6c,
	0x6f, 0x63, 0x5f, 0x61, 0x64, 0x64, 0x5f, 0x70,
	0x6f, 0x6f, 0x6c, 0x00, 0x62, 0x67, 0x65, 0x74,
	0x5f, 0x62, 0x75, 0x66, 0x5f, 0x73, 0x69, 0x7a,
	0x65, 0x00, 0x62, 0x70, 0x6f, 0x6f, 0x6c, 0x00,
	0x62, 0x72, 0x65, 0x6c, 0x00, 0x62, 0x67, 0x65,
	0x74, 0x7a, 0x00, 0x62, 0x67, 0x65, 0x74, 0x00,
	0x30, 0x31, 0x32, 0x33, 0x34, 0x35, 0x36, 0x37,
	0x38, 0x39, 0x41, 0x42, 0x43, 0x44, 0x45, 0x46,
	0x00, 0x30, 0x31, 0x32, 0x33, 0x34, 0x35, 0x36,
	0x37, 0x38, 0x39, 0x61, 0x62, 0x63, 0x64, 0x65,
	0x66, 0x00, 0x55, 0x45, 0x49, 0x44, 0x46, 0x00,
	0x01, 0x00, 0x00, 0x00, 0x01, 0x00, 0x00, 0x00,
	0x01, 0x00, 0x00, 0x00, 0x00, 0x00, 0x00, 0x00,
	0x00, 0x00, 0x00, 0x00, 0x00, 0x00, 0x00, 0x00,
	0x00, 0x00, 0x00, 0x00, 0x00, 0x00, 0x00, 0x00,
	0x00, 0x00, 0x00, 0x00, 0x00, 0x00, 0x00, 0x00,
	0x00, 0x00, 0x00, 0x00, 0x00, 0x00, 0x00, 0x00,
	0x00, 0x00, 0x00, 0x00, 0x00, 0x00, 0x00, 0x00,
	0x00, 0x00, 0x00, 0x00, 0x03, 0x00, 0x01, 0x00,
	0x00, 0x00, 0x00, 0x00, 0x00, 0x00, 0x00, 0x00,
	0x00, 0x00, 0x00, 0x00, 0x00, 0x00, 0x00, 0x00,
	0x00, 0x00, 0x00, 0x00, 0x03, 0x00, 0x0a, 0x00,
	0x50, 0x81, 0x00, 0x00, 0x00, 0x00, 0x00, 0x00,
	0x00, 0x00, 0x00, 0x00, 0x00, 0x00, 0x00, 0x00,
	0x00, 0x00, 0x00, 0x00, 0x00, 0x00, 0x00, 0x00,
	0x01, 0x00, 0x00, 0x00, 0x03, 0x00, 0x00, 0x00,
	0x00, 0x00, 0x00, 0x00, 0x00, 0x00, 0x00, 0x00,
	0x00, 0x00, 0x00, 0x00, 0x00, 0x00, 0x00, 0x00,
	0x30, 0x81, 0x00, 0x00, 0x00, 0x00, 0x00, 0x00,
	0x03, 0x04, 0x00, 0x00, 0x00, 0x00, 0x00, 0x00,
	0x60, 0x81, 0x00, 0x00, 0x00, 0x00, 0x00, 0x00,
	0x48, 0x81, 0x00, 0x00, 0x00, 0x00, 0x00, 0x00,
	0x03, 0x04, 0x00, 0x00, 0x00, 0x00, 0x00, 0x00,
	0xe4, 0x01, 0x00, 0x00, 0x00, 0x00, 0x00, 0x00,
	0x38, 0x81, 0x00, 0x00, 0x00, 0x00, 0x00, 0x00,
	0x03, 0x04, 0x00, 0x00, 0x00, 0x00, 0x00, 0x00,
	0xf0, 0x81, 0x00, 0x00, 0x00, 0x00, 0x00, 0x00,
	0x40, 0x81, 0x00, 0x00, 0x00, 0x00, 0x00, 0x00,
	0x03, 0x04, 0x00, 0x00, 0x00, 0x00, 0x00, 0x00,
	0x36, 0x77, 0x00, 0x00, 0x00, 0x00, 0x00, 0x00,
	0x68, 0x81, 0x00, 0x00, 0x00, 0x00, 0x00, 0x00,
	0x03, 0x04, 0x00, 0x00, 0x00, 0x00, 0x00, 0x00,
	0x60, 0x81, 0x00, 0x00, 0x00, 0x00, 0x00, 0x00,
	0x80, 0x81, 0x00, 0x00, 0x00, 0x00, 0x00, 0x00,
	0x03, 0x04, 0x00, 0x00, 0x00, 0x00, 0x00, 0x00,
	0x70, 0x81, 0x00, 0x00, 0x00, 0x00, 0x00, 0x00,
	0x88, 0x81, 0x00, 0x00, 0x00, 0x00, 0x00, 0x00,
	0x03, 0x04, 0x00, 0x00, 0x00, 0x00, 0x00, 0x00,
	0x70, 0x81, 0x00, 0x00, 0x00, 0x00, 0x00, 0x00,
	0x04, 0x00, 0x00, 0x00, 0x00, 0x00, 0x00, 0x00,
	0xe8, 0x7a, 0x00, 0x00, 0x00, 0x00, 0x00, 0x00,
	0xf5, 0xfe, 0xff, 0x6f, 0x00, 0x00, 0x00, 0x00,
	0x78, 0x7a, 0x00, 0x00, 0x00, 0x00, 0x00, 0x00,
	0x05, 0x00, 0x00, 0x00, 0x00, 0x00, 0x00, 0x00,
	0xe0, 0x7a, 0x00, 0x00, 0x00, 0x00, 0x00, 0x00,
	0x06, 0x00, 0x00, 0x00, 0x00, 0x00, 0x00, 0x00,
	0x98, 0x7a, 0x00, 0x00, 0x00, 0x00, 0x00, 0x00,
	0x0a, 0x00, 0x00, 0x00, 0x00, 0x00, 0x00, 0x00,
	0x01, 0x00, 0x00, 0x00, 0x00, 0x00, 0x00, 0x00,
	0x0b, 0x00, 0x00, 0x00, 0x00, 0x00, 0x00, 0x00,
	0x18, 0x00, 0x00, 0x00, 0x00, 0x00, 0x00, 0x00,
	0x15, 0x00, 0x00, 0x00, 0x00, 0x00, 0x00, 0x00,
	0x00, 0x00, 0x00, 0x00, 0x00, 0x00, 0x00, 0x00,
	0x07, 0x00, 0x00, 0x00, 0x00, 0x00, 0x00, 0x00,
	0x00, 0x7b, 0x00, 0x00, 0x00, 0x00, 0x00, 0x00,
	0x08, 0x00, 0x00, 0x00, 0x00, 0x00, 0x00, 0x00,
	0xa8, 0x00, 0x00, 0x00, 0x00, 0x00, 0x00, 0x00,
	0x09, 0x00, 0x00, 0x00, 0x00, 0x00, 0x00, 0x00,
	0x18, 0x00, 0x00, 0x00, 0x00, 0x00, 0x00, 0x00,
	0xfb, 0xff, 0xff, 0x6f, 0x00, 0x00, 0x00, 0x00,
	0x00, 0x00, 0x00, 0x08, 0x00, 0x00, 0x00, 0x00,
	0xf9, 0xff, 0xff, 0x6f, 0x00, 0x00, 0x00, 0x00,
	0x03, 0x00, 0x00, 0x00, 0x00, 0x00, 0x00, 0x00,
	0x00, 0x00, 0x00, 0x00, 0x00, 0x00, 0x00, 0x00,
	0x00, 0x00, 0x00, 0x00, 0x00, 0x00, 0x00, 0x00,
	0x00, 0x00, 0x00, 0x00, 0x00, 0x00, 0x00, 0x00,
	0x00, 0x00, 0x00, 0x00, 0x00, 0x00, 0x00, 0x00,
	0x00, 0x00, 0x00, 0x00, 0x00, 0x00, 0x00, 0x00,
	0x00, 0x00, 0x00, 0x00, 0x00, 0x00, 0x00, 0x00,
	0x00, 0x00, 0x00, 0x00, 0x00, 0x00, 0x00, 0x00,
	0x00, 0x00, 0x00, 0x00, 0x00, 0x00, 0x00, 0x00,
	0x00, 0x00, 0x00, 0x00, 0x00, 0x00, 0x00, 0x00,
	0x00, 0x00, 0x00, 0x00, 0x00, 0x00, 0x00, 0x00,
	0x00, 0x00, 0x00, 0x00, 0x00, 0x00, 0x00, 0x00,
	0x00, 0x00, 0x00, 0x00, 0x00, 0x00, 0x00, 0x00,
	0x00, 0x00, 0x00, 0x00, 0x00, 0x00, 0x00, 0x00,
	0x00, 0x80, 0x00, 0x00, 0x00, 0x00, 0x00, 0x00,
	0x60, 0x81, 0x00, 0x00, 0x00, 0x00, 0x00, 0x00,
	0xf0, 0x81, 0x00, 0x00, 0x00, 0x00, 0x00, 0x00,
	0x36, 0x77, 0x00, 0x00, 0x00, 0x00, 0x00, 0x00,
	0xe4, 0x01, 0x00, 0x00, 0x00, 0x00, 0x00, 0x00,
	0x01, 0x00, 0x00, 0x00, 0x00, 0x00, 0x00, 0x00,
	0x10, 0x00, 0x00, 0x00, 0x00, 0x00, 0x00, 0x00,
	0x00, 0x00, 0x00, 0x00, 0x00, 0x00, 0x00, 0x00,
	0x60, 0x81, 0x00, 0x00, 0x00, 0x00, 0x00, 0x00,
	0x00, 0x00, 0x00, 0x00, 0x00, 0x00, 0x00, 0x00,
	0x00, 0x00, 0x00, 0x00, 0x00, 0x00, 0x00, 0x00,
	0x70, 0x81, 0x00, 0x00, 0x00, 0x00, 0x00, 0x00,
	0x70, 0x81, 0x00, 0x00, 0x00, 0x00, 0x00, 0x00,
	0x00, 0x00, 0x00, 0x00, 0x00, 0x00, 0x00, 0x00,
	0x00, 0x00, 0x00, 0x00, 0x00, 0x00, 0x00, 0x00,
	0x00, 0x00, 0x00, 0x00, 0x00, 0x00, 0x00, 0x00,
	0x00, 0x00, 0x00, 0x00, 0x00, 0x00, 0x00, 0x00,
	0x00, 0x00, 0x00, 0x00, 0x00, 0x00, 0x00, 0x00,
	0x00, 0x00, 0x00, 0x00, 0x00, 0x00, 0x00, 0x00,
	0x00, 0x00, 0x00, 0x00, 0x00, 0x00, 0x00, 0x00,
	0x00, 0x00, 0x00, 0x00, 0x00, 0x00, 0x00, 0x00,
	0x00, 0x00, 0x00, 0x00, 0x00, 0x00, 0x00, 0x00,
	0x00, 0x00, 0x00, 0x00, 0x00, 0x00, 0x00, 0x00,
	0x00, 0x00, 0x00, 0x00, 0x00, 0x00, 0x00, 0x00,
	0x00, 0x00, 0x00, 0x00, 0x00, 0x00, 0x00, 0x00,
	0x01, 0x00, 0x00, 0x00,
};
const unsigned int ldelf_code_size = 31656;
const unsigned int ldelf_data_size = 500;
const unsigned long ldelf_entry = 0;
