S.No,"PID-1,procnto-smp-instr","PID-16386,bmetrics_service","PID-12291,slogger2","PID-774148,surfaceflinger","PID-32773,smmu_service","PID-20486,devc-quipv3","PID-20487,secpolgenerate","PID-28681,qcpe_qhee","PID-28682,watchdog","PID-28683,memorydump","PID-28684,syscache_service","PID-28685,pil_service","PID-40974,spi_service","PID-733199,dlt-qnx-system","PID-32784,qcpe_service","PID-32785,qcgpio","PID-32786,qcore","PID-36883,on","PID-36884,devc-pty","PID-36885,ksh","PID-40982,i2c_service","PID-40983,slm","PID-40984,diag_service","PID-40985,pipe","PID-40986,fastrpc","PID-40987,io-pkt-v6-hc","PID-40988,hab","PID-40989,wfd_server","PID-40990,openwfd_telltale","PID-40991,wfd_be","PID-40992,screen","PID-40993,ssplash","PID-40994,kgsl","PID-40995,gsl_hab_server","PID-778276,systemui","PID-40997,mq","PID-40998,audio_service","PID-778279,settings","PID-41000,videoCore","PID-778281,kitchensink","PID-41002,hyp_video_be","PID-41003,devb-ufs-qualcomm","PID-778284,hvac","PID-41005,slm","PID-53294,vmf","PID-430127,io-audio","PID-53296,res_mon","PID-167985,qseecom_daemon","PID-61490,random","PID-127027,qseecom_service","PID-200756,km_be","PID-225333,qvb_service","PID-254006,vmm_service","PID-323639,pps","PID-254008,diag_lsm_serversocket","PID-274489,vmm_lifecycle","PID-282682,qvm","PID-626747,dumper","PID-352316,ssr_service","PID-380989,cdsp_service","PID-401470,prng_service","PID-380991,life_cycle_man_demo","PID-401472,fde_be","PID-778305,carlauncher","PID-438338,npu_service","PID-467011,dlt-daemon","PID-512068,qconn","PID-782405,mapsplaceholder","PID-507974,inetd","PID-491591,syslogd","PID-680008,on","PID-524361,io_service","PID-581706,vm_ssr_be","PID-581708,dcvs_service","PID-688205,tool_policy_manager","PID-794632,slog2info"
0,773.1,0.0,0.2,0.0,0.16,0.58,0.02,0.0,0.0,0.0,0.0,0.0,0.0,1.11,0.01,0.0,0.22,0.0,0.0,0.0,0.0,0.0,0.05,0.0,0.0,0.37,0.02,0.13,0.01,0.0,0.01,0.0,0.47,0.0,0.0,0.0,0.01,0.0,0.0,0.0,0.0,0.79,0.0,0.0,0.01,0.0,0.33,0.0,0.0,0.01,0.0,0.0,0.0,0.0,0.0,0.0,23.42,0.0,0.0,0.0,0.0,0.0,0.0,0.0,0.0,0.34,0.0,0.0,0.0,0.0,0.0,0.02,0.0,0.02,0.0,0.16
1,771.46,0.0,0.19,0.0,0.17,0.6,0.03,0.0,0.0,0.51,0.0,0.0,0.0,1.04,0.01,0.0,0.15,0.0,0.0,0.0,0.0,0.0,0.06,0.0,0.0,0.33,0.02,0.08,0.01,0.0,0.01,0.0,0.5,0.0,0.0,0.0,0.02,0.0,0.01,0.0,0.0,0.76,0.0,0.0,0.01,0.0,0.36,0.0,0.0,0.01,0.0,0.0,0.0,0.0,0.0,0.0,20.52,0.0,0.0,0.0,0.0,0.0,0.0,0.0,0.0,0.32,0.0,0.0,0.0,0.0,0.0,0.01,0.0,0.03,0.0,0.2
2,773.96,0.0,0.19,0.0,0.16,0.59,0.05,0.0,0.0,0.63,0.0,0.0,0.0,1.08,0.01,0.0,0.18,0.0,0.0,0.0,0.0,0.0,0.06,0.0,0.0,0.38,0.02,0.06,0.01,0.0,0.01,0.0,0.46,0.0,0.0,0.0,0.01,0.0,0.0,0.0,0.0,0.84,0.0,0.0,0.01,0.0,0.32,0.0,0.0,0.01,0.0,0.0,0.0,0.0,0.0,0.0,26.3,0.0,0.0,0.0,0.0,0.0,0.0,0.0,0.0,0.34,0.0,0.0,0.0,0.0,0.0,0.02,0.0,0.03,0.0,0.18
3,768.28,0.0,0.21,0.0,0.13,0.51,0.03,0.0,0.0,0.63,0.0,0.0,0.0,1.04,0.01,0.0,0.15,0.0,0.0,0.0,0.0,0.0,0.05,0.0,0.0,0.33,0.02,0.07,0.01,0.0,0.01,0.0,0.43,0.0,0.0,0.0,0.02,0.0,0.0,0.0,0.0,0.7,0.0,0.0,0.01,0.0,0.33,0.0,0.0,0.01,0.0,0.0,0.0,0.0,0.0,0.0,21.46,0.0,0.0,0.0,0.0,0.0,0.0,0.0,0.0,0.3,0.0,0.0,0.0,0.0,0.0,0.02,0.0,0.03,0.0,0.19
4,772.34,0.0,0.23,0.0,0.15,0.34,0.01,0.0,0.0,0.05,0.0,0.0,0.0,1.0,0.01,0.0,0.19,0.0,0.0,0.0,0.0,0.0,0.05,0.0,0.0,0.3,0.02,0.13,0.01,0.0,0.01,0.0,0.28,0.0,0.0,0.0,0.01,0.0,0.0,0.0,0.0,0.6,0.0,0.0,0.01,0.0,0.28,0.0,0.0,0.01,0.0,0.0,0.0,0.0,0.0,0.0,25.72,0.0,0.0,0.0,0.0,0.0,0.0,0.0,0.0,0.44,0.0,0.0,0.0,0.0,0.0,0.02,0.0,0.03,0.0,0.17
5,772.61,0.0,0.2,0.0,0.18,0.43,0.02,0.0,0.0,0.34,0.0,0.0,0.0,1.05,0.01,0.0,0.17,0.0,0.0,0.0,0.0,0.0,0.06,0.0,0.0,0.33,0.01,0.07,0.01,0.0,0.01,0.0,0.53,0.0,0.0,0.0,0.02,0.0,0.01,0.0,0.0,0.71,0.0,0.0,0.01,0.0,0.36,0.0,0.01,0.01,0.0,0.0,0.0,0.0,0.0,0.0,19.0,0.0,0.0,0.0,0.0,0.0,0.0,0.0,0.0,0.3,0.0,0.0,0.0,0.0,0.0,0.02,0.0,0.02,0.0,0.21
6,767.27,0.0,0.24,0.0,0.15,0.37,0.03,0.0,0.0,0.41,0.0,0.0,0.0,1.01,0.01,0.0,0.18,0.0,0.0,0.0,0.0,0.0,0.06,0.0,0.0,0.31,0.02,0.06,0.01,0.0,0.01,0.0,0.46,0.0,0.0,0.0,0.01,0.0,0.0,0.0,0.0,0.66,0.0,0.0,0.01,0.0,0.31,0.0,0.0,0.01,0.0,0.0,0.0,0.0,0.0,0.0,29.39,0.0,0.0,0.0,0.0,0.0,0.0,0.0,0.0,0.26,0.0,0.0,0.0,0.0,0.0,0.02,0.0,0.02,0.0,0.21
7,773.15,0.0,0.2,0.0,0.17,0.41,0.03,0.0,0.0,0.46,0.0,0.0,0.0,0.98,0.01,0.0,0.14,0.0,0.0,0.0,0.0,0.0,0.06,0.0,0.0,0.28,0.02,0.07,0.01,0.0,0.01,0.0,0.47,0.0,0.0,0.0,0.02,0.0,0.0,0.0,0.0,0.65,0.0,0.0,0.01,0.0,0.32,0.0,0.0,0.01,0.0,0.0,0.0,0.0,0.0,0.0,19.34,0.0,0.0,0.0,0.0,0.0,0.0,0.0,0.0,0.3,0.0,0.0,0.0,0.0,0.0,0.02,0.0,0.03,0.0,0.15
8,773.05,0.0,0.24,0.0,0.17,0.4,0.01,0.0,0.0,0.2,0.0,0.0,0.0,1.06,0.01,0.0,0.2,0.0,0.0,0.0,0.0,0.0,0.05,0.0,0.0,0.33,0.02,0.11,0.01,0.0,0.01,0.0,0.31,0.0,0.0,0.0,0.01,0.0,0.0,0.0,0.0,0.73,0.0,0.0,0.01,0.0,0.33,0.0,0.0,0.01,0.0,0.0,0.0,0.0,0.0,0.0,25.91,0.0,0.0,0.0,0.0,0.0,0.0,0.0,0.0,0.26,0.0,0.0,0.0,0.0,0.0,0.02,0.0,0.02,0.0,0.24
9,774.3,0.0,0.18,0.0,0.16,0.4,0.02,0.0,0.0,0.04,0.0,0.0,0.0,0.83,0.01,0.0,0.16,0.0,0.0,0.0,0.0,0.0,0.06,0.0,0.0,0.27,0.02,0.07,0.01,0.0,0.01,0.0,0.48,0.0,0.0,0.0,0.02,0.0,0.01,0.0,0.0,0.66,0.0,0.0,0.01,0.0,0.32,0.0,0.01,0.01,0.0,0.0,0.0,0.0,0.0,0.0,18.33,0.0,0.0,0.0,0.0,0.0,0.0,0.0,0.0,0.31,0.0,0.0,0.0,0.0,0.0,0.02,0.0,0.03,0.0,0.13
10,772.82,0.0,0.25,0.0,0.17,0.43,0.02,0.0,0.0,0.34,0.0,0.0,0.0,1.07,0.01,0.0,0.18,0.0,0.0,0.0,0.0,0.0,0.06,0.0,0.0,0.36,0.02,0.07,0.01,0.0,0.01,0.0,0.48,0.0,0.0,0.0,0.01,0.0,0.01,0.0,0.0,0.75,0.0,0.0,0.01,0.0,0.36,0.0,0.0,0.01,0.0,0.0,0.0,0.0,0.0,0.0,28.47,0.0,0.0,0.0,0.0,0.0,0.0,0.0,0.0,0.32,0.0,0.0,0.0,0.0,0.0,0.03,0.0,0.02,0.0,0.22
11,746.14,0.0,0.23,0.0,0.18,0.46,0.02,0.0,0.0,0.39,0.0,0.0,0.0,1.15,0.01,0.0,0.17,0.0,0.0,0.0,0.0,0.0,0.06,0.0,0.0,0.32,0.01,0.06,0.01,0.0,0.01,0.0,0.53,0.0,0.0,0.0,0.02,0.0,0.01,0.0,0.0,0.68,0.0,0.0,0.01,0.0,0.36,0.0,0.0,0.01,0.0,0.0,0.0,0.0,0.0,0.0,41.01,0.0,0.0,0.0,0.0,0.0,0.0,0.0,0.0,0.29,0.0,0.0,0.0,0.0,0.0,0.01,0.0,0.02,0.0,0.23
12,778.15,0.0,0.25,0.0,0.17,0.4,0.01,0.0,0.0,0.0,0.0,0.0,0.0,1.13,0.01,0.0,0.17,0.0,0.0,0.0,0.0,0.0,0.06,0.0,0.0,0.36,0.05,0.21,0.01,0.03,0.01,0.0,0.39,0.0,0.0,0.0,0.01,0.0,0.01,0.0,0.0,0.81,0.0,0.0,0.01,0.0,0.35,0.0,0.0,0.01,0.0,0.0,0.0,0.0,0.0,0.0,15.91,0.0,0.0,0.0,0.0,0.0,0.0,0.0,0.0,0.44,0.0,0.0,0.0,0.0,0.0,0.02,0.0,0.03,0.0,0.33
13,702.89,0.0,0.31,0.0,0.16,0.49,0.03,0.0,0.0,0.38,0.0,0.0,0.0,1.46,0.01,0.0,0.12,0.0,0.0,0.0,0.0,0.0,0.06,0.0,0.0,0.46,0.03,0.07,0.01,0.0,0.01,0.0,0.38,0.0,0.0,0.0,0.02,0.0,0.0,0.0,0.0,1.19,0.0,0.0,0.01,0.0,0.46,0.0,0.01,0.01,0.0,0.0,0.0,0.0,0.0,0.0,110.44,0.0,0.0,0.0,0.0,0.0,0.0,0.0,0.0,0.58,0.0,0.0,0.0,0.0,0.0,0.02,0.0,0.0,0.0,0.21
14,624.23,0.0,0.51,0.03,0.36,0.53,0.02,0.0,0.0,0.28,0.0,0.0,0.0,2.02,0.01,0.0,0.11,0.0,0.0,0.0,0.0,0.0,0.06,0.0,0.0,0.68,0.18,0.36,0.01,0.05,0.01,0.0,0.55,0.0,0.0,0.0,0.01,0,0.0,0.0,0.0,1.75,0.0,0.0,0.01,0.0,0.41,0.0,0.0,0.01,0.0,0.0,0.0,0.0,0.0,0.0,168.79,0.0,0.0,0.0,0.0,0.0,0.0,0.0,0.0,0.52,0.0,0.0,0.0,0.0,0.0,0.01,0.0,0.0,0.0,0.28
15,586.68,0.0,0.52,0.0,0.17,0.54,0.03,0.0,0.0,0.46,0.0,0.0,0.0,2.05,0.01,0.0,0.1,0.0,0.0,0.0,0.0,0.0,0.07,0.0,0.0,0.71,0.01,0.08,0.01,0.0,0.01,0.0,0.51,0.0,0.0,0.0,0.01,0,0.01,0.0,0.0,1.88,0.0,0.0,0.01,0.0,0.44,0.0,0.0,0.01,0.0,0.0,0.0,0.0,0.0,0.0,218.9,0.0,0.0,0.0,0.0,0.0,0.0,0.0,0.0,0.72,0.0,0.0,0.0,0.0,0.0,0.02,0.0,0.0,0.0,0.21
16,615.1,0.0,0.41,0.0,0.2,0.52,0.01,0.01,0.0,0.01,0.0,0.0,0.0,1.58,0.01,0.0,0.14,0.0,0.0,0.0,0.0,0.0,0.06,0.0,0.0,0.42,0.02,0.07,0.01,0.0,0.01,0.0,0.52,0.0,0.0,0.0,0.01,0,0.01,0.0,0.0,0.89,0.0,0.0,0.01,0.0,0.45,0.0,0.01,0.01,0.0,0.0,0.0,0.0,0.0,0.0,144.26,0.0,0.0,0.0,0.0,0.0,0.0,0.0,0.0,0.35,0.0,0.0,0.0,0.0,0.0,0.02,0.0,0.01,0.0,0.19
17,763.87,0.0,0.25,0.0,0.15,0.39,0.02,0.0,0.0,0.45,0.0,0.0,0.0,1.1,0.01,0.0,0.16,0.0,0.0,0.0,0.0,0.0,0.06,0.0,0.0,0.33,0.02,0.06,0.01,0.0,0.01,0.0,0.4,0.0,0.0,0.0,0.01,0,0.0,0.0,0.0,0.8,0.0,0.0,0.01,0.0,0.31,0.0,0.0,0.01,0.0,0.0,0.0,0.0,0.0,0.0,28.16,0.0,0.0,0.0,0.0,0.0,0.0,0.0,0.0,0.29,0.0,0.0,0.0,0.0,0.0,0.02,0.0,0.02,0.0,0.22
18,773.03,0.0,0.21,0.0,0.16,0.42,0.02,0.0,0.0,0.36,0.0,0.0,0.0,1.02,0.01,0.0,0.17,0.0,0.0,0.0,0.0,0.0,0.06,0.0,0.0,0.28,0.02,0.06,0.01,0.0,0.01,0.0,0.47,0.0,0.0,0.0,0.01,0,0.01,0.0,0.0,0.66,0.0,0.0,0.01,0.0,0.33,0.0,0.01,0.01,0.0,0.0,0.0,0.0,0.0,0.0,21.68,0.0,0.0,0.0,0.0,0.0,0.0,0.0,0.0,0.38,0.0,0.0,0.0,0.0,0.0,0.01,0.0,0.02,0.0,0.22
19,769.4,0.0,0.24,0.0,0.09,0.4,0.02,0.0,0.0,0.06,0.0,0.0,0.0,1.02,0.01,0.0,0.15,0.0,0.0,0.0,0.0,0.0,0.06,0.0,0.0,0.33,0.02,0.14,0.01,0.0,0.01,0.0,0.36,0.0,0.0,0.0,0.01,0,0.01,0.0,0.0,0.71,0.0,0.0,0.01,0.0,0.36,0.0,0.01,0.01,0.0,0.0,0.0,0.0,0.0,0.0,26.79,0.0,0.0,0.0,0.0,0.0,0.0,0.0,0.0,0.29,0.0,0.0,0.0,0.0,0.0,0.02,0.0,0.02,0.0,0.21
20,772.91,0.0,0.21,0.0,0.17,0.42,0.04,0.0,0.0,0.46,0.0,0.0,0.0,1.06,0.01,0.0,0.19,0.0,0.0,0.0,0.0,0.0,0.06,0.0,0.0,0.31,0.02,0.09,0.01,0.0,0.01,0.0,0.49,0.0,0.0,0.0,0.02,0,0.01,0.0,0.0,0.74,0.0,0.0,0.01,0.0,0.35,0.0,0.0,0.01,0.0,0.0,0.0,0.0,0.0,0.0,21.76,0.0,0.0,0.0,0.0,0.0,0.0,0.0,0.0,0.3,0.0,0.0,0.0,0.0,0.0,0.02,0.0,0.02,0.0,0.15
21,770.3,0.0,0.24,0.0,0.17,0.41,0.03,0.0,0.0,0.32,0.0,0.0,0.0,1.03,0.01,0.0,0.18,0.0,0.0,0.0,0.0,0.0,0.06,0.0,0.0,0.32,0.0,0.09,0.01,0.0,0.01,0.0,0.29,0.0,0.0,0.0,0.01,0,0.01,0.0,0.0,0.64,0.0,0.0,0.01,0.0,0.32,0.0,0.0,0.01,0.0,0.0,0.0,0.0,0.0,0.0,24.17,0.0,0.0,0.0,0.0,0.0,0.0,0.0,0.0,0.3,0.0,0.0,0.0,0.0,0.0,0.02,0.0,0.03,0.0,0.21
22,773.64,0.0,0.21,0.0,0.17,0.39,0.01,0.0,0.0,0.04,0.0,0.0,0.0,1.0,0.01,0.0,0.15,0.0,0.0,0.0,0.0,0.0,0.06,0.0,0.0,0.31,0.02,0.07,0.01,0.0,0.01,0.0,0.47,0.0,0.0,0.0,0.02,0,0.01,0.0,0.0,0.75,0.0,0.0,0.01,0.0,0.34,0.0,0.0,0.01,0.0,0.0,0.0,0.0,0.0,0.0,21.94,0.0,0.0,0.0,0.0,0.0,0.0,0.0,0.0,0.29,0.0,0.0,0.0,0.0,0.0,0.02,0.0,0.02,0.0,0.2
23,769.3,0.0,0.23,0.0,0.09,0.4,0.03,0.0,0.0,0.37,0.0,0.0,0.0,1.01,0.01,0.0,0.15,0.0,0.0,0.0,0.0,0.0,0.06,0.0,0.0,0.29,0.02,0.07,0.01,0.0,0.01,0.0,0.47,0.0,0.0,0.0,0.01,0,0.01,0.0,0.0,0.58,0.0,0.0,0.01,0.0,0.33,0.0,0.01,0.01,0.0,0.0,0.0,0.0,0.0,0.0,26.88,0.0,0.0,0.0,0.0,0.0,0.0,0.0,0.0,0.27,0.0,0.0,0.0,0.0,0.0,0.01,0.0,0.02,0.0,0.23
24,773.03,0.0,0.2,0.0,0.17,0.4,0.04,0.0,0.0,0.44,0.0,0.0,0.0,0.99,0.01,0.0,0.14,0.0,0.0,0.0,0.0,0.0,0.06,0.0,0.0,0.32,0.02,0.11,0.01,0.0,0.01,0.0,0.45,0.0,0.0,0.0,0.01,0,0.01,0.0,0.0,0.74,0.0,0.0,0.01,0.0,0.32,0.0,0.01,0.01,0.0,0.0,0.0,0.0,0.0,0.0,21.42,0.0,0.0,0.0,0.0,0.0,0.0,0.0,0.0,0.29,0.0,0.0,0.0,0.0,0.0,0.02,0.0,0.02,0.0,0.2
25,772.96,0.0,0.24,0.0,0.16,0.39,0.02,0.0,0.0,0.34,0.0,0.0,0.0,1.0,0.01,0.0,0.18,0.0,0.0,0.0,0.0,0.0,0.05,0.0,0.0,0.28,0.02,0.07,0.01,0.0,0.01,0.0,0.34,0.0,0.0,0.0,0.01,0,0.01,0.0,0.0,0.62,0.0,0.0,0.01,0.0,0.33,0.0,0.0,0.01,0.0,0.0,0.0,0.0,0.0,0.0,22.7,0.0,0.0,0.0,0.0,0.0,0.0,0.0,0.0,0.4,0.0,0.0,0.0,0.0,0.0,0.02,0.0,0.03,0.0,0.21
26,775.06,0.0,0.2,0.0,0.17,0.42,0.01,0.0,0.0,0.04,0.0,0.0,0.0,1.05,0.01,0.0,0.18,0.0,0.0,0.0,0.0,0.0,0.06,0.0,0.0,0.35,0.01,0.08,0.01,0.0,0.01,0.0,0.29,0.0,0.0,0.0,0.01,0,0.01,0.0,0.0,0.78,0.0,0.0,0.01,0.0,0.34,0.0,0.0,0.01,0.0,0.0,0.0,0.0,0.0,0.0,21.59,0.0,0.0,0.0,0.0,0.0,0.0,0.0,0.0,0.31,0.0,0.0,0.0,0.0,0.0,0.02,0.0,0.03,0.0,0.18
27,766.97,0.0,0.25,0.0,0.18,0.42,0.02,0.0,0.0,0.2,0.0,0.0,0.0,1.01,0.01,0.0,0.15,0.0,0.0,0.0,0.0,0.0,0.06,0.0,0.0,0.3,0.02,0.06,0.01,0.0,0.01,0.0,0.31,0.0,0.0,0.0,0.01,0,0.01,0.0,0.0,0.64,0.0,0.0,0.01,0.0,0.33,0.0,0.01,0.01,0.0,0.0,0.0,0.0,0.0,0.0,27.75,0.0,0.0,0.0,0.0,0.0,0.0,0.0,0.0,0.27,0.0,0.0,0.0,0.0,0.0,0.02,0.0,0.02,0.0,0.2
28,778.26,0.0,0.21,0.0,0.16,0.38,0.02,0.0,0.0,0.31,0.0,0.0,0.0,1.01,0.01,0.0,0.18,0.0,0.0,0.0,0.0,0.0,0.06,0.0,0.0,0.32,0.02,0.06,0.01,0.0,0.01,0.0,0.43,0.0,0.0,0.0,0.01,0,0.0,0.0,0.0,0.73,0.0,0.0,0.01,0.0,0.34,0.0,0.0,0.01,0.0,0.0,0.0,0.0,0.0,0.0,21.86,0.0,0.0,0.0,0.0,0.0,0.0,0.0,0.0,0.31,0.0,0.0,0.0,0.0,0.0,0.02,0.0,0.02,0.0,0.23
29,766.21,0.0,0.19,0.0,0.16,0.44,0.03,0.0,0.0,0.42,0.0,0.0,0.0,1.01,0.01,0.0,0.17,0.0,0.0,0.0,0.0,0.0,0.06,0.0,0.0,0.33,0.02,0.06,0.01,0.0,0.01,0.0,0.31,0.0,0.0,0.0,0.01,0,0.0,0.0,0.0,0.63,0.0,0.0,0.01,0.0,0.34,0.0,0.0,0.01,0.0,0.0,0.0,0.0,0.0,0.0,23.46,0.0,0.0,0.0,0.0,0.0,0.0,0.0,0.0,0.31,0.0,0.0,0.0,0.0,0.0,0.02,0.0,0.03,0.0,0.23
30,781.03,0.0,0.25,0.0,0.18,0.42,0.01,0.0,0.0,0.0,0.0,0.0,0.0,1.12,0.01,0.0,0.23,0.0,0.0,0.0,0.0,0.0,0.06,0.0,0.0,0.39,0.03,0.15,0.02,0.0,0.01,0.0,0.49,0.0,0.0,0.0,0.02,0,0.01,0.0,0.0,0.9,0.0,0.0,0.01,0.0,0.36,0.0,0.0,0.01,0.0,0.0,0.0,0.0,0.0,0.0,11.3,0.0,0.0,0.0,0.0,0.0,0.0,0.0,0.0,0.37,0.0,0.0,0.0,0.0,0.0,0.02,0.0,0.04,0.0,0.22
31,774.58,0.0,0.22,0.0,0.18,0.44,0.03,0.0,0.0,0.46,0.0,0.0,0.0,1.16,0.01,0.0,0.19,0.0,0.0,0.0,0.0,0.0,0.06,0.0,0.0,0.38,0.01,0.08,0.01,0.0,0.01,0.0,0.51,0.0,0.0,0.0,0.01,0,0.01,0.0,0.0,0.85,0.0,0.0,0.01,0.0,0.37,0.0,0.0,0.01,0.0,0.0,0.0,0.0,0.0,0.0,24.09,0.0,0.0,0.0,0.0,0.0,0.0,0.0,0.0,0.38,0.0,0.0,0.0,0.0,0.0,0.02,0.0,0.04,0.0,0.2
32,781.67,0.0,0.25,0.0,0.18,0.42,0.02,0.0,0.0,0.32,0.0,0.0,0.0,1.09,0.01,0.0,0.19,0.0,0.0,0.0,0.0,0.0,0.06,0.0,0.0,0.36,0.02,0.07,0.01,0.0,0.01,0.0,0.32,0.0,0.0,0.0,0.02,0,0.01,0.0,0.0,0.75,0.0,0.0,0.01,0.0,0.34,0.0,0.01,0.01,0.0,0.0,0.0,0.0,0.0,0.0,8.63,0.0,0.0,0.0,0.0,0.0,0.0,0.0,0.0,0.33,0.0,0.0,0.0,0.0,0.0,0.02,0.0,0.04,0.0,0.2
33,779.81,0.0,0.22,0.0,0.16,0.41,0.02,0.0,0.0,0.0,0.0,0.0,0.0,1.08,0.01,0.0,0.19,0.0,0.0,0.0,0.0,0.0,0.05,0.0,0.0,0.33,0.02,0.07,0.01,0.0,0.01,0.0,0.29,0.0,0.0,0.0,0.01,0,0.0,0.0,0.0,0.68,0.0,0.0,0.01,0.0,0.34,0.0,0.0,0.01,0.0,0.0,0.0,0.0,0.0,0.0,18.19,0.0,0.0,0.0,0.0,0.0,0.0,0.0,0.0,0.28,0.0,0.0,0.0,0.0,0.0,0.02,0.0,0.03,0.0,0.25
34,783.25,0.0,0.22,0.0,0.17,0.41,0.03,0.0,0.0,0.26,0.0,0.0,0.0,1.15,0.01,0.0,0.21,0.0,0.0,0.0,0.0,0.0,0.07,0.0,0.0,0.38,0.02,0.06,0.01,0.0,0.01,0.0,0.43,0.0,0.0,0.0,0.01,0,0.0,0.0,0.0,0.84,0.0,0.0,0.01,0.0,0.32,0.0,0.01,0.01,0.0,0.0,0.0,0.0,0.0,0.0,9.62,0.0,0.0,0.0,0.0,0.0,0.0,0.0,0.0,0.35,0.0,0.0,0.0,0.0,0.0,0.02,0.0,0.04,0.0,0.21
35,775.92,0.0,0.28,0.0,0.17,0.42,0.03,0.0,0.0,0.51,0.0,0.0,0.0,1.21,0.01,0.0,0.21,0.0,0.0,0.0,0.0,0.0,0.06,0.0,0.0,0.39,0.03,0.13,0.01,0.0,0.01,0.0,0.5,0.0,0.0,0.0,0.01,0,0.01,0.0,0.0,0.82,0.0,0.0,0.01,0.0,0.37,0.0,0.01,0.01,0.0,0.0,0.0,0.0,0.0,0.0,22.95,0.0,0.0,0.0,0.0,0.0,0.0,0.0,0.0,0.31,0.0,0.0,0.0,0.0,0.0,0.02,0.0,0.04,0.0,0.24
36,779.17,0.0,0.22,0.0,0.12,0.44,0.04,0.0,0.0,0.34,0.0,0.0,0.0,1.15,0.01,0.0,0.18,0.0,0.0,0.0,0.0,0.0,0.06,0.0,0.0,0.36,0.01,0.08,0.01,0.0,0.01,0.0,0.31,0.0,0.0,0.0,0.02,0,0.01,0.0,0.0,0.83,0.0,0.0,0.01,0.0,0.35,0.0,0.01,0.01,0.0,0.0,0.0,0.0,0.0,0.0,11.01,0.0,0.0,0.0,0.0,0.0,0.0,0.0,0.0,0.34,0.0,0.0,0.0,0.0,0.0,0.01,0.0,0.05,0.0,0.21
37,782.29,0.0,0.27,0.0,0.11,0.4,0.02,0.0,0.0,0.0,0.0,0.0,0.0,1.19,0.01,0.0,0.22,0.0,0.0,0.0,0.0,0.0,0.06,0.0,0.0,0.42,0.02,0.07,0.01,0.0,0.01,0.0,0.26,0.0,0.0,0.0,0.01,0,0.01,0.0,0.0,0.93,0.0,0.0,0.01,0.0,0.36,0.0,0.0,0.01,0.0,0.0,0.0,0.0,0.0,0.0,15.41,0.0,0.0,0.0,0.0,0.0,0.0,0.0,0.0,0.33,0.0,0.0,0.0,0.0,0.0,0.02,0.0,0.04,0.0,0.21
38,780.18,0.0,0.23,0.0,0.15,0.37,0.03,0.0,0.0,0.6,0.0,0.0,0.0,1.17,0.01,0.0,0.24,0.0,0.0,0.0,0.0,0.0,0.06,0.0,0.0,0.37,0.02,0.06,0.01,0.0,0.01,0.0,0.44,0.0,0.0,0.0,0.01,0,0.0,0.0,0.0,0.79,0.0,0.0,0.01,0.0,0.33,0.0,0.0,0.01,0.0,0.0,0.0,0.0,0.0,0.0,12.41,0.0,0.0,0.0,0.0,0.0,0.0,0.0,0.0,0.31,0.0,0.0,0.0,0.0,0.0,0.02,0.0,0.03,0.0,0.25
39,770.71,0.0,0.23,0.03,0.37,0.42,0.04,0.0,0.0,0.68,0.0,0.0,0.0,1.14,0.01,0.0,0.17,0.0,0.0,0.0,0.0,0.0,0.06,0.0,0.0,0.35,0.2,0.46,0.01,0.09,0.01,0.0,0.49,0.0,0.0,0.0,0.01,0,0.0,0.0,0.0,0.89,0.0,0.0,0.01,0.0,0.33,0.0,0.0,0.01,0.0,0.0,0.0,0.0,0.0,0.0,25.46,0.0,0.0,0.0,0.0,0.0,0.0,0.0,0.0,0.35,0.0,0.0,0.0,0.0,0.0,0.02,0.0,0.04,0.0,0.2
40,778.12,0.0,0.27,0.0,0.13,0.46,0.01,0.0,0.0,0.0,0.0,0.0,0.0,1.26,0.01,0.0,0.21,0.0,0.0,0.0,0.0,0.0,0.07,0.0,0.0,0.44,0.02,0.1,0.01,0.0,0.01,0.0,0.34,0.0,0.0,0.0,0.02,0,0.01,0.0,0.0,0.89,0.0,0.0,0.01,0.0,0.41,0.0,0.01,0.01,0.0,0.0,0.0,0.0,0.0,0.0,12.08,0.0,0.0,0.0,0.0,0.0,0.0,0.0,0.0,0.33,0.0,0.0,0.0,0.0,0.0,0.02,0.0,0.04,0.0,0.22
41,779.58,0.0,0.22,0.0,0.17,0.45,0.03,0.01,0.0,0.42,0.0,0.01,0.0,1.19,0.01,0.0,0.22,0.0,0.0,0.0,0.0,0.0,0.06,0.0,0.0,0.38,0.01,0.09,0.01,0.0,0.01,0.0,0.51,0.0,0.0,0.0,0.01,0,0.01,0.0,0.0,0.83,0.0,0.0,0.01,0.0,0.39,0.0,0.0,0.01,0.0,0.0,0.0,0.0,0.0,0.0,14.91,0.0,0.0,0.0,0.0,0.0,0.0,0.0,0.0,0.32,0.0,0.0,0.0,0.0,0.0,0.02,0.0,0.04,0.0,0.22
42,779.69,0.0,0.25,0.0,0.18,0.42,0.02,0.0,0.0,0.3,0.0,0.0,0.0,1.08,0.01,0.0,0.19,0.0,0.0,0.0,0.0,0.0,0.06,0.0,0.0,0.34,0.01,0.07,0.01,0.0,0.01,0.0,0.31,0.0,0.0,0.0,0.02,0,0.01,0.0,0.0,0.79,0.0,0.0,0.01,0.0,0.35,0.0,0.0,0.01,0.0,0.0,0.0,0.0,0.0,0.0,15.05,0.0,0.0,0.0,0.0,0.0,0.0,0.0,0.0,0.31,0.0,0.0,0.0,0.0,0.0,0.02,0.0,0.04,0.0,0.22
43,780.86,0.0,0.23,0.0,0.1,0.36,0.04,0.0,0.0,0.3,0.0,0.0,0.0,1.19,0.01,0.0,0.24,0.0,0.0,0.0,0.0,0.0,0.06,0.0,0.0,0.41,0.02,0.06,0.01,0.0,0.01,0.0,0.29,0.0,0.0,0.0,0.01,0,0.0,0.0,0.0,0.83,0.0,0.0,0.01,0.0,0.3,0.0,0.0,0.01,0.0,0.0,0.0,0.0,0.0,0.0,18.27,0.0,0.0,0.0,0.0,0.0,0.0,0.0,0.0,0.29,0.0,0.0,0.0,0.0,0.0,0.02,0.0,0.04,0.0,0.25
44,776.6,0.0,0.24,0.0,0.17,0.41,0.02,0.0,0.0,0.38,0.0,0.0,0.0,1.09,0.01,0.0,0.17,0.0,0.0,0.0,0.0,0.0,0.06,0.0,0.0,0.29,0.02,0.13,0.01,0.0,0.01,0.0,0.37,0.0,0.0,0.0,0.02,0,0.0,0.0,0.0,0.7,0.0,0.0,0.01,0.0,0.32,0.0,0.01,0.01,0.0,0.0,0.0,0.0,0.0,0.0,13.88,0.0,0.0,0.0,0.0,0.0,0.0,0.0,0.0,0.3,0.0,0.0,0.0,0.0,0.0,0.02,0.0,0.04,0.0,0.21
45,780.39,0.0,0.26,0.0,0.13,0.41,0.01,0.0,0.0,0.07,0.0,0.0,0.0,1.14,0.01,0.0,0.2,0.0,0.0,0.0,0.0,0.0,0.06,0.0,0.0,0.38,0.02,0.08,0.01,0.0,0.01,0.0,0.3,0.0,0.0,0.0,0.01,0,0.0,0.0,0.0,0.84,0.0,0.0,0.01,0.0,0.36,0.0,0.01,0.01,0.0,0.0,0.0,0.0,0.0,0.0,17.27,0.0,0.0,0.0,0.0,0.0,0.0,0.0,0.0,0.29,0.0,0.0,0.0,0.0,0.0,0.02,0.0,0.03,0.0,0.21
46,778.49,0.0,0.22,0.0,0.14,0.44,0.03,0.0,0.0,0.37,0.0,0.0,0.0,1.17,0.01,0.0,0.2,0.0,0.0,0.0,0.0,0.0,0.06,0.0,0.0,0.38,0.02,0.06,0.01,0.0,0.01,0.0,0.38,0.0,0.0,0.0,0.02,0,0.01,0.0,0.0,0.81,0.0,0.0,0.01,0.0,0.35,0.0,0.01,0.01,0.0,0.0,0.0,0.0,0.0,0.0,13.63,0.0,0.0,0.0,0.0,0.0,0.0,0.0,0.0,0.31,0.0,0.0,0.0,0.0,0.0,0.02,0.0,0.05,0.0,0.22
47,775.44,0.0,0.26,0.0,0.13,0.32,0.03,0.0,0.0,0.47,0.0,0.0,0.0,1.19,0.01,0.0,0.23,0.0,0.0,0.0,0.0,0.0,0.07,0.0,0.0,0.38,0.02,0.06,0.01,0.0,0.0,0.0,0.29,0.0,0.0,0.0,0.01,0,0.0,0.0,0.0,0.8,0.0,0.0,0.01,0.0,0.29,0.0,0.01,0.01,0.0,0.0,0.0,0.0,0.0,0.0,23.28,0.0,0.0,0.0,0.0,0.0,0.0,0.0,0.0,0.34,0.0,0.0,0.0,0.0,0.0,0.02,0.0,0.03,0.0,0.2
48,779.04,0.0,0.25,0.0,0.2,0.46,0.03,0.0,0.0,0.5,0.0,0.0,0.0,1.13,0.01,0.0,0.19,0.0,0.0,0.0,0.0,0.0,0.06,0.0,0.0,0.39,0.01,0.14,0.01,0.0,0.01,0.0,0.32,0.0,0.0,0.0,0.02,0,0.01,0.0,0.0,0.79,0.0,0.0,0.01,0.0,0.38,0.0,0.0,0.01,0.0,0.0,0.0,0.0,0.0,0.0,10.17,0.0,0.0,0.0,0.0,0.0,0.0,0.0,0.0,0.29,0.0,0.0,0.0,0.0,0.0,0.02,0.0,0.04,0.0,0.21
49,781.98,0.0,0.21,0.0,0.17,0.41,0.01,0.0,0.0,0.0,0.0,0.0,0.0,1.09,0.01,0.0,0.23,0.0,0.0,0.0,0.0,0.0,0.05,0.0,0.0,0.35,0.02,0.07,0.01,0.0,0.01,0.0,0.46,0.0,0.0,0.0,0.01,0,0.01,0.0,0.0,0.83,0.0,0.0,0.01,0.0,0.34,0.0,0.0,0.01,0.0,0.0,0.0,0.0,0.0,0.0,16.41,0.0,0.0,0.0,0.0,0.0,0.0,0.0,0.0,0.32,0.0,0.0,0.0,0.0,0.0,0.02,0.0,0.04,0.0,0.21
50,778.57,0.0,0.27,0.0,0.18,0.42,0.04,0.0,0.0,0.44,0.0,0.0,0.0,1.19,0.01,0.0,0.21,0.0,0.0,0.0,0.0,0.0,0.06,0.0,0.0,0.38,0.02,0.07,0.01,0.0,0.01,0.0,0.31,0.0,0.0,0.0,0.02,0,0.01,0.0,0.0,0.79,0.0,0.0,0.01,0.0,0.35,0.0,0.0,0.01,0.0,0.0,0.0,0.0,0.0,0.0,12.38,0.0,0.0,0.0,0.0,0.0,0.0,0.0,0.0,0.29,0.0,0.0,0.0,0.0,0.0,0.02,0.0,0.04,0.0,0.21
51,778.37,0.0,0.24,0.0,0.16,0.38,0.03,0.0,0.0,0.31,0.0,0.0,0.0,1.12,0.01,0.0,0.19,0.0,0.0,0.0,0.0,0.0,0.07,0.0,0.0,0.37,0.02,0.06,0.01,0.0,0.01,0.0,0.46,0.0,0.0,0.0,0.01,0,0.01,0.0,0.0,0.83,0.0,0.0,0.01,0.0,0.33,0.0,0.01,0.01,0.0,0.0,0.0,0.0,0.0,0.0,19.47,0.0,0.0,0.0,0.0,0.0,0.0,0.0,0.0,0.31,0.0,0.0,0.0,0.0,0.0,0.02,0.0,0.03,0.0,0.26
52,778.26,0.0,0.2,0.0,0.18,0.42,0.02,0.0,0.0,0.4,0.0,0.0,0.0,1.06,0.01,0.0,0.17,0.0,0.0,0.0,0.0,0.0,0.06,0.0,0.0,0.34,0.02,0.06,0.01,0.0,0.01,0.0,0.47,0.0,0.0,0.0,0.02,0,0.01,0.0,0.0,0.79,0.0,0.0,0.01,0.0,0.33,0.0,0.0,0.01,0.0,0.0,0.0,0.0,0.0,0.0,13.91,0.0,0.0,0.0,0.0,0.0,0.0,0.0,0.0,0.31,0.0,0.0,0.0,0.0,0.0,0.02,0.0,0.04,0.0,0.22
53,769.86,0.0,0.29,0.0,0.17,0.42,0.02,0.0,0.0,0.0,0.0,0.0,0.0,1.25,0.01,0.0,0.23,0.0,0.0,0.0,0.0,0.0,0.05,0.0,0.0,0.38,0.02,0.14,0.01,0.0,0.01,0.0,0.3,0.0,0.0,0.0,0.01,0,0.01,0.0,0.0,0.77,0.0,0.0,0.01,0.0,0.36,0.0,0.0,0.01,0.0,0.0,0.0,0.0,0.0,0.0,28.27,0.0,0.0,0.0,0.0,0.0,0.0,0.0,0.0,0.31,0.0,0.0,0.0,0.0,0.0,0.02,0.0,0.04,0.0,0.21
54,778.64,0.0,0.21,0.0,0.18,0.43,0.02,0.0,0.0,0.37,0.0,0.0,0.0,1.15,0.01,0.0,0.22,0.0,0.0,0.0,0.0,0.0,0.06,0.0,0.0,0.36,0.01,0.07,0.01,0.0,0.01,0.0,0.5,0.0,0.0,0.0,0.02,0,0.01,0.0,0.0,0.87,0.0,0.0,0.01,0.0,0.36,0.0,0.0,0.01,0.0,0.0,0.0,0.0,0.0,0.0,13.04,0.0,0.0,0.0,0.0,0.0,0.0,0.0,0.0,0.3,0.0,0.0,0.0,0.0,0.0,0.02,0.0,0.04,0.0,0.21
55,781.53,0.0,0.23,0.0,0.16,0.39,0.03,0.0,0.0,0.37,0.0,0.0,0.0,1.08,0.01,0.0,0.18,0.0,0.0,0.0,0.0,0.0,0.06,0.0,0.0,0.36,0.02,0.07,0.01,0.0,0.01,0.0,0.33,0.0,0.0,0.0,0.01,0,0.01,0.0,0.0,0.76,0.0,0.0,0.01,0.0,0.33,0.0,0.0,0.01,0.0,0.0,0.0,0.0,0.0,0.0,16.72,0.0,0.0,0.0,0.0,0.0,0.0,0.0,0.0,0.29,0.0,0.0,0.0,0.0,0.0,0.02,0.0,0.03,0.0,0.23
56,773.83,0.0,0.22,0.0,0.18,0.43,0.01,0.0,0.0,0.06,0.0,0.0,0.0,1.1,0.01,0.0,0.17,0.0,0.0,0.0,0.0,0.0,0.06,0.0,0.0,0.33,0.01,0.07,0.01,0.0,0.01,0.0,0.31,0.0,0.0,0.0,0.02,0,0.01,0.0,0.0,0.79,0.0,0.0,0.01,0.0,0.38,0.0,0.01,0.01,0.0,0.0,0.0,0.0,0.0,0.0,17.73,0.0,0.0,0.0,0.0,0.0,0.0,0.0,0.0,0.31,0.0,0.0,0.0,0.0,0.0,0.02,0.0,0.04,0.0,0.21
57,780.77,0.0,0.26,0.0,0.19,0.42,0.04,0.0,0.0,0.53,0.0,0.0,0.0,1.14,0.01,0.0,0.2,0.0,0.0,0.0,0.0,0.0,0.06,0.0,0.0,0.37,0.02,0.06,0.01,0.0,0.01,0.0,0.29,0.0,0.0,0.0,0.01,0,0.01,0.0,0.0,0.76,0.0,0.0,0.01,0.0,0.37,0.0,0.0,0.01,0.0,0.0,0.0,0.0,0.0,0.0,13.95,0.0,0.0,0.0,0.0,0.0,0.0,0.0,0.0,0.29,0.0,0.0,0.0,0.0,0.0,0.02,0.0,0.03,0.0,0.19
58,779.9,0.0,0.22,0.0,0.17,0.41,0.02,0.0,0.0,0.32,0.0,0.0,0.0,1.14,0.01,0.0,0.23,0.0,0.0,0.0,0.0,0.0,0.06,0.0,0.0,0.37,0.02,0.13,0.01,0.0,0.01,0.0,0.31,0.0,0.0,0.0,0.02,0,0.01,0.0,0.0,0.76,0.0,0.0,0.01,0.0,0.34,0.0,0.01,0.01,0.0,0.0,0.0,0.0,0.0,0.0,14.66,0.0,0.0,0.0,0.0,0.0,0.0,0.0,0.0,0.32,0.0,0.0,0.0,0.0,0.0,0.02,0.0,0.05,0.0,0.2
59,781.6,0.0,0.23,0.0,0.17,0.39,0.04,0.0,0.0,0.72,0.0,0.0,0.0,1.12,0.01,0.0,0.21,0.0,0.0,0.0,0.0,0.0,0.06,0.0,0.0,0.36,0.01,0.08,0.01,0.0,0.01,0.0,0.42,0.0,0.0,0.0,0.01,0,0.01,0.0,0.0,0.86,0.0,0.0,0.01,0.0,0.33,0.0,0.0,0.01,0.0,0.0,0.0,0.0,0.0,0.0,13.78,0.0,0.0,0.0,0.0,0.0,0.0,0.0,0.0,0.29,0.0,0.0,0.0,0.0,0.0,0.02,0.0,0.03,0.0,0.17
60,773.99,0.0,0.2,0.0,0.1,0.46,0.02,0.0,0.0,0.0,0.0,0.0,0.0,1.07,0.01,0.0,0.17,0.0,0.0,0.0,0.0,0.0,0.06,0.0,0.0,0.32,0.02,0.08,0.01,0.0,0.01,0.0,0.32,0.0,0.0,0.0,0.02,0,0.01,0.0,0.0,0.7,0.0,0.0,0.01,0.0,0.36,0.0,0.0,0.01,0.0,0.0,0.0,0.0,0.0,0.0,20.01,0.0,0.0,0.0,0.0,0.0,0.0,0.0,0.0,0.26,0.0,0.0,0.0,0.0,0.0,0.02,0.0,0.03,0.0,0.15
61,783.02,0.0,0.23,0.0,0.15,0.35,0.02,0.0,0.0,0.31,0.0,0.0,0.0,1.05,0.01,0.0,0.19,0.0,0.0,0.0,0.0,0.0,0.06,0.0,0.0,0.3,0.02,0.05,0.01,0.0,0.01,0.0,0.41,0.0,0.0,0.0,0.01,0,0.0,0.0,0.0,0.73,0.0,0.0,0.01,0.0,0.28,0.0,0.0,0.01,0.0,0.0,0.0,0.0,0.0,0.0,12.36,0.0,0.0,0.0,0.0,0.0,0.0,0.0,0.0,0.29,0.0,0.0,0.0,0.0,0.0,0.01,0.0,0.04,0.0,0.21
62,780.94,0.0,0.23,0.0,0.15,0.37,0.02,0.0,0.0,0.32,0.0,0.0,0.0,1.13,0.01,0.0,0.21,0.0,0.0,0.0,0.0,0.0,0.07,0.0,0.0,0.36,0.02,0.13,0.01,0.0,0.01,0.0,0.28,0.0,0.0,0.0,0.02,0,0.0,0.0,0.0,0.76,0.0,0.0,0.01,0.0,0.3,0.0,0.0,0.01,0.0,0.0,0.0,0.0,0.0,0.0,14.2,0.0,0.0,0.0,0.0,0.0,0.0,0.0,0.0,0.29,0.0,0.0,0.0,0.0,0.0,0.02,0.0,0.04,0.0,0.18
63,775.61,0.0,0.22,0.01,0.25,0.45,0.04,0.0,0.0,0.32,0.0,0.0,0.0,1.13,0.01,0.0,0.19,0.0,0.0,0.0,0.0,0.0,0.06,0.0,0.0,0.36,0.32,0.79,0.01,0.2,0.01,0.0,0.5,0.0,0.0,0.0,0.01,0,0.01,0.0,0.0,0.82,0.0,0.0,0.01,0.0,0.36,0.0,0.01,0.01,0.0,0.0,0.0,0.0,0.0,0.0,20.94,0.0,0.0,0.0,0.0,0.0,0.0,0.0,0.0,0.26,0.0,0.0,0.0,0.0,0.0,0.02,0.0,0.03,0.0,0.23
64,777.61,0.0,0.22,0.0,0.14,0.34,0.02,0.0,0.0,0.41,0.0,0.0,0.0,1.06,0.01,0.0,0.2,0.0,0.0,0.0,0.0,0.0,0.07,0.0,0.0,0.31,0.02,0.06,0.01,0.0,0.01,0.0,0.4,0.0,0.0,0.0,0.01,0,0.0,0.0,0.0,0.64,0.0,0.0,0.01,0.0,0.27,0.0,0.01,0.01,0.0,0.0,0.0,0.0,0.0,0.0,15.43,0.0,0.0,0.0,0.0,0.0,0.0,0.0,0.0,0.29,0.0,0.0,0.0,0.0,0.0,0.01,0.0,0.04,0.0,0.19
65,781.12,0.0,0.24,0.0,0.13,0.39,0.03,0.0,0.0,0.0,0.0,0.0,0.0,1.05,0.01,0.0,0.18,0.0,0.0,0.0,0.0,0.0,0.06,0.0,0.0,0.32,0.02,0.06,0.01,0.0,0.01,0.0,0.3,0.0,0.0,0.0,0.01,0,0.01,0.0,0.0,0.81,0.0,0.0,0.01,0.0,0.33,0.0,0.0,0.01,0.0,0.0,0.0,0.0,0.0,0.0,17.57,0.0,0.0,0.0,0.0,0.0,0.0,0.0,0.0,0.3,0.0,0.0,0.0,0.0,0.0,0.02,0.0,0.04,0.0,0.2
66,773.1,0.0,0.22,0.0,0.17,0.39,0.02,0.0,0.0,0.33,0.0,0.0,0.0,1.09,0.01,0.0,0.22,0.0,0.0,0.0,0.0,0.0,0.05,0.0,0.0,0.36,0.01,0.14,0.02,0.0,0.01,0.0,0.46,0.0,0.0,0.0,0.02,0,0.01,0.0,0.0,0.79,0.0,0.0,0.01,0.0,0.33,0.0,0.0,0.01,0.0,0.0,0.0,0.0,0.0,0.0,19.31,0.0,0.0,0.0,0.0,0.0,0.0,0.0,0.0,0.24,0.0,0.0,0.0,0.0,0.0,0.01,0.0,0.03,0.0,0.2
67,768.75,0.0,0.22,0.0,0.15,0.36,0.04,0.0,0.0,0.57,0.0,0.0,0.0,1.01,0.01,0.0,0.17,0.0,0.0,0.0,0.0,0.0,0.06,0.0,0.0,0.3,0.02,0.06,0.01,0.0,0.01,0.0,0.42,0.0,0.0,0.0,0.01,0,0.0,0.0,0.0,0.68,0.0,0.0,0.01,0.0,0.29,0.0,0.01,0.01,0.0,0.0,0.0,0.0,0.0,0.0,28.99,0.0,0.0,0.0,0.0,0.0,0.0,0.0,0.0,0.28,0.0,0.0,0.0,0.0,0.0,0.02,0.0,0.03,0.0,0.2
68,773.63,0.0,0.19,0.0,0.19,0.44,0.02,0.0,0.0,0.4,0.0,0.0,0.0,1.01,0.01,0.0,0.16,0.0,0.0,0.0,0.0,0.0,0.06,0.0,0.0,0.31,0.02,0.07,0.01,0.0,0.01,0.0,0.32,0.0,0.0,0.0,0.01,0,0.01,0.0,0.0,0.67,0.0,0.0,0.01,0.0,0.34,0.0,0.0,0.01,0.0,0.0,0.0,0.0,0.0,0.0,19.63,0.0,0.0,0.0,0.0,0.0,0.0,0.0,0.0,0.26,0.0,0.0,0.0,0.0,0.0,0.01,0.0,0.03,0.0,0.21
69,774.22,0.0,0.23,0.0,0.14,0.39,0.01,0.0,0.0,0.0,0.0,0.0,0.0,1.06,0.01,0.0,0.21,0.0,0.0,0.0,0.0,0.0,0.05,0.0,0.0,0.32,0.02,0.07,0.01,0.0,0.01,0.0,0.31,0.0,0.0,0.0,0.01,0,0.01,0.0,0.0,0.74,0.0,0.0,0.01,0.0,0.33,0.0,0.0,0.01,0.0,0.0,0.0,0.0,0.0,0.0,23.42,0.0,0.0,0.0,0.0,0.0,0.0,0.0,0.0,0.27,0.0,0.0,0.0,0.0,0.0,0.02,0.0,0.02,0.0,0.2
70,770.49,0.0,0.21,0.0,0.13,0.43,0.02,0.0,0.0,0.39,0.0,0.0,0.0,1.03,0.01,0.0,0.17,0.0,0.0,0.0,0.0,0.0,0.06,0.0,0.0,0.31,0.02,0.12,0.01,0.0,0.01,0.0,0.49,0.0,0.0,0.0,0.02,0,0.01,0.0,0.0,0.71,0.0,0.0,0.01,0.0,0.34,0.0,0.01,0.01,0.0,0.0,0.0,0.0,0.0,0.0,21.54,0.0,0.0,0.0,0.0,0.0,0.0,0.0,0.0,0.26,0.0,0.0,0.0,0.0,0.0,0.01,0.0,0.03,0.0,0.17
71,774.06,0.0,0.22,0.0,0.14,0.39,0.04,0.0,0.0,0.57,0.0,0.0,0.0,1.02,0.01,0.0,0.16,0.0,0.0,0.0,0.0,0.0,0.05,0.0,0.0,0.33,0.02,0.09,0.01,0.0,0.01,0.0,0.36,0.0,0.0,0.0,0.01,0,0.0,0.0,0.0,0.7,0.0,0.0,0.01,0.0,0.32,0.0,0.0,0.01,0.0,0.0,0.0,0.0,0.0,0.0,24.33,0.0,0.0,0.0,0.0,0.0,0.0,0.0,0.0,0.25,0.0,0.0,0.0,0.0,0.0,0.02,0.0,0.02,0.0,0.22
72,768.3,0.0,0.21,0.0,0.16,0.37,0.03,0.0,0.0,0.34,0.0,0.0,0.0,0.95,0.01,0.0,0.15,0.0,0.0,0.0,0.0,0.0,0.06,0.0,0.0,0.28,0.01,0.07,0.01,0.0,0.01,0.0,0.27,0.0,0.0,0.0,0.01,0,0.0,0.0,0.0,0.62,0.0,0.0,0.01,0.0,0.29,0.0,0.0,0.01,0.0,0.0,0.0,0.0,0.0,0.0,24.23,0.0,0.0,0.0,0.0,0.0,0.0,0.0,0.0,0.27,0.0,0.0,0.0,0.0,0.0,0.01,0.0,0.03,0.0,0.15
73,773.61,0.0,0.24,0.0,0.17,0.4,0.01,0.0,0.0,0.0,0.0,0.0,0.0,1.04,0.01,0.0,0.21,0.0,0.0,0.0,0.0,0.0,0.05,0.0,0.0,0.33,0.02,0.07,0.01,0.0,0.01,0.0,0.48,0.0,0.0,0.0,0.01,0,0.01,0.0,0.0,0.75,0.0,0.0,0.01,0.0,0.33,0.0,0.01,0.01,0.0,0.0,0.0,0.0,0.0,0.0,23.77,0.0,0.0,0.0,0.0,0.0,0.0,0.0,0.0,0.26,0.0,0.0,0.0,0.0,0.0,0.02,0.0,0.02,0.0,0.2
74,773.3,0.0,0.21,0.0,0.17,0.39,0.03,0.0,0.0,0.38,0.0,0.0,0.0,0.99,0.01,0.0,0.16,0.0,0.0,0.0,0.0,0.0,0.06,0.0,0.0,0.29,0.02,0.09,0.01,0.0,0.01,0.0,0.45,0.0,0.0,0.0,0.02,0,0.0,0.0,0.0,0.69,0.0,0.0,0.01,0.0,0.33,0.0,0.0,0.01,0.0,0.0,0.0,0.0,0.0,0.0,19.52,0.0,0.0,0.0,0.0,0.0,0.0,0.0,0.0,0.27,0.0,0.0,0.0,0.0,0.0,0.02,0.0,0.03,0.0,0.21
75,771.38,0.0,0.2,0.0,0.17,0.42,0.03,0.0,0.0,0.32,0.0,0.0,0.0,1.05,0.01,0.0,0.17,0.0,0.0,0.0,0.0,0.0,0.06,0.0,0.0,0.33,0.02,0.09,0.01,0.0,0.01,0.0,0.47,0.0,0.0,0.0,0.01,0,0.01,0.0,0.0,0.7,0.0,0.0,0.01,0.0,0.35,0.0,0.01,0.01,0.0,0.0,0.0,0.0,0.0,0.0,28.63,0.0,0.0,0.0,0.0,0.0,0.0,0.0,0.0,0.23,0.0,0.0,0.0,0.0,0.0,0.02,0.0,0.02,0.0,0.18
76,768.87,0.0,0.24,0.0,0.18,0.4,0.01,0.0,0.0,0.06,0.0,0.0,0.0,1.02,0.01,0.0,0.18,0.0,0.0,0.0,0.0,0.0,0.06,0.0,0.0,0.32,0.02,0.07,0.01,0.0,0.01,0.0,0.47,0.0,0.0,0.0,0.02,0,0.01,0.0,0.0,0.77,0.0,0.0,0.01,0.0,0.36,0.0,0.0,0.01,0.0,0.0,0.0,0.0,0.0,0.0,21.94,0.0,0.0,0.0,0.0,0.0,0.0,0.0,0.0,0.29,0.0,0.0,0.0,0.0,0.0,0.02,0.0,0.03,0.0,0.2
77,773.41,0.0,0.2,0.0,0.17,0.4,0.03,0.0,0.0,0.56,0.0,0.0,0.0,1.04,0.01,0.0,0.17,0.0,0.0,0.0,0.0,0.0,0.05,0.0,0.0,0.32,0.02,0.08,0.01,0.0,0.01,0.0,0.48,0.0,0.0,0.0,0.01,0,0.0,0.0,0.0,0.75,0.0,0.0,0.01,0.0,0.36,0.0,0.01,0.01,0.0,0.0,0.0,0.0,0.0,0.0,21.42,0.0,0.0,0.0,0.0,0.0,0.0,0.0,0.0,0.24,0.0,0.0,0.0,0.0,0.0,0.02,0.0,0.02,0.0,0.24
78,772.71,0.0,0.23,0.0,0.16,0.38,0.03,0.0,0.0,0.4,0.0,0.0,0.0,0.98,0.01,0.0,0.16,0.0,0.0,0.0,0.0,0.0,0.06,0.0,0.0,0.28,0.01,0.07,0.01,0.0,0.01,0.0,0.43,0.0,0.0,0.0,0.02,0,0.0,0.0,0.0,0.61,0.0,0.0,0.01,0.0,0.29,0.0,0.0,0.01,0.0,0.0,0.0,0.0,0.0,0.0,22.33,0.0,0.0,0.0,0.0,0.0,0.0,0.0,0.0,0.26,0.0,0.0,0.0,0.0,0.0,0.02,0.0,0.03,0.0,0.14
79,772.49,0.0,0.26,0.0,0.16,0.42,0.04,0.0,0.0,0.41,0.0,0.0,0.0,1.16,0.01,0.0,0.21,0.0,0.0,0.0,0.0,0.0,0.06,0.0,0.0,0.4,0.02,0.14,0.02,0.0,0.01,0.0,0.38,0.0,0.0,0.0,0.01,0,0.01,0.0,0.0,0.86,0.0,0.0,0.01,0.0,0.37,0.0,0.01,0.01,0.0,0.0,0.0,0.0,0.0,0.0,25.25,0.0,0.0,0.0,0.0,0.0,0.0,0.0,0.0,0.34,0.0,0.0,0.0,0.0,0.0,0.02,0.0,0.04,0.0,0.21
80,777.24,0.0,0.23,0.0,0.17,0.4,0.01,0.0,0.0,0.0,0.0,0.0,0.0,1.15,0.01,0.0,0.22,0.0,0.0,0.0,0.0,0.0,0.07,0.0,0.0,0.38,0.02,0.07,0.01,0.0,0.01,0.0,0.31,0.0,0.0,0.0,0.02,0,0.0,0.0,0.0,0.82,0.0,0.0,0.01,0.0,0.33,0.0,0.01,0.01,0.0,0.0,0.0,0.0,0.0,0.0,13.51,0.0,0.0,0.0,0.0,0.0,0.0,0.0,0.0,0.28,0.0,0.0,0.0,0.0,0.0,0.02,0.0,0.03,0.0,0.19
81,777.94,0.0,0.21,0.0,0.16,0.38,0.02,0.0,0.0,0.4,0.0,0.0,0.0,1.01,0.01,0.0,0.16,0.0,0.0,0.0,0.0,0.0,0.05,0.0,0.0,0.31,0.02,0.06,0.01,0.0,0.01,0.0,0.44,0.0,0.0,0.0,0.01,0,0.0,0.0,0.0,0.73,0.0,0.0,0.01,0.0,0.32,0.0,0.0,0.01,0.0,0.0,0.0,0.0,0.0,0.0,20.3,0.0,0.0,0.0,0.0,0.0,0.0,0.0,0.0,0.25,0.0,0.0,0.0,0.0,0.0,0.02,0.0,0.03,0.0,0.2
82,778.15,0.0,0.22,0.0,0.15,0.36,0.04,0.0,0.0,0.35,0.0,0.0,0.0,1.04,0.01,0.0,0.21,0.0,0.0,0.0,0.0,0.0,0.06,0.0,0.0,0.32,0.02,0.06,0.01,0.0,0.01,0.0,0.38,0.0,0.0,0.0,0.02,0,0.0,0.0,0.0,0.74,0.0,0.0,0.01,0.0,0.3,0.0,0.0,0.01,0.0,0.0,0.0,0.0,0.0,0.0,14.11,0.0,0.0,0.0,0.0,0.0,0.0,0.0,0.0,0.3,0.0,0.0,0.0,0.0,0.0,0.01,0.0,0.03,0.0,0.22
83,772.56,0.0,0.2,0.0,0.18,0.42,0.02,0.0,0.0,0.43,0.0,0.0,0.0,0.99,0.01,0.0,0.15,0.0,0.0,0.0,0.0,0.0,0.05,0.0,0.0,0.3,0.02,0.12,0.01,0.0,0.01,0.0,0.48,0.0,0.0,0.0,0.01,0,0.01,0.0,0.0,0.71,0.0,0.0,0.01,0.0,0.33,0.0,0.0,0.01,0.0,0.0,0.0,0.0,0.0,0.0,26.1,0.0,0.0,0.0,0.0,0.0,0.0,0.0,0.0,0.24,0.0,0.0,0.0,0.0,0.0,0.02,0.0,0.02,0.0,0.24
84,770.6,0.0,0.21,0.0,0.17,0.4,0.01,0.0,0.0,0.0,0.0,0.0,0.0,1.01,0.01,0.0,0.17,0.0,0.0,0.0,0.0,0.0,0.06,0.0,0.0,0.3,0.01,0.07,0.01,0.0,0.01,0.0,0.29,0.0,0.0,0.0,0.02,0,0.01,0.0,0.0,0.62,0.0,0.0,0.01,0.0,0.31,0.0,0.0,0.01,0.0,0.0,0.0,0.0,0.0,0.0,21.89,0.0,0.0,0.0,0.0,0.0,0.0,0.0,0.0,0.25,0.0,0.0,0.0,0.0,0.0,0.01,0.0,0.03,0.0,0.22
85,769.38,0.0,0.24,0.0,0.17,0.41,0.02,0.0,0.0,0.28,0.0,0.0,0.0,1.02,0.01,0.0,0.14,0.0,0.0,0.0,0.0,0.0,0.05,0.0,0.0,0.29,0.02,0.08,0.01,0.0,0.01,0.0,0.46,0.0,0.0,0.0,0.01,0,0.01,0.0,0.0,0.66,0.0,0.0,0.01,0.0,0.35,0.0,0.01,0.01,0.0,0.0,0.0,0.0,0.0,0.0,28.16,0.0,0.0,0.0,0.0,0.0,0.0,0.0,0.0,0.27,0.0,0.0,0.0,0.0,0.0,0.02,0.0,0.02,0.0,0.18
86,777.53,0.0,0.22,0.0,0.2,0.47,0.03,0.0,0.0,0.48,0.0,0.0,0.0,1.18,0.01,0.0,0.21,0.0,0.0,0.0,0.0,0.0,0.07,0.0,0.0,0.4,0.02,0.09,0.01,0.0,0.01,0.0,0.54,0.0,0.0,0.0,0.02,0,0.01,0.0,0.0,0.94,0.0,0.0,0.01,0.0,0.39,0.0,0.0,0.02,0.0,0.0,0.0,0.0,0.0,0.0,13.74,0.0,0.0,0.0,0.0,0.0,0.0,0.0,0.0,0.34,0.0,0.0,0.0,0.0,0.0,0.02,0.0,0.04,0.0,0.15
87,775.51,0.0,0.24,0.01,0.26,0.45,0.01,0.01,0.0,0.0,0.0,0.0,0.0,1.09,0.01,0.0,0.18,0.0,0.0,0.0,0.0,0.0,0.06,0.0,0.0,0.33,0.1,0.21,0.01,0.03,0.01,0.0,0.36,0.0,0.01,0.0,0.01,0,0.01,0.0,0.0,0.77,0.0,0.0,0.01,0.0,0.34,0.0,0.01,0.01,0.0,0.0,0.0,0.0,0.0,0.0,20.78,0.0,0.0,0.0,0.0,0.0,0.0,0.0,0.0,0.27,0.0,0.0,0.0,0.0,0.0,0.02,0.0,0.03,0.0,0.19
88,766.84,0.0,0.22,0.0,0.12,0.38,0.04,0.0,0.0,0.4,0.0,0.0,0.0,1.04,0.01,0.0,0.19,0.0,0.0,0.0,0.0,0.0,0.06,0.0,0.0,0.32,0.02,0.06,0.01,0.0,0.01,0.0,0.42,0.0,0.0,0.0,0.02,0,0.0,0.0,0.0,0.69,0.0,0.0,0.01,0.0,0.32,0.0,0.0,0.01,0.0,0.0,0.0,0.0,0.0,0.0,28.38,0.0,0.0,0.0,0.0,0.0,0.0,0.0,0.0,0.26,0.0,0.0,0.0,0.0,0.0,0.01,0.0,0.03,0.0,0.2
89,772.02,0.0,0.22,0.0,0.17,0.38,0.02,0.0,0.0,0.4,0.0,0.0,0.0,1.01,0.01,0.0,0.18,0.0,0.0,0.0,0.0,0.0,0.05,0.0,0.0,0.31,0.01,0.12,0.01,0.0,0.01,0.0,0.45,0.0,0.0,0.0,0.01,0,0.0,0.0,0.0,0.72,0.0,0.0,0.01,0.0,0.31,0.0,0.0,0.01,0.0,0.0,0.0,0.0,0.0,0.0,22.36,0.0,0.0,0.0,0.0,0.0,0.0,0.0,0.0,0.26,0.0,0.0,0.0,0.0,0.0,0.02,0.0,0.03,0.0,0.19
90,772.46,0.0,0.21,0.0,0.16,0.39,0.03,0.0,0.0,0.37,0.0,0.0,0.0,1.01,0.01,0.0,0.15,0.0,0.0,0.0,0.0,0.0,0.05,0.0,0.0,0.3,0.02,0.07,0.01,0.0,0.01,0.0,0.36,0.0,0.0,0.0,0.02,0,0.01,0.0,0.0,0.7,0.0,0.0,0.01,0.0,0.32,0.0,0.0,0.01,0.0,0.0,0.0,0.0,0.0,0.0,23.84,0.0,0.0,0.0,0.0,0.0,0.0,0.0,0.0,0.24,0.0,0.0,0.0,0.0,0.0,0.02,0.0,0.03,0.0,0.19
91,774.35,0.0,0.21,0.0,0.15,0.36,0.02,0.0,0.0,0.0,0.0,0.0,0.0,0.99,0.01,0.0,0.19,0.0,0.0,0.0,0.0,0.0,0.06,0.0,0.0,0.3,0.02,0.05,0.01,0.0,0.01,0.0,0.43,0.0,0.0,0.0,0.01,0,0.0,0.0,0.0,0.7,0.0,0.0,0.01,0.0,0.3,0.0,0.01,0.01,0.0,0.0,0.0,0.0,0.0,0.0,23.64,0.0,0.0,0.0,0.0,0.0,0.0,0.0,0.0,0.27,0.0,0.0,0.0,0.0,0.0,0.01,0.0,0.03,0.0,0.21
92,768.34,0.0,0.22,0.0,0.1,0.37,0.02,0.0,0.0,0.33,0.0,0.0,0.0,1.03,0.01,0.0,0.17,0.0,0.0,0.0,0.0,0.0,0.06,0.0,0.0,0.32,0.01,0.12,0.01,0.0,0.01,0.0,0.23,0.0,0.0,0.0,0.01,0,0.0,0.0,0.0,0.67,0.0,0.0,0.01,0.0,0.28,0.0,0.0,0.01,0.0,0.0,0.0,0.0,0.0,0.0,24.42,0.0,0.0,0.0,0.0,0.0,0.0,0.0,0.0,0.27,0.0,0.0,0.0,0.0,0.0,0.02,0.0,0.03,0.0,0.19
93,774.2,0.0,0.22,0.0,0.15,0.36,0.01,0.0,0.0,0.31,0.0,0.0,0.0,1.02,0.01,0.0,0.2,0.0,0.0,0.0,0.0,0.0,0.05,0.0,0.0,0.31,0.02,0.06,0.01,0.0,0.01,0.0,0.43,0.0,0.0,0.0,0.01,0,0.0,0.0,0.0,0.75,0.0,0.0,0.01,0.0,0.3,0.0,0.01,0.01,0.0,0.0,0.0,0.0,0.0,0.0,23.22,0.0,0.0,0.0,0.0,0.0,0.0,0.0,0.0,0.26,0.0,0.0,0.0,0.0,0.0,0.02,0.0,0.03,0.0,0.18
94,771.87,0.0,0.21,0.0,0.17,0.38,0.04,0.0,0.0,0.32,0.0,0.0,0.0,1.04,0.01,0.0,0.19,0.0,0.0,0.0,0.0,0.0,0.06,0.0,0.0,0.33,0.02,0.06,0.01,0.0,0.01,0.0,0.45,0.0,0.0,0.0,0.02,0,0.0,0.0,0.0,0.73,0.0,0.0,0.01,0.0,0.31,0.0,0.0,0.01,0.0,0.0,0.0,0.0,0.0,0.0,20.55,0.0,0.0,0.0,0.0,0.0,0.0,0.0,0.0,0.25,0.0,0.0,0.0,0.0,0.0,0.02,0.0,0.02,0.0,0.19
95,769.01,0.0,0.22,0.0,0.17,0.39,0.02,0.0,0.0,0.3,0.0,0.0,0.0,1.03,0.01,0.0,0.18,0.0,0.0,0.0,0.0,0.0,0.06,0.0,0.0,0.29,0.02,0.06,0.01,0.0,0.01,0.0,0.47,0.0,0.0,0.0,0.01,0,0.01,0.0,0.0,0.71,0.0,0.0,0.01,0.0,0.33,0.0,0.01,0.01,0.0,0.0,0.0,0.0,0.0,0.0,29.55,0.0,0.0,0.0,0.0,0.0,0.0,0.0,0.0,0.24,0.0,0.0,0.0,0.0,0.0,0.02,0.0,0.02,0.0,0.22
96,770.19,0.0,0.19,0.0,0.18,0.42,0.02,0.0,0.0,0.0,0.0,0.0,0.0,1.01,0.01,0.0,0.16,0.0,0.0,0.0,0.0,0.0,0.06,0.0,0.0,0.31,0.02,0.14,0.02,0.0,0.01,0.0,0.31,0.0,0.0,0.0,0.02,0,0.01,0.0,0.0,0.69,0.0,0.0,0.01,0.0,0.33,0.0,0.0,0.01,0.0,0.0,0.0,0.0,0.0,0.0,22.08,0.0,0.0,0.0,0.0,0.0,0.0,0.0,0.0,0.27,0.0,0.0,0.0,0.0,0.0,0.02,0.0,0.03,0.0,0.15
97,772.64,0.0,0.24,0.0,0.17,0.41,0.02,0.0,0.0,0.37,0.0,0.0,0.0,1.04,0.01,0.0,0.17,0.0,0.0,0.0,0.0,0.0,0.05,0.0,0.0,0.33,0.01,0.07,0.01,0.0,0.01,0.0,0.41,0.0,0.0,0.0,0.01,0,0.01,0.0,0.0,0.77,0.0,0.0,0.01,0.0,0.36,0.0,0.01,0.01,0.0,0.0,0.0,0.0,0.0,0.0,24.5,0.0,0.0,0.0,0.0,0.0,0.0,0.0,0.0,0.25,0.0,0.0,0.0,0.0,0.0,0.02,0.0,0.02,0.0,0.22
98,771.76,0.0,0.19,0.0,0.17,0.4,0.03,0.0,0.0,0.47,0.0,0.0,0.0,0.99,0.01,0.0,0.16,0.0,0.0,0.0,0.0,0.0,0.06,0.0,0.0,0.28,0.02,0.06,0.01,0.0,0.01,0.0,0.47,0.0,0.0,0.0,0.02,0,0.01,0.0,0.0,0.68,0.0,0.0,0.01,0.0,0.33,0.0,0.0,0.01,0.0,0.0,0.0,0.0,0.0,0.0,21.28,0.0,0.0,0.0,0.0,0.0,0.0,0.0,0.0,0.25,0.0,0.0,0.0,0.0,0.0,0.02,0.0,0.02,0.0,0.19
99,773.44,0.0,0.24,0.0,0.19,0.44,0.02,0.0,0.0,0.0,0.0,0.0,0.0,1.02,0.01,0.0,0.17,0.0,0.0,0.0,0.0,0.0,0.05,0.0,0.0,0.33,0.02,0.07,0.01,0.0,0.01,0.0,0.51,0.0,0.0,0.0,0.01,0,0.01,0.0,0.0,0.76,0.0,0.0,0.01,0.0,0.38,0.0,0.0,0.01,0.0,0.0,0.0,0.0,0.0,0.0,25.93,0.0,0.0,0.0,0.0,0.0,0.0,0.0,0.0,0.27,0.0,0.0,0.0,0.0,0.0,0.02,0.0,0.02,0.0,0.2
100,766.21,0.0,0.21,0.0,0.18,0.42,0.03,0.0,0.0,0.43,0.0,0.0,0.0,1.05,0.01,0.0,0.16,0.0,0.0,0.0,0.0,0.0,0.05,0.0,0.0,0.31,0.02,0.05,0.01,0.0,0.01,0.0,0.47,0.0,0.0,0.0,0.02,0,0.01,0.0,0.0,0.68,0.0,0.0,0.01,0.0,0.34,0.0,0.0,0.01,0.0,0.0,0.0,0.0,0.0,0.0,24.26,0.0,0.0,0.0,0.0,0.0,0.0,0.0,0.0,0.26,0.0,0.0,0.0,0.0,0.0,0.02,0.0,0.02,0.0,0.19
101,773.42,0.0,0.23,0.0,0.15,0.41,0.02,0.0,0.0,0.32,0.0,0.0,0.0,0.98,0.01,0.0,0.16,0.0,0.0,0.0,0.0,0.0,0.05,0.0,0.0,0.29,0.01,0.07,0.01,0.0,0.01,0.0,0.3,0.0,0.0,0.0,0.01,0,0.01,0.0,0.0,0.73,0.0,0.0,0.01,0.0,0.33,0.0,0.01,0.01,0.0,0.0,0.0,0.0,0.0,0.0,22.14,0.0,0.0,0.0,0.0,0.0,0.0,0.0,0.0,0.24,0.0,0.0,0.0,0.0,0.0,0.02,0.0,0.02,0.0,0.21
102,773.33,0.0,0.21,0.0,0.09,0.39,0.01,0.0,0.0,0.05,0.0,0.0,0.0,1.01,0.01,0.0,0.15,0.0,0.0,0.0,0.0,0.0,0.06,0.0,0.0,0.31,0.02,0.13,0.01,0.0,0.01,0.0,0.33,0.0,0.0,0.0,0.02,0,0.0,0.0,0.0,0.66,0.0,0.0,0.01,0.0,0.34,0.0,0.01,0.01,0.0,0.0,0.0,0.0,0.0,0.0,22.57,0.0,0.0,0.0,0.0,0.0,0.0,0.0,0.0,0.28,0.0,0.0,0.0,0.0,0.0,0.02,0.0,0.04,0.0,0.2
103,773.01,0.0,0.21,0.0,0.17,0.42,0.03,0.0,0.0,0.59,0.0,0.0,0.0,1.03,0.01,0.0,0.18,0.0,0.0,0.0,0.0,0.0,0.05,0.0,0.0,0.31,0.02,0.08,0.01,0.0,0.01,0.0,0.25,0.0,0.0,0.0,0.01,0,0.01,0.0,0.0,0.75,0.0,0.0,0.01,0.0,0.35,0.0,0.0,0.01,0.0,0.0,0.0,0.0,0.0,0.0,22.73,0.0,0.0,0.0,0.0,0.0,0.0,0.0,0.0,0.24,0.0,0.0,0.0,0.0,0.0,0.02,0.0,0.03,0.0,0.17
104,767.63,0.0,0.21,0.0,0.18,0.42,0.04,0.0,0.0,0.35,0.0,0.0,0.0,0.92,0.01,0.0,0.2,0.0,0.0,0.0,0.0,0.0,0.06,0.0,0.0,0.3,0.02,0.08,0.01,0.0,0.01,0.0,0.36,0.0,0.0,0.0,0.02,0,0.01,0.0,0.0,0.69,0.0,0.0,0.01,0.0,0.34,0.0,0.0,0.01,0.0,0.0,0.0,0.0,0.0,0.0,28.92,0.0,0.0,0.0,0.0,0.0,0.0,0.0,0.0,0.23,0.0,0.0,0.0,0.0,0.0,0.02,0.0,0.03,0.0,0.18
105,773.64,0.0,0.21,0.0,0.16,0.36,0.01,0.0,0.0,0.05,0.0,0.0,0.0,0.97,0.01,0.0,0.16,0.0,0.0,0.0,0.0,0.0,0.05,0.0,0.0,0.28,0.02,0.06,0.01,0.0,0.01,0.0,0.39,0.0,0.0,0.0,0.01,0,0.01,0.0,0.0,0.69,0.0,0.0,0.01,0.0,0.33,0.0,0.0,0.01,0.0,0.0,0.0,0.0,0.0,0.0,20.54,0.0,0.0,0.0,0.0,0.0,0.0,0.0,0.0,0.24,0.0,0.0,0.0,0.0,0.0,0.02,0.0,0.02,0.0,0.2
106,771.59,0.0,0.2,0.0,0.17,0.38,0.02,0.0,0.0,0.39,0.0,0.0,0.0,0.95,0.01,0.0,0.15,0.0,0.0,0.0,0.0,0.0,0.06,0.0,0.0,0.27,0.02,0.12,0.01,0.0,0.01,0.0,0.31,0.0,0.0,0.0,0.01,0,0.0,0.0,0.0,0.63,0.0,0.0,0.01,0.0,0.32,0.0,0.0,0.01,0.0,0.0,0.0,0.0,0.0,0.0,23.57,0.0,0.0,0.0,0.0,0.0,0.0,0.0,0.0,0.26,0.0,0.0,0.0,0.0,0.0,0.02,0.0,0.02,0.0,0.2
107,772.16,0.0,0.2,0.0,0.18,0.43,0.03,0.0,0.0,0.54,0.0,0.0,0.0,1.03,0.01,0.0,0.17,0.0,0.0,0.0,0.0,0.0,0.05,0.0,0.0,0.33,0.01,0.09,0.01,0.0,0.01,0.0,0.49,0.0,0.0,0.0,0.01,0,0.01,0.0,0.0,0.78,0.0,0.0,0.01,0.0,0.36,0.0,0.01,0.01,0.0,0.0,0.0,0.0,0.0,0.0,23.04,0.0,0.0,0.0,0.0,0.0,0.0,0.0,0.0,0.28,0.0,0.0,0.0,0.0,0.0,0.02,0.0,0.03,0.0,0.21
108,767.54,0.0,0.24,0.0,0.16,0.38,0.02,0.0,0.0,0.05,0.0,0.0,0.0,1.08,0.01,0.0,0.19,0.0,0.0,0.0,0.0,0.0,0.06,0.0,0.0,0.36,0.02,0.07,0.01,0.0,0.01,0.0,0.28,0.0,0.0,0.0,0.01,0,0.0,0.0,0.0,0.96,0.0,0.0,0.01,0.0,0.35,0.0,0.0,0.01,0.0,0.0,0.0,0.0,0.0,0.0,27.9,0.0,0.0,0.0,0.0,0.0,0.0,0.0,0.0,0.34,0.0,0.0,0.0,0.0,0.0,0.02,0.0,0.03,0.0,0.2
109,772.16,0.0,0.24,0.0,0.1,0.4,0.04,0.0,0.0,0.57,0.0,0.0,0.0,1.03,0.01,0.0,0.18,0.0,0.0,0.0,0.0,0.0,0.06,0.0,0.0,0.34,0.02,0.07,0.01,0.0,0.01,0.0,0.42,0.0,0.0,0.0,0.01,0,0.01,0.0,0.0,0.76,0.0,0.0,0.01,0.0,0.34,0.0,0.01,0.01,0.0,0.0,0.0,0.0,0.0,0.0,22.45,0.0,0.0,0.0,0.0,0.0,0.0,0.0,0.0,0.27,0.0,0.0,0.0,0.0,0.0,0.02,0.0,0.02,0.0,0.22
110,772.33,0.0,0.2,0.0,0.18,0.44,0.04,0.0,0.0,0.53,0.0,0.0,0.0,1.02,0.01,0.0,0.17,0.0,0.0,0.0,0.0,0.0,0.05,0.0,0.0,0.31,0.02,0.07,0.01,0.0,0.01,0.0,0.32,0.0,0.0,0.0,0.01,0,0.01,0.0,0.0,0.76,0.0,0.0,0.01,0.0,0.34,0.0,0.0,0.01,0.0,0.0,0.0,0.0,0.0,0.0,22.18,0.0,0.0,0.0,0.0,0.0,0.0,0.0,0.0,0.27,0.0,0.0,0.0,0.0,0.0,0.02,0.0,0.03,0.0,0.23
111,769.51,0.0,0.23,0.01,0.21,0.39,0.02,0.0,0.0,0.28,0.0,0.0,0.0,1.06,0.01,0.0,0.2,0.0,0.0,0.0,0.0,0.0,0.06,0.0,0.0,0.33,0.21,0.59,0.01,0.13,0.01,0.0,0.28,0.0,0.0,0.0,0.01,0,0.0,0.0,0.0,0.74,0.0,0.0,0.01,0.0,0.33,0.0,0.0,0.01,0.0,0.0,0.0,0.0,0.0,0.0,26.38,0.0,0.0,0.0,0.0,0.0,0.0,0.0,0.0,0.27,0.0,0.0,0.0,0.0,0.0,0.02,0.0,0.02,0.0,0.19
112,769.96,0.0,0.25,0.0,0.13,0.4,0.03,0.0,0.0,0.36,0.0,0.0,0.0,1.07,0.01,0.0,0.16,0.0,0.0,0.0,0.0,0.0,0.06,0.0,0.0,0.32,0.01,0.07,0.01,0.0,0.01,0.0,0.44,0.0,0.0,0.0,0.01,0,0.01,0.0,0.0,0.76,0.0,0.0,0.01,0.0,0.33,0.0,0.01,0.01,0.0,0.0,0.0,0.0,0.0,0.0,21.6,0.0,0.0,0.0,0.0,0.0,0.0,0.0,0.0,0.26,0.0,0.0,0.0,0.0,0.0,0.02,0.0,0.03,0.0,0.19
113,779.4,0.0,0.22,0.0,0.13,0.34,0.03,0.0,0.0,0.24,0.0,0.0,0.0,1.05,0.01,0.0,0.19,0.0,0.0,0.0,0.0,0.0,0.07,0.0,0.0,0.31,0.02,0.05,0.01,0.0,0.01,0.0,0.4,0.0,0.0,0.0,0.01,0,0.0,0.0,0.0,0.65,0.0,0.0,0.01,0.0,0.26,0.0,0.01,0.01,0.0,0.0,0.0,0.0,0.0,0.0,16.46,0.0,0.0,0.0,0.0,0.0,0.0,0.0,0.0,0.27,0.0,0.0,0.0,0.0,0.0,0.01,0.0,0.04,0.0,0.22
114,779.65,0.0,0.24,0.0,0.11,0.39,0.01,0.0,0.0,0.0,0.0,0.0,0.0,1.13,0.01,0.0,0.2,0.0,0.0,0.0,0.0,0.0,0.06,0.0,0.0,0.37,0.02,0.08,0.01,0.0,0.01,0.0,0.38,0.0,0.0,0.0,0.02,0,0.0,0.0,0.0,0.87,0.0,0.0,0.01,0.0,0.33,0.0,0.0,0.01,0.0,0.0,0.0,0.0,0.0,0.0,15.4,0.0,0.0,0.0,0.0,0.0,0.0,0.0,0.0,0.32,0.0,0.0,0.0,0.0,0.0,0.02,0.0,0.04,0.0,0.2
115,779.65,0.0,0.19,0.0,0.19,0.47,0.03,0.0,0.0,0.47,0.0,0.0,0.0,1.04,0.01,0.0,0.16,0.0,0.0,0.0,0.0,0.0,0.05,0.0,0.0,0.3,0.02,0.11,0.01,0.0,0.01,0.0,0.33,0.0,0.0,0.0,0.01,0,0.01,0.0,0.0,0.74,0.0,0.0,0.01,0.0,0.36,0.0,0.01,0.01,0.0,0.0,0.0,0.0,0.0,0.0,15.52,0.0,0.0,0.0,0.0,0.0,0.0,0.0,0.0,0.24,0.0,0.0,0.0,0.0,0.0,0.02,0.0,0.03,0.0,0.21
116,776.49,0.0,0.23,0.0,0.16,0.38,0.04,0.0,0.0,0.32,0.0,0.0,0.0,1.05,0.01,0.0,0.18,0.0,0.0,0.0,0.0,0.0,0.07,0.0,0.0,0.33,0.01,0.06,0.01,0.0,0.01,0.0,0.44,0.0,0.0,0.0,0.02,0,0.0,0.0,0.0,0.72,0.0,0.0,0.01,0.0,0.3,0.0,0.01,0.01,0.0,0.0,0.0,0.0,0.0,0.0,19.68,0.0,0.0,0.0,0.0,0.0,0.0,0.0,0.0,0.29,0.0,0.0,0.0,0.0,0.0,0.02,0.0,0.03,0.0,0.17
117,777.66,0.0,0.26,0.0,0.11,0.41,0.02,0.0,0.0,0.46,0.0,0.0,0.0,1.1,0.01,0.0,0.19,0.0,0.0,0.0,0.0,0.0,0.06,0.0,0.0,0.33,0.02,0.08,0.01,0.0,0.01,0.0,0.27,0.0,0.0,0.0,0.01,0,0.01,0.0,0.0,0.74,0.0,0.0,0.01,0.0,0.34,0.0,0.0,0.01,0.0,0.0,0.0,0.0,0.0,0.0,16.88,0.0,0.0,0.0,0.0,0.0,0.0,0.0,0.0,0.27,0.0,0.0,0.0,0.0,0.0,0.02,0.0,0.03,0.0,0.19
118,773.27,0.0,0.22,0.0,0.15,0.35,0.02,0.0,0.0,0.0,0.0,0.0,0.0,1.01,0.01,0.0,0.18,0.0,0.0,0.0,0.0,0.0,0.06,0.0,0.0,0.31,0.02,0.06,0.01,0.0,0.01,0.0,0.32,0.0,0.0,0.0,0.02,0,0.0,0.0,0.0,0.73,0.0,0.0,0.01,0.0,0.3,0.0,0.01,0.01,0.0,0.0,0.0,0.0,0.0,0.0,22.77,0.0,0.0,0.0,0.0,0.0,0.0,0.0,0.0,0.27,0.0,0.0,0.0,0.0,0.0,0.02,0.0,0.04,0.0,0.22
119,770.96,0.0,0.21,0.0,0.11,0.33,0.03,0.0,0.0,0.35,0.0,0.0,0.0,1.04,0.01,0.0,0.2,0.0,0.0,0.0,0.0,0.0,0.06,0.0,0.0,0.35,0.02,0.12,0.01,0.0,0.01,0.0,0.38,0.0,0.0,0.0,0.01,0,0.0,0.0,0.0,0.77,0.0,0.0,0.01,0.0,0.29,0.0,0.0,0.01,0.0,0.0,0.0,0.0,0.0,0.0,26.52,0.0,0.0,0.0,0.0,0.0,0.0,0.0,0.0,0.27,0.0,0.0,0.0,0.0,0.0,0.01,0.0,0.02,0.0,0.17
120,768.67,0.0,0.23,0.0,0.18,0.42,0.03,0.0,0.0,0.49,0.0,0.0,0.0,1.04,0.01,0.0,0.18,0.0,0.0,0.0,0.0,0.0,0.06,0.0,0.0,0.29,0.01,0.08,0.01,0.0,0.01,0.0,0.5,0.0,0.0,0.0,0.02,0,0.01,0.0,0.0,0.72,0.0,0.0,0.01,0.0,0.34,0.0,0.0,0.01,0.0,0.0,0.0,0.0,0.0,0.0,22.97,0.0,0.0,0.0,0.0,0.0,0.0,0.0,0.0,0.26,0.0,0.0,0.0,0.0,0.0,0.02,0.0,0.03,0.0,0.22
121,773.25,0.0,0.2,0.0,0.14,0.46,0.01,0.0,0.0,0.0,0.0,0.0,0.0,1.03,0.01,0.0,0.17,0.0,0.0,0.0,0.0,0.0,0.06,0.0,0.0,0.32,0.02,0.08,0.01,0.0,0.01,0.0,0.27,0.0,0.0,0.0,0.01,0,0.01,0.0,0.0,0.73,0.0,0.0,0.01,0.0,0.35,0.0,0.0,0.01,0.0,0.0,0.0,0.0,0.0,0.0,20.6,0.0,0.0,0.0,0.0,0.0,0.0,0.0,0.0,0.26,0.0,0.0,0.0,0.0,0.0,0.01,0.0,0.02,0.0,0.19
122,779.77,0.0,0.25,0.0,0.17,0.4,0.04,0.0,0.0,0.57,0.0,0.0,0.0,1.11,0.01,0.0,0.2,0.0,0.0,0.0,0.0,0.0,0.06,0.0,0.0,0.35,0.02,0.07,0.01,0.0,0.01,0.0,0.31,0.0,0.0,0.0,0.02,0,0.01,0.0,0.0,0.8,0.0,0.0,0.01,0.0,0.33,0.0,0.01,0.01,0.0,0.0,0.0,0.0,0.0,0.0,15.22,0.0,0.0,0.0,0.0,0.0,0.0,0.0,0.0,0.32,0.0,0.0,0.0,0.0,0.0,0.01,0.0,0.05,0.0,0.15
123,781.33,0.0,0.24,0.0,0.08,0.39,0.03,0.0,0.0,0.65,0.0,0.0,0.0,1.12,0.01,0.0,0.24,0.0,0.0,0.0,0.0,0.0,0.06,0.0,0.0,0.36,0.02,0.12,0.01,0.0,0.01,0.0,0.46,0.0,0.0,0.0,0.01,0,0.0,0.0,0.0,0.89,0.0,0.0,0.01,0.0,0.32,0.0,0.0,0.01,0.0,0.0,0.0,0.0,0.0,0.0,16.09,0.0,0.0,0.0,0.0,0.0,0.0,0.0,0.0,0.28,0.0,0.0,0.0,0.0,0.0,0.02,0.0,0.04,0.0,0.22
124,777.41,0.0,0.21,0.0,0.17,0.39,0.03,0.0,0.0,0.35,0.0,0.0,0.0,1.07,0.01,0.0,0.16,0.0,0.0,0.0,0.0,0.0,0.07,0.0,0.0,0.34,0.02,0.08,0.01,0.0,0.01,0.0,0.29,0.0,0.0,0.0,0.01,0,0.0,0.0,0.0,0.67,0.0,0.0,0.01,0.0,0.31,0.0,0.0,0.01,0.0,0.0,0.0,0.0,0.0,0.0,15.63,0.0,0.0,0.0,0.0,0.0,0.0,0.0,0.0,0.31,0.0,0.0,0.0,0.0,0.0,0.02,0.0,0.04,0.0,0.21
125,780.46,0.0,0.23,0.0,0.17,0.4,0.01,0.0,0.0,0.0,0.0,0.0,0.0,1.16,0.01,0.0,0.2,0.0,0.0,0.0,0.0,0.0,0.06,0.0,0.0,0.38,0.02,0.07,0.01,0.0,0.01,0.0,0.31,0.0,0.0,0.0,0.01,0,0.0,0.0,0.0,0.9,0.0,0.0,0.01,0.0,0.34,0.0,0.0,0.01,0.0,0.0,0.0,0.0,0.0,0.0,13.45,0.0,0.0,0.0,0.0,0.0,0.0,0.0,0.0,0.31,0.0,0.0,0.0,0.0,0.0,0.02,0.0,0.03,0.0,0.19
126,780.48,0.0,0.23,0.0,0.17,0.4,0.02,0.0,0.0,0.51,0.0,0.0,0.0,1.21,0.01,0.0,0.23,0.0,0.0,0.0,0.0,0.0,0.06,0.0,0.0,0.4,0.01,0.06,0.01,0.0,0.01,0.0,0.32,0.0,0.0,0.0,0.02,0,0.01,0.0,0.0,0.89,0.0,0.0,0.01,0.0,0.37,0.0,0.0,0.01,0.0,0.0,0.0,0.0,0.0,0.0,14.38,0.0,0.0,0.0,0.0,0.0,0.0,0.0,0.0,0.3,0.0,0.0,0.0,0.0,0.0,0.02,0.0,0.04,0.0,0.2
127,779.91,0.0,0.22,0.0,0.17,0.4,0.02,0.0,0.0,0.28,0.0,0.0,0.0,1.06,0.01,0.0,0.18,0.0,0.0,0.0,0.0,0.0,0.06,0.0,0.0,0.33,0.02,0.13,0.02,0.0,0.01,0.0,0.3,0.0,0.0,0.0,0.01,0,0.0,0.0,0.0,0.75,0.0,0.0,0.01,0.0,0.32,0.0,0.01,0.01,0.0,0.0,0.0,0.0,0.0,0.0,18.24,0.0,0.0,0.0,0.0,0.0,0.0,0.0,0.0,0.29,0.0,0.0,0.0,0.0,0.0,0.02,0.0,0.03,0.0,0.26
128,776.66,0.0,0.23,0.0,0.1,0.41,0.04,0.0,0.0,0.39,0.0,0.0,0.0,1.17,0.01,0.0,0.17,0.0,0.0,0.0,0.0,0.0,0.07,0.0,0.0,0.34,0.01,0.09,0.01,0.0,0.01,0.0,0.38,0.0,0.0,0.0,0.02,0,0.0,0.0,0.0,0.81,0.0,0.0,0.01,0.0,0.34,0.0,0.01,0.01,0.0,0.0,0.0,0.0,0.0,0.0,16.03,0.0,0.0,0.0,0.0,0.0,0.0,0.0,0.0,0.32,0.0,0.0,0.0,0.0,0.0,0.02,0.0,0.05,0.0,0.2
129,775.77,0.0,0.25,0.0,0.19,0.47,0.01,0.0,0.0,0.0,0.0,0.0,0.0,1.32,0.01,0.0,0.27,0.0,0.0,0.0,0.0,0.0,0.06,0.0,0.0,0.44,0.02,0.07,0.01,0.0,0.01,0.0,0.35,0.0,0.0,0.0,0.01,0,0.01,0.0,0.0,0.95,0.0,0.0,0.01,0.0,0.38,0.0,0.0,0.01,0.0,0.0,0.0,0.0,0.0,0.0,19.25,0.0,0.0,0.0,0.0,0.0,0.0,0.0,0.0,0.32,0.0,0.0,0.0,0.0,0.0,0.02,0.0,0.04,0.0,0.22
130,771.31,0.0,0.22,0.0,0.16,0.38,0.02,0.0,0.0,0.4,0.0,0.0,0.0,1.02,0.01,0.0,0.17,0.0,0.0,0.0,0.0,0.0,0.05,0.0,0.0,0.32,0.02,0.06,0.01,0.0,0.01,0.0,0.39,0.0,0.0,0.0,0.01,0,0.0,0.0,0.0,0.74,0.0,0.0,0.01,0.0,0.31,0.0,0.0,0.01,0.0,0.0,0.0,0.0,0.0,0.0,22.75,0.0,0.0,0.0,0.0,0.0,0.0,0.0,0.0,0.25,0.0,0.0,0.0,0.0,0.0,0.02,0.0,0.03,0.0,0.2
131,774.64,0.0,0.22,0.0,0.16,0.39,0.04,0.0,0.0,0.26,0.0,0.0,0.0,0.99,0.01,0.0,0.16,0.0,0.0,0.0,0.0,0.0,0.06,0.0,0.0,0.3,0.02,0.07,0.01,0.0,0.01,0.0,0.29,0.0,0.0,0.0,0.01,0,0.01,0.0,0.0,0.65,0.0,0.0,0.01,0.0,0.31,0.0,0.01,0.01,0.0,0.0,0.0,0.0,0.0,0.0,24.61,0.0,0.0,0.0,0.0,0.0,0.0,0.0,0.0,0.28,0.0,0.0,0.0,0.0,0.0,0.01,0.0,0.03,0.0,0.19
132,767.97,0.0,0.24,0.0,0.17,0.42,0.01,0.0,0.0,0.06,0.0,0.0,0.0,1.03,0.01,0.0,0.16,0.0,0.0,0.0,0.0,0.0,0.06,0.0,0.0,0.32,0.01,0.14,0.01,0.0,0.01,0.0,0.31,0.0,0.0,0.0,0.02,0,0.01,0.0,0.0,0.74,0.0,0.0,0.01,0.0,0.35,0.0,0.0,0.01,0.0,0.0,0.0,0.0,0.0,0.0,25.72,0.0,0.0,0.0,0.0,0.0,0.0,0.0,0.0,0.25,0.0,0.0,0.0,0.0,0.0,0.02,0.0,0.02,0.0,0.2
133,772.82,0.0,0.21,0.0,0.09,0.37,0.02,0.0,0.0,0.26,0.0,0.0,0.0,1.0,0.01,0.0,0.18,0.0,0.0,0.0,0.0,0.0,0.05,0.0,0.0,0.29,0.02,0.08,0.01,0.0,0.01,0.0,0.28,0.0,0.0,0.0,0.01,0,0.01,0.0,0.0,0.61,0.0,0.0,0.01,0.0,0.29,0.0,0.0,0.01,0.0,0.0,0.0,0.0,0.0,0.0,20.72,0.0,0.0,0.0,0.0,0.0,0.0,0.0,0.0,0.23,0.0,0.0,0.0,0.0,0.0,0.01,0.0,0.02,0.0,0.19
134,772.79,0.0,0.22,0.0,0.09,0.38,0.02,0.0,0.0,0.41,0.0,0.0,0.0,1.02,0.01,0.0,0.16,0.0,0.0,0.0,0.0,0.0,0.05,0.0,0.0,0.3,0.02,0.05,0.01,0.0,0.01,0.0,0.28,0.0,0.0,0.0,0.01,0,0.0,0.0,0.0,0.75,0.0,0.0,0.01,0.0,0.32,0.0,0.01,0.01,0.0,0.0,0.0,0.0,0.0,0.0,23.57,0.0,0.0,0.0,0.0,0.0,0.0,0.0,0.0,0.29,0.0,0.0,0.0,0.0,0.0,0.02,0.0,0.03,0.0,0.2
135,767.44,0.0,0.2,0.02,0.3,0.41,0.04,0.0,0.0,0.34,0.0,0.0,0.0,1.07,0.01,0.0,0.2,0.0,0.0,0.0,0.0,0.0,0.06,0.0,0.0,0.34,0.13,0.24,0.01,0.03,0.01,0.0,0.49,0.0,0.01,0.0,0.01,0,0.0,0.0,0.0,0.75,0.0,0.0,0.01,0.0,0.33,0.0,0.0,0.01,0.0,0.0,0.0,0.0,0.0,0.0,27.85,0.0,0.0,0.0,0.0,0.0,0.0,0.0,0.0,0.22,0.0,0.0,0.0,0.0,0.0,0.01,0.0,0.02,0.0,0.21
136,770.51,0.0,0.22,0.0,0.15,0.36,0.02,0.0,0.0,0.32,0.0,0.0,0.0,0.96,0.01,0.0,0.15,0.0,0.0,0.0,0.0,0.0,0.05,0.0,0.0,0.27,0.02,0.13,0.01,0.0,0.01,0.0,0.43,0.0,0.0,0.0,0.01,0,0.0,0.0,0.0,0.63,0.0,0.0,0.01,0.0,0.29,0.0,0.0,0.01,0.0,0.0,0.0,0.0,0.0,0.0,23.3,0.0,0.0,0.0,0.0,0.0,0.0,0.0,0.0,0.26,0.0,0.0,0.0,0.0,0.0,0.02,0.0,0.02,0.0,0.19
137,772.83,0.0,0.24,0.0,0.19,0.44,0.02,0.0,0.0,0.0,0.0,0.0,0.0,1.04,0.01,0.0,0.17,0.0,0.0,0.0,0.0,0.0,0.06,0.0,0.0,0.33,0.02,0.08,0.01,0.0,0.01,0.0,0.51,0.0,0.0,0.0,0.01,0,0.01,0.0,0.0,0.81,0.0,0.0,0.01,0.0,0.35,0.0,0.01,0.01,0.0,0.0,0.0,0.0,0.0,0.0,22.54,0.0,0.0,0.0,0.0,0.0,0.0,0.0,0.0,0.26,0.0,0.0,0.0,0.0,0.0,0.01,0.0,0.02,0.0,0.18
138,774.46,0.0,0.21,0.0,0.16,0.39,0.02,0.0,0.0,0.26,0.0,0.0,0.0,1.01,0.01,0.0,0.17,0.0,0.0,0.0,0.0,0.0,0.06,0.0,0.0,0.28,0.01,0.07,0.01,0.0,0.01,0.0,0.46,0.0,0.0,0.0,0.02,0,0.0,0.0,0.0,0.69,0.0,0.0,0.01,0.0,0.32,0.0,0.0,0.01,0.0,0.0,0.0,0.0,0.0,0.0,21.34,0.0,0.0,0.0,0.0,0.0,0.0,0.0,0.0,0.25,0.0,0.0,0.0,0.0,0.0,0.02,0.0,0.03,0.0,0.19
139,771.76,0.0,0.21,0.0,0.13,0.37,0.03,0.0,0.0,0.26,0.0,0.0,0.0,1.0,0.01,0.0,0.18,0.0,0.0,0.0,0.0,0.0,0.06,0.0,0.0,0.32,0.02,0.09,0.01,0.0,0.01,0.0,0.37,0.0,0.0,0.0,0.01,0,0.0,0.0,0.0,0.73,0.0,0.0,0.01,0.0,0.29,0.0,0.01,0.01,0.0,0.0,0.0,0.0,0.0,0.0,23.21,0.0,0.0,0.0,0.0,0.0,0.0,0.0,0.0,0.27,0.0,0.0,0.0,0.0,0.0,0.01,0.0,0.02,0.0,0.22
140,771.62,0.0,0.2,0.0,0.13,0.43,0.03,0.0,0.0,0.3,0.0,0.0,0.0,1.04,0.01,0.0,0.16,0.0,0.0,0.0,0.0,0.0,0.06,0.0,0.0,0.3,0.02,0.1,0.01,0.0,0.01,0.0,0.3,0.0,0.0,0.0,0.02,0,0.01,0.0,0.0,0.7,0.0,0.0,0.01,0.0,0.34,0.0,0.01,0.01,0.0,0.0,0.0,0.0,0.0,0.0,24.06,0.0,0.0,0.0,0.0,0.0,0.0,0.0,0.0,0.26,0.0,0.0,0.0,0.0,0.0,0.02,0.0,0.02,0.0,0.2
141,774.09,0.0,0.24,0.0,0.19,0.43,0.01,0.0,0.0,0.0,0.0,0.0,0.0,1.03,0.01,0.0,0.17,0.0,0.0,0.0,0.0,0.0,0.05,0.0,0.0,0.32,0.02,0.08,0.01,0.0,0.0,0.0,0.31,0.0,0.0,0.0,0.01,0,0.01,0.0,0.0,0.71,0.0,0.0,0.01,0.0,0.35,0.0,0.01,0.01,0.0,0.0,0.0,0.0,0.0,0.0,22.01,0.0,0.0,0.0,0.0,0.0,0.0,0.0,0.0,0.27,0.0,0.0,0.0,0.0,0.0,0.02,0.0,0.03,0.0,0.22
142,772.69,0.0,0.2,0.0,0.14,0.42,0.02,0.0,0.0,0.36,0.0,0.0,0.0,1.08,0.01,0.0,0.21,0.0,0.0,0.0,0.0,0.0,0.06,0.0,0.0,0.33,0.02,0.07,0.01,0.0,0.01,0.0,0.3,0.0,0.0,0.0,0.02,0,0.01,0.0,0.0,0.72,0.0,0.0,0.01,0.0,0.33,0.0,0.01,0.01,0.0,0.0,0.0,0.0,0.0,0.0,22.22,0.0,0.0,0.0,0.0,0.0,0.0,0.0,0.0,0.25,0.0,0.0,0.0,0.0,0.0,0.02,0.0,0.02,0.0,0.21
143,774.23,0.0,0.22,0.0,0.16,0.39,0.04,0.0,0.0,0.49,0.0,0.0,0.0,0.96,0.01,0.0,0.15,0.0,0.0,0.0,0.0,0.0,0.06,0.0,0.0,0.29,0.02,0.06,0.01,0.0,0.01,0.0,0.45,0.0,0.0,0.0,0.01,0,0.01,0.0,0.0,0.71,0.0,0.0,0.01,0.0,0.31,0.0,0.0,0.01,0.0,0.0,0.0,0.0,0.0,0.0,24.18,0.0,0.0,0.0,0.0,0.0,0.0,0.0,0.0,0.24,0.0,0.0,0.0,0.0,0.0,0.01,0.0,0.02,0.0,0.19
144,770.25,0.0,0.24,0.0,0.12,0.39,0.02,0.0,0.0,0.41,0.0,0.0,0.0,1.0,0.01,0.0,0.15,0.0,0.0,0.0,0.0,0.0,0.05,0.0,0.0,0.31,0.01,0.06,0.01,0.0,0.01,0.0,0.46,0.0,0.0,0.0,0.02,0,0.01,0.0,0.0,0.75,0.0,0.0,0.01,0.0,0.33,0.0,0.0,0.01,0.0,0.0,0.0,0.0,0.0,0.0,22.46,0.0,0.0,0.0,0.0,0.0,0.0,0.0,0.0,0.28,0.0,0.0,0.0,0.0,0.0,0.02,0.0,0.03,0.0,0.22
145,771.69,0.0,0.2,0.0,0.19,0.44,0.01,0.0,0.0,0.0,0.0,0.0,0.0,1.06,0.01,0.0,0.16,0.0,0.0,0.0,0.0,0.0,0.05,0.0,0.0,0.32,0.02,0.14,0.02,0.0,0.01,0.0,0.32,0.0,0.0,0.0,0.01,0,0.01,0.0,0.0,0.74,0.0,0.0,0.01,0.0,0.35,0.0,0.01,0.01,0.0,0.0,0.0,0.0,0.0,0.0,21.98,0.0,0.0,0.0,0.0,0.0,0.0,0.0,0.0,0.26,0.0,0.0,0.0,0.0,0.0,0.02,0.0,0.02,0.0,0.23
146,772.29,0.0,0.22,0.0,0.16,0.38,0.04,0.0,0.0,0.28,0.0,0.0,0.0,1.04,0.01,0.0,0.2,0.0,0.0,0.0,0.0,0.0,0.06,0.0,0.0,0.31,0.02,0.07,0.01,0.0,0.01,0.0,0.44,0.0,0.0,0.0,0.02,0,0.01,0.0,0.0,0.76,0.0,0.0,0.01,0.0,0.3,0.0,0.0,0.01,0.0,0.0,0.0,0.0,0.0,0.0,22.66,0.0,0.0,0.0,0.0,0.0,0.0,0.0,0.0,0.27,0.0,0.0,0.0,0.0,0.0,0.02,0.0,0.03,0.0,0.16
147,772.08,0.0,0.24,0.0,0.19,0.43,0.03,0.0,0.0,0.67,0.0,0.0,0.0,0.99,0.01,0.0,0.15,0.0,0.0,0.0,0.0,0.0,0.05,0.0,0.0,0.31,0.02,0.07,0.01,0.0,0.01,0.0,0.51,0.0,0.0,0.0,0.01,0,0.01,0.0,0.0,0.72,0.0,0.0,0.01,0.0,0.36,0.0,0.01,0.02,0.0,0.0,0.0,0.0,0.0,0.0,22.56,0.0,0.0,0.0,0.0,0.0,0.0,0.0,0.0,0.22,0.0,0.0,0.0,0.0,0.0,0.02,0.0,0.02,0.0,0.19
148,770.45,0.0,0.21,0.0,0.15,0.35,0.03,0.0,0.0,0.27,0.0,0.0,0.0,0.98,0.01,0.0,0.17,0.0,0.0,0.0,0.0,0.0,0.06,0.0,0.0,0.3,0.02,0.07,0.01,0.0,0.01,0.0,0.41,0.0,0.0,0.0,0.01,0,0.0,0.0,0.0,0.72,0.0,0.0,0.01,0.0,0.27,0.0,0.01,0.01,0.0,0.0,0.0,0.0,0.0,0.0,26.41,0.0,0.0,0.0,0.0,0.0,0.0,0.0,0.0,0.29,0.0,0.0,0.0,0.0,0.0,0.02,0.0,0.03,0.0,0.16
149,772.29,0.0,0.22,0.0,0.17,0.39,0.01,0.0,0.0,0.0,0.0,0.0,0.0,1.06,0.01,0.0,0.18,0.0,0.0,0.0,0.0,0.0,0.05,0.0,0.0,0.31,0.02,0.12,0.01,0.0,0.01,0.0,0.42,0.0,0.0,0.0,0.01,0,0.01,0.0,0.0,0.73,0.0,0.0,0.01,0.0,0.32,0.0,0.01,0.01,0.0,0.0,0.0,0.0,0.0,0.0,22.06,0.0,0.0,0.0,0.0,0.0,0.0,0.0,0.0,0.25,0.0,0.0,0.0,0.0,0.0,0.02,0.0,0.02,0.0,0.15
150,773.06,0.0,0.21,0.0,0.16,0.38,0.02,0.0,0.0,0.45,0.0,0.0,0.0,0.99,0.01,0.0,0.14,0.0,0.0,0.0,0.0,0.0,0.06,0.0,0.0,0.3,0.01,0.07,0.01,0.0,0.01,0.0,0.46,0.0,0.0,0.0,0.02,0,0.0,0.0,0.0,0.72,0.0,0.0,0.01,0.0,0.32,0.0,0.0,0.01,0.0,0.0,0.0,0.0,0.0,0.0,21.49,0.0,0.0,0.0,0.0,0.0,0.0,0.0,0.0,0.26,0.0,0.0,0.0,0.0,0.0,0.02,0.0,0.03,0.0,0.2
151,773.55,0.0,0.21,0.0,0.16,0.37,0.04,0.0,0.0,0.32,0.0,0.0,0.0,0.99,0.01,0.0,0.17,0.0,0.0,0.0,0.0,0.0,0.06,0.0,0.0,0.29,0.02,0.05,0.01,0.0,0.01,0.0,0.27,0.0,0.0,0.0,0.01,0,0.0,0.0,0.0,0.68,0.0,0.0,0.01,0.0,0.3,0.0,0.01,0.01,0.0,0.0,0.0,0.0,0.0,0.0,24.18,0.0,0.0,0.0,0.0,0.0,0.0,0.0,0.0,0.23,0.0,0.0,0.0,0.0,0.0,0.02,0.0,0.02,0.0,0.18
152,769.44,0.0,0.2,0.0,0.17,0.42,0.02,0.0,0.0,0.35,0.0,0.0,0.0,1.03,0.01,0.0,0.15,0.0,0.0,0.0,0.0,0.0,0.05,0.0,0.0,0.31,0.02,0.07,0.01,0.0,0.01,0.0,0.3,0.0,0.0,0.0,0.02,0,0.01,0.0,0.0,0.73,0.0,0.0,0.01,0.0,0.33,0.0,0.0,0.01,0.0,0.0,0.0,0.0,0.0,0.0,25.13,0.0,0.0,0.0,0.0,0.0,0.0,0.0,0.0,0.27,0.0,0.0,0.0,0.0,0.0,0.02,0.0,0.03,0.0,0.22
153,773.21,0.0,0.22,0.0,0.15,0.35,0.01,0.0,0.0,0.0,0.0,0.0,0.0,1.03,0.01,0.0,0.2,0.0,0.0,0.0,0.0,0.0,0.05,0.0,0.0,0.31,0.02,0.11,0.01,0.0,0.01,0.0,0.27,0.0,0.0,0.0,0.01,0,0.0,0.0,0.0,0.67,0.0,0.0,0.01,0.0,0.3,0.0,0.01,0.01,0.0,0.0,0.0,0.0,0.0,0.0,21.08,0.0,0.0,0.0,0.0,0.0,0.0,0.0,0.0,0.25,0.0,0.0,0.0,0.0,0.0,0.02,0.0,0.02,0.0,0.2
154,770.92,0.0,0.23,0.0,0.19,0.43,0.03,0.0,0.0,0.61,0.0,0.0,0.0,1.01,0.01,0.0,0.15,0.0,0.0,0.0,0.0,0.0,0.06,0.0,0.0,0.31,0.02,0.07,0.01,0.0,0.01,0.0,0.26,0.0,0.0,0.0,0.02,0,0.01,0.0,0.0,0.71,0.0,0.0,0.01,0.0,0.37,0.0,0.0,0.01,0.0,0.0,0.0,0.0,0.0,0.0,24.59,0.0,0.0,0.0,0.0,0.0,0.0,0.0,0.0,0.24,0.0,0.0,0.0,0.0,0.0,0.01,0.0,0.02,0.0,0.22
155,773.56,0.0,0.19,0.0,0.17,0.4,0.03,0.0,0.0,0.3,0.0,0.0,0.0,0.98,0.01,0.0,0.16,0.0,0.0,0.0,0.0,0.0,0.06,0.0,0.0,0.32,0.02,0.08,0.01,0.0,0.01,0.0,0.48,0.0,0.0,0.0,0.01,0,0.01,0.0,0.0,0.72,0.0,0.0,0.01,0.0,0.33,0.0,0.0,0.01,0.0,0.0,0.0,0.0,0.0,0.0,25.09,0.0,0.0,0.0,0.0,0.0,0.0,0.0,0.0,0.27,0.0,0.0,0.0,0.0,0.0,0.02,0.0,0.02,0.0,0.19
156,768.07,0.0,0.22,0.0,0.17,0.41,0.01,0.0,0.0,0.0,0.0,0.0,0.0,1.01,0.01,0.0,0.16,0.0,0.0,0.0,0.0,0.0,0.06,0.0,0.0,0.32,0.01,0.06,0.01,0.0,0.01,0.0,0.46,0.0,0.0,0.0,0.02,0,0.01,0.0,0.0,0.73,0.0,0.0,0.01,0.0,0.36,0.0,0.01,0.01,0.0,0.0,0.0,0.0,0.0,0.0,24.88,0.0,0.0,0.0,0.0,0.0,0.0,0.0,0.0,0.27,0.0,0.0,0.0,0.0,0.0,0.02,0.0,0.03,0.0,0.17
157,771.95,0.0,0.22,0.0,0.14,0.34,0.03,0.0,0.0,0.58,0.0,0.0,0.0,1.04,0.01,0.0,0.19,0.0,0.0,0.0,0.0,0.0,0.06,0.0,0.0,0.32,0.02,0.1,0.01,0.0,0.01,0.0,0.4,0.0,0.0,0.0,0.01,0,0.0,0.0,0.0,0.8,0.0,0.0,0.01,0.0,0.28,0.0,0.0,0.01,0.0,0.0,0.0,0.0,0.0,0.0,21.93,0.0,0.0,0.0,0.0,0.0,0.0,0.0,0.0,0.27,0.0,0.0,0.0,0.0,0.0,0.02,0.0,0.02,0.0,0.2
158,771.54,0.0,0.21,0.0,0.18,0.43,0.02,0.0,0.0,0.44,0.0,0.0,0.0,1.06,0.01,0.0,0.17,0.0,0.0,0.0,0.0,0.0,0.05,0.0,0.0,0.31,0.02,0.07,0.01,0.0,0.01,0.0,0.31,0.0,0.0,0.0,0.02,0,0.01,0.0,0.0,0.68,0.0,0.0,0.01,0.0,0.35,0.0,0.0,0.01,0.0,0.0,0.0,0.0,0.0,0.0,23.49,0.0,0.0,0.0,0.0,0.0,0.0,0.0,0.0,0.26,0.0,0.0,0.0,0.0,0.0,0.01,0.0,0.02,0.0,0.18
159,770.27,0.0,0.23,0.02,0.29,0.41,0.04,0.0,0.0,0.31,0.0,0.0,0.0,1.02,0.01,0.0,0.15,0.0,0.0,0.0,0.0,0.0,0.06,0.0,0.0,0.32,0.11,0.21,0.01,0.02,0.01,0.0,0.34,0.0,0.0,0.0,0.01,0,0.01,0.0,0.0,0.7,0.0,0.0,0.01,0.0,0.33,0.0,0.0,0.01,0.0,0.0,0.0,0.0,0.0,0.0,27.49,0.0,0.0,0.0,0.0,0.0,0.0,0.0,0.0,0.23,0.0,0.0,0.0,0.0,0.0,0.02,0.0,0.02,0.0,0.19
160,770.35,0.0,0.21,0.0,0.12,0.37,0.01,0.0,0.0,0.06,0.0,0.0,0.0,0.98,0.01,0.0,0.15,0.0,0.0,0.0,0.0,0.0,0.06,0.0,0.0,0.28,0.02,0.04,0.01,0.0,0.01,0.0,0.25,0.0,0.0,0.0,0.02,0,0.0,0.0,0.0,0.67,0.0,0.0,0.01,0.0,0.34,0.0,0.0,0.01,0.0,0.0,0.0,0.0,0.0,0.0,24.52,0.0,0.0,0.0,0.0,0.0,0.0,0.0,0.0,0.26,0.0,0.0,0.0,0.0,0.0,0.02,0.0,0.03,0.0,0.23
161,771.72,0.0,0.2,0.0,0.17,0.42,0.03,0.0,0.0,0.51,0.0,0.0,0.0,1.04,0.01,0.0,0.2,0.0,0.0,0.0,0.0,0.0,0.06,0.0,0.0,0.34,0.02,0.07,0.01,0.0,0.01,0.0,0.48,0.0,0.0,0.0,0.01,0,0.01,0.0,0.0,0.83,0.0,0.0,0.01,0.0,0.35,0.0,0.0,0.01,0.0,0.0,0.0,0.0,0.0,0.0,22.01,0.0,0.0,0.0,0.0,0.0,0.0,0.0,0.0,0.25,0.0,0.0,0.0,0.0,0.0,0.02,0.0,0.02,0.0,0.22
162,772.71,0.0,0.23,0.0,0.16,0.38,0.02,0.0,0.0,0.4,0.0,0.0,0.0,1.01,0.01,0.0,0.15,0.0,0.0,0.0,0.0,0.0,0.06,0.0,0.0,0.29,0.01,0.13,0.01,0.0,0.01,0.0,0.36,0.0,0.0,0.0,0.02,0,0.0,0.0,0.0,0.6,0.0,0.0,0.01,0.0,0.32,0.0,0.0,0.01,0.0,0.0,0.0,0.0,0.0,0.0,21.9,0.0,0.0,0.0,0.0,0.0,0.0,0.0,0.0,0.26,0.0,0.0,0.0,0.0,0.0,0.02,0.0,0.03,0.0,0.22
163,768.36,0.0,0.23,0.0,0.16,0.39,0.05,0.0,0.0,0.32,0.0,0.0,0.0,1.04,0.01,0.0,0.18,0.0,0.0,0.0,0.0,0.0,0.06,0.0,0.0,0.33,0.02,0.07,0.01,0.0,0.01,0.0,0.43,0.0,0.0,0.0,0.01,0,0.01,0.0,0.0,0.8,0.0,0.0,0.01,0.0,0.3,0.0,0.0,0.01,0.0,0.0,0.0,0.0,0.0,0.0,26.42,0.0,0.0,0.0,0.0,0.0,0.0,0.0,0.0,0.26,0.0,0.0,0.0,0.0,0.0,0.01,0.0,0.03,0.0,0.15
164,772.47,0.0,0.24,0.0,0.09,0.4,0.02,0.0,0.0,0.56,0.0,0.0,0.0,1.06,0.01,0.0,0.2,0.0,0.0,0.0,0.0,0.0,0.06,0.0,0.0,0.32,0.02,0.07,0.01,0.0,0.01,0.0,0.27,0.0,0.0,0.0,0.02,0,0.0,0.0,0.0,0.7,0.0,0.0,0.01,0.0,0.34,0.0,0.0,0.01,0.0,0.0,0.0,0.0,0.0,0.0,24.74,0.0,0.0,0.0,0.0,0.0,0.0,0.0,0.0,0.26,0.0,0.0,0.0,0.0,0.0,0.02,0.0,0.03,0.0,0.21
165,774.2,0.0,0.21,0.0,0.14,0.33,0.02,0.0,0.0,0.05,0.0,0.0,0.0,1.0,0.01,0.0,0.16,0.0,0.0,0.0,0.0,0.0,0.05,0.0,0.0,0.31,0.02,0.11,0.01,0.0,0.01,0.0,0.39,0.0,0.0,0.0,0.01,0,0.0,0.0,0.0,0.77,0.0,0.0,0.01,0.0,0.28,0.0,0.01,0.01,0.0,0.0,0.0,0.0,0.0,0.0,22.12,0.0,0.0,0.0,0.0,0.0,0.0,0.0,0.0,0.26,0.0,0.0,0.0,0.0,0.0,0.02,0.0,0.02,0.0,0.18
166,771.61,0.0,0.24,0.0,0.18,0.41,0.03,0.0,0.0,0.23,0.0,0.0,0.0,1.05,0.01,0.0,0.21,0.0,0.0,0.0,0.0,0.0,0.06,0.0,0.0,0.34,0.02,0.08,0.01,0.0,0.01,0.0,0.49,0.0,0.0,0.0,0.02,0,0.01,0.0,0.0,0.71,0.0,0.0,0.01,0.0,0.34,0.0,0.01,0.01,0.0,0.0,0.0,0.0,0.0,0.0,20.32,0.0,0.0,0.0,0.0,0.0,0.0,0.0,0.0,0.28,0.0,0.0,0.0,0.0,0.0,0.02,0.0,0.02,0.0,0.23
167,769.8,0.0,0.19,0.0,0.18,0.42,0.03,0.0,0.0,0.34,0.0,0.0,0.0,0.98,0.01,0.0,0.14,0.0,0.0,0.0,0.0,0.0,0.05,0.0,0.0,0.29,0.02,0.08,0.01,0.0,0.01,0.0,0.48,0.0,0.0,0.0,0.01,0,0.01,0.0,0.0,0.73,0.0,0.0,0.01,0.0,0.33,0.0,0.0,0.01,0.0,0.0,0.0,0.0,0.0,0.0,25.26,0.0,0.0,0.0,0.0,0.0,0.0,0.0,0.0,0.25,0.0,0.0,0.0,0.0,0.0,0.02,0.0,0.02,0.0,0.19
168,771.58,0.0,0.24,0.0,0.18,0.41,0.02,0.0,0.0,0.37,0.0,0.0,0.0,1.0,0.01,0.0,0.16,0.0,0.0,0.0,0.0,0.0,0.06,0.0,0.0,0.32,0.01,0.06,0.01,0.0,0.01,0.0,0.48,0.0,0.0,0.0,0.02,0,0.01,0.0,0.0,0.76,0.0,0.0,0.01,0.0,0.34,0.0,0.0,0.01,0.0,0.0,0.0,0.0,0.0,0.0,24.75,0.0,0.0,0.0,0.0,0.0,0.0,0.0,0.0,0.26,0.0,0.0,0.0,0.0,0.0,0.02,0.0,0.02,0.0,0.22
169,771.93,0.0,0.19,0.0,0.18,0.41,0.01,0.0,0.0,0.0,0.0,0.0,0.0,1.01,0.01,0.0,0.17,0.0,0.0,0.0,0.0,0.0,0.05,0.0,0.0,0.3,0.02,0.06,0.01,0.0,0.01,0.0,0.48,0.0,0.0,0.0,0.01,0,0.01,0.0,0.0,0.76,0.0,0.0,0.01,0.0,0.36,0.0,0.0,0.01,0.0,0.0,0.0,0.0,0.0,0.0,22.2,0.0,0.0,0.0,0.0,0.0,0.0,0.0,0.0,0.26,0.0,0.0,0.0,0.0,0.0,0.01,0.0,0.02,0.0,0.22
170,773.04,0.0,0.24,0.0,0.14,0.38,0.03,0.0,0.0,0.6,0.0,0.0,0.0,1.01,0.01,0.0,0.15,0.0,0.0,0.0,0.0,0.0,0.06,0.0,0.0,0.31,0.01,0.12,0.01,0.0,0.01,0.0,0.29,0.0,0.0,0.0,0.02,0,0.0,0.0,0.0,0.72,0.0,0.0,0.01,0.0,0.32,0.0,0.0,0.01,0.0,0.0,0.0,0.0,0.0,0.0,22.27,0.0,0.0,0.0,0.0,0.0,0.0,0.0,0.0,0.26,0.0,0.0,0.0,0.0,0.0,0.02,0.0,0.03,0.0,0.25
171,772.6,0.0,0.2,0.0,0.16,0.44,0.04,0.0,0.0,0.38,0.0,0.0,0.0,1.04,0.01,0.0,0.2,0.0,0.0,0.0,0.0,0.0,0.06,0.0,0.0,0.33,0.02,0.09,0.01,0.0,0.01,0.0,0.47,0.0,0.0,0.0,0.01,0,0.01,0.0,0.0,0.82,0.0,0.0,0.01,0.0,0.36,0.0,0.0,0.01,0.0,0.0,0.0,0.0,0.0,0.0,26.43,0.0,0.0,0.0,0.0,0.0,0.0,0.0,0.0,0.28,0.0,0.0,0.0,0.0,0.0,0.02,0.0,0.03,0.0,0.2
172,766.81,0.0,0.24,0.0,0.19,0.44,0.02,0.0,0.0,0.36,0.0,0.0,0.0,1.06,0.01,0.0,0.18,0.0,0.0,0.0,0.0,0.0,0.06,0.0,0.0,0.33,0.02,0.08,0.01,0.0,0.01,0.0,0.5,0.0,0.0,0.0,0.02,0,0.01,0.0,0.0,0.81,0.0,0.0,0.01,0.0,0.36,0.0,0.0,0.01,0.0,0.0,0.0,0.0,0.0,0.0,23.33,0.0,0.0,0.0,0.0,0.0,0.0,0.0,0.0,0.27,0.0,0.0,0.0,0.0,0.0,0.02,0.0,0.03,0.0,0.16
173,771.84,0.0,0.22,0.0,0.17,0.39,0.01,0.0,0.0,0.0,0.0,0.0,0.0,1.02,0.01,0.0,0.17,0.0,0.0,0.0,0.0,0.0,0.05,0.0,0.0,0.32,0.01,0.07,0.01,0.0,0.01,0.0,0.27,0.0,0.0,0.0,0.01,0,0.0,0.0,0.0,0.76,0.0,0.0,0.01,0.0,0.34,0.0,0.0,0.01,0.0,0.0,0.0,0.0,0.0,0.0,23.2,0.0,0.0,0.0,0.0,0.0,0.0,0.0,0.0,0.26,0.0,0.0,0.0,0.0,0.0,0.02,0.0,0.03,0.0,0.21
174,773.68,0.0,0.21,0.0,0.12,0.34,0.02,0.0,0.0,0.4,0.0,0.0,0.0,1.01,0.01,0.0,0.18,0.0,0.0,0.0,0.0,0.0,0.06,0.0,0.0,0.3,0.01,0.05,0.01,0.0,0.01,0.0,0.38,0.0,0.0,0.0,0.01,0,0.0,0.0,0.0,0.66,0.0,0.0,0.01,0.0,0.29,0.0,0.0,0.01,0.0,0.0,0.0,0.0,0.0,0.0,22.2,0.0,0.0,0.0,0.0,0.0,0.0,0.0,0.0,0.26,0.0,0.0,0.0,0.0,0.0,0.02,0.0,0.03,0.0,0.2
175,767.84,0.0,0.24,0.0,0.17,0.4,0.04,0.0,0.0,0.65,0.0,0.0,0.0,1.03,0.01,0.0,0.17,0.0,0.0,0.0,0.0,0.0,0.06,0.0,0.0,0.31,0.02,0.15,0.01,0.0,0.01,0.0,0.31,0.0,0.0,0.0,0.01,0,0.01,0.0,0.0,0.72,0.0,0.0,0.01,0.0,0.32,0.0,0.0,0.01,0.0,0.0,0.0,0.0,0.0,0.0,26.98,0.0,0.0,0.0,0.0,0.0,0.0,0.0,0.0,0.26,0.0,0.0,0.0,0.0,0.0,0.01,0.0,0.02,0.0,0.21
176,772.07,0.0,0.21,0.0,0.18,0.42,0.01,0.0,0.0,0.0,0.0,0.0,0.0,1.05,0.01,0.0,0.16,0.0,0.0,0.0,0.0,0.0,0.06,0.0,0.0,0.33,0.02,0.07,0.01,0.0,0.01,0.0,0.38,0.0,0.0,0.0,0.02,0,0.0,0.0,0.0,0.79,0.0,0.0,0.01,0.0,0.33,0.0,0.01,0.01,0.0,0.0,0.0,0.0,0.0,0.0,22.94,0.0,0.0,0.0,0.0,0.0,0.0,0.0,0.0,0.26,0.0,0.0,0.0,0.0,0.0,0.02,0.0,0.03,0.0,0.21
177,772.41,0.0,0.22,0.0,0.17,0.4,0.03,0.0,0.0,0.57,0.0,0.0,0.0,1.05,0.01,0.0,0.2,0.0,0.0,0.0,0.0,0.0,0.05,0.0,0.0,0.31,0.02,0.06,0.01,0.0,0.01,0.0,0.46,0.0,0.0,0.0,0.01,0,0.01,0.0,0.0,0.8,0.0,0.0,0.01,0.0,0.32,0.0,0.0,0.01,0.0,0.0,0.0,0.0,0.0,0.0,23.27,0.0,0.0,0.0,0.0,0.0,0.0,0.0,0.0,0.26,0.0,0.0,0.0,0.0,0.0,0.02,0.0,0.02,0.0,0.23
178,771.56,0.0,0.22,0.0,0.16,0.39,0.03,0.0,0.0,0.53,0.0,0.0,0.0,1.02,0.01,0.0,0.15,0.0,0.0,0.0,0.0,0.0,0.05,0.0,0.0,0.31,0.02,0.06,0.01,0.0,0.01,0.0,0.45,0.0,0.0,0.0,0.01,0,0.0,0.0,0.0,0.71,0.0,0.0,0.01,0.0,0.31,0.0,0.01,0.01,0.0,0.0,0.0,0.0,0.0,0.0,22.57,0.0,0.0,0.0,0.0,0.0,0.0,0.0,0.0,0.27,0.0,0.0,0.0,0.0,0.0,0.01,0.0,0.03,0.0,0.21
179,772.8,0.0,0.23,0.0,0.18,0.41,0.04,0.0,0.0,0.42,0.0,0.0,0.0,1.03,0.01,0.0,0.18,0.0,0.0,0.0,0.0,0.0,0.06,0.0,0.0,0.32,0.02,0.14,0.02,0.0,0.01,0.0,0.49,0.0,0.0,0.0,0.01,0,0.01,0.0,0.0,0.82,0.0,0.0,0.01,0.0,0.35,0.0,0.0,0.01,0.0,0.0,0.0,0.0,0.0,0.0,25.89,0.0,0.0,0.0,0.0,0.0,0.0,0.0,0.0,0.27,0.0,0.0,0.0,0.0,0.0,0.02,0.0,0.03,0.0,0.22
180,767.32,0.0,0.21,0.0,0.19,0.46,0.01,0.0,0.0,0.0,0.0,0.0,0.0,1.07,0.01,0.0,0.16,0.0,0.0,0.0,0.0,0.0,0.06,0.0,0.0,0.34,0.01,0.08,0.01,0.0,0.01,0.0,0.5,0.0,0.0,0.0,0.02,0,0.01,0.0,0.0,0.86,0.0,0.0,0.01,0.0,0.37,0.0,0.0,0.01,0.0,0.0,0.0,0.0,0.0,0.0,23.38,0.0,0.0,0.0,0.0,0.0,0.0,0.0,0.0,0.27,0.0,0.0,0.0,0.0,0.0,0.01,0.0,0.03,0.0,0.2
181,773.34,0.0,0.23,0.0,0.11,0.41,0.03,0.0,0.0,0.39,0.0,0.0,0.0,1.05,0.01,0.0,0.17,0.0,0.0,0.0,0.0,0.0,0.05,0.0,0.0,0.31,0.02,0.08,0.01,0.0,0.01,0.0,0.31,0.0,0.0,0.0,0.01,0,0.01,0.0,0.0,0.76,0.0,0.0,0.01,0.0,0.35,0.0,0.0,0.01,0.0,0.0,0.0,0.0,0.0,0.0,23.78,0.0,0.0,0.0,0.0,0.0,0.0,0.0,0.0,0.27,0.0,0.0,0.0,0.0,0.0,0.02,0.0,0.03,0.0,0.22
182,769.67,0.0,0.21,0.0,0.17,0.42,0.03,0.0,0.0,0.65,0.0,0.0,0.0,1.07,0.0,0.0,0.21,0.0,0.0,0.0,0.0,0.0,0.06,0.0,0.0,0.34,0.02,0.08,0.01,0.0,0.01,0.0,0.31,0.0,0.0,0.0,0.02,0,0.01,0.0,0.0,0.77,0.0,0.0,0.01,0.0,0.34,0.0,0.0,0.01,0.0,0.0,0.0,0.0,0.0,0.0,24.15,0.0,0.0,0.0,0.0,0.0,0.0,0.0,0.0,0.29,0.0,0.0,0.0,0.0,0.0,0.02,0.0,0.03,0.0,0.19
183,770.49,0.0,0.22,0.02,0.27,0.38,0.04,0.0,0.0,0.36,0.0,0.0,0.0,1.01,0.01,0.0,0.15,0.0,0.0,0.0,0.0,0.0,0.06,0.0,0.0,0.29,0.12,0.2,0.01,0.04,0.01,0.0,0.31,0.0,0.0,0.0,0.01,0,0.0,0.0,0.0,0.68,0.0,0.0,0.01,0.0,0.3,0.0,0.01,0.01,0.0,0.0,0.0,0.0,0.0,0.0,27.5,0.0,0.0,0.0,0.0,0.0,0.0,0.0,0.0,0.23,0.0,0.0,0.0,0.0,0.0,0.02,0.0,0.03,0.0,0.19
184,771.29,0.0,0.24,0.0,0.13,0.33,0.03,0.0,0.0,0.26,0.0,0.0,0.0,1.01,0.01,0.0,0.18,0.0,0.0,0.0,0.0,0.0,0.06,0.0,0.0,0.3,0.02,0.1,0.01,0.0,0.01,0.0,0.32,0.0,0.0,0.0,0.01,0,0.0,0.0,0.0,0.73,0.0,0.0,0.01,0.0,0.27,0.0,0.0,0.01,0.0,0.0,0.0,0.0,0.0,0.0,21.05,0.0,0.0,0.0,0.0,0.0,0.0,0.0,0.0,0.26,0.0,0.0,0.0,0.0,0.0,0.02,0.0,0.02,0.0,0.2
185,773.25,0.0,0.21,0.0,0.16,0.39,0.01,0.0,0.0,0.0,0.0,0.0,0.0,1.01,0.01,0.0,0.17,0.0,0.0,0.0,0.0,0.0,0.05,0.0,0.0,0.31,0.02,0.07,0.01,0.0,0.01,0.0,0.45,0.0,0.0,0.0,0.01,0,0.01,0.0,0.0,0.79,0.0,0.0,0.01,0.0,0.31,0.0,0.0,0.01,0.0,0.0,0.0,0.0,0.0,0.0,22.02,0.0,0.0,0.0,0.0,0.0,0.0,0.0,0.0,0.26,0.0,0.0,0.0,0.0,0.0,0.02,0.0,0.02,0.0,0.21
186,772.54,0.0,0.2,0.0,0.18,0.43,0.03,0.0,0.0,0.48,0.0,0.0,0.0,1.01,0.01,0.0,0.15,0.0,0.0,0.0,0.0,0.0,0.06,0.0,0.0,0.29,0.01,0.06,0.01,0.0,0.01,0.0,0.43,0.0,0.0,0.0,0.02,0,0.01,0.0,0.0,0.72,0.0,0.0,0.01,0.0,0.35,0.0,0.0,0.01,0.0,0.0,0.0,0.0,0.0,0.0,22.34,0.0,0.0,0.0,0.0,0.0,0.0,0.0,0.0,0.26,0.0,0.0,0.0,0.0,0.0,0.02,0.0,0.03,0.0,0.2
187,773.61,0.0,0.24,0.0,0.18,0.4,0.05,0.0,0.0,0.64,0.0,0.0,0.0,1.06,0.01,0.0,0.22,0.0,0.0,0.0,0.0,0.0,0.06,0.0,0.0,0.37,0.01,0.07,0.01,0.0,0.01,0.0,0.46,0.0,0.0,0.0,0.01,0,0.01,0.0,0.0,0.83,0.0,0.0,0.01,0.0,0.34,0.0,0.0,0.01,0.0,0.0,0.0,0.0,0.0,0.0,25.1,0.0,0.0,0.0,0.0,0.0,0.0,0.0,0.0,0.28,0.0,0.0,0.0,0.0,0.0,0.02,0.0,0.03,0.0,0.17
188,770.05,0.0,0.22,0.0,0.16,0.4,0.01,0.0,0.0,0.04,0.0,0.0,0.0,1.02,0.01,0.0,0.16,0.0,0.0,0.0,0.0,0.0,0.06,0.0,0.0,0.3,0.02,0.12,0.01,0.0,0.01,0.0,0.46,0.0,0.0,0.0,0.02,0,0.0,0.0,0.0,0.76,0.0,0.0,0.01,0.0,0.32,0.0,0.01,0.01,0.0,0.0,0.0,0.0,0.0,0.0,21.27,0.0,0.0,0.0,0.0,0.0,0.0,0.0,0.0,0.26,0.0,0.0,0.0,0.0,0.0,0.01,0.0,0.03,0.0,0.22
189,773.32,0.0,0.2,0.0,0.17,0.42,0.02,0.0,0.0,0.21,0.0,0.0,0.0,1.02,0.01,0.0,0.16,0.0,0.0,0.0,0.0,0.0,0.05,0.0,0.0,0.31,0.02,0.08,0.01,0.0,0.01,0.0,0.41,0.0,0.0,0.0,0.01,0,0.01,0.0,0.0,0.74,0.0,0.0,0.01,0.0,0.33,0.0,0.01,0.01,0.0,0.0,0.0,0.0,0.0,0.0,22.58,0.0,0.0,0.0,0.0,0.0,0.0,0.0,0.0,0.26,0.0,0.0,0.0,0.0,0.0,0.02,0.0,0.03,0.0,0.19
190,773.05,0.0,0.24,0.0,0.17,0.41,0.02,0.0,0.0,0.3,0.0,0.0,0.0,1.0,0.01,0.0,0.16,0.0,0.0,0.0,0.0,0.0,0.06,0.0,0.0,0.3,0.02,0.08,0.01,0.0,0.01,0.0,0.47,0.0,0.0,0.0,0.02,0,0.0,0.0,0.0,0.75,0.0,0.0,0.01,0.0,0.33,0.0,0.0,0.01,0.0,0.0,0.0,0.0,0.0,0.0,21.9,0.0,0.0,0.0,0.0,0.0,0.0,0.0,0.0,0.24,0.0,0.0,0.0,0.0,0.0,0.01,0.0,0.03,0.0,0.19
191,771.36,0.0,0.22,0.0,0.14,0.36,0.04,0.0,0.0,0.57,0.0,0.0,0.0,0.98,0.01,0.0,0.18,0.0,0.0,0.0,0.0,0.0,0.06,0.0,0.0,0.28,0.02,0.06,0.01,0.0,0.01,0.0,0.27,0.0,0.0,0.0,0.01,0,0.0,0.0,0.0,0.67,0.0,0.0,0.01,0.0,0.28,0.0,0.0,0.01,0.0,0.0,0.0,0.0,0.0,0.0,23.69,0.0,0.0,0.0,0.0,0.0,0.0,0.0,0.0,0.23,0.0,0.0,0.0,0.0,0.0,0.02,0.0,0.02,0.0,0.18
192,773.8,0.0,0.22,0.0,0.16,0.38,0.02,0.0,0.0,0.59,0.0,0.0,0.0,1.01,0.01,0.0,0.16,0.0,0.0,0.0,0.0,0.0,0.06,0.0,0.0,0.3,0.01,0.12,0.01,0.0,0.01,0.0,0.44,0.0,0.0,0.0,0.02,0,0.0,0.0,0.0,0.8,0.0,0.0,0.01,0.0,0.31,0.0,0.0,0.01,0.0,0.0,0.0,0.0,0.0,0.0,22.62,0.0,0.0,0.0,0.0,0.0,0.0,0.0,0.0,0.28,0.0,0.0,0.0,0.0,0.0,0.02,0.0,0.03,0.0,0.22
193,773.04,0.0,0.2,0.0,0.18,0.41,0.01,0.0,0.0,0.0,0.0,0.0,0.0,1.06,0.01,0.0,0.2,0.0,0.0,0.0,0.0,0.0,0.05,0.0,0.0,0.33,0.01,0.06,0.01,0.0,0.01,0.0,0.35,0.0,0.0,0.0,0.01,0,0.01,0.0,0.0,0.76,0.0,0.0,0.01,0.0,0.36,0.0,0.01,0.01,0.0,0.0,0.0,0.0,0.0,0.0,20.98,0.0,0.0,0.0,0.0,0.0,0.0,0.0,0.0,0.25,0.0,0.0,0.0,0.0,0.0,0.02,0.0,0.02,0.0,0.22
194,773.81,0.0,0.22,0.0,0.16,0.38,0.04,0.0,0.0,0.52,0.0,0.0,0.0,1.0,0.01,0.0,0.16,0.0,0.0,0.0,0.0,0.0,0.06,0.0,0.0,0.29,0.02,0.06,0.01,0.0,0.01,0.0,0.28,0.0,0.0,0.0,0.02,0,0.0,0.0,0.0,0.67,0.0,0.0,0.01,0.0,0.3,0.0,0.0,0.01,0.0,0.0,0.0,0.0,0.0,0.0,21.22,0.0,0.0,0.0,0.0,0.0,0.0,0.0,0.0,0.26,0.0,0.0,0.0,0.0,0.0,0.02,0.0,0.03,0.0,0.19
195,769.27,0.0,0.24,0.0,0.18,0.41,0.03,0.0,0.0,0.29,0.0,0.0,0.0,1.0,0.01,0.0,0.17,0.0,0.0,0.0,0.0,0.0,0.06,0.0,0.0,0.31,0.02,0.06,0.01,0.0,0.01,0.0,0.31,0.0,0.0,0.0,0.01,0,0.01,0.0,0.0,0.7,0.0,0.0,0.01,0.0,0.33,0.0,0.0,0.01,0.0,0.0,0.0,0.0,0.0,0.0,25.59,0.0,0.0,0.0,0.0,0.0,0.0,0.0,0.0,0.22,0.0,0.0,0.0,0.0,0.0,0.02,0.0,0.02,0.0,0.19
196,773.75,0.0,0.21,0.0,0.17,0.4,0.01,0.0,0.0,0.0,0.0,0.0,0.0,1.03,0.01,0.0,0.17,0.0,0.0,0.0,0.0,0.0,0.06,0.0,0.0,0.3,0.02,0.13,0.01,0.0,0.01,0.0,0.46,0.0,0.0,0.0,0.02,0,0.01,0.0,0.0,0.73,0.0,0.0,0.01,0.0,0.36,0.0,0.0,0.01,0.0,0.0,0.0,0.0,0.0,0.0,22.55,0.0,0.0,0.0,0.0,0.0,0.0,0.0,0.0,0.25,0.0,0.0,0.0,0.0,0.0,0.02,0.0,0.02,0.0,0.18
197,773.6,0.0,0.22,0.0,0.15,0.37,0.03,0.0,0.0,0.65,0.0,0.0,0.0,0.96,0.01,0.0,0.16,0.0,0.0,0.0,0.0,0.0,0.05,0.0,0.0,0.28,0.02,0.07,0.01,0.0,0.01,0.0,0.44,0.0,0.0,0.0,0.01,0,0.0,0.0,0.0,0.7,0.0,0.0,0.01,0.0,0.31,0.0,0.0,0.01,0.0,0.0,0.0,0.0,0.0,0.0,21.08,0.0,0.0,0.0,0.0,0.0,0.0,0.0,0.0,0.23,0.0,0.0,0.0,0.0,0.0,0.01,0.0,0.02,0.0,0.19
198,773.86,0.0,0.21,0.0,0.15,0.37,0.03,0.0,0.0,0.31,0.0,0.0,0.0,1.0,0.01,0.0,0.17,0.0,0.0,0.0,0.0,0.0,0.06,0.0,0.0,0.3,0.02,0.05,0.01,0.0,0.01,0.0,0.28,0.0,0.0,0.0,0.01,0,0.0,0.0,0.0,0.66,0.0,0.0,0.01,0.0,0.29,0.0,0.01,0.01,0.0,0.0,0.0,0.0,0.0,0.0,21.67,0.0,0.0,0.0,0.0,0.0,0.0,0.0,0.0,0.28,0.0,0.0,0.0,0.0,0.0,0.02,0.0,0.02,0.0,0.16
199,770.65,0.0,0.2,0.0,0.11,0.44,0.01,0.0,0.0,0.0,0.0,0.0,0.0,1.01,0.01,0.0,0.17,0.0,0.0,0.0,0.0,0.0,0.05,0.0,0.0,0.31,0.01,0.07,0.01,0.0,0.01,0.0,0.52,0.0,0.0,0.0,0.01,0,0.01,0.0,0.0,0.75,0.0,0.0,0.01,0.0,0.38,0.0,0.01,0.01,0.0,0.0,0.0,0.0,0.0,0.0,25.14,0.0,0.0,0.0,0.0,0.0,0.0,0.0,0.0,0.23,0.0,0.0,0.0,0.0,0.0,0.01,0.0,0.02,0.0,0.14
200,773.27,0.0,0.21,0.0,0.17,0.38,0.02,0.0,0.0,0.27,0.0,0.0,0.0,0.95,0.01,0.0,0.14,0.0,0.0,0.0,0.0,0.0,0.05,0.0,0.0,0.28,0.02,0.13,0.01,0.0,0.01,0.0,0.42,0.0,0.0,0.0,0.02,0,0.01,0.0,0.0,0.7,0.0,0.0,0.01,0.0,0.3,0.0,0.0,0.01,0.0,0.0,0.0,0.0,0.0,0.0,22.38,0.0,0.0,0.0,0.0,0.0,0.0,0.0,0.0,0.26,0.0,0.0,0.0,0.0,0.0,0.02,0.0,0.03,0.0,0.18
201,773.28,0.0,0.21,0.0,0.16,0.37,0.01,0.0,0.0,0.25,0.0,0.0,0.0,1.0,0.01,0.0,0.15,0.0,0.0,0.0,0.0,0.0,0.05,0.0,0.0,0.28,0.02,0.06,0.01,0.0,0.01,0.0,0.43,0.0,0.0,0.0,0.01,0,0.0,0.0,0.0,0.72,0.0,0.0,0.01,0.0,0.3,0.0,0.0,0.01,0.0,0.0,0.0,0.0,0.0,0.0,21.79,0.0,0.0,0.0,0.0,0.0,0.0,0.0,0.0,0.22,0.0,0.0,0.0,0.0,0.0,0.02,0.0,0.02,0.0,0.18
202,773.8,0.0,0.22,0.0,0.1,0.35,0.03,0.0,0.0,0.27,0.0,0.0,0.0,0.99,0.01,0.0,0.18,0.0,0.0,0.0,0.0,0.0,0.06,0.0,0.0,0.29,0.02,0.06,0.01,0.0,0.0,0.0,0.42,0.0,0.0,0.0,0.01,0,0.0,0.0,0.0,0.71,0.0,0.0,0.01,0.0,0.28,0.0,0.0,0.01,0.0,0.0,0.0,0.0,0.0,0.0,21.52,0.0,0.0,0.0,0.0,0.0,0.0,0.0,0.0,0.28,0.0,0.0,0.0,0.0,0.0,0.01,0.0,0.03,0.0,0.18
203,770.97,0.0,0.21,0.0,0.09,0.38,0.02,0.0,0.0,0.31,0.0,0.0,0.0,1.04,0.01,0.0,0.19,0.0,0.0,0.0,0.0,0.0,0.05,0.0,0.0,0.31,0.01,0.12,0.01,0.0,0.01,0.0,0.38,0.0,0.0,0.0,0.01,0,0.0,0.0,0.0,0.8,0.0,0.0,0.01,0.0,0.3,0.0,0.0,0.01,0.0,0.0,0.0,0.0,0.0,0.0,28.97,0.0,0.0,0.0,0.0,0.0,0.0,0.0,0.0,0.24,0.0,0.0,0.0,0.0,0.0,0.02,0.0,0.02,0.0,0.17
204,771.17,0.0,0.21,0.0,0.13,0.37,0.03,0.0,0.0,0.55,0.0,0.0,0.0,0.98,0.01,0.0,0.17,0.0,0.0,0.0,0.0,0.0,0.05,0.0,0.0,0.29,0.02,0.07,0.01,0.0,0.01,0.0,0.28,0.0,0.0,0.0,0.01,0,0.0,0.0,0.0,0.63,0.0,0.0,0.01,0.0,0.3,0.0,0.0,0.01,0.0,0.0,0.0,0.0,0.0,0.0,18.51,0.0,0.0,0.0,0.0,0.0,0.0,0.0,0.0,0.25,0.0,0.0,0.0,0.0,0.0,0.02,0.0,0.03,0.0,0.22
205,771.14,0.0,0.21,0.0,0.17,0.41,0.02,0.0,0.0,0.0,0.0,0.0,0.0,1.03,0.01,0.0,0.17,0.0,0.0,0.0,0.0,0.0,0.06,0.0,0.0,0.34,0.02,0.06,0.01,0.0,0.01,0.0,0.47,0.0,0.0,0.0,0.01,0,0.01,0.0,0.0,0.83,0.0,0.0,0.01,0.0,0.33,0.0,0.01,0.01,0.0,0.0,0.0,0.0,0.0,0.0,27.31,0.0,0.0,0.0,0.0,0.0,0.0,0.0,0.0,0.26,0.0,0.0,0.0,0.0,0.0,0.02,0.0,0.03,0.0,0.17
206,770.27,0.0,0.25,0.02,0.26,0.39,0.03,0.0,0.0,0.48,0.0,0.0,0.0,1.08,0.01,0.0,0.17,0.0,0.0,0.0,0.0,0.0,0.06,0.0,0.0,0.35,0.23,0.49,0.01,0.11,0.01,0.0,0.5,0.0,0.0,0.0,0.01,0,0.0,0.0,0.0,0.9,0.0,0.0,0.01,0.0,0.34,0.0,0.0,0.01,0.0,0.0,0.0,0.0,0.0,0.0,21.65,0.0,0.0,0.0,0.0,0.0,0.0,0.0,0.0,0.3,0.0,0.0,0.0,0.0,0.0,0.02,0.0,0.02,0.0,0.23
207,776.02,0.0,0.19,0.0,0.14,0.46,0.02,0.0,0.0,0.34,0.0,0.0,0.0,1.06,0.01,0.0,0.15,0.0,0.0,0.0,0.0,0.0,0.06,0.0,0.0,0.32,0.03,0.14,0.01,0.02,0.01,0.0,0.36,0.0,0.0,0.0,0.02,0,0.01,0.0,0.0,0.8,0.0,0.0,0.01,0.0,0.36,0.0,0.0,0.01,0.0,0.0,0.0,0.0,0.0,0.0,20.52,0.0,0.0,0.0,0.0,0.0,0.0,0.0,0.0,0.28,0.0,0.0,0.0,0.0,0.0,0.01,0.0,0.03,0.0,0.2
208,779.86,0.0,0.23,0.0,0.13,0.43,0.01,0.0,0.0,0.0,0.0,0.0,0.0,0.96,0.01,0.0,0.2,0.0,0.0,0.0,0.0,0.0,0.06,0.0,0.0,0.32,0.02,0.09,0.01,0.0,0.01,0.0,0.37,0.0,0.0,0.0,0.02,0,0.01,0.0,0.0,0.81,0.0,0.0,0.01,0.0,0.36,0.0,0.0,0.01,0.0,0.0,0.0,0.0,0.0,0.0,13.73,0.0,0.0,0.0,0.0,0.0,0.0,0.0,0.0,0.28,0.0,0.0,0.0,0.0,0.0,0.02,0.0,0.04,0.0,0.21
209,779.99,0.0,0.22,0.0,0.16,0.37,0.02,0.0,0.0,0.33,0.0,0.0,0.0,1.12,0.01,0.0,0.21,0.0,0.0,0.0,0.0,0.0,0.06,0.0,0.0,0.36,0.02,0.1,0.01,0.0,0.01,0.0,0.28,0.0,0.0,0.0,0.01,0,0.0,0.0,0.0,0.88,0.0,0.0,0.01,0.0,0.31,0.0,0.01,0.01,0.0,0.0,0.0,0.0,0.0,0.0,15.81,0.0,0.0,0.0,0.0,0.0,0.0,0.0,0.0,0.31,0.0,0.0,0.0,0.0,0.0,0.02,0.0,0.04,0.0,0.24
210,779.22,0.0,0.21,0.0,0.19,0.45,0.06,0.0,0.0,0.38,0.0,0.0,0.0,1.06,0.01,0.0,0.17,0.0,0.0,0.0,0.0,0.0,0.07,0.0,0.0,0.33,0.02,0.07,0.01,0.0,0.01,0.0,0.29,0.0,0.0,0.0,0.02,0,0.01,0.0,0.0,0.76,0.0,0.0,0.01,0.0,0.35,0.0,0.01,0.01,0.0,0.0,0.0,0.0,0.0,0.0,12.77,0.0,0.0,0.0,0.0,0.0,0.0,0.0,0.0,0.29,0.0,0.0,0.0,0.0,0.0,0.02,0.0,0.04,0.0,0.21
211,778.21,0.0,0.26,0.0,0.17,0.41,0.01,0.0,0.0,0.0,0.0,0.0,0.0,1.16,0.01,0.0,0.22,0.0,0.0,0.0,0.0,0.0,0.06,0.0,0.0,0.37,0.01,0.06,0.01,0.0,0.01,0.0,0.3,0.0,0.0,0.0,0.01,0,0.0,0.0,0.0,0.86,0.0,0.0,0.01,0.0,0.36,0.0,0.01,0.01,0.0,0.0,0.0,0.0,0.0,0.0,17.04,0.0,0.0,0.0,0.0,0.0,0.0,0.0,0.0,0.28,0.0,0.0,0.0,0.0,0.0,0.02,0.0,0.03,0.0,0.19
212,779.52,0.0,0.25,0.0,0.17,0.4,0.03,0.0,0.0,0.58,0.0,0.0,0.0,1.13,0.01,0.0,0.18,0.0,0.0,0.0,0.0,0.0,0.06,0.0,0.0,0.36,0.02,0.07,0.01,0.0,0.01,0.0,0.25,0.0,0.0,0.0,0.02,0,0.01,0.0,0.0,0.87,0.0,0.0,0.01,0.0,0.36,0.0,0.01,0.01,0.0,0.0,0.0,0.0,0.0,0.0,16.03,0.0,0.0,0.0,0.0,0.0,0.0,0.0,0.0,0.32,0.0,0.0,0.0,0.0,0.0,0.02,0.0,0.04,0.0,0.22
213,779.27,0.0,0.21,0.0,0.19,0.44,0.03,0.0,0.0,0.4,0.0,0.0,0.0,1.15,0.01,0.0,0.23,0.0,0.0,0.0,0.0,0.0,0.06,0.0,0.0,0.35,0.02,0.13,0.01,0.0,0.01,0.0,0.32,0.0,0.0,0.0,0.01,0,0.01,0.0,0.0,0.77,0.0,0.0,0.01,0.0,0.35,0.0,0.0,0.01,0.0,0.0,0.0,0.0,0.0,0.0,14.9,0.0,0.0,0.0,0.0,0.0,0.0,0.0,0.0,0.3,0.0,0.0,0.0,0.0,0.0,0.02,0.0,0.03,0.0,0.19
214,779.79,0.0,0.25,0.0,0.18,0.42,0.02,0.0,0.0,0.0,0.0,0.0,0.0,1.09,0.01,0.0,0.17,0.0,0.0,0.0,0.0,0.0,0.06,0.0,0.0,0.35,0.02,0.07,0.01,0.0,0.01,0.0,0.31,0.0,0.0,0.0,0.02,0,0.01,0.0,0.0,0.83,0.0,0.0,0.01,0.0,0.36,0.0,0.0,0.01,0.0,0.0,0.0,0.0,0.0,0.0,15.16,0.0,0.0,0.0,0.0,0.0,0.0,0.0,0.0,0.29,0.0,0.0,0.0,0.0,0.0,0.02,0.0,0.04,0.0,0.2
215,778.53,0.0,0.23,0.0,0.16,0.37,0.04,0.0,0.0,0.56,0.0,0.0,0.0,1.1,0.01,0.0,0.21,0.0,0.0,0.0,0.0,0.0,0.06,0.0,0.0,0.35,0.02,0.07,0.01,0.0,0.01,0.0,0.45,0.0,0.0,0.0,0.01,0,0.0,0.0,0.0,0.87,0.0,0.0,0.01,0.0,0.32,0.0,0.0,0.01,0.0,0.0,0.0,0.0,0.0,0.0,16.13,0.0,0.0,0.0,0.0,0.0,0.0,0.0,0.0,0.27,0.0,0.0,0.0,0.0,0.0,0.01,0.0,0.03,0.0,0.23
216,779.87,0.0,0.21,0.0,0.17,0.41,0.03,0.0,0.0,0.37,0.0,0.0,0.0,1.11,0.01,0.0,0.21,0.0,0.0,0.0,0.0,0.0,0.06,0.0,0.0,0.35,0.02,0.05,0.01,0.0,0.01,0.0,0.47,0.0,0.0,0.0,0.02,0,0.01,0.0,0.0,0.83,0.0,0.0,0.01,0.0,0.33,0.0,0.01,0.01,0.0,0.0,0.0,0.0,0.0,0.0,14.83,0.0,0.0,0.0,0.0,0.0,0.0,0.0,0.0,0.33,0.0,0.0,0.0,0.0,0.0,0.02,0.0,0.05,0.0,0.15
217,778.65,0.0,0.26,0.0,0.18,0.41,0.01,0.0,0.0,0.04,0.0,0.0,0.0,1.16,0.01,0.0,0.22,0.0,0.0,0.0,0.0,0.0,0.06,0.0,0.0,0.38,0.01,0.06,0.01,0.0,0.01,0.0,0.49,0.0,0.0,0.0,0.01,0,0.01,0.0,0.0,0.98,0.0,0.0,0.01,0.0,0.35,0.0,0.01,0.02,0.0,0.0,0.0,0.0,0.0,0.0,15.95,0.0,0.0,0.0,0.0,0.0,0.0,0.0,0.0,0.29,0.0,0.0,0.0,0.0,0.0,0.02,0.0,0.03,0.0,0.17
218,773.28,0.0,0.21,0.0,0.17,0.4,0.03,0.0,0.0,0.21,0.0,0.0,0.0,1.02,0.01,0.0,0.15,0.0,0.0,0.0,0.0,0.0,0.05,0.0,0.0,0.3,0.02,0.14,0.01,0.0,0.01,0.0,0.46,0.0,0.0,0.0,0.02,0,0.01,0.0,0.0,0.71,0.0,0.0,0.01,0.0,0.32,0.0,0.0,0.01,0.0,0.0,0.0,0.0,0.0,0.0,22.77,0.0,0.0,0.0,0.0,0.0,0.0,0.0,0.0,0.25,0.0,0.0,0.0,0.0,0.0,0.02,0.0,0.03,0.0,0.16
219,770.02,0.0,0.22,0.0,0.15,0.37,0.03,0.0,0.0,0.46,0.0,0.0,0.0,1.01,0.01,0.0,0.19,0.0,0.0,0.0,0.0,0.0,0.06,0.0,0.0,0.3,0.02,0.05,0.01,0.0,0.01,0.0,0.43,0.0,0.0,0.0,0.01,0,0.0,0.0,0.0,0.78,0.0,0.0,0.01,0.0,0.31,0.0,0.0,0.01,0.0,0.0,0.0,0.0,0.0,0.0,25.03,0.0,0.0,0.0,0.0,0.0,0.0,0.0,0.0,0.23,0.0,0.0,0.0,0.0,0.0,0.02,0.0,0.02,0.0,0.18
220,772.09,0.0,0.22,0.0,0.16,0.39,0.02,0.0,0.0,0.28,0.0,0.0,0.0,1.0,0.01,0.0,0.17,0.0,0.0,0.0,0.0,0.0,0.06,0.0,0.0,0.3,0.02,0.06,0.01,0.0,0.01,0.0,0.45,0.0,0.0,0.0,0.02,0,0.0,0.0,0.0,0.74,0.0,0.0,0.01,0.0,0.31,0.0,0.0,0.01,0.0,0.0,0.0,0.0,0.0,0.0,25.06,0.0,0.0,0.0,0.0,0.0,0.0,0.0,0.0,0.28,0.0,0.0,0.0,0.0,0.0,0.02,0.0,0.03,0.0,0.2
221,772.27,0.0,0.22,0.0,0.11,0.35,0.04,0.0,0.0,0.55,0.0,0.0,0.0,1.09,0.01,0.0,0.2,0.0,0.0,0.0,0.0,0.0,0.06,0.0,0.0,0.36,0.01,0.12,0.01,0.0,0.01,0.0,0.38,0.0,0.0,0.0,0.01,0,0.0,0.0,0.0,0.83,0.0,0.0,0.01,0.0,0.3,0.0,0.0,0.01,0.0,0.0,0.0,0.0,0.0,0.0,25.07,0.0,0.0,0.0,0.0,0.0,0.0,0.0,0.0,0.25,0.0,0.0,0.0,0.0,0.0,0.02,0.0,0.02,0.0,0.22
222,772.92,0.0,0.18,0.0,0.17,0.42,0.01,0.0,0.0,0.0,0.0,0.0,0.0,0.83,0.01,0.0,0.15,0.0,0.0,0.0,0.0,0.0,0.05,0.0,0.0,0.24,0.02,0.07,0.01,0.0,0.01,0.0,0.29,0.0,0.0,0.0,0.02,0,0.01,0.0,0.0,0.7,0.0,0.0,0.01,0.0,0.35,0.0,0.0,0.01,0.0,0.0,0.0,0.0,0.0,0.0,18.2,0.0,0.0,0.0,0.0,0.0,0.0,0.0,0.0,0.27,0.0,0.0,0.0,0.0,0.0,0.02,0.0,0.03,0.0,0.14
223,769.75,0.0,0.24,0.0,0.17,0.41,0.04,0.0,0.0,0.68,0.0,0.0,0.0,1.06,0.01,0.0,0.18,0.0,0.0,0.0,0.0,0.0,0.05,0.0,0.0,0.34,0.01,0.08,0.01,0.0,0.01,0.0,0.31,0.0,0.0,0.0,0.01,0,0.01,0.0,0.0,0.77,0.0,0.0,0.01,0.0,0.38,0.0,0.0,0.01,0.0,0.0,0.0,0.0,0.0,0.0,27.19,0.0,0.0,0.0,0.0,0.0,0.0,0.0,0.0,0.25,0.0,0.0,0.0,0.0,0.0,0.02,0.0,0.02,0.0,0.2
224,773.33,0.0,0.2,0.0,0.09,0.39,0.02,0.0,0.0,0.38,0.0,0.0,0.0,0.99,0.01,0.0,0.16,0.0,0.0,0.0,0.0,0.0,0.06,0.0,0.0,0.3,0.01,0.06,0.01,0.0,0.01,0.0,0.27,0.0,0.0,0.0,0.02,0,0.0,0.0,0.0,0.76,0.0,0.0,0.01,0.0,0.32,0.0,0.0,0.01,0.0,0.0,0.0,0.0,0.0,0.0,21.63,0.0,0.0,0.0,0.0,0.0,0.0,0.0,0.0,0.29,0.0,0.0,0.0,0.0,0.0,0.02,0.0,0.03,0.0,0.18
225,772.04,0.0,0.22,0.0,0.16,0.38,0.04,0.0,0.0,0.6,0.0,0.0,0.0,1.07,0.01,0.0,0.21,0.0,0.0,0.0,0.0,0.0,0.05,0.0,0.0,0.34,0.02,0.11,0.01,0.0,0.01,0.0,0.28,0.0,0.0,0.0,0.01,0,0.01,0.0,0.0,0.8,0.0,0.0,0.01,0.0,0.31,0.0,0.0,0.01,0.0,0.0,0.0,0.0,0.0,0.0,23.02,0.0,0.0,0.0,0.0,0.0,0.0,0.0,0.0,0.24,0.0,0.0,0.0,0.0,0.0,0.02,0.0,0.03,0.0,0.21
226,774.35,0.0,0.21,0.0,0.14,0.34,0.02,0.0,0.0,0.36,0.0,0.0,0.0,1.01,0.01,0.0,0.19,0.0,0.0,0.0,0.0,0.0,0.06,0.0,0.0,0.31,0.02,0.06,0.01,0.0,0.01,0.0,0.39,0.0,0.0,0.0,0.01,0,0.0,0.0,0.0,0.71,0.0,0.0,0.01,0.0,0.26,0.0,0.0,0.01,0.0,0.0,0.0,0.0,0.0,0.0,19.46,0.0,0.0,0.0,0.0,0.0,0.0,0.0,0.0,0.27,0.0,0.0,0.0,0.0,0.0,0.02,0.0,0.03,0.0,0.21
227,764.17,0.0,0.24,0.0,0.16,0.4,0.02,0.0,0.0,0.34,0.0,0.0,0.0,1.04,0.01,0.0,0.15,0.0,0.0,0.0,0.0,0.0,0.05,0.0,0.0,0.31,0.02,0.06,0.01,0.0,0.01,0.0,0.44,0.0,0.0,0.0,0.02,0,0.0,0.0,0.0,0.77,0.0,0.0,0.01,0.0,0.32,0.0,0.01,0.01,0.0,0.0,0.0,0.0,0.0,0.0,33.27,0.0,0.0,0.0,0.0,0.0,0.0,0.0,0.0,0.24,0.0,0.0,0.0,0.0,0.0,0.01,0.0,0.03,0.0,0.19
228,776.26,0.0,0.23,0.0,0.08,0.36,0.02,0.0,0.0,0.03,0.0,0.0,0.0,1.01,0.01,0.0,0.19,0.0,0.0,0.0,0.0,0.0,0.06,0.0,0.0,0.31,0.01,0.12,0.01,0.0,0.01,0.0,0.42,0.0,0.0,0.0,0.01,0,0.0,0.0,0.0,0.77,0.0,0.0,0.01,0.0,0.31,0.0,0.0,0.01,0.0,0.0,0.0,0.0,0.0,0.0,19.91,0.0,0.0,0.0,0.0,0.0,0.0,0.0,0.0,0.25,0.0,0.0,0.0,0.0,0.0,0.02,0.0,0.03,0.0,0.15
229,769.0,0.0,0.23,0.0,0.14,0.34,0.03,0.0,0.0,0.34,0.0,0.0,0.0,1.01,0.01,0.0,0.16,0.0,0.0,0.0,0.0,0.0,0.06,0.0,0.0,0.27,0.02,0.07,0.01,0.0,0.01,0.0,0.4,0.0,0.0,0.0,0.01,0,0.0,0.0,0.0,0.68,0.0,0.0,0.01,0.0,0.27,0.0,0.0,0.01,0.0,0.0,0.0,0.0,0.0,0.0,24.13,0.0,0.0,0.0,0.0,0.0,0.0,0.0,0.0,0.27,0.0,0.0,0.0,0.0,0.0,0.02,0.0,0.02,0.0,0.25
230,775.23,0.0,0.21,0.02,0.3,0.42,0.03,0.0,0.0,0.48,0.0,0.0,0.0,1.11,0.01,0.0,0.19,0.0,0.0,0.0,0.0,0.0,0.05,0.0,0.0,0.37,0.18,0.29,0.01,0.05,0.01,0.0,0.39,0.0,0.0,0.0,0.01,0,0.01,0.0,0.0,0.84,0.0,0.0,0.01,0.0,0.36,0.0,0.01,0.01,0.0,0.0,0.0,0.0,0.0,0.0,28.5,0.0,0.0,0.0,0.0,0.0,0.0,0.0,0.0,0.28,0.0,0.0,0.0,0.0,0.0,0.02,0.0,0.03,0.0,0.2
231,770.21,0.0,0.24,0.0,0.17,0.41,0.03,0.0,0.0,0.28,0.0,0.0,0.0,1.06,0.01,0.0,0.18,0.0,0.0,0.0,0.0,0.0,0.07,0.0,0.0,0.33,0.02,0.13,0.02,0.0,0.01,0.0,0.39,0.0,0.0,0.0,0.02,0,0.0,0.0,0.0,0.85,0.0,0.0,0.01,0.0,0.32,0.0,0.01,0.01,0.0,0.0,0.0,0.0,0.0,0.0,13.95,0.0,0.0,0.0,0.0,0.0,0.0,0.0,0.0,0.27,0.0,0.0,0.0,0.0,0.0,0.02,0.0,0.04,0.0,0.21
232,781.33,0.0,0.25,0.0,0.14,0.33,0.03,0.0,0.0,0.53,0.0,0.0,0.0,1.09,0.01,0.0,0.22,0.0,0.0,0.0,0.0,0.0,0.06,0.0,0.0,0.34,0.02,0.05,0.01,0.0,0.01,0.0,0.29,0.0,0.0,0.0,0.01,0,0.0,0.0,0.0,0.8,0.0,0.0,0.01,0.0,0.27,0.0,0.0,0.01,0.0,0.0,0.0,0.0,0.0,0.0,13.85,0.0,0.0,0.0,0.0,0.0,0.0,0.0,0.0,0.3,0.0,0.0,0.0,0.0,0.0,0.02,0.0,0.04,0.0,0.23
233,780.31,0.0,0.2,0.0,0.18,0.44,0.01,0.0,0.0,0.07,0.0,0.0,0.0,1.1,0.01,0.0,0.18,0.0,0.0,0.0,0.0,0.0,0.06,0.0,0.0,0.35,0.01,0.08,0.01,0.0,0.01,0.0,0.31,0.0,0.0,0.0,0.02,0,0.01,0.0,0.0,0.85,0.0,0.0,0.01,0.0,0.38,0.0,0.0,0.01,0.0,0.0,0.0,0.0,0.0,0.0,15.03,0.0,0.0,0.0,0.0,0.0,0.0,0.0,0.0,0.3,0.0,0.0,0.0,0.0,0.0,0.02,0.0,0.04,0.0,0.2
234,777.2,0.0,0.27,0.0,0.13,0.4,0.03,0.0,0.0,0.6,0.0,0.0,0.0,1.11,0.01,0.0,0.21,0.0,0.0,0.0,0.0,0.0,0.06,0.0,0.0,0.35,0.02,0.08,0.01,0.0,0.01,0.0,0.31,0.0,0.0,0.0,0.01,0,0.01,0.0,0.0,0.88,0.0,0.0,0.01,0.0,0.35,0.0,0.0,0.01,0.0,0.0,0.0,0.0,0.0,0.0,16.79,0.0,0.0,0.0,0.0,0.0,0.0,0.0,0.0,0.27,0.0,0.0,0.0,0.0,0.0,0.02,0.0,0.03,0.0,0.22
235,780.05,0.0,0.21,0.0,0.18,0.43,0.03,0.0,0.0,0.36,0.0,0.0,0.0,1.1,0.01,0.0,0.2,0.0,0.0,0.0,0.0,0.0,0.06,0.0,0.0,0.33,0.01,0.15,0.02,0.0,0.01,0.0,0.5,0.0,0.0,0.0,0.02,0,0.01,0.0,0.0,0.9,0.0,0.0,0.01,0.0,0.36,0.0,0.01,0.01,0.0,0.0,0.0,0.0,0.0,0.0,15.42,0.0,0.0,0.0,0.0,0.0,0.0,0.0,0.0,0.29,0.0,0.0,0.0,0.0,0.0,0.02,0.0,0.04,0.0,0.2
236,780.33,0.0,0.24,0.0,0.16,0.37,0.01,0.0,0.0,0.06,0.0,0.0,0.0,1.08,0.01,0.0,0.21,0.0,0.0,0.0,0.0,0.0,0.06,0.0,0.0,0.34,0.02,0.06,0.01,0.0,0.01,0.0,0.44,0.0,0.0,0.0,0.01,0,0.0,0.0,0.0,0.86,0.0,0.0,0.01,0.0,0.34,0.0,0.01,0.01,0.0,0.0,0.0,0.0,0.0,0.0,14.53,0.0,0.0,0.0,0.0,0.0,0.0,0.0,0.0,0.3,0.0,0.0,0.0,0.0,0.0,0.02,0.0,0.03,0.0,0.19
237,780.02,0.0,0.23,0.0,0.16,0.39,0.03,0.0,0.0,0.57,0.0,0.0,0.0,1.13,0.01,0.0,0.2,0.0,0.0,0.0,0.0,0.0,0.06,0.0,0.0,0.35,0.02,0.07,0.01,0.0,0.01,0.0,0.46,0.0,0.0,0.0,0.02,0,0.0,0.0,0.0,0.89,0.0,0.0,0.01,0.0,0.33,0.0,0.0,0.01,0.0,0.0,0.0,0.0,0.0,0.0,14.03,0.0,0.0,0.0,0.0,0.0,0.0,0.0,0.0,0.31,0.0,0.0,0.0,0.0,0.0,0.01,0.0,0.05,0.0,0.22
238,779.06,0.0,0.23,0.0,0.16,0.38,0.04,0.0,0.0,0.27,0.0,0.0,0.0,1.08,0.01,0.0,0.2,0.0,0.0,0.0,0.0,0.0,0.07,0.0,0.0,0.37,0.02,0.1,0.01,0.0,0.01,0.0,0.38,0.0,0.0,0.0,0.01,0,0.0,0.0,0.0,0.9,0.0,0.0,0.01,0.0,0.3,0.0,0.0,0.01,0.0,0.0,0.0,0.0,0.0,0.0,15.99,0.0,0.0,0.0,0.0,0.0,0.0,0.0,0.0,0.3,0.0,0.0,0.0,0.0,0.0,0.02,0.0,0.03,0.0,0.28
239,779.52,0.0,0.22,0.0,0.17,0.43,0.04,0.0,0.0,0.61,0.0,0.0,0.0,1.15,0.01,0.0,0.22,0.0,0.0,0.0,0.0,0.0,0.06,0.0,0.0,0.35,0.01,0.11,0.01,0.0,0.01,0.0,0.48,0.0,0.0,0.0,0.02,0,0.01,0.0,0.0,0.9,0.0,0.0,0.01,0.0,0.35,0.0,0.0,0.01,0.0,0.0,0.0,0.0,0.0,0.0,14.8,0.0,0.0,0.0,0.0,0.0,0.0,0.0,0.0,0.33,0.0,0.0,0.0,0.0,0.0,0.02,0.0,0.04,0.0,0.18
240,778.08,0.0,0.3,0.0,0.2,0.44,0.01,0.0,0.0,0.0,0.0,0.0,0.0,1.28,0.01,0.0,0.2,0.0,0.0,0.0,0.0,0.0,0.06,0.0,0.0,0.41,0.02,0.08,0.01,0.0,0.01,0.0,0.34,0.0,0.0,0.0,0.01,0,0.01,0.0,0.0,1.0,0.0,0.0,0.01,0.0,0.39,0.0,0.0,0.02,0.0,0.0,0.0,0.0,0.0,0.0,16.39,0.0,0.0,0.0,0.0,0.0,0.0,0.0,0.0,0.3,0.0,0.0,0.0,0.0,0.0,0.02,0.0,0.03,0.0,0.21
241,781.27,0.0,0.21,0.0,0.16,0.38,0.04,0.0,0.0,0.42,0.0,0.0,0.0,1.03,0.01,0.0,0.16,0.0,0.0,0.0,0.0,0.0,0.06,0.0,0.0,0.3,0.02,0.06,0.01,0.0,0.01,0.0,0.23,0.0,0.0,0.0,0.02,0,0.0,0.0,0.0,0.73,0.0,0.0,0.01,0.0,0.31,0.0,0.0,0.01,0.0,0.0,0.0,0.0,0.0,0.0,13.68,0.0,0.0,0.0,0.0,0.0,0.0,0.0,0.0,0.28,0.0,0.0,0.0,0.0,0.0,0.01,0.0,0.04,0.0,0.19
242,778.25,0.0,0.24,0.0,0.17,0.39,0.03,0.0,0.0,0.28,0.0,0.0,0.0,1.09,0.01,0.0,0.17,0.0,0.0,0.0,0.0,0.0,0.07,0.0,0.0,0.34,0.02,0.06,0.01,0.0,0.01,0.0,0.31,0.0,0.0,0.0,0.01,0,0.0,0.0,0.0,0.88,0.0,0.0,0.01,0.0,0.33,0.0,0.01,0.01,0.0,0.0,0.0,0.0,0.0,0.0,17.29,0.0,0.0,0.0,0.0,0.0,0.0,0.0,0.0,0.3,0.0,0.0,0.0,0.0,0.0,0.02,0.0,0.03,0.0,0.2
243,780.03,0.0,0.24,0.0,0.1,0.38,0.03,0.0,0.0,0.28,0.0,0.0,0.0,1.18,0.01,0.0,0.25,0.0,0.0,0.0,0.0,0.0,0.06,0.0,0.0,0.38,0.02,0.12,0.01,0.0,0.01,0.0,0.33,0.0,0.0,0.0,0.01,0,0.0,0.0,0.0,0.86,0.0,0.0,0.01,0.0,0.31,0.0,0.0,0.01,0.0,0.0,0.0,0.0,0.0,0.0,14.64,0.0,0.0,0.0,0.0,0.0,0.0,0.0,0.0,0.3,0.0,0.0,0.0,0.0,0.0,0.02,0.0,0.04,0.0,0.21
244,780.81,0.0,0.22,0.0,0.09,0.38,0.01,0.0,0.0,0.06,0.0,0.0,0.0,1.05,0.01,0.0,0.18,0.0,0.0,0.0,0.0,0.0,0.06,0.0,0.0,0.32,0.02,0.08,0.01,0.0,0.01,0.0,0.35,0.0,0.0,0.0,0.01,0,0.0,0.0,0.0,0.85,0.0,0.0,0.01,0.0,0.33,0.0,0.0,0.01,0.0,0.0,0.0,0.0,0.0,0.0,14.87,0.0,0.0,0.0,0.0,0.0,0.0,0.0,0.0,0.29,0.0,0.0,0.0,0.0,0.0,0.02,0.0,0.04,0.0,0.22
245,779.81,0.0,0.22,0.0,0.18,0.42,0.03,0.0,0.0,0.45,0.0,0.0,0.0,1.16,0.01,0.0,0.22,0.0,0.0,0.0,0.0,0.0,0.06,0.0,0.0,0.39,0.02,0.07,0.01,0.0,0.01,0.0,0.5,0.0,0.0,0.0,0.02,0,0.01,0.0,0.0,0.92,0.0,0.0,0.01,0.0,0.36,0.0,0.0,0.01,0.0,0.0,0.0,0.0,0.0,0.0,14.7,0.0,0.0,0.0,0.0,0.0,0.0,0.0,0.0,0.31,0.0,0.0,0.0,0.0,0.0,0.02,0.0,0.04,0.0,0.19
246,773.95,0.0,0.24,0.0,0.19,0.43,0.04,0.0,0.0,0.5,0.0,0.0,0.0,1.06,0.01,0.0,0.19,0.0,0.0,0.0,0.0,0.0,0.06,0.0,0.0,0.34,0.01,0.06,0.01,0.0,0.01,0.0,0.49,0.0,0.0,0.0,0.01,0,0.01,0.0,0.0,0.84,0.0,0.0,0.01,0.0,0.36,0.0,0.0,0.01,0.0,0.0,0.0,0.0,0.0,0.0,21.61,0.0,0.0,0.0,0.0,0.0,0.0,0.0,0.0,0.28,0.0,0.0,0.0,0.0,0.0,0.02,0.0,0.03,0.0,0.16
247,771.55,0.0,0.22,0.0,0.16,0.38,0.01,0.0,0.0,0.29,0.0,0.0,0.0,1.03,0.01,0.0,0.18,0.0,0.0,0.0,0.0,0.0,0.06,0.0,0.0,0.3,0.02,0.11,0.01,0.0,0.01,0.0,0.45,0.0,0.0,0.0,0.02,0,0.01,0.0,0.0,0.74,0.0,0.0,0.01,0.0,0.31,0.0,0.0,0.01,0.0,0.0,0.0,0.0,0.0,0.0,23.05,0.0,0.0,0.0,0.0,0.0,0.0,0.0,0.0,0.24,0.0,0.0,0.0,0.0,0.0,0.02,0.0,0.02,0.0,0.21
248,771.6,0.0,0.21,0.0,0.16,0.42,0.04,0.0,0.0,0.52,0.0,0.0,0.0,1.02,0.01,0.0,0.14,0.0,0.0,0.0,0.0,0.0,0.05,0.0,0.0,0.3,0.02,0.08,0.01,0.0,0.01,0.0,0.31,0.0,0.0,0.0,0.01,0,0.01,0.0,0.0,0.79,0.0,0.0,0.01,0.0,0.33,0.0,0.01,0.01,0.0,0.0,0.0,0.0,0.0,0.0,24.1,0.0,0.0,0.0,0.0,0.0,0.0,0.0,0.0,0.26,0.0,0.0,0.0,0.0,0.0,0.02,0.0,0.02,0.0,0.24
249,772.27,0.0,0.23,0.0,0.15,0.36,0.01,0.0,0.0,0.0,0.0,0.0,0.0,1.01,0.01,0.0,0.2,0.0,0.0,0.0,0.0,0.0,0.05,0.0,0.0,0.3,0.02,0.06,0.01,0.0,0.01,0.0,0.43,0.0,0.0,0.0,0.01,0,0.0,0.0,0.0,0.73,0.0,0.0,0.01,0.0,0.32,0.0,0.0,0.01,0.0,0.0,0.0,0.0,0.0,0.0,23.12,0.0,0.0,0.0,0.0,0.0,0.0,0.0,0.0,0.27,0.0,0.0,0.0,0.0,0.0,0.01,0.0,0.03,0.0,0.2
250,768.65,0.0,0.24,0.0,0.17,0.41,0.05,0.0,0.0,0.59,0.0,0.0,0.0,1.0,0.01,0.0,0.15,0.0,0.0,0.0,0.0,0.0,0.06,0.0,0.0,0.31,0.02,0.06,0.01,0.0,0.01,0.0,0.31,0.0,0.0,0.0,0.01,0,0.01,0.0,0.0,0.77,0.0,0.0,0.01,0.0,0.35,0.0,0.0,0.01,0.0,0.0,0.0,0.0,0.0,0.0,26.07,0.0,0.0,0.0,0.0,0.0,0.0,0.0,0.0,0.22,0.0,0.0,0.0,0.0,0.0,0.02,0.0,0.02,0.0,0.19
251,772.97,0.0,0.21,0.0,0.15,0.37,0.02,0.0,0.0,0.32,0.0,0.0,0.0,0.98,0.01,0.0,0.15,0.0,0.0,0.0,0.0,0.0,0.06,0.0,0.0,0.28,0.02,0.12,0.01,0.0,0.01,0.0,0.42,0.0,0.0,0.0,0.01,0,0.0,0.0,0.0,0.7,0.0,0.0,0.01,0.0,0.31,0.0,0.0,0.01,0.0,0.0,0.0,0.0,0.0,0.0,22.14,0.0,0.0,0.0,0.0,0.0,0.0,0.0,0.0,0.26,0.0,0.0,0.0,0.0,0.0,0.02,0.0,0.03,0.0,0.19
252,772.01,0.0,0.22,0.0,0.17,0.4,0.02,0.0,0.0,0.35,0.0,0.0,0.0,1.01,0.01,0.0,0.19,0.0,0.0,0.0,0.0,0.0,0.05,0.0,0.0,0.3,0.0,0.08,0.01,0.0,0.01,0.0,0.41,0.0,0.0,0.0,0.01,0,0.0,0.0,0.0,0.71,0.0,0.0,0.01,0.0,0.31,0.0,0.0,0.01,0.0,0.0,0.0,0.0,0.0,0.0,22.87,0.0,0.0,0.0,0.0,0.0,0.0,0.0,0.0,0.22,0.0,0.0,0.0,0.0,0.0,0.01,0.0,0.02,0.0,0.18
253,771.29,0.0,0.21,0.01,0.19,0.39,0.03,0.0,0.0,0.44,0.0,0.0,0.0,1.01,0.01,0.0,0.15,0.0,0.0,0.0,0.0,0.0,0.06,0.0,0.0,0.29,0.09,0.17,0.01,0.02,0.01,0.0,0.48,0.0,0.0,0.0,0.02,0,0.01,0.0,0.0,0.73,0.0,0.0,0.01,0.0,0.33,0.0,0.01,0.01,0.0,0.0,0.0,0.0,0.0,0.0,25.09,0.0,0.0,0.0,0.0,0.0,0.0,0.0,0.0,0.24,0.0,0.0,0.0,0.0,0.0,0.02,0.0,0.02,0.0,0.2
254,770.82,0.0,0.21,0.01,0.19,0.38,0.02,0.0,0.0,0.0,0.0,0.0,0.0,0.95,0.01,0.0,0.17,0.0,0.0,0.0,0.0,0.0,0.05,0.0,0.0,0.29,0.02,0.07,0.01,0.0,0.01,0.0,0.42,0.0,0.0,0.0,0.01,0,0.0,0.0,0.0,0.72,0.0,0.0,0.01,0.0,0.31,0.0,0.01,0.01,0.0,0.0,0.0,0.0,0.0,0.0,24.72,0.0,0.0,0.0,0.0,0.0,0.0,0.0,0.0,0.27,0.0,0.0,0.0,0.0,0.0,0.02,0.0,0.02,0.0,0.23
255,769.72,0.0,0.2,0.0,0.18,0.44,0.03,0.0,0.0,0.49,0.0,0.0,0.0,1.01,0.01,0.0,0.16,0.0,0.0,0.0,0.0,0.0,0.06,0.0,0.0,0.31,0.02,0.12,0.01,0.0,0.01,0.0,0.31,0.0,0.0,0.0,0.02,0,0.01,0.0,0.0,0.77,0.0,0.0,0.01,0.0,0.34,0.0,0.0,0.01,0.0,0.0,0.0,0.0,0.0,0.0,24.09,0.0,0.0,0.0,0.0,0.0,0.0,0.0,0.0,0.26,0.0,0.0,0.0,0.0,0.0,0.02,0.0,0.03,0.0,0.14
256,772.13,0.0,0.24,0.0,0.17,0.41,0.03,0.0,0.0,0.31,0.0,0.0,0.0,1.04,0.01,0.0,0.18,0.0,0.0,0.0,0.0,0.0,0.05,0.0,0.0,0.32,0.02,0.11,0.01,0.0,0.01,0.0,0.47,0.0,0.0,0.0,0.01,0,0.0,0.0,0.0,0.8,0.0,0.0,0.01,0.0,0.33,0.0,0.0,0.01,0.0,0.0,0.0,0.0,0.0,0.0,22.89,0.0,0.0,0.0,0.0,0.0,0.0,0.0,0.0,0.27,0.0,0.0,0.0,0.0,0.0,0.02,0.0,0.03,0.0,0.22
257,774.16,0.0,0.2,0.0,0.16,0.4,0.02,0.0,0.0,0.06,0.0,0.0,0.0,1.04,0.01,0.0,0.16,0.0,0.0,0.0,0.0,0.0,0.05,0.0,0.0,0.32,0.02,0.07,0.01,0.0,0.01,0.0,0.29,0.0,0.0,0.0,0.02,0,0.0,0.0,0.0,0.74,0.0,0.0,0.01,0.0,0.34,0.0,0.0,0.01,0.0,0.0,0.0,0.0,0.0,0.0,21.72,0.0,0.0,0.0,0.0,0.0,0.0,0.0,0.0,0.27,0.0,0.0,0.0,0.0,0.0,0.01,0.0,0.03,0.0,0.24
258,769.38,0.0,0.23,0.0,0.16,0.39,0.03,0.0,0.0,0.33,0.0,0.0,0.0,1.01,0.01,0.0,0.2,0.0,0.0,0.0,0.0,0.0,0.06,0.0,0.0,0.32,0.0,0.07,0.01,0.0,0.01,0.0,0.29,0.0,0.0,0.0,0.01,0,0.01,0.0,0.0,0.78,0.0,0.0,0.01,0.0,0.32,0.0,0.0,0.01,0.0,0.0,0.0,0.0,0.0,0.0,26.2,0.0,0.0,0.0,0.0,0.0,0.0,0.0,0.0,0.25,0.0,0.0,0.0,0.0,0.0,0.02,0.0,0.02,0.0,0.17
259,771.06,0.0,0.24,0.0,0.18,0.43,0.03,0.0,0.0,0.32,0.0,0.0,0.0,1.01,0.01,0.0,0.15,0.0,0.0,0.0,0.0,0.0,0.06,0.0,0.0,0.29,0.02,0.06,0.01,0.0,0.01,0.0,0.44,0.0,0.0,0.0,0.02,0,0.01,0.0,0.0,0.67,0.0,0.0,0.01,0.0,0.34,0.0,0.0,0.01,0.0,0.0,0.0,0.0,0.0,0.0,23.58,0.0,0.0,0.0,0.0,0.0,0.0,0.0,0.0,0.25,0.0,0.0,0.0,0.0,0.0,0.02,0.0,0.03,0.0,0.18
260,771.85,0.0,0.22,0.0,0.16,0.39,0.03,0.0,0.0,0.46,0.0,0.0,0.0,1.01,0.01,0.0,0.18,0.0,0.0,0.0,0.0,0.0,0.05,0.0,0.0,0.31,0.02,0.12,0.01,0.0,0.01,0.0,0.45,0.0,0.0,0.0,0.01,0,0.0,0.0,0.0,0.79,0.0,0.0,0.01,0.0,0.31,0.0,0.0,0.01,0.0,0.0,0.0,0.0,0.0,0.0,23.19,0.0,0.0,0.0,0.0,0.0,0.0,0.0,0.0,0.25,0.0,0.0,0.0,0.0,0.0,0.02,0.0,0.03,0.0,0.16
261,772.41,0.0,0.21,0.0,0.17,0.4,0.04,0.0,0.0,0.34,0.0,0.0,0.0,1.0,0.01,0.0,0.17,0.0,0.0,0.0,0.0,0.0,0.05,0.0,0.0,0.3,0.02,0.07,0.01,0.0,0.01,0.0,0.28,0.0,0.0,0.0,0.02,0,0.0,0.0,0.0,0.74,0.0,0.0,0.01,0.0,0.32,0.0,0.0,0.01,0.0,0.0,0.0,0.0,0.0,0.0,23.35,0.0,0.0,0.0,0.0,0.0,0.0,0.0,0.0,0.26,0.0,0.0,0.0,0.0,0.0,0.01,0.0,0.03,0.0,0.19
262,771.27,0.0,0.22,0.0,0.09,0.37,0.02,0.0,0.0,0.0,0.0,0.0,0.0,1.0,0.01,0.0,0.18,0.0,0.0,0.0,0.0,0.0,0.06,0.0,0.0,0.3,0.02,0.07,0.01,0.0,0.01,0.0,0.33,0.0,0.0,0.0,0.01,0,0.0,0.0,0.0,0.69,0.0,0.0,0.01,0.0,0.31,0.0,0.01,0.01,0.0,0.0,0.0,0.0,0.0,0.0,23.88,0.0,0.0,0.0,0.0,0.0,0.0,0.0,0.0,0.22,0.0,0.0,0.0,0.0,0.0,0.02,0.0,0.02,0.0,0.2
263,772.83,0.0,0.21,0.0,0.16,0.39,0.03,0.0,0.0,0.55,0.0,0.0,0.0,0.99,0.0,0.0,0.15,0.0,0.0,0.0,0.0,0.0,0.06,0.0,0.0,0.27,0.02,0.06,0.01,0.0,0.01,0.0,0.29,0.0,0.0,0.0,0.02,0,0.0,0.0,0.0,0.68,0.0,0.0,0.01,0.0,0.31,0.0,0.0,0.01,0.0,0.0,0.0,0.0,0.0,0.0,22.77,0.0,0.0,0.0,0.0,0.0,0.0,0.0,0.0,0.26,0.0,0.0,0.0,0.0,0.0,0.02,0.0,0.03,0.0,0.22
264,771.55,0.0,0.19,0.0,0.18,0.44,0.02,0.0,0.0,0.42,0.0,0.0,0.0,1.02,0.01,0.0,0.18,0.0,0.0,0.0,0.0,0.0,0.05,0.0,0.0,0.33,0.0,0.13,0.01,0.0,0.01,0.0,0.46,0.0,0.0,0.0,0.01,0,0.0,0.0,0.0,0.83,0.0,0.0,0.01,0.0,0.32,0.0,0.0,0.01,0.0,0.0,0.0,0.0,0.0,0.0,23.42,0.0,0.0,0.0,0.0,0.0,0.0,0.0,0.0,0.28,0.0,0.0,0.0,0.0,0.0,0.02,0.0,0.03,0.0,0.16
265,772.23,0.0,0.23,0.0,0.15,0.4,0.02,0.0,0.0,0.0,0.0,0.0,0.0,1.04,0.01,0.0,0.19,0.0,0.0,0.0,0.0,0.0,0.05,0.0,0.0,0.33,0.02,0.07,0.01,0.0,0.01,0.0,0.45,0.0,0.0,0.0,0.02,0,0.0,0.0,0.0,0.79,0.0,0.0,0.01,0.0,0.36,0.0,0.01,0.01,0.0,0.0,0.0,0.0,0.0,0.0,23.28,0.0,0.0,0.0,0.0,0.0,0.0,0.0,0.0,0.26,0.0,0.0,0.0,0.0,0.0,0.02,0.0,0.03,0.0,0.19
266,770.67,0.0,0.23,0.0,0.15,0.35,0.03,0.0,0.0,0.46,0.0,0.0,0.0,1.01,0.01,0.0,0.17,0.0,0.0,0.0,0.0,0.0,0.06,0.0,0.0,0.31,0.01,0.05,0.01,0.0,0.01,0.0,0.42,0.0,0.0,0.0,0.01,0,0.0,0.0,0.0,0.82,0.0,0.0,0.01,0.0,0.29,0.0,0.0,0.01,0.0,0.0,0.0,0.0,0.0,0.0,24.41,0.0,0.0,0.0,0.0,0.0,0.0,0.0,0.0,0.26,0.0,0.0,0.0,0.0,0.0,0.01,0.0,0.02,0.0,0.22
267,771.9,0.0,0.21,0.0,0.17,0.41,0.02,0.0,0.0,0.42,0.0,0.0,0.0,1.05,0.01,0.0,0.18,0.0,0.0,0.0,0.0,0.0,0.06,0.0,0.0,0.31,0.02,0.05,0.01,0.0,0.01,0.0,0.46,0.0,0.0,0.0,0.01,0,0.01,0.0,0.0,0.8,0.0,0.0,0.01,0.0,0.33,0.0,0.01,0.01,0.0,0.0,0.0,0.0,0.0,0.0,22.84,0.0,0.0,0.0,0.0,0.0,0.0,0.0,0.0,0.27,0.0,0.0,0.0,0.0,0.0,0.02,0.0,0.03,0.0,0.21
268,772.38,0.0,0.23,0.0,0.15,0.38,0.03,0.0,0.0,0.47,0.0,0.0,0.0,1.02,0.01,0.0,0.18,0.0,0.0,0.0,0.0,0.0,0.06,0.0,0.0,0.32,0.02,0.11,0.01,0.0,0.01,0.0,0.43,0.0,0.0,0.0,0.01,0,0.01,0.0,0.0,0.81,0.0,0.0,0.01,0.0,0.3,0.0,0.0,0.01,0.0,0.0,0.0,0.0,0.0,0.0,22.84,0.0,0.0,0.0,0.0,0.0,0.0,0.0,0.0,0.26,0.0,0.0,0.0,0.0,0.0,0.02,0.0,0.02,0.0,0.19
269,771.64,0.0,0.24,0.0,0.18,0.41,0.04,0.0,0.0,0.32,0.0,0.0,0.0,1.03,0.01,0.0,0.17,0.0,0.0,0.0,0.0,0.0,0.06,0.0,0.0,0.32,0.02,0.07,0.01,0.0,0.01,0.0,0.48,0.0,0.0,0.0,0.02,0,0.01,0.0,0.0,0.78,0.0,0.0,0.01,0.0,0.34,0.0,0.0,0.01,0.0,0.0,0.0,0.0,0.0,0.0,22.36,0.0,0.0,0.0,0.0,0.0,0.0,0.0,0.0,0.28,0.0,0.0,0.0,0.0,0.0,0.02,0.0,0.03,0.0,0.22
270,769.88,0.0,0.2,0.0,0.18,0.43,0.01,0.0,0.0,0.0,0.0,0.0,0.0,1.04,0.01,0.0,0.19,0.0,0.0,0.0,0.0,0.0,0.05,0.0,0.0,0.34,0.01,0.07,0.01,0.0,0.01,0.0,0.29,0.0,0.0,0.0,0.01,0,0.01,0.0,0.0,0.81,0.0,0.0,0.01,0.0,0.33,0.0,0.0,0.01,0.0,0.0,0.0,0.0,0.0,0.0,26.22,0.0,0.0,0.0,0.0,0.0,0.0,0.0,0.0,0.26,0.0,0.0,0.0,0.0,0.0,0.02,0.0,0.02,0.0,0.2
271,770.77,0.0,0.24,0.0,0.19,0.44,0.03,0.0,0.0,0.65,0.0,0.0,0.0,1.05,0.01,0.0,0.2,0.0,0.0,0.0,0.0,0.0,0.06,0.0,0.0,0.32,0.02,0.09,0.01,0.0,0.01,0.0,0.37,0.0,0.0,0.0,0.02,0,0.01,0.0,0.0,0.81,0.0,0.0,0.01,0.0,0.37,0.0,0.0,0.01,0.0,0.0,0.0,0.0,0.0,0.0,23.56,0.0,0.0,0.0,0.0,0.0,0.0,0.0,0.0,0.28,0.0,0.0,0.0,0.0,0.0,0.02,0.0,0.03,0.0,0.19
272,773.13,0.0,0.21,0.0,0.16,0.38,0.03,0.0,0.0,0.52,0.0,0.0,0.0,1.03,0.01,0.0,0.17,0.0,0.0,0.0,0.0,0.0,0.05,0.0,0.0,0.3,0.02,0.05,0.01,0.0,0.01,0.0,0.45,0.0,0.0,0.0,0.01,0,0.0,0.0,0.0,0.76,0.0,0.0,0.01,0.0,0.31,0.0,0.01,0.01,0.0,0.0,0.0,0.0,0.0,0.0,21.48,0.0,0.0,0.0,0.0,0.0,0.0,0.0,0.0,0.24,0.0,0.0,0.0,0.0,0.0,0.02,0.0,0.03,0.0,0.22
273,773.69,0.0,0.22,0.0,0.08,0.38,0.04,0.0,0.0,0.3,0.0,0.0,0.0,1.01,0.01,0.0,0.16,0.0,0.0,0.0,0.0,0.0,0.06,0.0,0.0,0.31,0.02,0.13,0.01,0.0,0.01,0.0,0.44,0.0,0.0,0.0,0.02,0,0.01,0.0,0.0,0.81,0.0,0.0,0.01,0.0,0.3,0.0,0.01,0.01,0.0,0.0,0.0,0.0,0.0,0.0,21.88,0.0,0.0,0.0,0.0,0.0,0.0,0.0,0.0,0.27,0.0,0.0,0.0,0.0,0.0,0.02,0.0,0.03,0.0,0.21
274,766.68,0.0,0.21,0.0,0.18,0.46,0.01,0.0,0.0,0.0,0.0,0.0,0.0,1.05,0.01,0.0,0.18,0.0,0.0,0.0,0.0,0.0,0.06,0.0,0.0,0.31,0.03,0.08,0.01,0.0,0.01,0.0,0.5,0.0,0.0,0.0,0.01,0,0.01,0.0,0.0,0.73,0.0,0.0,0.01,0.0,0.35,0.0,0.01,0.01,0.0,0.0,0.0,0.0,0.0,0.0,28.64,0.0,0.0,0.0,0.0,0.0,0.0,0.0,0.0,0.26,0.0,0.0,0.0,0.0,0.0,0.02,0.0,0.03,0.0,0.22
275,772.25,0.0,0.23,0.0,0.14,0.39,0.02,0.0,0.0,0.43,0.0,0.0,0.0,1.06,0.01,0.0,0.2,0.0,0.0,0.0,0.0,0.0,0.06,0.0,0.0,0.32,0.02,0.06,0.01,0.0,0.01,0.0,0.46,0.0,0.0,0.0,0.02,0,0.0,0.0,0.0,0.82,0.0,0.0,0.01,0.0,0.33,0.0,0.0,0.01,0.0,0.0,0.0,0.0,0.0,0.0,21.71,0.0,0.0,0.0,0.0,0.0,0.0,0.0,0.0,0.26,0.0,0.0,0.0,0.0,0.0,0.02,0.0,0.02,0.0,0.14
276,770.76,0.0,0.24,0.0,0.17,0.4,0.03,0.0,0.0,0.46,0.0,0.0,0.0,1.03,0.01,0.0,0.17,0.0,0.0,0.0,0.0,0.0,0.05,0.0,0.0,0.3,0.0,0.08,0.01,0.0,0.01,0.0,0.27,0.0,0.0,0.0,0.01,0,0.01,0.0,0.0,0.74,0.0,0.0,0.01,0.0,0.32,0.0,0.01,0.01,0.0,0.0,0.0,0.0,0.0,0.0,24.95,0.0,0.0,0.0,0.0,0.0,0.0,0.0,0.0,0.25,0.0,0.0,0.0,0.0,0.0,0.02,0.0,0.02,0.0,0.18
277,773.26,0.0,0.21,0.0,0.1,0.39,0.03,0.0,0.0,0.59,0.0,0.0,0.0,1.06,0.01,0.0,0.16,0.0,0.0,0.0,0.0,0.0,0.05,0.0,0.0,0.33,0.12,0.27,0.01,0.03,0.01,0.0,0.33,0.0,0.0,0.0,0.02,0,0.0,0.0,0.0,0.82,0.0,0.0,0.01,0.0,0.34,0.0,0.01,0.01,0.0,0.0,0.0,0.0,0.0,0.0,24.54,0.0,0.0,0.0,0.0,0.0,0.0,0.01,0.0,0.25,0.0,0.0,0.0,0.0,0.0,0.02,0.0,0.02,0.0,0.22
278,766.37,0.0,0.21,0.02,0.3,0.42,0.03,0.0,0.0,0.0,0.0,0.0,0.0,0.99,0.01,0.0,0.17,0.0,0.0,0.0,0.0,0.0,0.06,0.0,0.0,0.29,0.02,0.08,0.01,0.0,0.01,0.0,0.47,0.0,0.0,0.0,0.01,0,0.01,0.0,0.0,0.7,0.0,0.0,0.01,0.0,0.33,0.0,0.0,0.01,0.0,0.0,0.0,0.0,0.0,0.0,25.87,0.0,0.0,0.0,0.0,0.0,0.0,0.0,0.0,0.27,0.0,0.0,0.0,0.0,0.0,0.02,0.0,0.02,0.0,0.17
279,770.19,0.0,0.24,0.0,0.19,0.44,0.04,0.0,0.0,0.62,0.0,0.0,0.0,1.06,0.01,0.0,0.18,0.0,0.0,0.0,0.0,0.0,0.06,0.0,0.0,0.33,0.02,0.07,0.01,0.0,0.01,0.0,0.48,0.0,0.0,0.0,0.02,0,0.01,0.0,0.0,0.91,0.0,0.0,0.01,0.0,0.36,0.0,0.01,0.01,0.0,0.0,0.0,0.0,0.0,0.0,24.05,0.0,0.0,0.0,0.0,0.0,0.0,0.0,0.0,0.28,0.0,0.0,0.0,0.0,0.0,0.02,0.0,0.03,0.0,0.21
280,774.46,0.0,0.2,0.0,0.18,0.44,0.02,0.0,0.0,0.38,0.0,0.0,0.0,1.07,0.01,0.0,0.18,0.0,0.0,0.0,0.0,0.0,0.05,0.0,0.0,0.33,0.02,0.07,0.01,0.0,0.01,0.0,0.31,0.0,0.0,0.0,0.01,0,0.01,0.0,0.0,0.78,0.0,0.0,0.01,0.0,0.36,0.0,0.01,0.01,0.0,0.0,0.0,0.0,0.0,0.0,24.29,0.0,0.0,0.0,0.0,0.0,0.0,0.0,0.0,0.28,0.0,0.0,0.0,0.0,0.0,0.02,0.0,0.03,0.0,0.22
281,769.6,0.0,0.22,0.0,0.16,0.39,0.01,0.0,0.0,0.06,0.0,0.0,0.0,1.0,0.01,0.0,0.17,0.0,0.0,0.0,0.0,0.0,0.06,0.0,0.0,0.31,0.01,0.05,0.01,0.0,0.01,0.0,0.45,0.0,0.0,0.0,0.01,0,0.0,0.0,0.0,0.75,0.0,0.0,0.01,0.0,0.35,0.0,0.0,0.01,0.0,0.0,0.0,0.0,0.0,0.0,22.86,0.0,0.0,0.0,0.0,0.0,0.0,0.0,0.0,0.25,0.0,0.0,0.0,0.0,0.0,0.02,0.0,0.03,0.0,0.19
282,768.76,0.0,0.24,0.0,0.17,0.39,0.03,0.0,0.0,0.55,0.0,0.0,0.0,1.02,0.01,0.0,0.2,0.0,0.0,0.0,0.0,0.0,0.05,0.0,0.0,0.31,0.02,0.07,0.01,0.0,0.01,0.0,0.3,0.0,0.0,0.0,0.01,0,0.01,0.0,0.0,0.82,0.0,0.0,0.01,0.0,0.33,0.0,0.0,0.01,0.0,0.0,0.0,0.0,0.0,0.0,26.32,0.0,0.0,0.0,0.0,0.0,0.0,0.0,0.0,0.27,0.0,0.0,0.0,0.0,0.0,0.02,0.0,0.03,0.0,0.2
283,769.59,0.0,0.19,0.0,0.19,0.45,0.04,0.0,0.0,0.58,0.0,0.0,0.0,0.99,0.01,0.0,0.15,0.0,0.0,0.0,0.0,0.0,0.06,0.0,0.0,0.3,0.02,0.16,0.02,0.0,0.01,0.0,0.51,0.0,0.0,0.0,0.02,0,0.01,0.0,0.0,0.75,0.0,0.0,0.01,0.0,0.36,0.0,0.0,0.01,0.0,0.0,0.0,0.0,0.0,0.0,24.89,0.0,0.0,0.0,0.0,0.0,0.0,0.0,0.0,0.23,0.0,0.0,0.0,0.0,0.0,0.02,0.0,0.02,0.0,0.21
284,777.47,0.0,0.22,0.0,0.16,0.38,0.02,0.0,0.0,0.31,0.0,0.0,0.0,0.99,0.01,0.0,0.17,0.0,0.0,0.0,0.0,0.0,0.05,0.0,0.0,0.3,0.02,0.06,0.01,0.0,0.01,0.0,0.43,0.0,0.0,0.0,0.01,0,0.0,0.0,0.0,0.75,0.0,0.0,0.01,0.0,0.3,0.0,0.0,0.01,0.0,0.0,0.0,0.0,0.0,0.0,22.5,0.0,0.0,0.0,0.0,0.0,0.0,0.0,0.0,0.26,0.0,0.0,0.0,0.0,0.0,0.01,0.0,0.02,0.0,0.21
285,767.17,0.0,0.22,0.0,0.17,0.38,0.02,0.0,0.0,0.34,0.0,0.0,0.0,0.94,0.01,0.0,0.12,0.0,0.0,0.0,0.0,0.0,0.06,0.0,0.0,0.27,0.02,0.06,0.01,0.0,0.01,0.0,0.29,0.0,0.0,0.0,0.02,0,0.01,0.0,0.0,0.66,0.0,0.0,0.01,0.0,0.32,0.0,0.01,0.01,0.0,0.0,0.0,0.0,0.0,0.0,23.31,0.0,0.0,0.0,0.0,0.0,0.0,0.0,0.0,0.23,0.0,0.0,0.0,0.0,0.0,0.02,0.0,0.03,0.0,0.17
286,769.57,0.0,0.23,0.0,0.14,0.34,0.03,0.0,0.0,0.41,0.0,0.0,0.0,1.0,0.01,0.0,0.19,0.0,0.0,0.0,0.0,0.0,0.06,0.0,0.0,0.31,0.02,0.11,0.01,0.0,0.01,0.0,0.41,0.0,0.0,0.0,0.01,0,0.0,0.0,0.0,0.72,0.0,0.0,0.01,0.0,0.27,0.0,0.01,0.01,0.0,0.0,0.0,0.0,0.0,0.0,24.87,0.0,0.0,0.0,0.0,0.0,0.0,0.0,0.0,0.27,0.0,0.0,0.0,0.0,0.0,0.02,0.0,0.03,0.0,0.17
287,774.72,0.0,0.2,0.0,0.12,0.37,0.01,0.0,0.0,0.0,0.0,0.0,0.0,0.99,0.01,0.0,0.19,0.0,0.0,0.0,0.0,0.0,0.05,0.0,0.0,0.31,0.01,0.07,0.01,0.0,0.01,0.0,0.29,0.0,0.0,0.0,0.02,0,0.0,0.0,0.0,0.8,0.0,0.0,0.01,0.0,0.31,0.0,0.0,0.01,0.0,0.0,0.0,0.0,0.0,0.0,21.99,0.0,0.0,0.0,0.0,0.0,0.0,0.0,0.0,0.23,0.0,0.0,0.0,0.0,0.0,0.02,0.0,0.02,0.0,0.17
288,773.64,0.0,0.21,0.0,0.15,0.35,0.03,0.0,0.0,0.58,0.0,0.0,0.0,0.97,0.01,0.0,0.15,0.0,0.0,0.0,0.0,0.0,0.05,0.0,0.0,0.26,0.01,0.06,0.01,0.0,0.01,0.0,0.4,0.0,0.0,0.0,0.01,0,0.0,0.0,0.0,0.67,0.0,0.0,0.01,0.0,0.29,0.0,0.0,0.01,0.0,0.0,0.0,0.0,0.0,0.0,20.97,0.0,0.0,0.0,0.0,0.0,0.0,0.0,0.0,0.23,0.0,0.0,0.0,0.0,0.0,0.02,0.0,0.02,0.0,0.15
289,772.42,0.0,0.21,0.0,0.17,0.39,0.04,0.0,0.0,0.49,0.0,0.0,0.0,0.99,0.01,0.0,0.15,0.0,0.0,0.0,0.0,0.0,0.06,0.0,0.0,0.3,0.01,0.07,0.01,0.0,0.01,0.0,0.47,0.0,0.0,0.0,0.01,0,0.01,0.0,0.0,0.8,0.0,0.0,0.01,0.0,0.32,0.0,0.0,0.01,0.0,0.0,0.0,0.0,0.0,0.0,23.45,0.0,0.0,0.0,0.0,0.0,0.0,0.0,0.0,0.26,0.0,0.0,0.0,0.0,0.0,0.02,0.0,0.03,0.0,0.2
290,769.81,0.0,0.2,0.0,0.17,0.38,0.02,0.0,0.0,0.43,0.0,0.0,0.0,0.97,0.01,0.0,0.18,0.0,0.0,0.0,0.0,0.0,0.05,0.0,0.0,0.28,0.02,0.13,0.01,0.0,0.01,0.0,0.42,0.0,0.0,0.0,0.01,0,0.01,0.0,0.0,0.68,0.0,0.0,0.01,0.0,0.33,0.0,0.01,0.01,0.0,0.0,0.0,0.0,0.0,0.0,25.4,0.0,0.0,0.0,0.0,0.0,0.0,0.0,0.0,0.24,0.0,0.0,0.0,0.0,0.0,0.02,0.0,0.02,0.0,0.22
291,771.36,0.0,0.19,0.0,0.18,0.43,0.01,0.0,0.0,0.0,0.0,0.0,0.0,1.01,0.01,0.0,0.16,0.0,0.0,0.0,0.0,0.0,0.06,0.0,0.0,0.31,0.02,0.08,0.01,0.0,0.01,0.0,0.47,0.0,0.0,0.0,0.02,0,0.01,0.0,0.0,0.8,0.0,0.0,0.01,0.0,0.34,0.0,0.0,0.01,0.0,0.0,0.0,0.0,0.0,0.0,22.72,0.0,0.0,0.0,0.0,0.0,0.0,0.0,0.0,0.26,0.0,0.0,0.0,0.0,0.0,0.02,0.0,0.03,0.0,0.18
292,772.45,0.0,0.24,0.0,0.17,0.41,0.03,0.0,0.0,0.56,0.0,0.0,0.0,1.0,0.01,0.0,0.16,0.0,0.0,0.0,0.0,0.0,0.05,0.0,0.0,0.29,0.02,0.06,0.01,0.0,0.01,0.0,0.47,0.0,0.0,0.0,0.01,0,0.01,0.0,0.0,0.77,0.0,0.0,0.01,0.0,0.33,0.0,0.0,0.01,0.0,0.0,0.0,0.0,0.0,0.0,23.06,0.0,0.0,0.0,0.0,0.0,0.0,0.0,0.0,0.24,0.0,0.0,0.0,0.0,0.0,0.02,0.0,0.02,0.0,0.15
293,771.91,0.0,0.22,0.0,0.16,0.38,0.04,0.0,0.0,0.59,0.0,0.0,0.0,1.01,0.01,0.0,0.19,0.0,0.0,0.0,0.0,0.0,0.06,0.0,0.0,0.31,0.02,0.05,0.01,0.0,0.01,0.0,0.44,0.0,0.0,0.0,0.02,0,0.0,0.0,0.0,0.76,0.0,0.0,0.01,0.0,0.31,0.0,0.0,0.01,0.0,0.0,0.0,0.0,0.0,0.0,23.26,0.0,0.0,0.0,0.0,0.0,0.0,0.0,0.0,0.28,0.0,0.0,0.0,0.0,0.0,0.02,0.0,0.03,0.0,0.22
294,769.34,0.0,0.2,0.0,0.15,0.42,0.02,0.0,0.0,0.42,0.0,0.0,0.0,1.03,0.01,0.0,0.18,0.0,0.0,0.0,0.0,0.0,0.05,0.0,0.0,0.31,0.01,0.14,0.02,0.0,0.01,0.0,0.47,0.0,0.0,0.0,0.01,0,0.01,0.0,0.0,0.77,0.0,0.0,0.01,0.0,0.34,0.0,0.01,0.01,0.0,0.0,0.0,0.0,0.0,0.0,25.37,0.0,0.0,0.0,0.0,0.0,0.0,0.0,0.0,0.23,0.0,0.0,0.0,0.0,0.0,0.02,0.0,0.02,0.0,0.23
295,777.92,0.0,0.22,0.0,0.16,0.39,0.01,0.0,0.0,0.0,0.0,0.0,0.0,1.08,0.01,0.0,0.18,0.0,0.0,0.0,0.0,0.0,0.05,0.0,0.0,0.33,0.02,0.07,0.01,0.0,0.01,0.0,0.4,0.0,0.0,0.0,0.01,0,0.0,0.0,0.0,0.87,0.0,0.0,0.01,0.0,0.31,0.0,0.01,0.01,0.0,0.0,0.0,0.0,0.0,0.0,16.01,0.0,0.0,0.0,0.0,0.0,0.0,0.0,0.0,0.32,0.0,0.0,0.0,0.0,0.0,0.02,0.0,0.04,0.0,0.19
296,781.16,0.0,0.24,0.0,0.16,0.39,0.02,0.0,0.0,0.36,0.0,0.0,0.0,1.1,0.01,0.0,0.2,0.0,0.0,0.0,0.0,0.0,0.06,0.0,0.0,0.37,0.02,0.06,0.01,0.0,0.01,0.0,0.31,0.0,0.0,0.0,0.01,0,0.01,0.0,0.0,0.92,0.0,0.0,0.01,0.0,0.34,0.0,0.0,0.01,0.0,0.0,0.0,0.0,0.0,0.0,13.93,0.0,0.0,0.0,0.0,0.0,0.0,0.0,0.0,0.3,0.0,0.0,0.0,0.0,0.0,0.02,0.0,0.03,0.0,0.19
297,780.97,0.0,0.24,0.0,0.1,0.37,0.04,0.0,0.0,0.42,0.0,0.0,0.0,1.09,0.01,0.0,0.21,0.0,0.0,0.0,0.0,0.0,0.07,0.0,0.0,0.35,0.02,0.06,0.01,0.0,0.01,0.0,0.28,0.0,0.0,0.0,0.01,0,0.0,0.0,0.0,0.83,0.0,0.0,0.01,0.0,0.29,0.0,0.0,0.01,0.0,0.0,0.0,0.0,0.0,0.0,13.53,0.0,0.0,0.0,0.0,0.0,0.0,0.0,0.0,0.31,0.0,0.0,0.0,0.0,0.0,0.02,0.0,0.04,0.0,0.18
298,778.69,0.0,0.22,0.0,0.17,0.4,0.02,0.0,0.0,0.35,0.0,0.0,0.0,1.12,0.01,0.0,0.19,0.0,0.0,0.0,0.0,0.0,0.06,0.0,0.0,0.34,0.02,0.14,0.02,0.0,0.01,0.0,0.26,0.0,0.0,0.0,0.01,0,0.0,0.0,0.0,0.85,0.0,0.0,0.01,0.0,0.32,0.0,0.01,0.01,0.0,0.0,0.0,0.0,0.0,0.0,17.93,0.0,0.0,0.0,0.0,0.0,0.0,0.0,0.0,0.29,0.0,0.0,0.0,0.0,0.0,0.02,0.0,0.04,0.0,0.21
299,780.34,0.0,0.23,0.0,0.14,0.34,0.04,0.0,0.0,0.59,0.0,0.0,0.0,1.13,0.01,0.0,0.24,0.0,0.0,0.0,0.0,0.0,0.06,0.0,0.0,0.37,0.01,0.04,0.01,0.0,0.01,0.0,0.25,0.0,0.0,0.0,0.01,0,0.0,0.0,0.0,0.91,0.0,0.0,0.01,0.0,0.28,0.0,0.0,0.01,0.0,0.0,0.0,0.0,0.0,0.0,13.14,0.0,0.0,0.0,0.0,0.0,0.0,0.0,0.0,0.31,0.0,0.0,0.0,0.0,0.0,0.01,0.0,0.04,0.0,0.19
300,777.23,0.0,0.24,0.0,0.16,0.39,0.01,0.0,0.0,0.0,0.0,0.0,0.0,1.13,0.01,0.0,0.2,0.0,0.0,0.0,0.0,0.0,0.06,0.0,0.0,0.34,0.02,0.07,0.01,0.0,0.01,0.0,0.46,0.0,0.0,0.0,0.01,0,0.0,0.0,0.0,0.95,0.0,0.0,0.01,0.0,0.33,0.0,0.01,0.01,0.0,0.0,0.0,0.0,0.0,0.0,20.81,0.0,0.0,0.0,0.0,0.0,0.0,0.0,0.0,0.29,0.0,0.0,0.0,0.0,0.0,0.03,0.0,0.03,0.0,0.21
301,780.28,0.0,0.25,0.03,0.32,0.42,0.03,0.0,0.0,0.5,0.0,0.0,0.0,1.14,0.01,0.0,0.19,0.0,0.0,0.0,0.0,0.0,0.06,0.0,0.0,0.39,0.16,0.34,0.02,0.04,0.01,0.0,0.35,0.0,0.0,0.0,0.02,0,0.01,0.0,0.0,0.92,0.0,0.0,0.01,0.0,0.38,0.0,0.01,0.01,0.0,0.0,0.0,0.0,0.0,0.0,10.09,0.0,0.0,0.0,0.0,0.0,0.0,0.01,0.0,0.35,0.0,0.0,0.0,0.0,0.0,0.02,0.0,0.04,0.0,0.21
302,776.99,0.0,0.21,0.0,0.19,0.46,0.03,0.0,0.0,0.35,0.0,0.0,0.0,1.16,0.01,0.0,0.2,0.0,0.0,0.0,0.0,0.0,0.06,0.0,0.0,0.37,0.01,0.09,0.01,0.0,0.01,0.0,0.5,0.0,0.0,0.0,0.01,0,0.01,0.0,0.0,0.97,0.0,0.0,0.01,0.0,0.38,0.0,0.01,0.01,0.0,0.0,0.0,0.0,0.0,0.0,19.94,0.0,0.0,0.0,0.0,0.0,0.0,0.0,0.0,0.28,0.0,0.0,0.0,0.0,0.0,0.02,0.0,0.03,0.0,0.19
303,779.79,0.0,0.24,0.0,0.1,0.41,0.02,0.0,0.0,0.0,0.0,0.0,0.0,1.1,0.01,0.0,0.19,0.0,0.0,0.0,0.0,0.0,0.06,0.0,0.0,0.34,0.02,0.07,0.01,0.0,0.01,0.0,0.31,0.0,0.0,0.0,0.01,0,0.01,0.0,0.0,0.87,0.0,0.0,0.01,0.0,0.35,0.0,0.0,0.01,0.0,0.0,0.0,0.0,0.0,0.0,13.08,0.0,0.0,0.0,0.0,0.0,0.0,0.0,0.0,0.32,0.0,0.0,0.0,0.0,0.0,0.02,0.0,0.04,0.0,0.22
304,778.46,0.0,0.21,0.0,0.19,0.45,0.02,0.0,0.0,0.35,0.0,0.0,0.0,1.09,0.01,0.0,0.18,0.0,0.0,0.0,0.0,0.0,0.05,0.0,0.0,0.37,0.02,0.08,0.01,0.0,0.01,0.0,0.35,0.0,0.0,0.0,0.01,0,0.01,0.0,0.0,0.91,0.0,0.0,0.01,0.0,0.35,0.0,0.01,0.01,0.0,0.0,0.0,0.0,0.0,0.0,16.16,0.0,0.0,0.0,0.0,0.0,0.0,0.0,0.0,0.3,0.0,0.0,0.0,0.0,0.0,0.02,0.0,0.04,0.0,0.2
305,779.56,0.0,0.25,0.0,0.17,0.4,0.04,0.0,0.0,0.39,0.0,0.0,0.0,1.13,0.01,0.0,0.23,0.0,0.0,0.0,0.0,0.0,0.06,0.0,0.0,0.36,0.02,0.06,0.01,0.0,0.01,0.0,0.3,0.0,0.0,0.0,0.02,0,0.0,0.0,0.0,0.87,0.0,0.0,0.01,0.0,0.34,0.0,0.0,0.01,0.0,0.0,0.0,0.0,0.0,0.0,14.81,0.0,0.0,0.0,0.0,0.0,0.0,0.0,0.0,0.3,0.0,0.0,0.0,0.0,0.0,0.02,0.0,0.05,0.0,0.19
306,778.83,0.0,0.23,0.0,0.07,0.36,0.01,0.0,0.0,0.27,0.0,0.0,0.0,1.09,0.01,0.0,0.2,0.0,0.0,0.0,0.0,0.0,0.06,0.0,0.0,0.36,0.02,0.11,0.01,0.0,0.01,0.0,0.29,0.0,0.0,0.0,0.01,0,0.0,0.0,0.0,0.9,0.0,0.0,0.01,0.0,0.3,0.0,0.0,0.01,0.0,0.0,0.0,0.0,0.0,0.0,17.47,0.0,0.0,0.0,0.0,0.0,0.0,0.0,0.0,0.33,0.0,0.0,0.0,0.0,0.0,0.01,0.0,0.04,0.0,0.2
307,780.11,0.0,0.23,0.0,0.16,0.38,0.01,0.0,0.0,0.0,0.0,0.0,0.0,1.16,0.01,0.0,0.25,0.0,0.0,0.0,0.0,0.0,0.06,0.0,0.0,0.38,0.01,0.08,0.01,0.0,0.01,0.0,0.29,0.0,0.0,0.0,0.01,0,0.0,0.0,0.0,0.93,0.0,0.0,0.01,0.0,0.34,0.0,0.0,0.01,0.0,0.0,0.0,0.0,0.0,0.0,13.78,0.0,0.0,0.0,0.0,0.0,0.0,0.0,0.0,0.31,0.0,0.0,0.0,0.0,0.0,0.02,0.0,0.05,0.0,0.15
308,779.59,0.0,0.24,0.0,0.16,0.39,0.04,0.0,0.0,0.6,0.0,0.0,0.0,1.15,0.01,0.0,0.19,0.0,0.0,0.0,0.0,0.0,0.07,0.0,0.0,0.38,0.02,0.07,0.01,0.0,0.01,0.0,0.24,0.0,0.0,0.0,0.01,0,0.0,0.0,0.0,0.92,0.0,0.0,0.01,0.0,0.32,0.0,0.01,0.01,0.0,0.0,0.0,0.0,0.0,0.0,19.6,0.0,0.0,0.0,0.0,0.0,0.0,0.0,0.0,0.33,0.0,0.0,0.0,0.0,0.0,0.02,0.0,0.04,0.0,0.23
309,779.31,0.0,0.23,0.0,0.16,0.38,0.02,0.0,0.0,0.35,0.0,0.0,0.0,1.13,0.01,0.0,0.2,0.0,0.0,0.0,0.0,0.0,0.06,0.0,0.0,0.35,0.02,0.06,0.01,0.0,0.01,0.0,0.3,0.0,0.0,0.0,0.01,0,0.01,0.0,0.0,0.89,0.0,0.0,0.01,0.0,0.32,0.0,0.0,0.01,0.0,0.0,0.0,0.0,0.0,0.0,10.49,0.0,0.0,0.0,0.0,0.0,0.0,0.0,0.0,0.29,0.0,0.0,0.0,0.0,0.0,0.02,0.0,0.04,0.0,0.24
310,775.93,0.0,0.24,0.0,0.1,0.44,0.02,0.0,0.0,0.86,0.0,0.0,0.0,1.23,0.01,0.0,0.24,0.0,0.0,0.0,0.0,0.0,0.06,0.0,0.0,0.39,0.02,0.15,0.02,0.0,0.01,0.0,0.28,0.0,0.0,0.0,0.01,0,0.01,0.0,0.0,0.99,0.0,0.0,0.01,0.0,0.38,0.0,0.0,0.01,0.0,0.0,0.0,0.0,0.0,0.0,21.84,0.0,0.0,0.0,0.0,0.0,0.0,0.0,0.0,0.33,0.0,0.0,0.0,0.0,0.0,0.02,0.0,0.03,0.0,0.21
311,778.71,0.0,0.25,0.0,0.18,0.44,0.03,0.0,0.0,0.0,0.0,0.0,0.0,1.1,0.01,0.0,0.18,0.0,0.0,0.0,0.0,0.0,0.06,0.0,0.0,0.36,0.02,0.08,0.01,0.0,0.01,0.0,0.31,0.0,0.0,0.0,0.02,0,0.01,0.0,0.0,0.87,0.0,0.0,0.01,0.0,0.36,0.0,0.0,0.01,0.0,0.0,0.0,0.0,0.0,0.0,12.32,0.0,0.0,0.0,0.0,0.0,0.0,0.0,0.0,0.29,0.0,0.0,0.0,0.0,0.0,0.02,0.0,0.04,0.0,0.21
312,776.78,0.0,0.21,0.0,0.19,0.44,0.02,0.0,0.0,0.38,0.0,0.0,0.0,1.07,0.01,0.0,0.17,0.0,0.0,0.0,0.0,0.0,0.06,0.0,0.0,0.3,0.02,0.08,0.01,0.0,0.01,0.0,0.31,0.0,0.0,0.0,0.01,0,0.01,0.0,0.0,0.73,0.0,0.0,0.01,0.0,0.34,0.0,0.01,0.01,0.0,0.0,0.0,0.0,0.0,0.0,19.09,0.0,0.0,0.0,0.0,0.0,0.0,0.0,0.0,0.26,0.0,0.0,0.0,0.0,0.0,0.02,0.0,0.03,0.0,0.21
313,773.4,0.0,0.23,0.0,0.15,0.4,0.04,0.0,0.0,0.35,0.0,0.0,0.0,1.01,0.01,0.0,0.17,0.0,0.0,0.0,0.0,0.0,0.06,0.0,0.0,0.31,0.01,0.07,0.01,0.0,0.01,0.0,0.47,0.0,0.0,0.0,0.01,0,0.0,0.0,0.0,0.81,0.0,0.0,0.01,0.0,0.32,0.0,0.01,0.01,0.0,0.0,0.0,0.0,0.0,0.0,22.1,0.0,0.0,0.0,0.0,0.0,0.0,0.0,0.0,0.25,0.0,0.0,0.0,0.0,0.0,0.02,0.0,0.03,0.0,0.22
314,767.91,0.0,0.21,0.0,0.19,0.45,0.01,0.0,0.0,0.0,0.0,0.0,0.0,1.06,0.01,0.0,0.19,0.0,0.0,0.0,0.0,0.0,0.05,0.0,0.0,0.33,0.02,0.07,0.01,0.0,0.01,0.0,0.5,0.0,0.0,0.0,0.01,0,0.01,0.0,0.0,0.9,0.0,0.0,0.01,0.0,0.37,0.0,0.0,0.01,0.0,0.0,0.0,0.0,0.0,0.0,26.87,0.0,0.0,0.0,0.0,0.0,0.0,0.0,0.0,0.26,0.0,0.0,0.0,0.0,0.0,0.02,0.0,0.03,0.0,0.18
315,772.32,0.0,0.24,0.0,0.11,0.39,0.02,0.0,0.0,0.52,0.0,0.0,0.0,1.0,0.01,0.0,0.17,0.0,0.0,0.0,0.0,0.0,0.06,0.0,0.0,0.32,0.02,0.07,0.01,0.0,0.01,0.0,0.29,0.0,0.0,0.0,0.02,0,0.0,0.0,0.0,0.7,0.0,0.0,0.01,0.0,0.33,0.0,0.0,0.01,0.0,0.0,0.0,0.0,0.0,0.0,23.63,0.0,0.0,0.0,0.0,0.0,0.0,0.0,0.0,0.26,0.0,0.0,0.0,0.0,0.0,0.02,0.0,0.03,0.0,0.22
316,773.33,0.0,0.22,0.0,0.15,0.35,0.02,0.0,0.0,0.28,0.0,0.0,0.0,0.99,0.01,0.0,0.17,0.0,0.0,0.0,0.0,0.0,0.05,0.0,0.0,0.28,0.02,0.13,0.01,0.0,0.01,0.0,0.39,0.0,0.0,0.0,0.01,0,0.0,0.0,0.0,0.8,0.0,0.0,0.01,0.0,0.28,0.0,0.01,0.01,0.0,0.0,0.0,0.0,0.0,0.0,21.89,0.0,0.0,0.0,0.0,0.0,0.0,0.0,0.0,0.25,0.0,0.0,0.0,0.0,0.0,0.02,0.0,0.03,0.0,0.2
317,772.03,0.0,0.2,0.0,0.16,0.42,0.03,0.0,0.0,0.41,0.0,0.0,0.0,1.04,0.01,0.0,0.17,0.0,0.0,0.0,0.0,0.0,0.06,0.0,0.0,0.34,0.02,0.06,0.01,0.0,0.01,0.0,0.42,0.0,0.0,0.0,0.01,0,0.0,0.0,0.0,0.83,0.0,0.0,0.01,0.0,0.33,0.0,0.0,0.01,0.0,0.0,0.0,0.0,0.0,0.0,23.05,0.0,0.0,0.0,0.0,0.0,0.0,0.0,0.0,0.27,0.0,0.0,0.0,0.0,0.0,0.02,0.0,0.04,0.0,0.19
318,771.4,0.0,0.23,0.0,0.15,0.36,0.02,0.0,0.0,0.33,0.0,0.0,0.0,1.03,0.01,0.0,0.21,0.0,0.0,0.0,0.0,0.0,0.05,0.0,0.0,0.32,0.02,0.06,0.01,0.0,0.01,0.0,0.27,0.0,0.0,0.0,0.01,0,0.0,0.0,0.0,0.75,0.0,0.0,0.01,0.0,0.3,0.0,0.0,0.01,0.0,0.0,0.0,0.0,0.0,0.0,24.89,0.0,0.0,0.0,0.0,0.0,0.0,0.0,0.0,0.25,0.0,0.0,0.0,0.0,0.0,0.02,0.0,0.02,0.0,0.2
319,774.29,0.0,0.24,0.0,0.13,0.39,0.01,0.0,0.0,0.0,0.0,0.0,0.0,1.0,0.01,0.0,0.16,0.0,0.0,0.0,0.0,0.0,0.06,0.0,0.0,0.29,0.01,0.13,0.01,0.0,0.01,0.0,0.29,0.0,0.0,0.0,0.01,0,0.0,0.0,0.0,0.79,0.0,0.0,0.01,0.0,0.32,0.0,0.0,0.01,0.0,0.0,0.0,0.0,0.0,0.0,20.14,0.0,0.0,0.0,0.0,0.0,0.0,0.0,0.0,0.27,0.0,0.0,0.0,0.0,0.0,0.02,0.0,0.04,0.0,0.21
320,773.09,0.0,0.23,0.0,0.15,0.36,0.02,0.0,0.0,0.32,0.0,0.0,0.0,1.06,0.01,0.0,0.21,0.0,0.0,0.0,0.0,0.0,0.06,0.0,0.0,0.36,0.01,0.06,0.01,0.0,0.01,0.0,0.43,0.0,0.0,0.0,0.01,0,0.0,0.0,0.0,0.83,0.0,0.0,0.01,0.0,0.3,0.0,0.0,0.01,0.0,0.0,0.0,0.0,0.0,0.0,25.3,0.0,0.0,0.0,0.0,0.0,0.0,0.0,0.0,0.28,0.0,0.0,0.0,0.0,0.0,0.02,0.0,0.03,0.0,0.22
321,772.52,0.0,0.2,0.0,0.18,0.43,0.02,0.0,0.0,0.32,0.0,0.0,0.0,1.03,0.01,0.0,0.17,0.0,0.0,0.0,0.0,0.0,0.05,0.0,0.0,0.3,0.02,0.08,0.01,0.0,0.01,0.0,0.48,0.0,0.0,0.0,0.02,0,0.01,0.0,0.0,0.76,0.0,0.0,0.01,0.0,0.33,0.0,0.0,0.01,0.0,0.0,0.0,0.0,0.0,0.0,18.55,0.0,0.0,0.0,0.0,0.0,0.0,0.0,0.0,0.26,0.0,0.0,0.0,0.0,0.0,0.02,0.0,0.03,0.0,0.16
322,770.09,0.0,0.24,0.0,0.18,0.42,0.01,0.0,0.0,0.0,0.0,0.0,0.0,1.05,0.01,0.0,0.17,0.0,0.0,0.0,0.0,0.0,0.05,0.0,0.0,0.33,0.02,0.07,0.01,0.0,0.01,0.0,0.39,0.0,0.0,0.0,0.01,0,0.0,0.0,0.0,0.95,0.0,0.0,0.01,0.0,0.38,0.0,0.01,0.01,0.0,0.0,0.0,0.0,0.0,0.0,26.7,0.0,0.0,0.0,0.0,0.0,0.0,0.0,0.0,0.27,0.0,0.0,0.0,0.0,0.0,0.02,0.0,0.02,0.0,0.21
323,772.93,0.0,0.21,0.0,0.16,0.37,0.02,0.0,0.0,0.58,0.0,0.0,0.0,1.0,0.01,0.0,0.19,0.0,0.0,0.0,0.0,0.0,0.05,0.0,0.0,0.29,0.02,0.11,0.01,0.0,0.01,0.0,0.28,0.0,0.0,0.0,0.01,0,0.0,0.0,0.0,0.65,0.0,0.0,0.01,0.0,0.31,0.0,0.0,0.01,0.0,0.0,0.0,0.0,0.0,0.0,20.55,0.0,0.0,0.0,0.0,0.0,0.0,0.0,0.0,0.27,0.0,0.0,0.0,0.0,0.0,0.02,0.0,0.03,0.0,0.21
324,771.67,0.0,0.2,0.0,0.11,0.43,0.04,0.0,0.0,0.3,0.0,0.0,0.0,1.06,0.01,0.0,0.17,0.0,0.0,0.0,0.0,0.0,0.06,0.0,0.0,0.37,0.02,0.08,0.01,0.0,0.01,0.0,0.35,0.0,0.0,0.0,0.02,0,0.01,0.0,0.0,0.95,0.0,0.0,0.01,0.0,0.36,0.0,0.0,0.01,0.0,0.0,0.0,0.0,0.0,0.0,25.98,0.0,0.0,0.0,0.0,0.0,0.0,0.0,0.0,0.28,0.0,0.0,0.0,0.0,0.0,0.02,0.0,0.03,0.0,0.18
325,768.31,0.0,0.25,0.02,0.29,0.41,0.02,0.0,0.0,0.3,0.0,0.0,0.0,1.07,0.01,0.0,0.19,0.0,0.0,0.0,0.0,0.0,0.06,0.0,0.0,0.33,0.14,0.22,0.01,0.04,0.01,0.0,0.5,0.0,0.0,0.0,0.02,0,0.01,0.0,0.0,0.81,0.0,0.0,0.01,0.0,0.32,0.0,0.0,0.01,0.0,0.0,0.0,0.0,0.0,0.0,22.63,0.0,0.0,0.0,0.0,0.0,0.0,0.0,0.0,0.27,0.0,0.0,0.0,0.0,0.0,0.02,0.0,0.03,0.0,0.19
326,771.08,0.0,0.23,0.0,0.15,0.39,0.03,0.0,0.0,0.31,0.0,0.0,0.0,1.08,0.01,0.0,0.19,0.0,0.0,0.0,0.0,0.0,0.05,0.0,0.0,0.33,0.01,0.08,0.01,0.0,0.01,0.0,0.36,0.0,0.0,0.0,0.02,0,0.01,0.0,0.0,0.87,0.0,0.0,0.01,0.0,0.33,0.0,0.0,0.01,0.0,0.0,0.0,0.0,0.0,0.0,27.7,0.0,0.0,0.0,0.0,0.0,0.0,0.0,0.0,0.25,0.0,0.0,0.0,0.0,0.0,0.02,0.0,0.02,0.0,0.2
327,773.33,0.0,0.22,0.0,0.15,0.36,0.02,0.0,0.0,0.04,0.0,0.0,0.0,0.98,0.01,0.0,0.15,0.0,0.0,0.0,0.0,0.0,0.06,0.0,0.0,0.28,0.02,0.12,0.01,0.0,0.01,0.0,0.42,0.0,0.0,0.0,0.01,0,0.0,0.0,0.0,0.76,0.0,0.0,0.01,0.0,0.32,0.0,0.0,0.01,0.0,0.0,0.0,0.0,0.0,0.0,20.06,0.0,0.0,0.0,0.0,0.0,0.0,0.0,0.0,0.27,0.0,0.0,0.0,0.0,0.0,0.02,0.0,0.03,0.0,0.19
328,767.44,0.0,0.22,0.0,0.16,0.4,0.03,0.0,0.0,0.55,0.0,0.0,0.0,1.08,0.01,0.0,0.19,0.0,0.0,0.0,0.0,0.0,0.06,0.0,0.0,0.35,0.02,0.08,0.01,0.0,0.01,0.0,0.41,0.0,0.0,0.0,0.01,0,0.01,0.0,0.0,0.87,0.0,0.0,0.01,0.0,0.37,0.0,0.01,0.01,0.0,0.0,0.0,0.0,0.0,0.0,29.49,0.0,0.0,0.0,0.0,0.0,0.0,0.0,0.0,0.25,0.0,0.0,0.0,0.0,0.0,0.02,0.0,0.03,0.0,0.15
329,774.89,0.0,0.2,0.0,0.17,0.39,0.02,0.0,0.0,0.3,0.0,0.0,0.0,0.97,0.01,0.0,0.17,0.0,0.0,0.0,0.0,0.0,0.06,0.0,0.0,0.27,0.02,0.06,0.01,0.0,0.01,0.0,0.25,0.0,0.0,0.0,0.01,0,0.0,0.0,0.0,0.66,0.0,0.0,0.01,0.0,0.3,0.0,0.0,0.01,0.0,0.0,0.0,0.0,0.0,0.0,18.18,0.0,0.0,0.0,0.0,0.0,0.0,0.0,0.0,0.26,0.0,0.0,0.0,0.0,0.0,0.01,0.0,0.03,0.0,0.19
330,764.76,0.0,0.22,0.0,0.16,0.38,0.03,0.0,0.0,0.34,0.0,0.0,0.0,1.07,0.01,0.0,0.18,0.0,0.0,0.0,0.0,0.0,0.05,0.0,0.0,0.32,0.02,0.07,0.01,0.0,0.01,0.0,0.45,0.0,0.0,0.0,0.01,0,0.0,0.0,0.0,0.91,0.0,0.0,0.01,0.0,0.32,0.0,0.01,0.01,0.0,0.0,0.0,0.0,0.0,0.0,34.25,0.0,0.0,0.0,0.0,0.0,0.0,0.0,0.0,0.28,0.0,0.0,0.0,0.0,0.0,0.02,0.0,0.03,0.0,0.2
331,774.9,0.0,0.22,0.0,0.17,0.38,0.02,0.0,0.0,0.0,0.0,0.0,0.0,1.0,0.01,0.0,0.19,0.0,0.0,0.0,0.0,0.0,0.06,0.0,0.0,0.33,0.02,0.11,0.01,0.0,0.01,0.0,0.44,0.0,0.0,0.0,0.01,0,0.0,0.0,0.0,0.79,0.0,0.0,0.01,0.0,0.33,0.0,0.0,0.01,0.0,0.0,0.0,0.0,0.0,0.0,15.99,0.0,0.0,0.0,0.0,0.0,0.0,0.0,0.0,0.22,0.0,0.0,0.0,0.0,0.0,0.02,0.0,0.02,0.0,0.19
332,768.86,0.0,0.22,0.0,0.15,0.36,0.02,0.0,0.0,0.43,0.0,0.0,0.0,0.97,0.01,0.0,0.14,0.0,0.0,0.0,0.0,0.0,0.06,0.0,0.0,0.26,0.02,0.06,0.01,0.0,0.01,0.0,0.44,0.0,0.0,0.0,0.01,0,0.0,0.0,0.0,0.65,0.0,0.0,0.01,0.0,0.32,0.0,0.0,0.01,0.0,0.0,0.0,0.0,0.0,0.0,28.46,0.0,0.0,0.0,0.0,0.0,0.0,0.0,0.0,0.27,0.0,0.0,0.0,0.0,0.0,0.01,0.0,0.03,0.0,0.2
333,777.61,0.0,0.21,0.0,0.16,0.37,0.02,0.0,0.0,0.23,0.0,0.0,0.0,1.01,0.01,0.0,0.19,0.0,0.0,0.0,0.0,0.0,0.05,0.0,0.0,0.31,0.02,0.06,0.01,0.0,0.01,0.0,0.43,0.0,0.0,0.0,0.01,0,0.0,0.0,0.0,0.82,0.0,0.0,0.01,0.0,0.31,0.0,0.0,0.01,0.0,0.0,0.0,0.0,0.0,0.0,24.04,0.0,0.0,0.0,0.0,0.0,0.0,0.0,0.0,0.25,0.0,0.0,0.0,0.0,0.0,0.02,0.0,0.02,0.0,0.18
334,762.63,0.0,0.22,0.0,0.17,0.4,0.03,0.0,0.0,0.34,0.0,0.0,0.0,1.01,0.01,0.0,0.13,0.0,0.0,0.0,0.0,0.0,0.06,0.0,0.0,0.29,0.0,0.1,0.01,0.0,0.01,0.0,0.31,0.0,0.0,0.0,0.02,0,0.01,0.0,0.0,0.73,0.0,0.0,0.01,0.0,0.35,0.0,0.0,0.01,0.0,0.0,0.0,0.0,0.0,0.0,24.34,0.0,0.0,0.0,0.0,0.0,0.0,0.0,0.0,0.23,0.0,0.0,0.0,0.0,0.0,0.02,0.0,0.02,0.0,0.17
335,779.46,0.0,0.2,0.0,0.17,0.38,0.02,0.0,0.0,0.0,0.0,0.0,0.0,0.95,0.01,0.0,0.18,0.0,0.0,0.0,0.0,0.0,0.05,0.0,0.0,0.31,0.01,0.08,0.01,0.0,0.01,0.0,0.25,0.0,0.0,0.0,0.01,0,0.0,0.0,0.0,0.75,0.0,0.0,0.01,0.0,0.31,0.0,0.0,0.01,0.0,0.0,0.0,0.0,0.0,0.0,19.36,0.0,0.0,0.0,0.0,0.0,0.0,0.0,0.0,0.27,0.0,0.0,0.0,0.0,0.0,0.02,0.0,0.02,0.0,0.18
336,763.2,0.0,0.23,0.0,0.17,0.41,0.03,0.0,0.0,0.51,0.0,0.0,0.0,1.1,0.01,0.0,0.16,0.0,0.0,0.0,0.0,0.0,0.06,0.0,0.0,0.33,0.02,0.08,0.01,0.0,0.01,0.0,0.31,0.0,0.0,0.0,0.02,0,0.01,0.0,0.0,0.83,0.0,0.0,0.01,0.0,0.34,0.0,0.0,0.01,0.0,0.0,0.0,0.0,0.0,0.0,28.39,0.0,0.0,0.0,0.0,0.0,0.0,0.0,0.0,0.28,0.0,0.0,0.0,0.0,0.0,0.02,0.0,0.03,0.0,0.21
337,777.84,0.0,0.22,0.0,0.16,0.37,0.03,0.0,0.0,0.63,0.0,0.0,0.0,1.04,0.01,0.0,0.22,0.0,0.0,0.0,0.0,0.0,0.05,0.0,0.0,0.33,0.02,0.06,0.01,0.0,0.01,0.0,0.43,0.0,0.0,0.0,0.01,0,0.01,0.0,0.0,0.88,0.0,0.0,0.01,0.0,0.33,0.0,0.01,0.01,0.0,0.0,0.0,0.0,0.0,0.0,21.83,0.0,0.0,0.0,0.0,0.0,0.0,0.0,0.0,0.27,0.0,0.0,0.0,0.0,0.0,0.03,0.0,0.03,0.0,0.21
338,762.42,0.0,0.23,0.0,0.17,0.42,0.04,0.0,0.0,0.33,0.0,0.0,0.0,1.0,0.01,0.0,0.13,0.0,0.0,0.0,0.0,0.0,0.07,0.0,0.0,0.3,0.02,0.05,0.01,0.0,0.01,0.0,0.43,0.0,0.0,0.0,0.02,0,0.01,0.0,0.0,0.78,0.0,0.0,0.01,0.0,0.32,0.0,0.0,0.01,0.0,0.0,0.0,0.0,0.0,0.0,27.12,0.0,0.0,0.0,0.0,0.0,0.0,0.0,0.0,0.25,0.0,0.0,0.0,0.0,0.0,0.02,0.0,0.02,0.0,0.2
339,779.56,0.0,0.23,0.0,0.18,0.41,0.01,0.0,0.0,0.0,0.0,0.0,0.0,1.02,0.01,0.0,0.18,0.0,0.0,0.0,0.0,0.0,0.05,0.0,0.0,0.31,0.01,0.15,0.02,0.0,0.01,0.0,0.48,0.0,0.0,0.0,0.01,0,0.01,0.0,0.0,0.85,0.0,0.0,0.01,0.0,0.37,0.0,0.01,0.01,0.0,0.0,0.0,0.0,0.0,0.0,16.96,0.0,0.0,0.0,0.0,0.0,0.0,0.0,0.0,0.25,0.0,0.0,0.0,0.0,0.0,0.02,0.0,0.03,0.0,0.2
340,765.93,0.0,0.23,0.0,0.15,0.37,0.02,0.0,0.0,0.5,0.0,0.0,0.0,1.0,0.01,0.0,0.18,0.0,0.0,0.0,0.0,0.0,0.05,0.0,0.0,0.29,0.02,0.06,0.01,0.0,0.01,0.0,0.44,0.0,0.0,0.0,0.01,0,0.0,0.0,0.0,0.7,0.0,0.0,0.01,0.0,0.31,0.0,0.01,0.01,0.0,0.0,0.0,0.0,0.0,0.0,27.71,0.0,0.0,0.0,0.0,0.0,0.0,0.0,0.0,0.26,0.0,0.0,0.0,0.0,0.0,0.02,0.0,0.03,0.0,0.2
341,774.04,0.0,0.21,0.0,0.17,0.39,0.03,0.0,0.0,0.29,0.0,0.0,0.0,0.99,0.01,0.0,0.18,0.0,0.0,0.0,0.0,0.0,0.05,0.0,0.0,0.3,0.02,0.07,0.01,0.0,0.01,0.0,0.45,0.0,0.0,0.0,0.01,0,0.0,0.0,0.0,0.84,0.0,0.0,0.01,0.0,0.33,0.0,0.0,0.01,0.0,0.0,0.0,0.0,0.0,0.0,26.38,0.0,0.0,0.0,0.0,0.0,0.0,0.0,0.0,0.25,0.0,0.0,0.0,0.0,0.0,0.02,0.0,0.02,0.0,0.21
342,770.88,0.0,0.21,0.0,0.11,0.41,0.03,0.0,0.0,0.35,0.0,0.0,0.0,1.05,0.01,0.0,0.14,0.0,0.0,0.0,0.0,0.0,0.07,0.0,0.0,0.31,0.02,0.08,0.01,0.0,0.01,0.0,0.3,0.0,0.0,0.0,0.02,0,0.01,0.0,0.0,0.71,0.0,0.0,0.01,0.0,0.33,0.0,0.0,0.01,0.0,0.0,0.0,0.0,0.0,0.0,18.43,0.0,0.0,0.0,0.0,0.0,0.0,0.0,0.0,0.25,0.0,0.0,0.0,0.0,0.0,0.02,0.0,0.03,0.0,0.22
343,788.02,0.0,0.21,0.0,0.12,0.38,0.01,0.0,0.0,0.0,0.0,0.0,0.0,1.08,0.01,0.0,0.24,0.0,0.0,0.0,0.0,0.0,0.05,0.0,0.0,0.36,0.01,0.13,0.01,0.0,0.01,0.0,0.44,0.0,0.0,0.0,0.01,0,0.0,0.0,0.0,0.98,0.0,0.0,0.01,0.0,0.32,0.0,0.0,0.01,0.0,0.0,0.0,0.0,0.0,0.0,13.88,0.0,0.0,0.0,0.0,0.0,0.0,0.0,0.0,0.34,0.0,0.0,0.0,0.0,0.0,0.01,0.0,0.05,0.0,0.2
344,773.02,0.0,0.24,0.0,0.16,0.4,0.02,0.0,0.0,0.4,0.0,0.0,0.0,1.08,0.01,0.0,0.16,0.0,0.0,0.0,0.0,0.0,0.06,0.0,0.0,0.34,0.02,0.08,0.01,0.0,0.01,0.0,0.3,0.0,0.0,0.0,0.02,0,0.01,0.0,0.0,0.74,0.0,0.0,0.01,0.0,0.32,0.0,0.0,0.01,0.0,0.0,0.0,0.0,0.0,0.0,14.57,0.0,0.0,0.0,0.0,0.0,0.0,0.0,0.0,0.27,0.0,0.0,0.0,0.0,0.0,0.02,0.0,0.03,0.0,0.2
345,787.62,0.0,0.23,0.0,0.19,0.43,0.03,0.0,0.0,0.33,0.0,0.0,0.0,1.12,0.01,0.0,0.22,0.0,0.0,0.0,0.0,0.0,0.06,0.0,0.0,0.36,0.02,0.07,0.01,0.0,0.01,0.0,0.27,0.0,0.0,0.0,0.01,0,0.01,0.0,0.0,0.99,0.0,0.0,0.01,0.0,0.36,0.0,0.0,0.01,0.0,0.0,0.0,0.0,0.0,0.0,11.11,0.0,0.0,0.0,0.0,0.0,0.0,0.0,0.0,0.32,0.0,0.0,0.0,0.0,0.0,0.02,0.0,0.04,0.0,0.19
346,772.07,0.0,0.24,0.0,0.16,0.39,0.02,0.0,0.0,0.0,0.0,0.0,0.0,1.11,0.01,0.0,0.18,0.0,0.0,0.0,0.0,0.0,0.07,0.0,0.0,0.37,0.01,0.07,0.01,0.0,0.01,0.0,0.26,0.0,0.0,0.0,0.02,0,0.01,0.0,0.0,0.88,0.0,0.0,0.01,0.0,0.35,0.0,0.0,0.01,0.0,0.0,0.0,0.0,0.0,0.0,20.34,0.0,0.0,0.0,0.0,0.0,0.0,0.0,0.0,0.26,0.0,0.0,0.0,0.0,0.0,0.02,0.0,0.03,0.0,0.18
347,785.74,0.0,0.22,0.0,0.15,0.36,0.03,0.0,0.0,0.51,0.0,0.0,0.0,1.1,0.01,0.0,0.2,0.0,0.0,0.0,0.0,0.0,0.06,0.0,0.0,0.32,0.02,0.12,0.01,0.0,0.01,0.0,0.39,0.0,0.0,0.0,0.01,0,0.0,0.0,0.0,0.83,0.0,0.0,0.01,0.0,0.3,0.0,0.0,0.01,0.0,0.0,0.0,0.0,0.0,0.0,14.32,0.0,0.0,0.0,0.0,0.0,0.0,0.0,0.0,0.3,0.0,0.0,0.0,0.0,0.0,0.02,0.0,0.04,0.0,0.23
348,773.63,0.0,0.23,0.0,0.08,0.42,0.02,0.0,0.0,0.39,0.0,0.0,0.0,1.09,0.01,0.0,0.16,0.0,0.0,0.0,0.0,0.0,0.06,0.0,0.0,0.31,0.02,0.08,0.01,0.0,0.01,0.0,0.33,0.0,0.01,0.0,0.02,0,0.01,0.0,0.0,0.91,0.0,0.0,0.01,0.0,0.36,0.0,0.01,0.01,0.0,0.0,0.0,0.0,0.0,0.0,18.07,0.0,0.0,0.0,0.0,0.0,0.0,0.0,0.0,0.3,0.0,0.0,0.0,0.0,0.0,0.02,0.0,0.03,0.0,0.24
349,778.32,0.0,0.26,0.03,0.32,0.45,0.01,0.0,0.0,0.0,0.0,0.0,0.0,1.24,0.01,0.0,0.24,0.0,0.0,0.0,0.0,0.0,0.06,0.0,0.0,0.44,0.15,0.29,0.01,0.04,0.01,0.0,0.37,0.0,0.0,0.0,0.01,0,0.01,0.0,0.0,1.05,0.0,0.0,0.01,0.0,0.39,0.0,0.0,0.01,0.0,0.0,0.0,0.0,0.0,0.0,15.47,0.0,0.0,0.0,0.0,0.0,0.0,0.0,0.0,0.34,0.0,0.0,0.0,0.0,0.0,0.03,0.0,0.04,0.0,0.23
350,769.66,0.0,0.24,0.0,0.22,0.5,0.04,0.0,0.0,0.29,0.0,0.0,0.0,1.19,0.01,0.0,0.2,0.0,0.0,0.0,0.0,0.0,0.07,0.0,0.0,0.37,0.02,0.09,0.01,0.0,0.01,0.0,0.57,0.0,0.0,0.0,0.02,0,0.01,0.0,0.0,0.96,0.0,0.0,0.01,0.0,0.39,0.0,0.01,0.02,0.0,0.0,0.0,0.0,0.0,0.0,23.81,0.0,0.0,0.0,0.0,0.0,0.0,0.0,0.0,0.3,0.0,0.0,0.0,0.0,0.0,0.02,0.0,0.03,0.0,0.2
351,784.01,0.0,0.26,0.0,0.17,0.41,0.03,0.0,0.0,0.25,0.0,0.0,0.0,1.09,0.01,0.0,0.18,0.0,0.0,0.0,0.0,0.0,0.06,0.0,0.0,0.34,0.01,0.07,0.01,0.0,0.01,0.0,0.25,0.0,0.0,0.0,0.01,0,0.01,0.0,0.0,0.89,0.0,0.0,0.01,0.0,0.33,0.0,0.0,0.01,0.0,0.0,0.0,0.0,0.0,0.0,8.27,0.0,0.0,0.0,0.0,0.0,0.0,0.0,0.0,0.28,0.0,0.0,0.0,0.0,0.0,0.02,0.0,0.04,0.0,0.19
352,772.57,0.0,0.22,0.0,0.18,0.43,0.04,0.0,0.0,0.63,0.0,0.0,0.0,1.11,0.01,0.0,0.19,0.0,0.0,0.0,0.0,0.0,0.06,0.0,0.0,0.34,0.02,0.07,0.01,0.0,0.01,0.0,0.4,0.0,0.0,0.0,0.02,0,0.01,0.0,0.0,0.83,0.0,0.0,0.01,0.0,0.36,0.0,0.0,0.01,0.0,0.0,0.0,0.0,0.0,0.0,25.36,0.0,0.0,0.0,0.0,0.0,0.0,0.0,0.0,0.27,0.0,0.0,0.0,0.0,0.0,0.02,0.0,0.03,0.0,0.19
353,784.03,0.0,0.24,0.0,0.16,0.38,0.03,0.0,0.0,0.33,0.0,0.0,0.0,1.11,0.01,0.0,0.19,0.0,0.0,0.0,0.0,0.0,0.06,0.0,0.0,0.37,0.02,0.13,0.01,0.0,0.01,0.0,0.28,0.0,0.0,0.0,0.01,0,0.0,0.0,0.0,0.95,0.0,0.0,0.01,0.0,0.31,0.0,0.01,0.01,0.0,0.0,0.0,0.0,0.0,0.0,11.21,0.0,0.0,0.0,0.0,0.0,0.0,0.0,0.0,0.32,0.0,0.0,0.0,0.0,0.0,0.02,0.0,0.04,0.0,0.22
354,776.45,0.0,0.25,0.0,0.19,0.45,0.01,0.0,0.0,0.0,0.0,0.0,0.0,1.19,0.01,0.0,0.19,0.0,0.0,0.0,0.0,0.0,0.06,0.0,0.0,0.39,0.02,0.09,0.01,0.0,0.01,0.0,0.32,0.0,0.0,0.0,0.02,0,0.01,0.0,0.0,0.94,0.0,0.0,0.01,0.0,0.36,0.0,0.0,0.01,0.0,0.0,0.0,0.0,0.0,0.0,20.59,0.0,0.0,0.0,0.0,0.0,0.0,0.0,0.0,0.35,0.0,0.0,0.0,0.0,0.0,0.02,0.0,0.05,0.0,0.21
355,778.28,0.0,0.22,0.0,0.19,0.46,0.02,0.0,0.0,0.42,0.0,0.0,0.0,1.25,0.01,0.0,0.27,0.0,0.0,0.0,0.0,0.0,0.06,0.0,0.0,0.42,0.03,0.08,0.01,0.0,0.01,0.0,0.36,0.0,0.0,0.0,0.02,0,0.01,0.0,0.0,1.07,0.0,0.0,0.01,0.0,0.39,0.0,0.01,0.02,0.0,0.0,0.0,0.0,0.0,0.0,10.16,0.0,0.0,0.0,0.0,0.0,0.0,0.0,0.0,0.32,0.0,0.0,0.0,0.0,0.0,0.02,0.0,0.04,0.0,0.21
356,779.48,0.0,0.26,0.0,0.18,0.42,0.04,0.0,0.0,0.37,0.0,0.0,0.0,1.12,0.01,0.0,0.16,0.0,0.0,0.0,0.0,0.0,0.06,0.0,0.0,0.35,0.01,0.07,0.01,0.0,0.01,0.0,0.44,0.0,0.0,0.0,0.02,0,0.01,0.0,0.0,0.89,0.0,0.0,0.01,0.0,0.36,0.0,0.0,0.01,0.0,0.0,0.0,0.0,0.0,0.0,15.79,0.0,0.0,0.0,0.0,0.0,0.0,0.0,0.0,0.31,0.0,0.0,0.0,0.0,0.0,0.02,0.0,0.03,0.0,0.21
357,780.92,0.0,0.21,0.0,0.18,0.43,0.01,0.0,0.0,0.0,0.0,0.0,0.0,1.11,0.01,0.0,0.19,0.0,0.0,0.0,0.0,0.0,0.06,0.0,0.0,0.34,0.02,0.06,0.01,0.0,0.01,0.0,0.28,0.0,0.0,0.0,0.02,0,0.01,0.0,0.0,0.9,0.0,0.0,0.01,0.0,0.37,0.0,0.01,0.01,0.0,0.0,0.0,0.0,0.0,0.0,12.8,0.0,0.0,0.0,0.0,0.0,0.0,0.0,0.0,0.29,0.0,0.0,0.0,0.0,0.0,0.02,0.0,0.04,0.0,0.19
358,779.36,0.0,0.23,0.0,0.16,0.4,0.03,0.0,0.0,0.57,0.0,0.0,0.0,1.11,0.01,0.0,0.2,0.0,0.0,0.0,0.0,0.0,0.06,0.0,0.0,0.34,0.02,0.06,0.01,0.0,0.01,0.0,0.3,0.0,0.0,0.0,0.01,0,0.01,0.0,0.0,0.93,0.0,0.0,0.01,0.0,0.34,0.0,0.01,0.01,0.0,0.0,0.0,0.0,0.0,0.0,15.47,0.0,0.0,0.0,0.0,0.0,0.0,0.0,0.0,0.31,0.0,0.0,0.0,0.0,0.0,0.02,0.0,0.03,0.0,0.2
359,780.48,0.0,0.24,0.0,0.19,0.45,0.03,0.0,0.0,0.41,0.0,0.0,0.0,1.11,0.01,0.0,0.18,0.0,0.0,0.0,0.0,0.0,0.06,0.0,0.0,0.35,0.02,0.11,0.01,0.0,0.01,0.0,0.29,0.0,0.0,0.0,0.02,0,0.01,0.0,0.0,0.93,0.0,0.0,0.01,0.0,0.37,0.0,0.0,0.01,0.0,0.0,0.0,0.0,0.0,0.0,13.89,0.0,0.0,0.0,0.0,0.0,0.0,0.0,0.0,0.29,0.0,0.0,0.0,0.0,0.0,0.02,0.0,0.04,0.0,0.21
360,780.06,0.0,0.22,0.0,0.14,0.34,0.03,0.0,0.0,0.3,0.0,0.0,0.0,1.08,0.01,0.0,0.21,0.0,0.0,0.0,0.0,0.0,0.06,0.0,0.0,0.35,0.02,0.06,0.01,0.0,0.01,0.0,0.38,0.0,0.0,0.0,0.01,0,0.0,0.0,0.0,0.85,0.0,0.0,0.01,0.0,0.28,0.0,0.0,0.01,0.0,0.0,0.0,0.0,0.0,0.0,16.38,0.0,0.0,0.0,0.0,0.0,0.0,0.0,0.0,0.28,0.0,0.0,0.0,0.0,0.0,0.02,0.0,0.04,0.0,0.23
361,780.73,0.0,0.24,0.0,0.16,0.39,0.01,0.0,0.0,0.0,0.0,0.0,0.0,1.1,0.01,0.0,0.2,0.0,0.0,0.0,0.0,0.0,0.06,0.0,0.0,0.36,0.02,0.07,0.01,0.0,0.01,0.0,0.28,0.0,0.0,0.0,0.01,0,0.0,0.0,0.0,0.93,0.0,0.0,0.01,0.0,0.34,0.0,0.0,0.01,0.0,0.0,0.0,0.0,0.0,0.0,13.16,0.0,0.0,0.0,0.0,0.0,0.0,0.0,0.0,0.34,0.0,0.0,0.0,0.0,0.0,0.02,0.0,0.04,0.0,0.21
362,776.94,0.0,0.27,0.0,0.17,0.4,0.03,0.0,0.0,0.47,0.0,0.0,0.0,1.2,0.01,0.0,0.26,0.0,0.0,0.0,0.0,0.0,0.06,0.0,0.0,0.39,0.01,0.13,0.01,0.0,0.01,0.0,0.48,0.0,0.0,0.0,0.01,0,0.01,0.0,0.0,1.02,0.0,0.0,0.01,0.0,0.37,0.0,0.0,0.01,0.0,0.0,0.0,0.0,0.0,0.0,19.69,0.0,0.0,0.0,0.0,0.0,0.0,0.0,0.0,0.29,0.0,0.0,0.0,0.0,0.0,0.02,0.0,0.03,0.0,0.22
363,780.0,0.0,0.2,0.0,0.18,0.43,0.02,0.0,0.0,0.33,0.0,0.0,0.0,1.02,0.01,0.0,0.15,0.0,0.0,0.0,0.0,0.0,0.06,0.0,0.0,0.32,0.02,0.08,0.01,0.0,0.01,0.0,0.48,0.0,0.0,0.0,0.02,0,0.01,0.0,0.0,0.88,0.0,0.0,0.01,0.0,0.34,0.0,0.01,0.01,0.0,0.0,0.0,0.0,0.0,0.0,11.7,0.0,0.0,0.0,0.0,0.0,0.0,0.0,0.0,0.31,0.0,0.0,0.0,0.0,0.0,0.02,0.0,0.04,0.0,0.21
364,780.18,0.0,0.27,0.0,0.19,0.43,0.03,0.0,0.0,0.0,0.0,0.0,0.0,1.21,0.01,0.0,0.2,0.0,0.0,0.0,0.0,0.0,0.07,0.0,0.0,0.38,0.02,0.08,0.01,0.0,0.01,0.0,0.39,0.0,0.0,0.0,0.01,0,0.01,0.0,0.0,0.96,0.0,0.0,0.01,0.0,0.4,0.0,0.01,0.01,0.0,0.0,0.0,0.0,0.0,0.0,14.19,0.0,0.0,0.0,0.0,0.0,0.0,0.0,0.0,0.3,0.0,0.0,0.0,0.0,0.0,0.01,0.0,0.03,0.0,0.16
365,780.48,0.0,0.23,0.0,0.16,0.38,0.03,0.0,0.0,0.67,0.0,0.0,0.0,1.11,0.01,0.0,0.19,0.0,0.0,0.0,0.0,0.0,0.06,0.0,0.0,0.35,0.02,0.05,0.01,0.0,0.01,0.0,0.46,0.0,0.0,0.0,0.01,0,0.01,0.0,0.0,0.93,0.0,0.0,0.01,0.0,0.34,0.0,0.0,0.01,0.0,0.0,0.0,0.0,0.0,0.0,14.35,0.0,0.0,0.0,0.0,0.0,0.0,0.0,0.0,0.31,0.0,0.0,0.0,0.0,0.0,0.02,0.0,0.05,0.0,0.17
366,777.89,0.0,0.23,0.0,0.16,0.39,0.03,0.0,0.0,0.65,0.0,0.0,0.0,1.19,0.01,0.0,0.24,0.0,0.0,0.0,0.0,0.0,0.06,0.0,0.0,0.39,0.02,0.08,0.01,0.0,0.01,0.0,0.25,0.0,0.0,0.0,0.01,0,0.0,0.0,0.0,0.98,0.0,0.0,0.01,0.0,0.34,0.0,0.01,0.01,0.0,0.0,0.0,0.0,0.0,0.0,19.41,0.0,0.0,0.0,0.0,0.0,0.0,0.0,0.0,0.33,0.0,0.0,0.0,0.0,0.0,0.02,0.0,0.04,0.0,0.25
367,779.67,0.0,0.22,0.0,0.2,0.46,0.02,0.0,0.0,0.0,0.0,0.0,0.0,1.22,0.01,0.0,0.21,0.0,0.0,0.0,0.0,0.0,0.06,0.0,0.0,0.38,0.02,0.15,0.02,0.0,0.01,0.0,0.51,0.0,0.0,0.0,0.02,0,0.01,0.0,0.0,1.01,0.0,0.0,0.01,0.0,0.42,0.0,0.01,0.01,0.0,0.0,0.0,0.0,0.0,0.0,12.02,0.0,0.0,0.0,0.0,0.0,0.0,0.0,0.0,0.34,0.0,0.0,0.0,0.0,0.0,0.02,0.0,0.05,0.0,0.17
368,779.36,0.0,0.29,0.0,0.08,0.39,0.04,0.0,0.0,0.63,0.0,0.0,0.0,1.24,0.01,0.0,0.23,0.0,0.0,0.0,0.0,0.0,0.07,0.0,0.0,0.43,0.01,0.08,0.01,0.0,0.01,0.0,0.48,0.0,0.0,0.0,0.01,0,0.01,0.0,0.0,1.02,0.0,0.0,0.01,0.0,0.37,0.0,0.01,0.01,0.0,0.0,0.0,0.0,0.0,0.0,14.41,0.0,0.0,0.0,0.0,0.0,0.0,0.0,0.0,0.3,0.0,0.0,0.0,0.0,0.0,0.02,0.0,0.03,0.0,0.22
369,780.83,0.0,0.22,0.0,0.18,0.4,0.02,0.0,0.0,0.47,0.0,0.0,0.0,1.01,0.01,0.0,0.16,0.0,0.0,0.0,0.0,0.0,0.06,0.0,0.0,0.31,0.02,0.07,0.01,0.0,0.01,0.0,0.29,0.0,0.0,0.0,0.01,0,0.0,0.0,0.0,0.81,0.0,0.0,0.01,0.0,0.34,0.0,0.01,0.01,0.0,0.0,0.0,0.0,0.0,0.0,14.07,0.0,0.0,0.0,0.0,0.0,0.0,0.0,0.0,0.3,0.0,0.0,0.0,0.0,0.0,0.02,0.0,0.04,0.0,0.23
370,779.27,0.0,0.22,0.0,0.14,0.34,0.02,0.0,0.0,0.28,0.0,0.0,0.0,1.16,0.01,0.0,0.24,0.0,0.0,0.0,0.0,0.0,0.06,0.0,0.0,0.39,0.02,0.12,0.01,0.0,0.01,0.0,0.41,0.0,0.0,0.0,0.01,0,0.0,0.0,0.0,0.93,0.0,0.0,0.01,0.0,0.29,0.0,0.01,0.01,0.0,0.0,0.0,0.0,0.0,0.0,20.31,0.0,0.0,0.0,0.0,0.0,0.0,0.0,0.0,0.32,0.0,0.0,0.0,0.0,0.0,0.02,0.0,0.04,0.0,0.2
371,778.76,0.0,0.27,0.0,0.15,0.44,0.01,0.0,0.0,0.0,0.0,0.0,0.0,1.12,0.01,0.0,0.21,0.0,0.0,0.0,0.0,0.0,0.06,0.0,0.0,0.35,0.02,0.08,0.01,0.0,0.01,0.0,0.27,0.0,0.0,0.0,0.01,0,0.01,0.0,0.0,0.96,0.0,0.0,0.01,0.0,0.37,0.0,0.0,0.01,0.0,0.0,0.0,0.0,0.0,0.0,10.43,0.0,0.0,0.0,0.0,0.0,0.0,0.0,0.0,0.29,0.0,0.0,0.0,0.0,0.0,0.02,0.0,0.04,0.0,0
372,779.38,0.0,0.23,0.0,0.17,0.41,0.03,0.0,0.0,0.39,0.0,0.0,0.0,1.12,0.01,0.0,0.18,0.0,0.0,0.0,0.0,0.0,0.06,0.0,0.0,0.35,0.02,0.06,0.01,0.0,0.01,0.0,0.31,0.0,0.0,0.0,0.01,0,0.0,0.0,0.0,0.88,0.0,0.0,0.01,0.0,0.36,0.0,0.01,0.01,0.0,0.0,0.0,0.0,0.0,0.0,18.27,0.0,0.0,0.0,0.0,0.0,0.0,0.0,0.0,0.31,0.0,0.0,0.0,0.0,0.0,0.02,0.0,0.04,0.0,0
373,0,0,0,0,0,0,0,0,0,0,0,0,0,0,0,0,0,0,0,0,0,0,0,0,0,0,0,0,0,0,0,0,0,0,0,0,0,0,0,0,0,0,0,0,0,0,0,0,0,0,0,0,0,0,0,0,0,0,0,0,0,0,0,0,0,0,0,0,0,0,0,0,0,0,0,0
374,0,0,0,0,0,0,0,0,0,0,0,0,0,0,0,0,0,0,0,0,0,0,0,0,0,0,0,0,0,0,0,0,0,0,0,0,0,0,0,0,0,0,0,0,0,0,0,0,0,0,0,0,0,0,0,0,0,0,0,0,0,0,0,0,0,0,0,0,0,0,0,0,0,0,0,0
375,0,0,0,0,0,0,0,0,0,0,0,0,0,0,0,0,0,0,0,0,0,0,0,0,0,0,0,0,0,0,0,0,0,0,0,0,0,0,0,0,0,0,0,0,0,0,0,0,0,0,0,0,0,0,0,0,0,0,0,0,0,0,0,0,0,0,0,0,0,0,0,0,0,0,0,0
