S.No,"PID-1,procnto-smp-instr","PID-16386,bmetrics_service","PID-12291,slogger2","PID-774148,surfaceflinger","PID-32773,smmu_service","PID-20486,devc-quipv3","PID-20487,secpolgenerate","PID-28681,qcpe_qhee","PID-28682,watchdog","PID-28683,memorydump","PID-28684,syscache_service","PID-28685,pil_service","PID-40974,spi_service","PID-733199,dlt-qnx-system","PID-32784,qcpe_service","PID-32785,qcgpio","PID-32786,qcore","PID-36883,on","PID-36884,devc-pty","PID-36885,ksh","PID-40982,i2c_service","PID-40983,slm","PID-40984,diag_service","PID-40985,pipe","PID-40986,fastrpc","PID-40987,io-pkt-v6-hc","PID-40988,hab","PID-40989,wfd_server","PID-40990,openwfd_telltale","PID-40991,wfd_be","PID-40992,screen","PID-40993,ssplash","PID-40994,kgsl","PID-40995,gsl_hab_server","PID-778276,systemui","PID-40997,mq","PID-40998,audio_service","PID-778279,settings","PID-41000,videoCore","PID-778281,kitchensink","PID-41002,hyp_video_be","PID-41003,devb-ufs-qualcomm","PID-778284,hvac","PID-41005,slm","PID-53294,vmf","PID-430127,io-audio","PID-53296,res_mon","PID-167985,qseecom_daemon","PID-61490,random","PID-127027,qseecom_service","PID-200756,km_be","PID-225333,qvb_service","PID-254006,vmm_service","PID-323639,pps","PID-254008,diag_lsm_serversocket","PID-274489,vmm_lifecycle","PID-282682,qvm","PID-626747,dumper","PID-352316,ssr_service","PID-380989,cdsp_service","PID-401470,prng_service","PID-380991,life_cycle_man_demo","PID-401472,fde_be","PID-778305,carlauncher","PID-438338,npu_service","PID-467011,dlt-daemon","PID-512068,qconn","PID-782405,mapsplaceholder","PID-507974,inetd","PID-491591,syslogd","PID-680008,on","PID-524361,io_service","PID-581706,vm_ssr_be","PID-581708,dcvs_service","PID-688205,tool_policy_manager","PID-794632,slog2info"
0,856008,1044480,8953856,2789376,10027008,1372160,4497408,298754048,3051520,53116928,9895936,20074496,3010560,15278080,10063872,19910656,233439232,1019904,1277952,1273856,2592768,1466368,21983232,1060864,5726208,7544832,37765120,10141696,2338816,2494464,81547264,1708032,119554048,2707456,2789376,1003520,31543296,2785280,26341376,2789376,3571712,71413760,2781184,1470464,1658880,3518464,3043328,5951488,1519616,4952064,2314240,3719168,44601344,1650688,1548288,1363968,807862272,1183744,1138688,5824512,3125248,1290240,2134016,2822144,3522560,9723904,1572864,2785280,1363968,1343488,1019904,85393408,1200128,2232320,3088384,1318912
1,856008,1044480,9023488,2789376,10027008,1372160,4497408,298754048,3051520,53116928,9895936,20074496,3010560,15278080,10063872,19910656,233439232,1019904,1277952,1273856,2592768,1466368,21983232,1060864,5726208,7544832,37765120,10141696,2338816,2494464,81547264,1708032,119554048,2707456,2789376,1003520,31543296,2785280,26341376,2789376,3571712,71409664,2781184,1470464,1658880,3518464,3043328,5951488,1519616,4952064,2314240,3719168,44601344,1650688,1548288,1363968,807862272,1183744,1138688,5824512,3125248,1290240,2134016,2822144,3522560,9723904,1572864,2785280,1363968,1343488,1019904,85393408,1200128,2232320,3088384,1318912
2,856008,1044480,9023488,2789376,10027008,1372160,4497408,298754048,3051520,53116928,9895936,20074496,3010560,15278080,10063872,19910656,233439232,1019904,1277952,1273856,2592768,1466368,21983232,1060864,5726208,7544832,37765120,10141696,2338816,2494464,81547264,1708032,119554048,2707456,2789376,1003520,31543296,2785280,26341376,2789376,3571712,71405568,2781184,1470464,1658880,3518464,3043328,5951488,1519616,4952064,2314240,3719168,44601344,1650688,1548288,1363968,807862272,1183744,1138688,5824512,3125248,1290240,2134016,2822144,3522560,9723904,1572864,2785280,1363968,1343488,1019904,85393408,1200128,2232320,3088384,1318912
3,856008,1044480,9023488,2789376,10027008,1372160,4497408,298754048,3051520,53116928,9895936,20074496,3010560,15278080,10063872,19910656,233439232,1019904,1277952,1273856,2592768,1466368,21983232,1060864,5726208,7544832,37765120,10141696,2338816,2494464,81547264,1708032,119554048,2707456,2789376,1003520,31543296,2785280,26341376,2789376,3571712,71401472,2781184,1470464,1658880,3518464,3043328,5951488,1519616,4952064,2314240,3719168,44601344,1650688,1548288,1363968,807862272,1183744,1138688,5824512,3125248,1290240,2134016,2822144,3522560,9723904,1572864,2785280,1363968,1343488,1019904,85393408,1200128,2232320,3088384,1318912
4,856008,1044480,9023488,2789376,10027008,1372160,4497408,298754048,3051520,53116928,9895936,20074496,3010560,15278080,10063872,19910656,233439232,1019904,1277952,1273856,2592768,1466368,21983232,1060864,5726208,7544832,37765120,10141696,2338816,2494464,81547264,1708032,119554048,2707456,2789376,1003520,31543296,2785280,26341376,2789376,3571712,71397376,2781184,1470464,1658880,3518464,3043328,5951488,1519616,4952064,2314240,3719168,44601344,1650688,1548288,1363968,807862272,1183744,1138688,5824512,3125248,1290240,2134016,2822144,3522560,9723904,1572864,2785280,1363968,1343488,1019904,85393408,1200128,2232320,3088384,1318912
5,856008,1044480,9023488,2789376,10027008,1372160,4497408,298754048,3051520,53116928,9895936,20074496,3010560,15278080,10063872,19910656,233439232,1019904,1277952,1273856,2592768,1466368,21983232,1060864,5726208,7544832,37765120,10141696,2338816,2494464,81547264,1708032,119554048,2707456,2789376,1003520,31543296,2785280,26341376,2789376,3571712,71393280,2781184,1470464,1658880,3518464,3076096,5951488,1519616,4952064,2314240,3719168,44601344,1650688,1548288,1363968,807862272,1183744,1138688,5824512,3125248,1290240,2134016,2822144,3522560,10223616,1572864,2785280,1363968,1343488,1019904,85393408,1200128,2232320,3088384,1318912
6,856008,1044480,9023488,2789376,10027008,1372160,4497408,298754048,3051520,53116928,9895936,20074496,3010560,15278080,10063872,19910656,233439232,1019904,1277952,1273856,2592768,1466368,21983232,1060864,5726208,7544832,37765120,10141696,2338816,2494464,81547264,1708032,119554048,2707456,2789376,1003520,31543296,2785280,26341376,2789376,3571712,71389184,2781184,1470464,1658880,3518464,3076096,5951488,1519616,4952064,2314240,3719168,44601344,1650688,1548288,1363968,807862272,1183744,1138688,5824512,3125248,1290240,2134016,2822144,3522560,10223616,1572864,2785280,1363968,1343488,1019904,85393408,1200128,2232320,3088384,1318912
7,856008,1044480,9023488,2789376,10027008,1372160,4497408,298754048,3051520,53116928,9895936,20074496,3010560,15278080,10063872,19910656,233439232,1019904,1277952,1273856,2592768,1466368,21983232,1060864,5726208,7544832,37765120,10141696,2338816,2494464,81547264,1708032,119554048,2707456,2789376,1003520,31543296,2785280,26341376,2789376,3571712,71385088,2781184,1470464,1658880,3518464,3076096,5951488,1519616,4952064,2314240,3719168,44601344,1650688,1548288,1363968,807862272,1183744,1138688,5824512,3125248,1290240,2134016,2822144,3522560,10223616,1572864,2785280,1363968,1343488,1019904,85393408,1200128,2232320,3088384,1318912
8,856008,1044480,9023488,2789376,10027008,1372160,4497408,298754048,3051520,53116928,9895936,20074496,3010560,15278080,10063872,19910656,233439232,1019904,1277952,1273856,2592768,1466368,21983232,1060864,5726208,7544832,37765120,10141696,2338816,2494464,81547264,1708032,119554048,2707456,2789376,1003520,31543296,2785280,26341376,2789376,3571712,71380992,2781184,1470464,1658880,3518464,3076096,5951488,1519616,4952064,2314240,3719168,44601344,1650688,1548288,1363968,807862272,1183744,1138688,5824512,3125248,1290240,2134016,2822144,3522560,10223616,1572864,2785280,1363968,1343488,1019904,85393408,1200128,2232320,3088384,1318912
9,856008,1044480,9023488,2789376,10027008,1372160,4497408,298754048,3051520,53116928,9895936,20074496,3010560,15278080,10063872,19910656,233439232,1019904,1277952,1273856,2592768,1466368,21983232,1060864,5726208,7544832,37765120,10141696,2338816,2494464,81547264,1708032,119554048,2707456,2789376,1003520,31543296,2785280,26341376,2789376,3571712,71376896,2781184,1470464,1658880,3518464,3076096,5951488,1519616,4952064,2314240,3719168,44601344,1650688,1548288,1363968,807862272,1183744,1138688,5824512,3125248,1290240,2134016,2822144,3522560,10223616,1572864,2785280,1363968,1343488,1019904,85393408,1200128,2232320,3088384,1318912
10,856008,1044480,9023488,2789376,10027008,1372160,4497408,298754048,3051520,53116928,9895936,20074496,3010560,15278080,10063872,19910656,233439232,1019904,1277952,1273856,2592768,1466368,21983232,1060864,5726208,7544832,37765120,10141696,2338816,2494464,81547264,1708032,119554048,2707456,2789376,1003520,31543296,2785280,26341376,2789376,3571712,71372800,2781184,1470464,1658880,3518464,3076096,5951488,1519616,4952064,2314240,3719168,44601344,1650688,1548288,1363968,807862272,1183744,1138688,5824512,3125248,1290240,2134016,2822144,3522560,10223616,1572864,2785280,1363968,1343488,1019904,85393408,1200128,2232320,3088384,1318912
11,856008,1044480,9023488,2789376,10027008,1372160,4497408,298754048,3051520,53116928,9895936,20074496,3010560,15278080,10063872,19910656,233439232,1019904,1277952,1273856,2592768,1466368,21983232,1060864,5726208,7544832,37765120,10141696,2338816,2494464,81547264,1708032,119554048,2707456,2789376,1003520,31543296,2785280,26341376,2789376,3571712,71368704,2781184,1470464,1658880,3518464,3076096,5951488,1519616,4952064,2314240,3719168,44601344,1650688,1548288,1363968,807862272,1183744,1138688,5824512,3125248,1290240,2134016,2822144,3522560,10223616,1572864,2785280,1363968,1343488,1019904,85393408,1200128,2232320,3088384,1318912
12,856008,1044480,9023488,2789376,10027008,1372160,4497408,298754048,3051520,53116928,9895936,20074496,3010560,15278080,10063872,19910656,233439232,1019904,1277952,1273856,2592768,1466368,21983232,1060864,5726208,7544832,37765120,10141696,2338816,2494464,81547264,1708032,119554048,2707456,2789376,1003520,31543296,2785280,26341376,2789376,3571712,71368704,2781184,1470464,1658880,3518464,3108864,5951488,1519616,4952064,2314240,3719168,44601344,1650688,1548288,1363968,807862272,1183744,1138688,5824512,3125248,1290240,2134016,2822144,3522560,10223616,1572864,2785280,1363968,1343488,1019904,85393408,1200128,2232320,3088384,1318912
13,856008,1044480,9023488,2789376,10027008,1372160,4497408,298754048,3051520,53116928,9895936,20074496,3010560,15278080,10063872,19910656,233439232,1019904,1277952,1273856,2592768,1466368,21983232,1060864,5726208,7544832,37765120,10141696,2338816,2494464,81547264,1708032,119554048,2707456,2789376,1003520,31543296,2785280,26341376,2789376,3571712,71360512,2781184,1470464,1658880,3518464,3108864,5951488,1519616,4952064,2314240,3719168,44601344,1650688,1548288,1363968,807862272,1183744,1138688,5824512,3125248,1290240,2134016,2822144,3522560,10723328,1572864,2785280,1363968,1343488,1019904,85393408,1200128,2232320,3088384,1318912
14,856008,1044480,9023488,2789376,10027008,1372160,4497408,298754048,3051520,53116928,9895936,20074496,3010560,15278080,10063872,19910656,233439232,1019904,1277952,1273856,2592768,1466368,21983232,1060864,5726208,7544832,37765120,10141696,2338816,2494464,81547264,1708032,119554048,2707456,2789376,1003520,31543296,2785280,26341376,2789376,3571712,71360512,2781184,1470464,1658880,3518464,3108864,5951488,1519616,4952064,2314240,3719168,44601344,1650688,1548288,1363968,807862272,1183744,1138688,5824512,3125248,1290240,2134016,2822144,3522560,10723328,1572864,2785280,1363968,1343488,1019904,85393408,1200128,2232320,3088384,1318912
15,856008,1044480,9023488,2789376,10027008,1372160,4497408,298754048,3051520,53116928,9895936,20074496,3010560,15278080,10063872,19910656,233439232,1019904,1277952,1273856,2592768,1466368,21983232,1060864,5726208,7544832,37769216,10141696,2338816,2494464,81547264,1708032,114573312,2707456,2789376,1003520,31543296,0,26341376,2789376,3571712,71356416,2781184,1470464,1658880,3518464,3108864,5951488,1519616,4952064,2314240,3719168,44601344,1650688,1548288,1363968,807862272,1183744,1138688,5824512,3125248,1290240,2134016,2822144,3522560,10723328,1572864,2785280,1363968,1343488,1019904,85393408,1200128,2232320,3088384,1318912
16,856008,1044480,9023488,2789376,10027008,1372160,4497408,298754048,3051520,53116928,9895936,20074496,3010560,15278080,10063872,19910656,233439232,1019904,1277952,1273856,2592768,1466368,21983232,1060864,5726208,7544832,37769216,10141696,2338816,2494464,81547264,1708032,114573312,2707456,2789376,1003520,31543296,0,26341376,2789376,3571712,71352320,2781184,1470464,1658880,3518464,3108864,5951488,1519616,4952064,2314240,3719168,44601344,1650688,1548288,1363968,807862272,1183744,1138688,5824512,3125248,1290240,2134016,2822144,3522560,10723328,1572864,2785280,1363968,1343488,1019904,85393408,1200128,2232320,3088384,1318912
17,856008,1044480,9023488,2789376,10027008,1372160,4497408,298754048,3051520,53116928,9895936,20074496,3010560,15278080,10063872,19910656,233439232,1019904,1277952,1273856,2592768,1466368,21983232,1060864,5726208,7544832,37769216,10141696,2338816,2494464,81547264,1708032,114573312,2707456,2789376,1003520,31543296,0,26341376,2789376,3571712,71348224,2781184,1470464,1658880,3518464,3108864,5951488,1519616,4952064,2314240,3719168,44601344,1650688,1548288,1363968,807862272,1183744,1138688,5824512,3125248,1290240,2134016,2822144,3522560,10723328,1572864,2785280,1363968,1343488,1019904,85393408,1200128,2232320,3088384,1318912
18,856008,1044480,9023488,2789376,10027008,1372160,4497408,298754048,3051520,53116928,9895936,20074496,3010560,15278080,10063872,19910656,233439232,1019904,1277952,1273856,2592768,1466368,21983232,1060864,5726208,7544832,37769216,10141696,2338816,2494464,81547264,1708032,114573312,2707456,2789376,1003520,31543296,0,26341376,2789376,3571712,71344128,2781184,1470464,1658880,3518464,3108864,5951488,1519616,4952064,2314240,3719168,44601344,1650688,1548288,1363968,807862272,1183744,1138688,5824512,3125248,1290240,2134016,2822144,3522560,10723328,1572864,2785280,1363968,1343488,1019904,85393408,1200128,2232320,3088384,1318912
19,856008,1044480,9023488,2789376,10027008,1372160,4497408,298754048,3051520,53116928,9895936,20074496,3010560,15278080,10063872,19910656,233439232,1019904,1277952,1273856,2592768,1466368,21983232,1060864,5726208,7544832,37769216,10141696,2338816,2494464,81547264,1708032,114573312,2707456,2789376,1003520,31543296,0,26341376,2789376,3571712,71340032,2781184,1470464,1658880,3518464,3141632,5951488,1519616,4952064,2314240,3719168,44601344,1650688,1548288,1363968,807862272,1183744,1138688,5824512,3125248,1290240,2134016,2822144,3522560,11223040,1572864,2785280,1363968,1343488,1019904,85393408,1200128,2232320,3088384,1318912
20,856008,1044480,9023488,2789376,10027008,1372160,4497408,298754048,3051520,53116928,9895936,20074496,3010560,15278080,10063872,19910656,233439232,1019904,1277952,1273856,2592768,1466368,21983232,1060864,5726208,7544832,37769216,10141696,2338816,2494464,81547264,1708032,114573312,2707456,2789376,1003520,31543296,0,26341376,2789376,3571712,71335936,2781184,1470464,1658880,3518464,3141632,5951488,1519616,4952064,2314240,3719168,44601344,1650688,1548288,1363968,807862272,1183744,1138688,5824512,3125248,1290240,2134016,2822144,3522560,11223040,1572864,2785280,1363968,1343488,1019904,85393408,1200128,2232320,3088384,1318912
21,856008,1044480,9023488,2789376,10027008,1372160,4497408,298754048,3051520,53116928,9895936,20074496,3010560,15278080,10063872,19910656,233439232,1019904,1277952,1273856,2592768,1466368,21983232,1060864,5726208,7544832,37769216,10141696,2338816,2494464,81547264,1708032,114573312,2707456,2789376,1003520,31543296,0,26341376,2789376,3571712,71331840,2781184,1470464,1658880,3518464,3141632,5951488,1519616,4952064,2314240,3719168,44601344,1650688,1548288,1363968,807862272,1183744,1138688,5824512,3125248,1290240,2134016,2822144,3522560,11223040,1572864,2785280,1363968,1343488,1019904,85393408,1200128,2232320,3088384,1318912
22,856008,1044480,9023488,2789376,10027008,1372160,4497408,298754048,3051520,53116928,9895936,20074496,3010560,15278080,10063872,19910656,233439232,1019904,1277952,1273856,2592768,1466368,21983232,1060864,5726208,7544832,37769216,10141696,2338816,2494464,81547264,1708032,114573312,2707456,2789376,1003520,31543296,0,26341376,2789376,3571712,71331840,2781184,1470464,1658880,3518464,3141632,5951488,1519616,4952064,2314240,3719168,44601344,1650688,1548288,1363968,807862272,1183744,1138688,5824512,3125248,1290240,2134016,2822144,3522560,11223040,1572864,2785280,1363968,1343488,1019904,85393408,1200128,2232320,3088384,1318912
23,856008,1044480,9023488,2789376,10027008,1372160,4497408,298754048,3051520,53116928,9895936,20074496,3010560,15278080,10063872,19910656,233439232,1019904,1277952,1273856,2592768,1466368,21983232,1060864,5726208,7544832,37769216,10141696,2338816,2494464,81547264,1708032,114573312,2707456,2789376,1003520,31543296,0,26341376,2789376,3571712,71323648,2781184,1470464,1658880,3518464,3141632,5951488,1519616,4952064,2314240,3719168,44601344,1650688,1548288,1363968,807862272,1183744,1138688,5824512,3125248,1290240,2134016,2822144,3522560,11223040,1572864,2785280,1363968,1343488,1019904,85393408,1200128,2232320,3088384,1318912
24,856008,1044480,9023488,2789376,10027008,1372160,4497408,298754048,3051520,53116928,9895936,20074496,3010560,15278080,10063872,19910656,233439232,1019904,1277952,1273856,2592768,1466368,21983232,1060864,5726208,7544832,37769216,10141696,2338816,2494464,81547264,1708032,114573312,2707456,2789376,1003520,31543296,0,26341376,2789376,3571712,71323648,2781184,1470464,1658880,3518464,3141632,5951488,1519616,4952064,2314240,3719168,44601344,1650688,1548288,1363968,807862272,1183744,1138688,5824512,3125248,1290240,2134016,2822144,3522560,11223040,1572864,2785280,1363968,1343488,1019904,85393408,1200128,2232320,3088384,1318912
25,856008,1044480,9023488,2789376,10027008,1372160,4497408,298754048,3051520,53116928,9895936,20074496,3010560,15278080,10063872,19910656,233439232,1019904,1277952,1273856,2592768,1466368,21983232,1060864,5726208,7544832,37769216,10141696,2338816,2494464,81547264,1708032,114573312,2707456,2789376,1003520,31543296,0,26341376,2789376,3571712,71315456,2781184,1470464,1658880,3518464,3141632,5951488,1519616,4952064,2314240,3719168,44601344,1650688,1548288,1363968,807862272,1183744,1138688,5824512,3125248,1290240,2134016,2822144,3522560,11223040,1572864,2785280,1363968,1343488,1019904,85393408,1200128,2232320,3088384,1318912
26,856008,1044480,9023488,2789376,10027008,1372160,4497408,298754048,3051520,53116928,9895936,20074496,3010560,15278080,10063872,19910656,233439232,1019904,1277952,1273856,2592768,1466368,21983232,1060864,5726208,7544832,37769216,10141696,2338816,2494464,81547264,1708032,114573312,2707456,2789376,1003520,31543296,0,26341376,2789376,3571712,71315456,2781184,1470464,1658880,3518464,3174400,5951488,1519616,4952064,2314240,3719168,44601344,1650688,1548288,1363968,807862272,1183744,1138688,5824512,3125248,1290240,2134016,2822144,3522560,11722752,1572864,2785280,1363968,1343488,1019904,85393408,1200128,2232320,3088384,1318912
27,856008,1044480,9023488,2789376,10027008,1372160,4497408,298754048,3051520,53116928,9895936,20074496,3010560,15278080,10063872,19910656,233439232,1019904,1277952,1273856,2592768,1466368,21983232,1060864,5726208,7544832,37769216,10141696,2338816,2494464,81547264,1708032,114573312,2707456,2789376,1003520,31543296,0,26341376,2789376,3571712,71307264,2781184,1470464,1658880,3518464,3174400,5951488,1519616,4952064,2314240,3719168,44601344,1650688,1548288,1363968,807862272,1183744,1138688,5824512,3125248,1290240,2134016,2822144,3522560,11722752,1572864,2785280,1363968,1343488,1019904,85393408,1200128,2232320,3088384,1318912
28,856008,1044480,9023488,2789376,10027008,1372160,4497408,298754048,3051520,53116928,9895936,20074496,3010560,15278080,10063872,19910656,233439232,1019904,1277952,1273856,2592768,1466368,21983232,1060864,5726208,7544832,37769216,10141696,2338816,2494464,81547264,1708032,114573312,2707456,2789376,1003520,31543296,0,26341376,2789376,3571712,71307264,2781184,1470464,1658880,3518464,3174400,5951488,1519616,4952064,2314240,3719168,44601344,1650688,1548288,1363968,807862272,1183744,1138688,5824512,3125248,1290240,2134016,2822144,3522560,11722752,1572864,2785280,1363968,1343488,1019904,85393408,1200128,2232320,3088384,1318912
29,856008,1044480,9023488,2789376,10027008,1372160,4497408,298754048,3051520,53116928,9895936,20074496,3010560,15278080,10063872,19910656,233439232,1019904,1277952,1273856,2592768,1466368,21983232,1060864,5726208,7544832,37769216,10141696,2338816,2494464,81547264,1708032,114573312,2707456,2789376,1003520,31543296,0,26341376,2789376,3571712,71299072,2781184,1470464,1658880,3518464,3174400,5951488,1519616,4952064,2314240,3719168,44601344,1650688,1548288,1363968,807862272,1183744,1138688,5824512,3125248,1290240,2134016,2822144,3522560,11722752,1572864,2785280,1363968,1343488,1019904,85393408,1200128,2232320,3088384,1318912
30,856008,1044480,9023488,2789376,10027008,1372160,4497408,298754048,3051520,53116928,9895936,20074496,3010560,15278080,10063872,19910656,233439232,1019904,1277952,1273856,2592768,1466368,21983232,1060864,5726208,7544832,37769216,10141696,2338816,2494464,81547264,1708032,114573312,2707456,2789376,1003520,31543296,0,26341376,2789376,3571712,71299072,2781184,1470464,1658880,3518464,3174400,5951488,1519616,4952064,2314240,3719168,44601344,1650688,1548288,1363968,807862272,1183744,1138688,5824512,3125248,1290240,2134016,2822144,3522560,11722752,1572864,2785280,1363968,1343488,1019904,85393408,1200128,2232320,3088384,1318912
31,856008,1044480,9023488,2789376,10027008,1372160,4497408,298754048,3051520,53116928,9895936,20074496,3010560,15278080,10063872,19910656,233439232,1019904,1277952,1273856,2592768,1466368,21983232,1060864,5726208,7544832,37769216,10141696,2338816,2494464,81547264,1708032,114573312,2707456,2789376,1003520,31543296,0,26341376,2789376,3571712,71299072,2781184,1470464,1658880,3518464,3174400,5951488,1519616,4952064,2314240,3719168,44601344,1650688,1548288,1363968,807862272,1183744,1138688,5824512,3125248,1290240,2134016,2822144,3522560,11722752,1572864,2785280,1363968,1343488,1019904,85393408,1200128,2232320,3088384,1318912
32,856008,1044480,9023488,2789376,10027008,1372160,4497408,298754048,3051520,53116928,9895936,20074496,3010560,15278080,10063872,19910656,233439232,1019904,1277952,1273856,2592768,1466368,21983232,1060864,5726208,7544832,37769216,10141696,2338816,2494464,81547264,1708032,114573312,2707456,2789376,1003520,31543296,0,26341376,2789376,3571712,71290880,2781184,1470464,1658880,3518464,3174400,5951488,1519616,4952064,2314240,3719168,44601344,1650688,1548288,1363968,807862272,1183744,1138688,5824512,3125248,1290240,2134016,2822144,3522560,11722752,1572864,2785280,1363968,1343488,1019904,85393408,1200128,2232320,3088384,1318912
33,856008,1044480,9023488,2789376,10027008,1372160,4497408,298754048,3051520,53116928,9895936,20074496,3010560,15278080,10063872,19910656,233439232,1019904,1277952,1273856,2592768,1466368,21983232,1060864,5726208,7544832,37769216,10141696,2338816,2494464,81547264,1708032,114573312,2707456,2789376,1003520,31543296,0,26341376,2789376,3571712,71290880,2781184,1470464,1658880,3518464,3207168,5951488,1519616,4952064,2314240,3719168,44601344,1650688,1548288,1363968,807862272,1183744,1138688,5824512,3125248,1290240,2134016,2822144,3522560,11722752,1572864,2785280,1363968,1343488,1019904,85393408,1200128,2232320,3088384,1318912
34,856008,1044480,9023488,2789376,10027008,1372160,4497408,298754048,3051520,53116928,9895936,20074496,3010560,15278080,10063872,19910656,233439232,1019904,1277952,1273856,2592768,1466368,21983232,1060864,5726208,7544832,37769216,10141696,2338816,2494464,81547264,1708032,114573312,2707456,2789376,1003520,31543296,0,26341376,2789376,3571712,71282688,2781184,1470464,1658880,3518464,3207168,5951488,1519616,4952064,2314240,3719168,44601344,1650688,1548288,1363968,807862272,1183744,1138688,5824512,3125248,1290240,2134016,2822144,3522560,11722752,1572864,2785280,1363968,1343488,1019904,85393408,1200128,2232320,3088384,1318912
35,856008,1044480,9023488,2789376,10027008,1372160,4497408,298754048,3051520,53116928,9895936,20074496,3010560,15278080,10063872,19910656,233439232,1019904,1277952,1273856,2592768,1466368,21983232,1060864,5726208,7544832,37769216,10141696,2338816,2494464,81547264,1708032,114573312,2707456,2789376,1003520,31543296,0,26341376,2789376,3571712,71282688,2781184,1470464,1658880,3518464,3207168,5951488,1519616,4952064,2314240,3719168,44601344,1650688,1548288,1363968,807862272,1183744,1138688,5824512,3125248,1290240,2134016,2822144,3522560,11722752,1572864,2785280,1363968,1343488,1019904,85393408,1200128,2232320,3088384,1318912
36,856008,1044480,9023488,2789376,10027008,1372160,4497408,298754048,3051520,53116928,9895936,20074496,3010560,15278080,10063872,19910656,233439232,1019904,1277952,1273856,2592768,1466368,21983232,1060864,5726208,7544832,37769216,10141696,2338816,2494464,81547264,1708032,114573312,2707456,2789376,1003520,31543296,0,26341376,2789376,3571712,71274496,2781184,1470464,1658880,3518464,3207168,5951488,1519616,4952064,2314240,3719168,44601344,1650688,1548288,1363968,807862272,1183744,1138688,5824512,3125248,1290240,2134016,2822144,3522560,11722752,1572864,2785280,1363968,1343488,1019904,85393408,1200128,2232320,3088384,1318912
37,856008,1044480,9023488,2789376,10027008,1372160,4497408,298754048,3051520,53116928,9895936,20074496,3010560,15278080,10063872,19910656,233439232,1019904,1277952,1273856,2592768,1466368,21983232,1060864,5726208,7544832,37769216,10141696,2338816,2494464,81547264,1708032,114573312,2707456,2789376,1003520,31543296,0,26341376,2789376,3571712,71274496,2781184,1470464,1658880,3518464,3207168,5951488,1519616,4952064,2314240,3719168,44601344,1650688,1548288,1363968,807862272,1183744,1138688,5824512,3125248,1290240,2134016,2822144,3522560,11722752,1572864,2785280,1363968,1343488,1019904,85393408,1200128,2232320,3088384,1318912
38,856008,1044480,9023488,2789376,10027008,1372160,4497408,298754048,3051520,53116928,9895936,20074496,3010560,15278080,10063872,19910656,233439232,1019904,1277952,1273856,2592768,1466368,21983232,1060864,5726208,7544832,37769216,10141696,2338816,2494464,81547264,1708032,114573312,2707456,2789376,1003520,31543296,0,26341376,2789376,3571712,71266304,2781184,1470464,1658880,3518464,3207168,5951488,1519616,4952064,2314240,3719168,44601344,1650688,1548288,1363968,807862272,1183744,1138688,5824512,3125248,1290240,2134016,2822144,3522560,11722752,1572864,2785280,1363968,1343488,1019904,85393408,1200128,2232320,3088384,1318912
39,856008,1044480,9023488,2789376,10027008,1372160,4497408,298754048,3051520,53116928,9895936,20074496,3010560,15278080,10063872,19910656,233439232,1019904,1277952,1273856,2592768,1466368,21983232,1060864,5726208,7544832,37769216,10141696,2338816,2494464,81547264,1708032,114573312,2707456,2789376,1003520,31543296,0,26341376,2789376,3571712,71266304,2781184,1470464,1658880,3518464,3207168,5951488,1519616,4952064,2314240,3719168,44601344,1650688,1548288,1363968,807862272,1183744,1138688,5824512,3125248,1290240,2134016,2822144,3522560,11722752,1572864,2785280,1363968,1343488,1019904,85393408,1200128,2232320,3088384,1318912
40,856008,1044480,9023488,2789376,10059776,1372160,4497408,298754048,3051520,53116928,9895936,20074496,3010560,15278080,10063872,19910656,233439232,1019904,1277952,1273856,2592768,1466368,21983232,1060864,5726208,7544832,37769216,10141696,2338816,2494464,81547264,1708032,114573312,2707456,2789376,1003520,31543296,0,26341376,2789376,3571712,71258112,2781184,1470464,1658880,3518464,3239936,5951488,1519616,4952064,2314240,3719168,44601344,1650688,1548288,1363968,807862272,1183744,1138688,5824512,3125248,1290240,2134016,2822144,3522560,11722752,1572864,2785280,1363968,1343488,1019904,85393408,1200128,2232320,3088384,1318912
41,856008,1044480,9023488,2789376,10059776,1372160,4497408,298754048,3051520,53116928,9895936,20074496,3010560,15278080,10063872,19910656,233439232,1019904,1277952,1273856,2592768,1466368,21983232,1060864,5726208,7544832,37769216,10141696,2338816,2494464,81547264,1708032,114573312,2707456,2789376,1003520,31543296,0,26341376,2789376,3571712,71258112,2781184,1470464,1658880,3518464,3239936,5951488,1519616,4952064,2314240,3719168,44601344,1650688,1548288,1363968,807862272,1183744,1138688,5824512,3125248,1290240,2134016,2822144,3522560,11722752,1572864,2785280,1363968,1343488,1019904,85393408,1200128,2232320,3088384,1318912
42,856008,1044480,9023488,2789376,10059776,1372160,4497408,298754048,3051520,53116928,9895936,20074496,3010560,15278080,10063872,19910656,233439232,1019904,1277952,1273856,2592768,1466368,21983232,1060864,5726208,7544832,37769216,10141696,2338816,2494464,81547264,1708032,114573312,2707456,2789376,1003520,31543296,0,26341376,2789376,3571712,71249920,2781184,1470464,1658880,3518464,3239936,5951488,1519616,4952064,2314240,3719168,44601344,1650688,1548288,1363968,807862272,1183744,1138688,5824512,3125248,1290240,2134016,2822144,3522560,11722752,1572864,2785280,1363968,1343488,1019904,85393408,1200128,2232320,3088384,1318912
43,856008,1044480,9023488,2789376,10059776,1372160,4497408,298754048,3051520,53116928,9895936,20074496,3010560,15278080,10063872,19910656,233439232,1019904,1277952,1273856,2592768,1466368,21983232,1060864,5726208,7544832,37769216,10141696,2338816,2494464,81547264,1708032,114573312,2707456,2789376,1003520,31543296,0,26341376,2789376,3571712,71249920,2781184,1470464,1658880,3518464,3239936,5951488,1519616,4952064,2314240,3719168,44601344,1650688,1548288,1363968,807862272,1183744,1138688,5824512,3125248,1290240,2134016,2822144,3522560,11722752,1572864,2785280,1363968,1343488,1019904,85393408,1200128,2232320,3088384,1318912
44,856008,1044480,9023488,2789376,10059776,1372160,4497408,298754048,3051520,53116928,9895936,20074496,3010560,15278080,10063872,19910656,233439232,1019904,1277952,1273856,2592768,1466368,21983232,1060864,5726208,7544832,37769216,10141696,2338816,2494464,81547264,1708032,114573312,2707456,2789376,1003520,31543296,0,26341376,2789376,3571712,71241728,2781184,1470464,1658880,3518464,3239936,5951488,1519616,4952064,2314240,3719168,44601344,1650688,1548288,1363968,807862272,1183744,1138688,5824512,3125248,1290240,2134016,2822144,3522560,11722752,1572864,2785280,1363968,1343488,1019904,85393408,1200128,2232320,3088384,1318912
45,856008,1044480,9023488,2789376,10059776,1372160,4497408,298754048,3051520,53116928,9895936,20074496,3010560,15278080,10063872,19910656,233439232,1019904,1277952,1273856,2592768,1466368,21983232,1060864,5726208,7544832,37769216,10141696,2338816,2494464,81547264,1708032,114573312,2707456,2789376,1003520,31543296,0,26341376,2789376,3571712,71241728,2781184,1470464,1658880,3518464,3239936,5951488,1519616,4952064,2314240,3719168,44601344,1650688,1548288,1363968,807862272,1183744,1138688,5824512,3125248,1290240,2134016,2822144,3522560,11722752,1572864,2785280,1363968,1343488,1019904,85393408,1200128,2232320,3088384,1318912
46,856008,1044480,9023488,2789376,10059776,1372160,4497408,298754048,3051520,53116928,9895936,20074496,3010560,15278080,10063872,19910656,233439232,1019904,1277952,1273856,2592768,1466368,21983232,1060864,5726208,7544832,37769216,10141696,2338816,2494464,81547264,1708032,114573312,2707456,2789376,1003520,31543296,0,26341376,2789376,3571712,71233536,2781184,1470464,1658880,3518464,3239936,5951488,1519616,4952064,2314240,3719168,44601344,1650688,1548288,1363968,807862272,1183744,1138688,5824512,3125248,1290240,2134016,2822144,3522560,11722752,1572864,2785280,1363968,1343488,1019904,85393408,1200128,2232320,3088384,1318912
47,856008,1044480,9023488,2789376,10059776,1372160,4497408,298754048,3051520,53116928,9895936,20074496,3010560,15278080,10063872,19910656,233439232,1019904,1277952,1273856,2592768,1466368,21983232,1060864,5726208,7544832,37769216,10141696,2338816,2494464,81547264,1708032,114573312,2707456,2789376,1003520,31543296,0,26341376,2789376,3571712,71233536,2781184,1470464,1658880,3518464,3272704,5951488,1519616,4952064,2314240,3719168,44601344,1650688,1548288,1363968,807862272,1183744,1138688,5824512,3125248,1290240,2134016,2822144,3522560,11722752,1572864,2785280,1363968,1343488,1019904,85393408,1200128,2232320,3088384,1318912
48,856008,1044480,9023488,2789376,10059776,1372160,4497408,298754048,3051520,53116928,9895936,20074496,3010560,15278080,10063872,19910656,233439232,1019904,1277952,1273856,2592768,1466368,21983232,1060864,5726208,7544832,37769216,10141696,2338816,2494464,81547264,1708032,114573312,2707456,2789376,1003520,31543296,0,26341376,2789376,3571712,71225344,2781184,1470464,1658880,3518464,3272704,5951488,1519616,4952064,2314240,3719168,44601344,1650688,1548288,1363968,807862272,1183744,1138688,5824512,3125248,1290240,2134016,2822144,3522560,11722752,1572864,2785280,1363968,1343488,1019904,85393408,1200128,2232320,3088384,1318912
49,856008,1044480,9023488,2789376,10059776,1372160,4497408,298754048,3051520,53116928,9895936,20074496,3010560,15278080,10063872,19910656,233439232,1019904,1277952,1273856,2592768,1466368,21983232,1060864,5726208,7544832,37769216,10141696,2338816,2494464,81547264,1708032,114573312,2707456,2789376,1003520,31543296,0,26341376,2789376,3571712,71225344,2781184,1470464,1658880,3518464,3272704,5951488,1519616,4952064,2314240,3719168,44601344,1650688,1548288,1363968,807862272,1183744,1138688,5824512,3125248,1290240,2134016,2822144,3522560,11722752,1572864,2785280,1363968,1343488,1019904,85393408,1200128,2232320,3088384,1318912
50,856008,1044480,9023488,2789376,10059776,1372160,4497408,298754048,3051520,53116928,9895936,20074496,3010560,15278080,10063872,19910656,233439232,1019904,1277952,1273856,2592768,1466368,21983232,1060864,5726208,7544832,37769216,10141696,2338816,2494464,81547264,1708032,114573312,2707456,2789376,1003520,31543296,0,26341376,2789376,3571712,71217152,2781184,1470464,1658880,3518464,3272704,5951488,1519616,4952064,2314240,3719168,44601344,1650688,1548288,1363968,807862272,1183744,1138688,5824512,3125248,1290240,2134016,2822144,3522560,11722752,1572864,2785280,1363968,1343488,1019904,85393408,1200128,2232320,3088384,1318912
51,856008,1044480,9023488,2789376,10059776,1372160,4497408,298754048,3051520,53116928,9895936,20074496,3010560,15278080,10063872,19910656,233439232,1019904,1277952,1273856,2592768,1466368,21983232,1060864,5726208,7544832,37769216,10141696,2338816,2494464,81547264,1708032,114573312,2707456,2789376,1003520,31543296,0,26341376,2789376,3571712,71217152,2781184,1470464,1658880,3518464,3272704,5951488,1519616,4952064,2314240,3719168,44601344,1650688,1548288,1363968,807862272,1183744,1138688,5824512,3125248,1290240,2134016,2822144,3522560,11722752,1572864,2785280,1363968,1343488,1019904,85393408,1200128,2232320,3088384,1318912
52,856008,1044480,9023488,2789376,10059776,1372160,4497408,298754048,3051520,53116928,9895936,20074496,3010560,15278080,10063872,19910656,233439232,1019904,1277952,1273856,2592768,1466368,21983232,1060864,5726208,7544832,37769216,10141696,2338816,2494464,81547264,1708032,114573312,2707456,2789376,1003520,31543296,0,26341376,2789376,3571712,71208960,2781184,1470464,1658880,3518464,3272704,5951488,1519616,4952064,2314240,3719168,44601344,1650688,1548288,1363968,807862272,1183744,1138688,5824512,3125248,1290240,2134016,2822144,3522560,11722752,1572864,2785280,1363968,1343488,1019904,85393408,1200128,2232320,3088384,1318912
53,856008,1044480,9023488,2789376,10059776,1372160,4497408,298754048,3051520,53116928,9895936,20074496,3010560,15278080,10063872,19910656,233439232,1019904,1277952,1273856,2592768,1466368,21983232,1060864,5726208,7544832,37769216,10141696,2338816,2494464,81547264,1708032,114573312,2707456,2789376,1003520,31543296,0,26341376,2789376,3571712,71208960,2781184,1470464,1658880,3518464,3272704,5951488,1519616,4952064,2314240,3719168,44601344,1650688,1548288,1363968,807862272,1183744,1138688,5824512,3125248,1290240,2134016,2822144,3522560,11722752,1572864,2785280,1363968,1343488,1019904,85393408,1200128,2232320,3088384,1318912
54,856008,1044480,9023488,2789376,10059776,1372160,4497408,298754048,3051520,53116928,9895936,20074496,3010560,15278080,10063872,19910656,233439232,1019904,1277952,1273856,2592768,1466368,21983232,1060864,5726208,7544832,37769216,10141696,2338816,2494464,81547264,1708032,114573312,2707456,2789376,1003520,31543296,0,26341376,2789376,3571712,71204864,2781184,1470464,1658880,3518464,3305472,5951488,1519616,4952064,2314240,3719168,44601344,1650688,1548288,1363968,807862272,1183744,1138688,5824512,3125248,1290240,2134016,2822144,3522560,11722752,1572864,2785280,1363968,1343488,1019904,85393408,1200128,2232320,3088384,1318912
55,856008,1044480,9023488,2789376,10059776,1372160,4497408,298754048,3051520,53116928,9895936,20074496,3010560,15278080,10063872,19910656,233439232,1019904,1277952,1273856,2592768,1466368,21983232,1060864,5726208,7544832,37769216,10141696,2338816,2494464,81547264,1708032,114573312,2707456,2789376,1003520,31543296,0,26341376,2789376,3571712,71204864,2781184,1470464,1658880,3518464,3305472,5951488,1519616,4952064,2314240,3719168,44601344,1650688,1548288,1363968,807862272,1183744,1138688,5824512,3125248,1290240,2134016,2822144,3522560,11722752,1572864,2785280,1363968,1343488,1019904,85393408,1200128,2232320,3088384,1318912
56,856008,1044480,9023488,2789376,10059776,1372160,4497408,298754048,3051520,53116928,9895936,20074496,3010560,15278080,10063872,19910656,233439232,1019904,1277952,1273856,2592768,1466368,21983232,1060864,5726208,7544832,37769216,10141696,2338816,2494464,81547264,1708032,114573312,2707456,2789376,1003520,31543296,0,26341376,2789376,3571712,71200768,2781184,1470464,1658880,3518464,3305472,5951488,1519616,4952064,2314240,3719168,44601344,1650688,1548288,1363968,807862272,1183744,1138688,5824512,3125248,1290240,2134016,2822144,3522560,11722752,1572864,2785280,1363968,1343488,1019904,85393408,1200128,2232320,3088384,1318912
57,856008,1044480,9023488,2789376,10059776,1372160,4497408,298754048,3051520,53116928,9895936,20074496,3010560,15278080,10063872,19910656,233439232,1019904,1277952,1273856,2592768,1466368,21983232,1060864,5726208,7544832,37769216,10141696,2338816,2494464,81547264,1708032,114573312,2707456,2789376,1003520,31543296,0,26341376,2789376,3571712,71200768,2781184,1470464,1658880,3518464,3305472,5951488,1519616,4952064,2314240,3719168,44601344,1650688,1548288,1363968,807862272,1183744,1138688,5824512,3125248,1290240,2134016,2822144,3522560,11722752,1572864,2785280,1363968,1343488,1019904,85393408,1200128,2232320,3088384,1318912
58,856008,1044480,9023488,2789376,10059776,1372160,4497408,298754048,3051520,53116928,9895936,20074496,3010560,15278080,10063872,19910656,233439232,1019904,1277952,1273856,2592768,1466368,21983232,1060864,5726208,7544832,37769216,10141696,2338816,2494464,81547264,1708032,114573312,2707456,2789376,1003520,31543296,0,26341376,2789376,3571712,71200768,2781184,1470464,1658880,3518464,3305472,5951488,1519616,4952064,2314240,3719168,44601344,1650688,1548288,1363968,807862272,1183744,1138688,5824512,3125248,1290240,2134016,2822144,3522560,11722752,1572864,2785280,1363968,1343488,1019904,85393408,1200128,2232320,3088384,1318912
59,856008,1044480,9023488,2789376,10059776,1372160,4497408,298754048,3051520,53116928,9895936,20074496,3010560,15278080,10063872,19910656,233439232,1019904,1277952,1273856,2592768,1466368,21983232,1060864,5726208,7544832,37769216,10141696,2338816,2494464,81547264,1708032,114573312,2707456,2789376,1003520,31543296,0,26341376,2789376,3571712,71196672,2781184,1470464,1658880,3518464,3305472,5951488,1519616,4952064,2314240,3719168,44601344,1650688,1548288,1363968,807862272,1183744,1138688,5824512,3125248,1290240,2134016,2822144,3522560,11722752,1572864,2785280,1363968,1343488,1019904,85393408,1200128,2232320,3088384,1318912
60,856008,1044480,9023488,2789376,10059776,1372160,4497408,298754048,3051520,53116928,9895936,20074496,3010560,15278080,10063872,19910656,233439232,1019904,1277952,1273856,2592768,1466368,21983232,1060864,5726208,7544832,37769216,10141696,2338816,2494464,81547264,1708032,114573312,2707456,2789376,1003520,31543296,0,26341376,2789376,3571712,71196672,2781184,1470464,1658880,3518464,3305472,5951488,1519616,4952064,2314240,3719168,44601344,1650688,1548288,1363968,807862272,1183744,1138688,5824512,3125248,1290240,2134016,2822144,3522560,11722752,1572864,2785280,1363968,1343488,1019904,85393408,1200128,2232320,3088384,1318912
61,856008,1044480,9023488,2789376,10059776,1372160,4497408,298754048,3051520,53116928,9895936,20074496,3010560,15278080,10063872,19910656,233439232,1019904,1277952,1273856,2592768,1466368,21983232,1060864,5726208,7544832,37769216,10141696,2338816,2494464,81547264,1708032,114573312,2707456,2789376,1003520,31543296,0,26341376,2789376,3571712,71192576,2781184,1470464,1658880,3518464,3338240,5951488,1519616,4952064,2314240,3719168,44601344,1650688,1548288,1363968,807862272,1183744,1138688,5824512,3125248,1290240,2134016,2822144,3522560,11722752,1572864,2785280,1363968,1343488,1019904,85393408,1200128,2232320,3088384,1318912
62,856008,1044480,9023488,2789376,10059776,1372160,4497408,298754048,3051520,53116928,9895936,20074496,3010560,15278080,10063872,19910656,233439232,1019904,1277952,1273856,2592768,1466368,21983232,1060864,5726208,7544832,37769216,10141696,2338816,2494464,81547264,1708032,114573312,2707456,2789376,1003520,31543296,0,26341376,2789376,3571712,71192576,2781184,1470464,1658880,3518464,3338240,5951488,1519616,4952064,2314240,3719168,44601344,1650688,1548288,1363968,807862272,1183744,1138688,5824512,3125248,1290240,2134016,2822144,3522560,11722752,1572864,2785280,1363968,1343488,1019904,85393408,1200128,2232320,3088384,1318912
63,856008,1044480,9023488,2789376,10059776,1372160,4497408,298754048,3051520,53116928,9895936,20074496,3010560,15278080,10063872,19910656,233439232,1019904,1277952,1273856,2592768,1466368,21983232,1060864,5726208,7544832,37769216,10141696,2338816,2494464,81547264,1708032,114573312,2707456,2789376,1003520,31543296,0,26341376,2789376,3571712,71188480,2781184,1470464,1658880,3518464,3338240,5951488,1519616,4952064,2314240,3719168,44601344,1650688,1548288,1363968,807862272,1183744,1138688,5824512,3125248,1290240,2134016,2822144,3522560,11722752,1572864,2785280,1363968,1343488,1019904,85393408,1200128,2232320,3088384,1318912
64,856008,1044480,9023488,2789376,10059776,1372160,4497408,298754048,3051520,53116928,9895936,20074496,3010560,15278080,10063872,19910656,233439232,1019904,1277952,1273856,2592768,1466368,21983232,1060864,5726208,7544832,37769216,10141696,2338816,2494464,81547264,1708032,114573312,2707456,2789376,1003520,31543296,0,26341376,2789376,3571712,71188480,2781184,1470464,1658880,3518464,3338240,5951488,1519616,4952064,2314240,3719168,44601344,1650688,1548288,1363968,807862272,1183744,1138688,5824512,3125248,1290240,2134016,2822144,3522560,11722752,1572864,2785280,1363968,1343488,1019904,85393408,1200128,2232320,3088384,1318912
65,856008,1044480,9023488,2789376,10059776,1372160,4497408,298754048,3051520,53116928,9895936,20074496,3010560,15278080,10063872,19910656,233439232,1019904,1277952,1273856,2592768,1466368,21983232,1060864,5726208,7544832,37769216,10141696,2338816,2494464,81547264,1708032,114573312,2707456,2789376,1003520,31543296,0,26341376,2789376,3571712,71184384,2781184,1470464,1658880,3518464,3338240,5951488,1519616,4952064,2314240,3719168,44601344,1650688,1548288,1363968,807862272,1183744,1138688,5824512,3125248,1290240,2134016,2822144,3522560,11722752,1572864,2785280,1363968,1343488,1019904,85393408,1200128,2232320,3088384,1318912
66,856008,1044480,9023488,2789376,10059776,1372160,4497408,298754048,3051520,53116928,9895936,20074496,3010560,15278080,10063872,19910656,233439232,1019904,1277952,1273856,2592768,1466368,21983232,1060864,5726208,7544832,37769216,10141696,2338816,2494464,81547264,1708032,114573312,2707456,2789376,1003520,31543296,0,26341376,2789376,3571712,71180288,2781184,1470464,1658880,3518464,3338240,5951488,1519616,4952064,2314240,3719168,44601344,1650688,1548288,1363968,807862272,1183744,1138688,5824512,3125248,1290240,2134016,2822144,3522560,11722752,1572864,2785280,1363968,1343488,1019904,85393408,1200128,2232320,3088384,1318912
67,856008,1044480,9023488,2789376,10059776,1372160,4497408,298754048,3051520,53116928,9895936,20074496,3010560,15278080,10063872,19910656,233439232,1019904,1277952,1273856,2592768,1466368,21983232,1060864,5726208,7544832,37769216,10141696,2338816,2494464,81547264,1708032,114573312,2707456,2789376,1003520,31543296,0,26341376,2789376,3571712,71180288,2781184,1470464,1658880,3518464,3338240,5951488,1519616,4952064,2314240,3719168,44601344,1650688,1548288,1363968,807862272,1183744,1138688,5824512,3125248,1290240,2134016,2822144,3522560,11722752,1572864,2785280,1363968,1343488,1019904,85393408,1200128,2232320,3088384,1318912
68,856008,1044480,9023488,2789376,10059776,1372160,4497408,298754048,3051520,53116928,9895936,20074496,3010560,15278080,10063872,19910656,233439232,1019904,1277952,1273856,2592768,1466368,21983232,1060864,5726208,7544832,37769216,10141696,2338816,2494464,81547264,1708032,114573312,2707456,2789376,1003520,31543296,0,26341376,2789376,3571712,71176192,2781184,1470464,1658880,3518464,3371008,5951488,1519616,4952064,2314240,3719168,44601344,1650688,1548288,1363968,807862272,1183744,1138688,5824512,3125248,1290240,2134016,2822144,3522560,11722752,1572864,2785280,1363968,1343488,1019904,85393408,1200128,2232320,3088384,1318912
69,856008,1044480,9023488,2789376,10059776,1372160,4497408,298754048,3051520,53116928,9895936,20074496,3010560,15278080,10063872,19910656,233439232,1019904,1277952,1273856,2592768,1466368,21983232,1060864,5726208,7544832,37769216,10141696,2338816,2494464,81547264,1708032,114573312,2707456,2789376,1003520,31543296,0,26341376,2789376,3571712,71176192,2781184,1470464,1658880,3518464,3371008,5951488,1519616,4952064,2314240,3719168,44601344,1650688,1548288,1363968,807862272,1183744,1138688,5824512,3125248,1290240,2134016,2822144,3522560,11722752,1572864,2785280,1363968,1343488,1019904,85393408,1200128,2232320,3088384,1318912
70,856008,1044480,9023488,2789376,10059776,1372160,4497408,298754048,3051520,53116928,9895936,20074496,3010560,15278080,10063872,19910656,233439232,1019904,1277952,1273856,2592768,1466368,21983232,1060864,5726208,7544832,37769216,10141696,2338816,2494464,81547264,1708032,114573312,2707456,2789376,1003520,31543296,0,26341376,2789376,3571712,71176192,2781184,1470464,1658880,3518464,3371008,5951488,1519616,4952064,2314240,3719168,44601344,1650688,1548288,1363968,807862272,1183744,1138688,5824512,3125248,1290240,2134016,2822144,3522560,11722752,1572864,2785280,1363968,1343488,1019904,85393408,1200128,2232320,3088384,1318912
71,856008,1044480,9023488,2789376,10059776,1372160,4497408,298754048,3051520,53116928,9895936,20074496,3010560,15278080,10063872,19910656,233439232,1019904,1277952,1273856,2592768,1466368,21983232,1060864,5726208,7544832,37769216,10141696,2338816,2494464,81547264,1708032,114573312,2707456,2789376,1003520,31543296,0,26341376,2789376,3571712,71172096,2781184,1470464,1658880,3518464,3371008,5951488,1519616,4952064,2314240,3719168,44601344,1650688,1548288,1363968,807862272,1183744,1138688,5824512,3125248,1290240,2134016,2822144,3522560,11722752,1572864,2785280,1363968,1343488,1019904,85393408,1200128,2232320,3088384,1318912
72,856008,1044480,9023488,2789376,10059776,1372160,4497408,298754048,3051520,53116928,9895936,20074496,3010560,15278080,10063872,19910656,233439232,1019904,1277952,1273856,2592768,1466368,21983232,1060864,5726208,7544832,37769216,10141696,2338816,2494464,81547264,1708032,114573312,2707456,2789376,1003520,31543296,0,26341376,2789376,3571712,71172096,2781184,1470464,1658880,3518464,3371008,5951488,1519616,4952064,2314240,3719168,44601344,1650688,1548288,1363968,807862272,1183744,1138688,5824512,3125248,1290240,2134016,2822144,3522560,11722752,1572864,2785280,1363968,1343488,1019904,85393408,1200128,2232320,3088384,1318912
73,856008,1044480,9023488,2789376,10059776,1372160,4497408,298754048,3051520,53116928,9895936,20074496,3010560,15278080,10063872,19910656,233439232,1019904,1277952,1273856,2592768,1466368,21983232,1060864,5726208,7544832,37769216,10141696,2338816,2494464,81547264,1708032,114573312,2707456,2789376,1003520,31543296,0,26341376,2789376,3571712,71168000,2781184,1470464,1658880,3518464,3371008,5951488,1519616,4952064,2314240,3719168,44601344,1650688,1548288,1363968,807862272,1183744,1138688,5824512,3125248,1290240,2134016,2822144,3522560,11722752,1572864,2785280,1363968,1343488,1019904,85393408,1200128,2232320,3088384,1318912
74,856008,1044480,9023488,2789376,10059776,1372160,4497408,298754048,3051520,53116928,9895936,20074496,3010560,15278080,10063872,19910656,233439232,1019904,1277952,1273856,2592768,1466368,21983232,1060864,5726208,7544832,37769216,10141696,2338816,2494464,81547264,1708032,114573312,2707456,2789376,1003520,31543296,0,26341376,2789376,3571712,71168000,2781184,1470464,1658880,3518464,3371008,5951488,1519616,4952064,2314240,3719168,44601344,1650688,1548288,1363968,807862272,1183744,1138688,5824512,3125248,1290240,2134016,2822144,3522560,11722752,1572864,2785280,1363968,1343488,1019904,85393408,1200128,2232320,3088384,1318912
75,856008,1044480,9023488,2789376,10059776,1372160,4497408,298754048,3051520,53116928,9895936,20074496,3010560,15278080,10063872,19910656,233439232,1019904,1277952,1273856,2592768,1466368,21983232,1060864,5726208,7544832,37769216,10141696,2338816,2494464,81547264,1708032,114573312,2707456,2789376,1003520,31543296,0,26341376,2789376,3571712,71163904,2781184,1470464,1658880,3518464,3403776,5951488,1519616,4952064,2314240,3719168,44601344,1650688,1548288,1363968,807862272,1183744,1138688,5824512,3125248,1290240,2134016,2822144,3522560,11722752,1572864,2785280,1363968,1343488,1019904,85393408,1200128,2232320,3088384,1318912
76,856008,1044480,9023488,2789376,10059776,1372160,4497408,298754048,3051520,53116928,9895936,20074496,3010560,15278080,10063872,19910656,233439232,1019904,1277952,1273856,2592768,1466368,21983232,1060864,5726208,7544832,37769216,10141696,2338816,2494464,81547264,1708032,114573312,2707456,2789376,1003520,31543296,0,26341376,2789376,3571712,71163904,2781184,1470464,1658880,3518464,3403776,5951488,1519616,4952064,2314240,3719168,44601344,1650688,1548288,1363968,807862272,1183744,1138688,5824512,3125248,1290240,2134016,2822144,3522560,11722752,1572864,2785280,1363968,1343488,1019904,85393408,1200128,2232320,3088384,1318912
77,856008,1044480,9023488,2789376,10059776,1372160,4497408,298754048,3051520,53116928,9895936,20074496,3010560,15278080,10063872,19910656,233439232,1019904,1277952,1273856,2592768,1466368,21983232,1060864,5726208,7544832,37769216,10141696,2338816,2494464,81547264,1708032,114573312,2707456,2789376,1003520,31543296,0,26341376,2789376,3571712,71159808,2781184,1470464,1658880,3518464,3403776,5951488,1519616,4952064,2314240,3719168,44601344,1650688,1548288,1363968,807862272,1183744,1138688,5824512,3125248,1290240,2134016,2822144,3522560,11722752,1572864,2785280,1363968,1343488,1019904,85393408,1200128,2232320,3088384,1318912
78,856008,1044480,9023488,2789376,10059776,1372160,4497408,298754048,3051520,53116928,9895936,20074496,3010560,15278080,10063872,19910656,233439232,1019904,1277952,1273856,2592768,1466368,21983232,1060864,5726208,7544832,37769216,10141696,2338816,2494464,81547264,1708032,114573312,2707456,2789376,1003520,31543296,0,26341376,2789376,3571712,71159808,2781184,1470464,1658880,3518464,3403776,5951488,1519616,4952064,2314240,3719168,44601344,1650688,1548288,1363968,807862272,1183744,1138688,5824512,3125248,1290240,2134016,2822144,3522560,11722752,1572864,2785280,1363968,1343488,1019904,85393408,1200128,2232320,3088384,1318912
79,856008,1044480,9023488,2789376,10059776,1372160,4497408,298754048,3051520,53116928,9895936,20074496,3010560,15278080,10063872,19910656,233439232,1019904,1277952,1273856,2592768,1466368,21983232,1060864,5726208,7544832,37769216,10141696,2338816,2494464,81547264,1708032,114573312,2707456,2789376,1003520,31543296,0,26341376,2789376,3571712,71155712,2781184,1470464,1658880,3518464,3403776,5951488,1519616,4952064,2314240,3719168,44601344,1650688,1548288,1363968,807862272,1183744,1138688,5824512,3125248,1290240,2134016,2822144,3522560,11722752,1572864,2785280,1363968,1343488,1019904,85393408,1200128,2232320,3088384,1318912
80,856008,1044480,9023488,2789376,10059776,1372160,4497408,298754048,3051520,53116928,9895936,20074496,3010560,15278080,10063872,19910656,233439232,1019904,1277952,1273856,2592768,1466368,21983232,1060864,5726208,7544832,37769216,10141696,2338816,2494464,81547264,1708032,114573312,2707456,2789376,1003520,31543296,0,26341376,2789376,3571712,71155712,2781184,1470464,1658880,3518464,3403776,5951488,1519616,4952064,2314240,3719168,44601344,1650688,1548288,1363968,807862272,1183744,1138688,5824512,3125248,1290240,2134016,2822144,3522560,11722752,1572864,2785280,1363968,1343488,1019904,85393408,1200128,2232320,3088384,1318912
81,856008,1044480,9023488,2789376,10059776,1372160,4497408,298754048,3051520,53116928,9895936,20074496,3010560,15278080,10063872,19910656,233439232,1019904,1277952,1273856,2592768,1466368,21983232,1060864,5726208,7544832,37769216,10141696,2338816,2494464,81547264,1708032,114573312,2707456,2789376,1003520,31543296,0,26341376,2789376,3571712,71151616,2781184,1470464,1658880,3518464,3403776,5951488,1519616,4952064,2314240,3719168,44601344,1650688,1548288,1363968,807862272,1183744,1138688,5824512,3125248,1290240,2134016,2822144,3522560,11722752,1572864,2785280,1363968,1343488,1019904,85393408,1200128,2232320,3088384,1318912
82,856008,1044480,9023488,2789376,10059776,1372160,4497408,298754048,3051520,53116928,9895936,20074496,3010560,15278080,10063872,19910656,233439232,1019904,1277952,1273856,2592768,1466368,21983232,1060864,5726208,7544832,37769216,10141696,2338816,2494464,81547264,1708032,114573312,2707456,2789376,1003520,31543296,0,26341376,2789376,3571712,71151616,2781184,1470464,1658880,3518464,3436544,5951488,1519616,4952064,2314240,3719168,44601344,1650688,1548288,1363968,807862272,1183744,1138688,5824512,3125248,1290240,2134016,2822144,3522560,11722752,1572864,2785280,1363968,1343488,1019904,85393408,1200128,2232320,3088384,1318912
83,856008,1044480,9023488,2789376,10059776,1372160,4497408,298754048,3051520,53116928,9895936,20074496,3010560,15278080,10063872,19910656,233439232,1019904,1277952,1273856,2592768,1466368,21983232,1060864,5726208,7544832,37769216,10141696,2338816,2494464,81547264,1708032,114573312,2707456,2789376,1003520,31543296,0,26341376,2789376,3571712,71147520,2781184,1470464,1658880,3518464,3436544,5951488,1519616,4952064,2314240,3719168,44601344,1650688,1548288,1363968,807862272,1183744,1138688,5824512,3125248,1290240,2134016,2822144,3522560,11722752,1572864,2785280,1363968,1343488,1019904,85393408,1200128,2232320,3088384,1318912
84,856008,1044480,9023488,2789376,10059776,1372160,4497408,298754048,3051520,53116928,9895936,20074496,3010560,15278080,10063872,19910656,233439232,1019904,1277952,1273856,2592768,1466368,21983232,1060864,5726208,7544832,37769216,10141696,2338816,2494464,81547264,1708032,114573312,2707456,2789376,1003520,31543296,0,26341376,2789376,3571712,71147520,2781184,1470464,1658880,3518464,3436544,5951488,1519616,4952064,2314240,3719168,44601344,1650688,1548288,1363968,807862272,1183744,1138688,5824512,3125248,1290240,2134016,2822144,3522560,11722752,1572864,2785280,1363968,1343488,1019904,85393408,1200128,2232320,3088384,1318912
85,856008,1044480,9023488,2789376,10059776,1372160,4497408,298754048,3051520,53116928,9895936,20074496,3010560,15278080,10063872,19910656,233439232,1019904,1277952,1273856,2592768,1466368,21983232,1060864,5726208,7544832,37769216,10141696,2338816,2494464,81547264,1708032,114573312,2707456,2789376,1003520,31543296,0,26341376,2789376,3571712,71143424,2781184,1470464,1658880,3518464,3436544,5951488,1519616,4952064,2314240,3719168,44601344,1650688,1548288,1363968,807862272,1183744,1138688,5824512,3125248,1290240,2134016,2822144,3522560,11722752,1572864,2785280,1363968,1343488,1019904,85393408,1200128,2232320,3088384,1318912
86,856008,1044480,9023488,2789376,10059776,1372160,4497408,298754048,3051520,53116928,9895936,20074496,3010560,15278080,10063872,19910656,233439232,1019904,1277952,1273856,2592768,1466368,21983232,1060864,5726208,7544832,37769216,10141696,2338816,2494464,81547264,1708032,114573312,2707456,2789376,1003520,31543296,0,26341376,2789376,3571712,71143424,2781184,1470464,1658880,3518464,3436544,5951488,1519616,4952064,2314240,3719168,44601344,1650688,1548288,1363968,807862272,1183744,1138688,5824512,3125248,1290240,2134016,2822144,3522560,11722752,1572864,2785280,1363968,1343488,1019904,85393408,1200128,2232320,3088384,1318912
87,856008,1044480,9023488,2789376,10059776,1372160,4497408,298754048,3051520,53116928,9895936,20074496,3010560,15278080,10063872,19910656,233439232,1019904,1277952,1273856,2592768,1466368,21983232,1060864,5726208,7544832,37769216,10141696,2338816,2494464,81547264,1708032,114573312,2707456,2789376,1003520,31543296,0,26341376,2789376,3571712,71139328,2781184,1470464,1658880,3518464,3436544,5951488,1519616,4952064,2314240,3719168,44601344,1650688,1548288,1363968,807862272,1183744,1138688,5824512,3125248,1290240,2134016,2822144,3522560,11722752,1572864,2785280,1363968,1343488,1019904,85393408,1200128,2232320,3088384,1318912
88,856008,1044480,9023488,2789376,10059776,1372160,4497408,298754048,3051520,53116928,9895936,20074496,3010560,15278080,10063872,19910656,233439232,1019904,1277952,1273856,2592768,1466368,21983232,1060864,5726208,7544832,37769216,10141696,2338816,2494464,81547264,1708032,114573312,2707456,2789376,1003520,31543296,0,26341376,2789376,3571712,71139328,2781184,1470464,1658880,3518464,3436544,5951488,1519616,4952064,2314240,3719168,44601344,1650688,1548288,1363968,807862272,1183744,1138688,5824512,3125248,1290240,2134016,2822144,3522560,11722752,1572864,2785280,1363968,1343488,1019904,85393408,1200128,2232320,3088384,1318912
89,856008,1044480,9023488,2789376,10059776,1372160,4497408,298754048,3051520,53116928,9895936,20074496,3010560,15278080,10063872,19910656,233439232,1019904,1277952,1273856,2592768,1466368,21983232,1060864,5726208,7544832,37769216,10141696,2338816,2494464,81547264,1708032,114573312,2707456,2789376,1003520,31543296,0,26341376,2789376,3571712,71135232,2781184,1470464,1658880,3518464,3469312,5951488,1519616,4952064,2314240,3719168,44601344,1650688,1548288,1363968,807862272,1183744,1138688,5824512,3125248,1290240,2134016,2822144,3522560,11722752,1572864,2785280,1363968,1343488,1019904,85393408,1200128,2232320,3088384,1318912
90,856008,1044480,9023488,2789376,10059776,1372160,4497408,298754048,3051520,53116928,9895936,20074496,3010560,15278080,10063872,19910656,233439232,1019904,1277952,1273856,2592768,1466368,21983232,1060864,5726208,7544832,37769216,10141696,2338816,2494464,81547264,1708032,114573312,2707456,2789376,1003520,31543296,0,26341376,2789376,3571712,71135232,2781184,1470464,1658880,3518464,3469312,5951488,1519616,4952064,2314240,3719168,44601344,1650688,1548288,1363968,807862272,1183744,1138688,5824512,3125248,1290240,2134016,2822144,3522560,11722752,1572864,2785280,1363968,1343488,1019904,85393408,1200128,2232320,3088384,1318912
91,856008,1044480,9023488,2789376,10059776,1372160,4497408,298754048,3051520,53116928,9895936,20074496,3010560,15278080,10063872,19910656,233439232,1019904,1277952,1273856,2592768,1466368,21983232,1060864,5726208,7544832,37769216,10141696,2338816,2494464,81547264,1708032,114573312,2707456,2789376,1003520,31543296,0,26341376,2789376,3571712,71131136,2781184,1470464,1658880,3518464,3469312,5951488,1519616,4952064,2314240,3719168,44601344,1650688,1548288,1363968,807862272,1183744,1138688,5824512,3125248,1290240,2134016,2822144,3522560,11722752,1572864,2785280,1363968,1343488,1019904,85393408,1200128,2232320,3088384,1318912
92,856008,1044480,9023488,2789376,10059776,1372160,4497408,298754048,3051520,53116928,9895936,20074496,3010560,15278080,10063872,19910656,233439232,1019904,1277952,1273856,2592768,1466368,21983232,1060864,5726208,7544832,37769216,10141696,2338816,2494464,81547264,1708032,114573312,2707456,2789376,1003520,31543296,0,26341376,2789376,3571712,71131136,2781184,1470464,1658880,3518464,3469312,5951488,1519616,4952064,2314240,3719168,44601344,1650688,1548288,1363968,807862272,1183744,1138688,5824512,3125248,1290240,2134016,2822144,3522560,11722752,1572864,2785280,1363968,1343488,1019904,85393408,1200128,2232320,3088384,1318912
93,856008,1044480,9023488,2789376,10059776,1372160,4497408,298754048,3051520,53116928,9895936,20074496,3010560,15278080,10063872,19910656,233439232,1019904,1277952,1273856,2592768,1466368,21983232,1060864,5726208,7544832,37769216,10141696,2338816,2494464,81547264,1708032,114573312,2707456,2789376,1003520,31543296,0,26341376,2789376,3571712,71127040,2781184,1470464,1658880,3518464,3469312,5951488,1519616,4952064,2314240,3719168,44601344,1650688,1548288,1363968,807862272,1183744,1138688,5824512,3125248,1290240,2134016,2822144,3522560,11722752,1572864,2785280,1363968,1343488,1019904,85393408,1200128,2232320,3088384,1318912
94,856008,1044480,9023488,2789376,10059776,1372160,4497408,298754048,3051520,53116928,9895936,20074496,3010560,15278080,10063872,19910656,233439232,1019904,1277952,1273856,2592768,1466368,21983232,1060864,5726208,7544832,37769216,10141696,2338816,2494464,81547264,1708032,114573312,2707456,2789376,1003520,31543296,0,26341376,2789376,3571712,71127040,2781184,1470464,1658880,3518464,3469312,5951488,1519616,4952064,2314240,3719168,44601344,1650688,1548288,1363968,807862272,1183744,1138688,5824512,3125248,1290240,2134016,2822144,3522560,11722752,1572864,2785280,1363968,1343488,1019904,85393408,1200128,2232320,3088384,1318912
95,856008,1044480,9023488,2789376,10059776,1372160,4497408,298754048,3051520,53116928,9895936,20074496,3010560,15278080,10063872,19910656,233439232,1019904,1277952,1273856,2592768,1466368,21983232,1060864,5726208,7544832,37769216,10141696,2338816,2494464,81547264,1708032,114573312,2707456,2789376,1003520,31543296,0,26341376,2789376,3571712,71122944,2781184,1470464,1658880,3518464,3469312,5951488,1519616,4952064,2314240,3719168,44601344,1650688,1548288,1363968,807862272,1183744,1138688,5824512,3125248,1290240,2134016,2822144,3522560,11722752,1572864,2785280,1363968,1343488,1019904,85393408,1200128,2232320,3088384,1318912
96,856008,1044480,9023488,2789376,10059776,1372160,4497408,298754048,3051520,53116928,9895936,20074496,3010560,15278080,10063872,19910656,233439232,1019904,1277952,1273856,2592768,1466368,21983232,1060864,5726208,7544832,37769216,10141696,2338816,2494464,81547264,1708032,114573312,2707456,2789376,1003520,31543296,0,26341376,2789376,3571712,71122944,2781184,1470464,1658880,3518464,3502080,5951488,1519616,4952064,2314240,3719168,44601344,1650688,1548288,1363968,807862272,1183744,1138688,5824512,3125248,1290240,2134016,2822144,3522560,11722752,1572864,2785280,1363968,1343488,1019904,85393408,1200128,2232320,3088384,1318912
97,856008,1044480,9023488,2789376,10059776,1372160,4497408,298754048,3051520,53116928,9895936,20074496,3010560,15278080,10063872,19910656,233439232,1019904,1277952,1273856,2592768,1466368,21983232,1060864,5726208,7544832,37769216,10141696,2338816,2494464,81547264,1708032,114573312,2707456,2789376,1003520,31543296,0,26341376,2789376,3571712,71118848,2781184,1470464,1658880,3518464,3502080,5951488,1519616,4952064,2314240,3719168,44601344,1650688,1548288,1363968,807862272,1183744,1138688,5824512,3125248,1290240,2134016,2822144,3522560,11722752,1572864,2785280,1363968,1343488,1019904,85393408,1200128,2232320,3088384,1318912
98,856008,1044480,9023488,2789376,10059776,1372160,4497408,298754048,3051520,53116928,9895936,20074496,3010560,15278080,10063872,19910656,233439232,1019904,1277952,1273856,2592768,1466368,21983232,1060864,5726208,7544832,37769216,10141696,2338816,2494464,81547264,1708032,114573312,2707456,2789376,1003520,31543296,0,26341376,2789376,3571712,71118848,2781184,1470464,1658880,3518464,3502080,5951488,1519616,4952064,2314240,3719168,44601344,1650688,1548288,1363968,807862272,1183744,1138688,5824512,3125248,1290240,2134016,2822144,3522560,11722752,1572864,2785280,1363968,1343488,1019904,85393408,1200128,2232320,3088384,1318912
99,856008,1044480,9023488,2789376,10059776,1372160,4497408,298754048,3051520,53116928,9895936,20074496,3010560,15278080,10063872,19910656,233439232,1019904,1277952,1273856,2592768,1466368,21983232,1060864,5726208,7544832,37769216,10141696,2338816,2494464,81547264,1708032,114573312,2707456,2789376,1003520,31543296,0,26341376,2789376,3571712,71114752,2781184,1470464,1658880,3518464,3502080,5951488,1519616,4952064,2314240,3719168,44601344,1650688,1548288,1363968,807862272,1183744,1138688,5824512,3125248,1290240,2134016,2822144,3522560,11722752,1572864,2785280,1363968,1343488,1019904,85393408,1200128,2232320,3088384,1318912
100,856008,1044480,9023488,2789376,10059776,1372160,4497408,298754048,3051520,53116928,9895936,20074496,3010560,15278080,10063872,19910656,233439232,1019904,1277952,1273856,2592768,1466368,21983232,1060864,5726208,7544832,37769216,10141696,2338816,2494464,81547264,1708032,114573312,2707456,2789376,1003520,31543296,0,26341376,2789376,3571712,71114752,2781184,1470464,1658880,3518464,3502080,5951488,1519616,4952064,2314240,3719168,44601344,1650688,1548288,1363968,807862272,1183744,1138688,5824512,3125248,1290240,2134016,2822144,3522560,11722752,1572864,2785280,1363968,1343488,1019904,85393408,1200128,2232320,3088384,1318912
101,856008,1044480,9023488,2789376,10059776,1372160,4497408,298754048,3051520,53116928,9895936,20074496,3010560,15278080,10063872,19910656,233439232,1019904,1277952,1273856,2592768,1466368,21983232,1060864,5726208,7544832,37769216,10141696,2338816,2494464,81547264,1708032,114573312,2707456,2789376,1003520,31543296,0,26341376,2789376,3571712,71114752,2781184,1470464,1658880,3518464,3502080,5951488,1519616,4952064,2314240,3719168,44601344,1650688,1548288,1363968,807862272,1183744,1138688,5824512,3125248,1290240,2134016,2822144,3522560,11722752,1572864,2785280,1363968,1343488,1019904,85393408,1200128,2232320,3088384,1318912
102,856008,1044480,9023488,2789376,10059776,1372160,4497408,298754048,3051520,53116928,9895936,20074496,3010560,15278080,10063872,19910656,233439232,1019904,1277952,1273856,2592768,1466368,21983232,1060864,5726208,7544832,37769216,10141696,2338816,2494464,81547264,1708032,114573312,2707456,2789376,1003520,31543296,0,26341376,2789376,3571712,71110656,2781184,1470464,1658880,3518464,3502080,5951488,1519616,4952064,2314240,3719168,44601344,1650688,1548288,1363968,807862272,1183744,1138688,5824512,3125248,1290240,2134016,2822144,3522560,11722752,1572864,2785280,1363968,1343488,1019904,85393408,1200128,2232320,3088384,1318912
103,856008,1044480,9023488,2789376,10059776,1372160,4497408,298754048,3051520,53116928,9895936,20074496,3010560,15278080,10063872,19910656,233439232,1019904,1277952,1273856,2592768,1466368,21983232,1060864,5726208,7544832,37769216,10141696,2338816,2494464,81547264,1708032,114573312,2707456,2789376,1003520,31543296,0,26341376,2789376,3571712,71110656,2781184,1470464,1658880,3518464,3534848,5951488,1519616,4952064,2314240,3719168,44601344,1650688,1548288,1363968,807862272,1183744,1138688,5824512,3125248,1290240,2134016,2822144,3522560,11722752,1572864,2785280,1363968,1343488,1019904,85393408,1200128,2232320,3088384,1318912
104,856008,1044480,9023488,2789376,10059776,1372160,4497408,298754048,3051520,53116928,9895936,20074496,3010560,15278080,10063872,19910656,233439232,1019904,1277952,1273856,2592768,1466368,21983232,1060864,5726208,7544832,37769216,10141696,2338816,2494464,81547264,1708032,114573312,2707456,2789376,1003520,31543296,0,26341376,2789376,3571712,71106560,2781184,1470464,1658880,3518464,3534848,5951488,1519616,4952064,2314240,3719168,44601344,1650688,1548288,1363968,807862272,1183744,1138688,5824512,3125248,1290240,2134016,2822144,3522560,11722752,1572864,2785280,1363968,1343488,1019904,85393408,1200128,2232320,3088384,1318912
105,856008,1044480,9023488,2789376,10059776,1372160,4497408,298754048,3051520,53116928,9895936,20074496,3010560,15278080,10063872,19910656,233439232,1019904,1277952,1273856,2592768,1466368,21983232,1060864,5726208,7544832,37769216,10141696,2338816,2494464,81547264,1708032,114573312,2707456,2789376,1003520,31543296,0,26341376,2789376,3571712,71106560,2781184,1470464,1658880,3518464,3534848,5951488,1519616,4952064,2314240,3719168,44601344,1650688,1548288,1363968,807862272,1183744,1138688,5824512,3125248,1290240,2134016,2822144,3522560,11722752,1572864,2785280,1363968,1343488,1019904,85393408,1200128,2232320,3088384,1318912
106,856008,1044480,9023488,2789376,10059776,1372160,4497408,298754048,3051520,53116928,9895936,20074496,3010560,15278080,10063872,19910656,233439232,1019904,1277952,1273856,2592768,1466368,21983232,1060864,5726208,7544832,37769216,10141696,2338816,2494464,81547264,1708032,114573312,2707456,2789376,1003520,31543296,0,26341376,2789376,3571712,71102464,2781184,1470464,1658880,3518464,3534848,5951488,1519616,4952064,2314240,3719168,44601344,1650688,1548288,1363968,807862272,1183744,1138688,5824512,3125248,1290240,2134016,2822144,3522560,11722752,1572864,2785280,1363968,1343488,1019904,85393408,1200128,2232320,3088384,1318912
107,856008,1044480,9023488,2789376,10059776,1372160,4497408,298754048,3051520,53116928,9895936,20074496,3010560,15278080,10063872,19910656,233439232,1019904,1277952,1273856,2592768,1466368,21983232,1060864,5726208,7544832,37769216,10141696,2338816,2494464,81547264,1708032,114573312,2707456,2789376,1003520,31543296,0,26341376,2789376,3571712,71102464,2781184,1470464,1658880,3518464,3534848,5951488,1519616,4952064,2314240,3719168,44601344,1650688,1548288,1363968,807862272,1183744,1138688,5824512,3125248,1290240,2134016,2822144,3522560,11722752,1572864,2785280,1363968,1343488,1019904,85393408,1200128,2232320,3088384,1318912
108,856008,1044480,9023488,2789376,10059776,1372160,4497408,298754048,3051520,53116928,9895936,20074496,3010560,15278080,10063872,19910656,233439232,1019904,1277952,1273856,2592768,1466368,21983232,1060864,5726208,7544832,37769216,10141696,2338816,2494464,81547264,1708032,114573312,2707456,2789376,1003520,31543296,0,26341376,2789376,3571712,71098368,2781184,1470464,1658880,3518464,3534848,5951488,1519616,4952064,2314240,3719168,44601344,1650688,1548288,1363968,807862272,1183744,1138688,5824512,3125248,1290240,2134016,2822144,3522560,11722752,1572864,2785280,1363968,1343488,1019904,85393408,1200128,2232320,3088384,1318912
109,856008,1044480,9023488,2789376,10059776,1372160,4497408,298754048,3051520,53116928,9895936,20074496,3010560,15278080,10063872,19910656,233439232,1019904,1277952,1273856,2592768,1466368,21983232,1060864,5726208,7544832,37769216,10141696,2338816,2494464,81547264,1708032,114573312,2707456,2789376,1003520,31543296,0,26341376,2789376,3571712,71098368,2781184,1470464,1658880,3518464,3534848,5951488,1519616,4952064,2314240,3719168,44601344,1650688,1548288,1363968,807862272,1183744,1138688,5824512,3125248,1290240,2134016,2822144,3522560,11722752,1572864,2785280,1363968,1343488,1019904,85393408,1200128,2232320,3088384,1318912
110,856008,1044480,9023488,2789376,10059776,1372160,4497408,298754048,3051520,53116928,9895936,20074496,3010560,15278080,10063872,19910656,233439232,1019904,1277952,1273856,2592768,1466368,21983232,1060864,5726208,7544832,37769216,10141696,2338816,2494464,81547264,1708032,114573312,2707456,2789376,1003520,31543296,0,26341376,2789376,3571712,71094272,2781184,1470464,1658880,3518464,3567616,5951488,1519616,4952064,2314240,3719168,44601344,1650688,1548288,1363968,807862272,1183744,1138688,5824512,3125248,1290240,2134016,2822144,3522560,11722752,1572864,2785280,1363968,1343488,1019904,85393408,1200128,2232320,3088384,1318912
111,856008,1044480,9023488,2789376,10059776,1372160,4497408,298754048,3051520,53116928,9895936,20074496,3010560,15278080,10063872,19910656,233439232,1019904,1277952,1273856,2592768,1466368,21983232,1060864,5726208,7544832,37769216,10141696,2338816,2494464,81547264,1708032,114573312,2707456,2789376,1003520,31543296,0,26341376,2789376,3571712,71094272,2781184,1470464,1658880,3518464,3567616,5951488,1519616,4952064,2314240,3719168,44601344,1650688,1548288,1363968,807862272,1183744,1138688,5824512,3125248,1290240,2134016,2822144,3522560,11722752,1572864,2785280,1363968,1343488,1019904,85393408,1200128,2232320,3088384,1318912
112,856008,1044480,9023488,2789376,10059776,1372160,4497408,298754048,3051520,53116928,9895936,20074496,3010560,15278080,10063872,19910656,233439232,1019904,1277952,1273856,2592768,1466368,21983232,1060864,5726208,7544832,37769216,10141696,2338816,2494464,81547264,1708032,114573312,2707456,2789376,1003520,31543296,0,26341376,2789376,3571712,71090176,2781184,1470464,1658880,3518464,3567616,5951488,1519616,4952064,2314240,3719168,44601344,1650688,1548288,1363968,807862272,1183744,1138688,5824512,3125248,1290240,2134016,2822144,3522560,11722752,1572864,2785280,1363968,1343488,1019904,85393408,1200128,2232320,3088384,1318912
113,856008,1044480,9023488,2789376,10059776,1372160,4497408,298754048,3051520,53116928,9895936,20074496,3010560,15278080,10063872,19910656,233439232,1019904,1277952,1273856,2592768,1466368,21983232,1060864,5726208,7544832,37769216,10141696,2338816,2494464,81547264,1708032,114573312,2707456,2789376,1003520,31543296,0,26341376,2789376,3571712,71090176,2781184,1470464,1658880,3518464,3567616,5951488,1519616,4952064,2314240,3719168,44601344,1650688,1548288,1363968,807862272,1183744,1138688,5824512,3125248,1290240,2134016,2822144,3522560,11722752,1572864,2785280,1363968,1343488,1019904,85393408,1200128,2232320,3088384,1318912
114,856008,1044480,9023488,2789376,10059776,1372160,4497408,298754048,3051520,53116928,9895936,20074496,3010560,15278080,10063872,19910656,233439232,1019904,1277952,1273856,2592768,1466368,21983232,1060864,5726208,7544832,37769216,10141696,2338816,2494464,81547264,1708032,114573312,2707456,2789376,1003520,31543296,0,26341376,2789376,3571712,71086080,2781184,1470464,1658880,3518464,3567616,5951488,1519616,4952064,2314240,3719168,44601344,1650688,1548288,1363968,807862272,1183744,1138688,5824512,3125248,1290240,2134016,2822144,3522560,11722752,1572864,2785280,1363968,1343488,1019904,85393408,1200128,2232320,3088384,1318912
115,856008,1044480,9023488,2789376,10059776,1372160,4497408,298754048,3051520,53116928,9895936,20074496,3010560,15278080,10063872,19910656,233439232,1019904,1277952,1273856,2592768,1466368,21983232,1060864,5726208,7544832,37769216,10141696,2338816,2494464,81547264,1708032,114573312,2707456,2789376,1003520,31543296,0,26341376,2789376,3571712,71086080,2781184,1470464,1658880,3518464,3567616,5951488,1519616,4952064,2314240,3719168,44601344,1650688,1548288,1363968,807862272,1183744,1138688,5824512,3125248,1290240,2134016,2822144,3522560,11722752,1572864,2785280,1363968,1343488,1019904,85393408,1200128,2232320,3088384,1318912
116,856008,1044480,9023488,2789376,10059776,1372160,4497408,298754048,3051520,53116928,9895936,20074496,3010560,15278080,10063872,19910656,233439232,1019904,1277952,1273856,2592768,1466368,21983232,1060864,5726208,7544832,37769216,10141696,2338816,2494464,81547264,1708032,114573312,2707456,2789376,1003520,31543296,0,26341376,2789376,3571712,71081984,2781184,1470464,1658880,3518464,3567616,5951488,1519616,4952064,2314240,3719168,44601344,1650688,1548288,1363968,807862272,1183744,1138688,5824512,3125248,1290240,2134016,2822144,3522560,11722752,1572864,2785280,1363968,1343488,1019904,85393408,1200128,2232320,3088384,1318912
117,856008,1044480,9023488,2789376,10059776,1372160,4497408,298754048,3051520,53116928,9895936,20074496,3010560,15278080,10063872,19910656,233439232,1019904,1277952,1273856,2592768,1466368,21983232,1060864,5726208,7544832,37769216,10141696,2338816,2494464,81547264,1708032,114573312,2707456,2789376,1003520,31543296,0,26341376,2789376,3571712,71081984,2781184,1470464,1658880,3518464,3600384,5951488,1519616,4952064,2314240,3719168,44601344,1650688,1548288,1363968,807862272,1183744,1138688,5824512,3125248,1290240,2134016,2822144,3522560,11722752,1572864,2785280,1363968,1343488,1019904,85393408,1200128,2232320,3088384,1318912
118,856008,1044480,9023488,2789376,10059776,1372160,4497408,298754048,3051520,53116928,9895936,20074496,3010560,15278080,10063872,19910656,233439232,1019904,1277952,1273856,2592768,1466368,21983232,1060864,5726208,7544832,37769216,10141696,2338816,2494464,81547264,1708032,114573312,2707456,2789376,1003520,31543296,0,26341376,2789376,3571712,71077888,2781184,1470464,1658880,3518464,3600384,5951488,1519616,4952064,2314240,3719168,44601344,1650688,1548288,1363968,807862272,1183744,1138688,5824512,3125248,1290240,2134016,2822144,3522560,11722752,1572864,2785280,1363968,1343488,1019904,85393408,1200128,2232320,3088384,1318912
119,856008,1044480,9023488,2789376,10059776,1372160,4497408,298754048,3051520,53116928,9895936,20074496,3010560,15278080,10063872,19910656,233439232,1019904,1277952,1273856,2592768,1466368,21983232,1060864,5726208,7544832,37769216,10141696,2338816,2494464,81547264,1708032,114573312,2707456,2789376,1003520,31543296,0,26341376,2789376,3571712,71077888,2781184,1470464,1658880,3518464,3600384,5951488,1519616,4952064,2314240,3719168,44601344,1650688,1548288,1363968,807862272,1183744,1138688,5824512,3125248,1290240,2134016,2822144,3522560,11722752,1572864,2785280,1363968,1343488,1019904,85393408,1200128,2232320,3088384,1318912
120,856008,1044480,9023488,2789376,10059776,1372160,4497408,298754048,3051520,53116928,9895936,20074496,3010560,15278080,10063872,19910656,233439232,1019904,1277952,1273856,2592768,1466368,21983232,1060864,5726208,7544832,37769216,10141696,2338816,2494464,81547264,1708032,114573312,2707456,2789376,1003520,31543296,0,26341376,2789376,3571712,71073792,2781184,1470464,1658880,3518464,3600384,5951488,1519616,4952064,2314240,3719168,44601344,1650688,1548288,1363968,807862272,1183744,1138688,5824512,3125248,1290240,2134016,2822144,3522560,11722752,1572864,2785280,1363968,1343488,1019904,85393408,1200128,2232320,3088384,1318912
121,856008,1044480,9023488,2789376,10059776,1372160,4497408,298754048,3051520,53116928,9895936,20074496,3010560,15278080,10063872,19910656,233439232,1019904,1277952,1273856,2592768,1466368,21983232,1060864,5726208,7544832,37769216,10141696,2338816,2494464,81547264,1708032,114573312,2707456,2789376,1003520,31543296,0,26341376,2789376,3571712,71073792,2781184,1470464,1658880,3518464,3600384,5951488,1519616,4952064,2314240,3719168,44601344,1650688,1548288,1363968,807862272,1183744,1138688,5824512,3125248,1290240,2134016,2822144,3522560,11722752,1572864,2785280,1363968,1343488,1019904,85393408,1200128,2232320,3088384,1318912
122,856008,1044480,9023488,2789376,10059776,1372160,4497408,298754048,3051520,53116928,9895936,20074496,3010560,15278080,10063872,19910656,233439232,1019904,1277952,1273856,2592768,1466368,21983232,1060864,5726208,7544832,37769216,10141696,2338816,2494464,81547264,1708032,114573312,2707456,2789376,1003520,31543296,0,26341376,2789376,3571712,71069696,2781184,1470464,1658880,3518464,3600384,5951488,1519616,4952064,2314240,3719168,44601344,1650688,1548288,1363968,807862272,1183744,1138688,5824512,3125248,1290240,2134016,2822144,3522560,11722752,1572864,2785280,1363968,1343488,1019904,85393408,1200128,2232320,3088384,1318912
123,856008,1044480,9023488,2789376,10059776,1372160,4497408,298754048,3051520,53116928,9895936,20074496,3010560,15278080,10063872,19910656,233439232,1019904,1277952,1273856,2592768,1466368,21983232,1060864,5726208,7544832,37769216,10141696,2338816,2494464,81547264,1708032,114573312,2707456,2789376,1003520,31543296,0,26341376,2789376,3571712,71069696,2781184,1470464,1658880,3518464,3600384,5951488,1519616,4952064,2314240,3719168,44601344,1650688,1548288,1363968,807862272,1183744,1138688,5824512,3125248,1290240,2134016,2822144,3522560,11722752,1572864,2785280,1363968,1343488,1019904,85393408,1200128,2232320,3088384,1318912
124,856008,1044480,9023488,2789376,10059776,1372160,4497408,298754048,3051520,53116928,9895936,20074496,3010560,15278080,10063872,19910656,233439232,1019904,1277952,1273856,2592768,1466368,21983232,1060864,5726208,7544832,37769216,10141696,2338816,2494464,81547264,1708032,114573312,2707456,2789376,1003520,31543296,0,26341376,2789376,3571712,71065600,2781184,1470464,1658880,3518464,3633152,5951488,1519616,4952064,2314240,3719168,44601344,1650688,1548288,1363968,807862272,1183744,1138688,5824512,3125248,1290240,2134016,2822144,3522560,11722752,1572864,2785280,1363968,1343488,1019904,85393408,1200128,2232320,3088384,1318912
125,856008,1044480,9023488,2789376,10059776,1372160,4497408,298754048,3051520,53116928,9895936,20074496,3010560,15278080,10063872,19910656,233439232,1019904,1277952,1273856,2592768,1466368,21983232,1060864,5726208,7544832,37769216,10141696,2338816,2494464,81547264,1708032,114573312,2707456,2789376,1003520,31543296,0,26341376,2789376,3571712,71065600,2781184,1470464,1658880,3518464,3633152,5951488,1519616,4952064,2314240,3719168,44601344,1650688,1548288,1363968,807862272,1183744,1138688,5824512,3125248,1290240,2134016,2822144,3522560,11722752,1572864,2785280,1363968,1343488,1019904,85393408,1200128,2232320,3088384,1318912
126,856008,1044480,9023488,2789376,10059776,1372160,4497408,298754048,3051520,53116928,9895936,20074496,3010560,15278080,10063872,19910656,233439232,1019904,1277952,1273856,2592768,1466368,21983232,1060864,5726208,7544832,37769216,10141696,2338816,2494464,81547264,1708032,114573312,2707456,2789376,1003520,31543296,0,26341376,2789376,3571712,71061504,2781184,1470464,1658880,3518464,3633152,5951488,1519616,4952064,2314240,3719168,44601344,1650688,1548288,1363968,807862272,1183744,1138688,5824512,3125248,1290240,2134016,2822144,3522560,11722752,1572864,2785280,1363968,1343488,1019904,85393408,1200128,2232320,3088384,1318912
127,856008,1044480,9023488,2789376,10059776,1372160,4497408,298754048,3051520,53116928,9895936,20074496,3010560,15278080,10063872,19910656,233439232,1019904,1277952,1273856,2592768,1466368,21983232,1060864,5726208,7544832,37769216,10141696,2338816,2494464,81547264,1708032,114573312,2707456,2789376,1003520,31543296,0,26341376,2789376,3571712,71061504,2781184,1470464,1658880,3518464,3633152,5951488,1519616,4952064,2314240,3719168,44601344,1650688,1548288,1363968,807862272,1183744,1138688,5824512,3125248,1290240,2134016,2822144,3522560,11722752,1572864,2785280,1363968,1343488,1019904,85393408,1200128,2232320,3088384,1318912
128,856008,1044480,9023488,2789376,10059776,1372160,4497408,298754048,3051520,53116928,9895936,20074496,3010560,15278080,10063872,19910656,233439232,1019904,1277952,1273856,2592768,1466368,21983232,1060864,5726208,7544832,37769216,10141696,2338816,2494464,81547264,1708032,114573312,2707456,2789376,1003520,31543296,0,26341376,2789376,3571712,71057408,2781184,1470464,1658880,3518464,3633152,5951488,1519616,4952064,2314240,3719168,44601344,1650688,1548288,1363968,807862272,1183744,1138688,5824512,3125248,1290240,2134016,2822144,3522560,11722752,1572864,2785280,1363968,1343488,1019904,85393408,1200128,2232320,3088384,1318912
129,856008,1044480,9023488,2789376,10059776,1372160,4497408,298754048,3051520,53116928,9895936,20074496,3010560,15278080,10063872,19910656,233439232,1019904,1277952,1273856,2592768,1466368,21983232,1060864,5726208,7544832,37769216,10141696,2338816,2494464,81547264,1708032,114573312,2707456,2789376,1003520,31543296,0,26341376,2789376,3571712,71057408,2781184,1470464,1658880,3518464,3633152,5951488,1519616,4952064,2314240,3719168,44601344,1650688,1548288,1363968,807862272,1183744,1138688,5824512,3125248,1290240,2134016,2822144,3522560,11722752,1572864,2785280,1363968,1343488,1019904,85393408,1200128,2232320,3088384,1318912
130,856008,1044480,9023488,2789376,10059776,1372160,4497408,298754048,3051520,53116928,9895936,20074496,3010560,15278080,10063872,19910656,233439232,1019904,1277952,1273856,2592768,1466368,21983232,1060864,5726208,7544832,37769216,10141696,2338816,2494464,81547264,1708032,114573312,2707456,2789376,1003520,31543296,0,26341376,2789376,3571712,71053312,2781184,1470464,1658880,3518464,3633152,5951488,1519616,4952064,2314240,3719168,44601344,1650688,1548288,1363968,807862272,1183744,1138688,5824512,3125248,1290240,2134016,2822144,3522560,11722752,1572864,2785280,1363968,1343488,1019904,85393408,1200128,2232320,3088384,1318912
131,856008,1044480,9023488,2789376,10059776,1372160,4497408,298754048,3051520,53116928,9895936,20074496,3010560,15278080,10063872,19910656,233439232,1019904,1277952,1273856,2592768,1466368,21983232,1060864,5726208,7544832,37769216,10141696,2338816,2494464,81547264,1708032,114573312,2707456,2789376,1003520,31543296,0,26341376,2789376,3571712,71053312,2781184,1470464,1658880,3518464,3665920,5951488,1519616,4952064,2314240,3719168,44601344,1650688,1548288,1363968,807862272,1183744,1138688,5824512,3125248,1290240,2134016,2822144,3522560,11722752,1572864,2785280,1363968,1343488,1019904,85393408,1200128,2232320,3088384,1318912
132,856008,1044480,9023488,2789376,10059776,1372160,4497408,298754048,3051520,53116928,9895936,20074496,3010560,15278080,10063872,19910656,233439232,1019904,1277952,1273856,2592768,1466368,21983232,1060864,5726208,7544832,37769216,10141696,2338816,2494464,81547264,1708032,114573312,2707456,2789376,1003520,31543296,0,26341376,2789376,3571712,71049216,2781184,1470464,1658880,3518464,3665920,5951488,1519616,4952064,2314240,3719168,44601344,1650688,1548288,1363968,807862272,1183744,1138688,5824512,3125248,1290240,2134016,2822144,3522560,11722752,1572864,2785280,1363968,1343488,1019904,85393408,1200128,2232320,3088384,1318912
133,856008,1044480,9023488,2789376,10059776,1372160,4497408,298754048,3051520,53116928,9895936,20074496,3010560,15278080,10063872,19910656,233439232,1019904,1277952,1273856,2592768,1466368,21983232,1060864,5726208,7544832,37769216,10141696,2338816,2494464,81547264,1708032,114573312,2707456,2789376,1003520,31543296,0,26341376,2789376,3571712,71049216,2781184,1470464,1658880,3518464,3665920,5951488,1519616,4952064,2314240,3719168,44601344,1650688,1548288,1363968,807862272,1183744,1138688,5824512,3125248,1290240,2134016,2822144,3522560,11722752,1572864,2785280,1363968,1343488,1019904,85393408,1200128,2232320,3088384,1318912
134,856008,1044480,9023488,2789376,10059776,1372160,4497408,298754048,3051520,53116928,9895936,20074496,3010560,15278080,10063872,19910656,233439232,1019904,1277952,1273856,2592768,1466368,21983232,1060864,5726208,7544832,37769216,10141696,2338816,2494464,81547264,1708032,114573312,2707456,2789376,1003520,31543296,0,26341376,2789376,3571712,71045120,2781184,1470464,1658880,3518464,3665920,5951488,1519616,4952064,2314240,3719168,44601344,1650688,1548288,1363968,807862272,1183744,1138688,5824512,3125248,1290240,2134016,2822144,3522560,11722752,1572864,2785280,1363968,1343488,1019904,85393408,1200128,2232320,3088384,1318912
135,856008,1044480,9023488,2789376,10059776,1372160,4497408,298754048,3051520,53116928,9895936,20074496,3010560,15278080,10063872,19910656,233439232,1019904,1277952,1273856,2592768,1466368,21983232,1060864,5726208,7544832,37769216,10141696,2338816,2494464,81547264,1708032,114573312,2707456,2789376,1003520,31543296,0,26341376,2789376,3571712,71045120,2781184,1470464,1658880,3518464,3665920,5951488,1519616,4952064,2314240,3719168,44601344,1650688,1548288,1363968,807862272,1183744,1138688,5824512,3125248,1290240,2134016,2822144,3522560,11722752,1572864,2785280,1363968,1343488,1019904,85393408,1200128,2232320,3088384,1318912
136,856008,1044480,9023488,2789376,10059776,1372160,4497408,298754048,3051520,53116928,9895936,20074496,3010560,15278080,10063872,19910656,233439232,1019904,1277952,1273856,2592768,1466368,21983232,1060864,5726208,7544832,37769216,10141696,2338816,2494464,81547264,1708032,114573312,2707456,2789376,1003520,31543296,0,26341376,2789376,3571712,71041024,2781184,1470464,1658880,3518464,3665920,5951488,1519616,4952064,2314240,3719168,44601344,1650688,1548288,1363968,807862272,1183744,1138688,5824512,3125248,1290240,2134016,2822144,3522560,11722752,1572864,2785280,1363968,1343488,1019904,85393408,1200128,2232320,3088384,1318912
137,856008,1044480,9023488,2789376,10059776,1372160,4497408,298754048,3051520,53116928,9895936,20074496,3010560,15278080,10063872,19910656,233439232,1019904,1277952,1273856,2592768,1466368,21983232,1060864,5726208,7544832,37769216,10141696,2338816,2494464,81547264,1708032,114573312,2707456,2789376,1003520,31543296,0,26341376,2789376,3571712,71041024,2781184,1470464,1658880,3518464,3665920,5951488,1519616,4952064,2314240,3719168,44601344,1650688,1548288,1363968,807862272,1183744,1138688,5824512,3125248,1290240,2134016,2822144,3522560,11722752,1572864,2785280,1363968,1343488,1019904,85393408,1200128,2232320,3088384,1318912
138,856008,1044480,9023488,2789376,10059776,1372160,4497408,298754048,3051520,53116928,9895936,20074496,3010560,15278080,10063872,19910656,233439232,1019904,1277952,1273856,2592768,1466368,21983232,1060864,5726208,7544832,37769216,10141696,2338816,2494464,81547264,1708032,114573312,2707456,2789376,1003520,31543296,0,26341376,2789376,3571712,71036928,2781184,1470464,1658880,3518464,3698688,5951488,1519616,4952064,2314240,3719168,44601344,1650688,1548288,1363968,807862272,1183744,1138688,5824512,3125248,1290240,2134016,2822144,3522560,11722752,1572864,2785280,1363968,1343488,1019904,85393408,1200128,2232320,3088384,1318912
139,856008,1044480,9023488,2789376,10059776,1372160,4497408,298754048,3051520,53116928,9895936,20074496,3010560,15278080,10063872,19910656,233439232,1019904,1277952,1273856,2592768,1466368,21983232,1060864,5726208,7544832,37769216,10141696,2338816,2494464,81547264,1708032,114573312,2707456,2789376,1003520,31543296,0,26341376,2789376,3571712,71036928,2781184,1470464,1658880,3518464,3698688,5951488,1519616,4952064,2314240,3719168,44601344,1650688,1548288,1363968,807862272,1183744,1138688,5824512,3125248,1290240,2134016,2822144,3522560,11722752,1572864,2785280,1363968,1343488,1019904,85393408,1200128,2232320,3088384,1318912
140,856008,1044480,9023488,2789376,10059776,1372160,4497408,298754048,3051520,53116928,9895936,20074496,3010560,15278080,10063872,19910656,233439232,1019904,1277952,1273856,2592768,1466368,21983232,1060864,5726208,7544832,37769216,10141696,2338816,2494464,81547264,1708032,114573312,2707456,2789376,1003520,31543296,0,26341376,2789376,3571712,71032832,2781184,1470464,1658880,3518464,3698688,5951488,1519616,4952064,2314240,3719168,44601344,1650688,1548288,1363968,807862272,1183744,1138688,5824512,3125248,1290240,2134016,2822144,3522560,11722752,1572864,2785280,1363968,1343488,1019904,85393408,1200128,2232320,3088384,1318912
141,856008,1044480,9023488,2789376,10059776,1372160,4497408,298754048,3051520,53116928,9895936,20074496,3010560,15278080,10063872,19910656,233439232,1019904,1277952,1273856,2592768,1466368,21983232,1060864,5726208,7544832,37769216,10141696,2338816,2494464,81547264,1708032,114573312,2707456,2789376,1003520,31543296,0,26341376,2789376,3571712,71032832,2781184,1470464,1658880,3518464,3698688,5951488,1519616,4952064,2314240,3719168,44601344,1650688,1548288,1363968,807862272,1183744,1138688,5824512,3125248,1290240,2134016,2822144,3522560,11722752,1572864,2785280,1363968,1343488,1019904,85393408,1200128,2232320,3088384,1318912
142,856008,1044480,9023488,2789376,10059776,1372160,4497408,298754048,3051520,53116928,9895936,20074496,3010560,15278080,10063872,19910656,233439232,1019904,1277952,1273856,2592768,1466368,21983232,1060864,5726208,7544832,37769216,10141696,2338816,2494464,81547264,1708032,114573312,2707456,2789376,1003520,31543296,0,26341376,2789376,3571712,71032832,2781184,1470464,1658880,3518464,3698688,5951488,1519616,4952064,2314240,3719168,44601344,1650688,1548288,1363968,807862272,1183744,1138688,5824512,3125248,1290240,2134016,2822144,3522560,11722752,1572864,2785280,1363968,1343488,1019904,85393408,1200128,2232320,3088384,1318912
143,856008,1044480,9023488,2789376,10059776,1372160,4497408,298754048,3051520,53116928,9895936,20074496,3010560,15278080,10063872,19910656,233439232,1019904,1277952,1273856,2592768,1466368,21983232,1060864,5726208,7544832,37769216,10141696,2338816,2494464,81547264,1708032,114573312,2707456,2789376,1003520,31543296,0,26341376,2789376,3571712,71028736,2781184,1470464,1658880,3518464,3698688,5951488,1519616,4952064,2314240,3719168,44601344,1650688,1548288,1363968,807862272,1183744,1138688,5824512,3125248,1290240,2134016,2822144,3522560,11722752,1572864,2785280,1363968,1343488,1019904,85393408,1200128,2232320,3088384,1318912
144,856008,1044480,9023488,2789376,10059776,1372160,4497408,298754048,3051520,53116928,9895936,20074496,3010560,15278080,10063872,19910656,233439232,1019904,1277952,1273856,2592768,1466368,21983232,1060864,5726208,7544832,37769216,10141696,2338816,2494464,81547264,1708032,114573312,2707456,2789376,1003520,31543296,0,26341376,2789376,3571712,71028736,2781184,1470464,1658880,3518464,3698688,5951488,1519616,4952064,2314240,3719168,44601344,1650688,1548288,1363968,807862272,1183744,1138688,5824512,3125248,1290240,2134016,2822144,3522560,11722752,1572864,2785280,1363968,1343488,1019904,85393408,1200128,2232320,3088384,1318912
145,856008,1044480,9023488,2789376,10059776,1372160,4497408,298754048,3051520,53116928,9895936,20074496,3010560,15278080,10063872,19910656,233439232,1019904,1277952,1273856,2592768,1466368,21983232,1060864,5726208,7544832,37769216,10141696,2338816,2494464,81547264,1708032,114573312,2707456,2789376,1003520,31543296,0,26341376,2789376,3571712,71028736,2781184,1470464,1658880,3518464,3731456,5951488,1519616,4952064,2314240,3719168,44601344,1650688,1548288,1363968,807862272,1183744,1138688,5824512,3125248,1290240,2134016,2822144,3522560,11722752,1572864,2785280,1363968,1343488,1019904,85393408,1200128,2232320,3088384,1318912
146,856008,1044480,9023488,2789376,10059776,1372160,4497408,298754048,3051520,53116928,9895936,20074496,3010560,15278080,10063872,19910656,233439232,1019904,1277952,1273856,2592768,1466368,21983232,1060864,5726208,7544832,37769216,10141696,2338816,2494464,81547264,1708032,114573312,2707456,2789376,1003520,31543296,0,26341376,2789376,3571712,71028736,2781184,1470464,1658880,3518464,3731456,5951488,1519616,4952064,2314240,3719168,44601344,1650688,1548288,1363968,807862272,1183744,1138688,5824512,3125248,1290240,2134016,2822144,3522560,11722752,1572864,2785280,1363968,1343488,1019904,85393408,1200128,2232320,3088384,1318912
147,856008,1044480,9023488,2789376,10059776,1372160,4497408,298754048,3051520,53116928,9895936,20074496,3010560,15278080,10063872,19910656,233439232,1019904,1277952,1273856,2592768,1466368,21983232,1060864,5726208,7544832,37769216,10141696,2338816,2494464,81547264,1708032,114573312,2707456,2789376,1003520,31543296,0,26341376,2789376,3571712,71028736,2781184,1470464,1658880,3518464,3731456,5951488,1519616,4952064,2314240,3719168,44601344,1650688,1548288,1363968,807862272,1183744,1138688,5824512,3125248,1290240,2134016,2822144,3522560,11722752,1572864,2785280,1363968,1343488,1019904,85393408,1200128,2232320,3088384,1318912
148,856008,1044480,9023488,2789376,10059776,1372160,4497408,298754048,3051520,53116928,9895936,20074496,3010560,15278080,10063872,19910656,233439232,1019904,1277952,1273856,2592768,1466368,21983232,1060864,5726208,7544832,37769216,10141696,2338816,2494464,81547264,1708032,114573312,2707456,2789376,1003520,31543296,0,26341376,2789376,3571712,71028736,2781184,1470464,1658880,3518464,3731456,5951488,1519616,4952064,2314240,3719168,44601344,1650688,1548288,1363968,807862272,1183744,1138688,5824512,3125248,1290240,2134016,2822144,3522560,11722752,1572864,2785280,1363968,1343488,1019904,85393408,1200128,2232320,3088384,1318912
149,856008,1044480,9023488,2789376,10059776,1372160,4497408,298754048,3051520,53116928,9895936,20074496,3010560,15278080,10063872,19910656,233439232,1019904,1277952,1273856,2592768,1466368,21983232,1060864,5726208,7544832,37769216,10141696,2338816,2494464,81547264,1708032,114573312,2707456,2789376,1003520,31543296,0,26341376,2789376,3571712,71028736,2781184,1470464,1658880,3518464,3731456,5951488,1519616,4952064,2314240,3719168,44601344,1650688,1548288,1363968,807862272,1183744,1138688,5824512,3125248,1290240,2134016,2822144,3522560,11722752,1572864,2785280,1363968,1343488,1019904,85393408,1200128,2232320,3088384,1318912
150,856008,1044480,9023488,2789376,10059776,1372160,4497408,298754048,3051520,53116928,9895936,20074496,3010560,15278080,10063872,19910656,233439232,1019904,1277952,1273856,2592768,1466368,21983232,1060864,5726208,7544832,37769216,10141696,2338816,2494464,81547264,1708032,114573312,2707456,2789376,1003520,31543296,0,26341376,2789376,3571712,71028736,2781184,1470464,1658880,3518464,3731456,5951488,1519616,4952064,2314240,3719168,44601344,1650688,1548288,1363968,807862272,1183744,1138688,5824512,3125248,1290240,2134016,2822144,3522560,11722752,1572864,2785280,1363968,1343488,1019904,85393408,1200128,2232320,3088384,1318912
151,856008,1044480,9023488,2789376,10059776,1372160,4497408,298754048,3051520,53116928,9895936,20074496,3010560,15278080,10063872,19910656,233439232,1019904,1277952,1273856,2592768,1466368,21983232,1060864,5726208,7544832,37769216,10141696,2338816,2494464,81547264,1708032,114573312,2707456,2789376,1003520,31543296,0,26341376,2789376,3571712,71028736,2781184,1470464,1658880,3518464,3731456,5951488,1519616,4952064,2314240,3719168,44601344,1650688,1548288,1363968,807862272,1183744,1138688,5824512,3125248,1290240,2134016,2822144,3522560,11722752,1572864,2785280,1363968,1343488,1019904,85393408,1200128,2232320,3088384,1318912
152,856008,1044480,9023488,2789376,10059776,1372160,4497408,298754048,3051520,53116928,9895936,20074496,3010560,15278080,10063872,19910656,233439232,1019904,1277952,1273856,2592768,1466368,21983232,1060864,5726208,7544832,37769216,10141696,2338816,2494464,81547264,1708032,114573312,2707456,2789376,1003520,31543296,0,26341376,2789376,3571712,71028736,2781184,1470464,1658880,3518464,3764224,5951488,1519616,4952064,2314240,3719168,44601344,1650688,1548288,1363968,807862272,1183744,1138688,5824512,3125248,1290240,2134016,2822144,3522560,11722752,1572864,2785280,1363968,1343488,1019904,85393408,1200128,2232320,3088384,1318912
153,856008,1044480,9023488,2789376,10059776,1372160,4497408,298754048,3051520,53116928,9895936,20074496,3010560,15278080,10063872,19910656,233439232,1019904,1277952,1273856,2592768,1466368,21983232,1060864,5726208,7544832,37769216,10141696,2338816,2494464,81547264,1708032,114573312,2707456,2789376,1003520,31543296,0,26341376,2789376,3571712,71028736,2781184,1470464,1658880,3518464,3764224,5951488,1519616,4952064,2314240,3719168,44601344,1650688,1548288,1363968,807862272,1183744,1138688,5824512,3125248,1290240,2134016,2822144,3522560,11722752,1572864,2785280,1363968,1343488,1019904,85393408,1200128,2232320,3088384,1318912
154,856008,1044480,9023488,2789376,10059776,1372160,4497408,298754048,3051520,53116928,9895936,20074496,3010560,15278080,10063872,19910656,233439232,1019904,1277952,1273856,2592768,1466368,21983232,1060864,5726208,7544832,37769216,10141696,2338816,2494464,81547264,1708032,114573312,2707456,2789376,1003520,31543296,0,26341376,2789376,3571712,71028736,2781184,1470464,1658880,3518464,3764224,5951488,1519616,4952064,2314240,3719168,44601344,1650688,1548288,1363968,807862272,1183744,1138688,5824512,3125248,1290240,2134016,2822144,3522560,11722752,1572864,2785280,1363968,1343488,1019904,85393408,1200128,2232320,3088384,1318912
155,856008,1044480,9023488,2789376,10059776,1372160,4497408,298754048,3051520,53116928,9895936,20074496,3010560,15278080,10063872,19910656,233439232,1019904,1277952,1273856,2592768,1466368,21983232,1060864,5726208,7544832,37769216,10141696,2338816,2494464,81547264,1708032,114573312,2707456,2789376,1003520,31543296,0,26341376,2789376,3571712,71028736,2781184,1470464,1658880,3518464,3764224,5951488,1519616,4952064,2314240,3719168,44601344,1650688,1548288,1363968,807862272,1183744,1138688,5824512,3125248,1290240,2134016,2822144,3522560,11722752,1572864,2785280,1363968,1343488,1019904,85393408,1200128,2232320,3088384,1318912
156,856008,1044480,9023488,2789376,10059776,1372160,4497408,298754048,3051520,53116928,9895936,20074496,3010560,15278080,10063872,19910656,233439232,1019904,1277952,1273856,2592768,1466368,21983232,1060864,5726208,7544832,37769216,10141696,2338816,2494464,81547264,1708032,114573312,2707456,2789376,1003520,31543296,0,26341376,2789376,3571712,71028736,2781184,1470464,1658880,3518464,3764224,5951488,1519616,4952064,2314240,3719168,44601344,1650688,1548288,1363968,807862272,1183744,1138688,5824512,3125248,1290240,2134016,2822144,3522560,11722752,1572864,2785280,1363968,1343488,1019904,85393408,1200128,2232320,3088384,1318912
157,856008,1044480,9023488,2789376,10059776,1372160,4497408,298754048,3051520,53116928,9895936,20074496,3010560,15278080,10063872,19910656,233439232,1019904,1277952,1273856,2592768,1466368,21983232,1060864,5726208,7544832,37769216,10141696,2338816,2494464,81547264,1708032,114573312,2707456,2789376,1003520,31543296,0,26341376,2789376,3571712,71028736,2781184,1470464,1658880,3518464,3764224,5951488,1519616,4952064,2314240,3719168,44601344,1650688,1548288,1363968,807862272,1183744,1138688,5824512,3125248,1290240,2134016,2822144,3522560,11722752,1572864,2785280,1363968,1343488,1019904,85393408,1200128,2232320,3088384,1318912
158,856008,1044480,9023488,2789376,10059776,1372160,4497408,298754048,3051520,53116928,9895936,20074496,3010560,15278080,10063872,19910656,233439232,1019904,1277952,1273856,2592768,1466368,21983232,1060864,5726208,7544832,37769216,10141696,2338816,2494464,81547264,1708032,114573312,2707456,2789376,1003520,31543296,0,26341376,2789376,3571712,71028736,2781184,1470464,1658880,3518464,3764224,5951488,1519616,4952064,2314240,3719168,44601344,1650688,1548288,1363968,807862272,1183744,1138688,5824512,3125248,1290240,2134016,2822144,3522560,11722752,1572864,2785280,1363968,1343488,1019904,85393408,1200128,2232320,3088384,1318912
159,856008,1044480,9023488,2789376,10059776,1372160,4497408,298754048,3051520,53116928,9895936,20074496,3010560,15278080,10063872,19910656,233439232,1019904,1277952,1273856,2592768,1466368,21983232,1060864,5726208,7544832,37769216,10141696,2338816,2494464,81547264,1708032,114573312,2707456,2789376,1003520,31543296,0,26341376,2789376,3571712,71028736,2781184,1470464,1658880,3518464,3796992,5951488,1519616,4952064,2314240,3719168,44601344,1650688,1548288,1363968,807862272,1183744,1138688,5824512,3125248,1290240,2134016,2822144,3522560,11722752,1572864,2785280,1363968,1343488,1019904,85393408,1200128,2232320,3088384,1318912
160,856008,1044480,9023488,2789376,10059776,1372160,4497408,298754048,3051520,53116928,9895936,20074496,3010560,15278080,10063872,19910656,233439232,1019904,1277952,1273856,2592768,1466368,21983232,1060864,5726208,7544832,37769216,10141696,2338816,2494464,81547264,1708032,114573312,2707456,2789376,1003520,31543296,0,26341376,2789376,3571712,71028736,2781184,1470464,1658880,3518464,3796992,5951488,1519616,4952064,2314240,3719168,44601344,1650688,1548288,1363968,807862272,1183744,1138688,5824512,3125248,1290240,2134016,2822144,3522560,11722752,1572864,2785280,1363968,1343488,1019904,85393408,1200128,2232320,3088384,1318912
161,856008,1044480,9023488,2789376,10059776,1372160,4497408,298754048,3051520,53116928,9895936,20074496,3010560,15278080,10063872,19910656,233439232,1019904,1277952,1273856,2592768,1466368,21983232,1060864,5726208,7544832,37769216,10141696,2338816,2494464,81547264,1708032,114573312,2707456,2789376,1003520,31543296,0,26341376,2789376,3571712,71028736,2781184,1470464,1658880,3518464,3796992,5951488,1519616,4952064,2314240,3719168,44601344,1650688,1548288,1363968,807862272,1183744,1138688,5824512,3125248,1290240,2134016,2822144,3522560,11722752,1572864,2785280,1363968,1343488,1019904,85393408,1200128,2232320,3088384,1318912
162,856008,1044480,9023488,2789376,10059776,1372160,4497408,298754048,3051520,53116928,9895936,20074496,3010560,15278080,10063872,19910656,233439232,1019904,1277952,1273856,2592768,1466368,21983232,1060864,5726208,7544832,37769216,10141696,2338816,2494464,81547264,1708032,114573312,2707456,2789376,1003520,31543296,0,26341376,2789376,3571712,71028736,2781184,1470464,1658880,3518464,3796992,5951488,1519616,4952064,2314240,3719168,44601344,1650688,1548288,1363968,807862272,1183744,1138688,5824512,3125248,1290240,2134016,2822144,3522560,11722752,1572864,2785280,1363968,1343488,1019904,85393408,1200128,2232320,3088384,1318912
163,856008,1044480,9023488,2789376,10059776,1372160,4497408,298754048,3051520,53116928,9895936,20074496,3010560,15278080,10063872,19910656,233439232,1019904,1277952,1273856,2592768,1466368,21983232,1060864,5726208,7544832,37769216,10141696,2338816,2494464,81547264,1708032,114573312,2707456,2789376,1003520,31543296,0,26341376,2789376,3571712,71028736,2781184,1470464,1658880,3518464,3796992,5951488,1519616,4952064,2314240,3719168,44601344,1650688,1548288,1363968,807862272,1183744,1138688,5824512,3125248,1290240,2134016,2822144,3522560,11722752,1572864,2785280,1363968,1343488,1019904,85393408,1200128,2232320,3088384,1318912
164,856008,1044480,9023488,2789376,10059776,1372160,4497408,298754048,3051520,53116928,9895936,20074496,3010560,15278080,10063872,19910656,233439232,1019904,1277952,1273856,2592768,1466368,21983232,1060864,5726208,7544832,37769216,10141696,2338816,2494464,81547264,1708032,114573312,2707456,2789376,1003520,31543296,0,26341376,2789376,3571712,71028736,2781184,1470464,1658880,3518464,3796992,5951488,1519616,4952064,2314240,3719168,44601344,1650688,1548288,1363968,807862272,1183744,1138688,5824512,3125248,1290240,2134016,2822144,3522560,11722752,1572864,2785280,1363968,1343488,1019904,85393408,1200128,2232320,3088384,1318912
165,856008,1044480,9023488,2789376,10059776,1372160,4497408,298754048,3051520,53116928,9895936,20074496,3010560,15278080,10063872,19910656,233439232,1019904,1277952,1273856,2592768,1466368,21983232,1060864,5726208,7544832,37769216,10141696,2338816,2494464,81547264,1708032,114573312,2707456,2789376,1003520,31543296,0,26341376,2789376,3571712,71028736,2781184,1470464,1658880,3518464,3796992,5951488,1519616,4952064,2314240,3719168,44601344,1650688,1548288,1363968,807862272,1183744,1138688,5824512,3125248,1290240,2134016,2822144,3522560,11722752,1572864,2785280,1363968,1343488,1019904,85393408,1200128,2232320,3088384,1318912
166,856008,1044480,9023488,2789376,10059776,1372160,4497408,298754048,3051520,53116928,9895936,20074496,3010560,15278080,10063872,19910656,233439232,1019904,1277952,1273856,2592768,1466368,21983232,1060864,5726208,7544832,37769216,10141696,2338816,2494464,81547264,1708032,114573312,2707456,2789376,1003520,31543296,0,26341376,2789376,3571712,71028736,2781184,1470464,1658880,3518464,3829760,5951488,1519616,4952064,2314240,3719168,44601344,1650688,1548288,1363968,807862272,1183744,1138688,5824512,3125248,1290240,2134016,2822144,3522560,11722752,1572864,2785280,1363968,1343488,1019904,85393408,1200128,2232320,3088384,1318912
167,856008,1044480,9023488,2789376,10059776,1372160,4497408,298754048,3051520,53116928,9895936,20074496,3010560,15278080,10063872,19910656,233439232,1019904,1277952,1273856,2592768,1466368,21983232,1060864,5726208,7544832,37769216,10141696,2338816,2494464,81547264,1708032,114573312,2707456,2789376,1003520,31543296,0,26341376,2789376,3571712,71028736,2781184,1470464,1658880,3518464,3829760,5951488,1519616,4952064,2314240,3719168,44601344,1650688,1548288,1363968,807862272,1183744,1138688,5824512,3125248,1290240,2134016,2822144,3522560,11722752,1572864,2785280,1363968,1343488,1019904,85393408,1200128,2232320,3088384,1318912
168,856008,1044480,9023488,2789376,10059776,1372160,4497408,298754048,3051520,53116928,9895936,20074496,3010560,15278080,10063872,19910656,233439232,1019904,1277952,1273856,2592768,1466368,21983232,1060864,5726208,7544832,37769216,10141696,2338816,2494464,81547264,1708032,114573312,2707456,2789376,1003520,31543296,0,26341376,2789376,3571712,71028736,2781184,1470464,1658880,3518464,3829760,5951488,1519616,4952064,2314240,3719168,44601344,1650688,1548288,1363968,807862272,1183744,1138688,5824512,3125248,1290240,2134016,2822144,3522560,11722752,1572864,2785280,1363968,1343488,1019904,85393408,1200128,2232320,3088384,1318912
169,856008,1044480,9023488,2789376,10059776,1372160,4497408,298754048,3051520,53116928,9895936,20074496,3010560,15278080,10063872,19910656,233439232,1019904,1277952,1273856,2592768,1466368,21983232,1060864,5726208,7544832,37769216,10141696,2338816,2494464,81547264,1708032,114573312,2707456,2789376,1003520,31543296,0,26341376,2789376,3571712,71028736,2781184,1470464,1658880,3518464,3829760,5951488,1519616,4952064,2314240,3719168,44601344,1650688,1548288,1363968,807862272,1183744,1138688,5824512,3125248,1290240,2134016,2822144,3522560,11722752,1572864,2785280,1363968,1343488,1019904,85393408,1200128,2232320,3088384,1318912
170,856008,1044480,9023488,2789376,10059776,1372160,4497408,298754048,3051520,53116928,9895936,20074496,3010560,15278080,10063872,19910656,233439232,1019904,1277952,1273856,2592768,1466368,21983232,1060864,5726208,7544832,37769216,10141696,2338816,2494464,81547264,1708032,114573312,2707456,2789376,1003520,31543296,0,26341376,2789376,3571712,71028736,2781184,1470464,1658880,3518464,3829760,5951488,1519616,4952064,2314240,3719168,44601344,1650688,1548288,1363968,807862272,1183744,1138688,5824512,3125248,1290240,2134016,2822144,3522560,11722752,1572864,2785280,1363968,1343488,1019904,85393408,1200128,2232320,3088384,1318912
171,856008,1044480,9023488,2789376,10059776,1372160,4497408,298754048,3051520,53116928,9895936,20074496,3010560,15278080,10063872,19910656,233439232,1019904,1277952,1273856,2592768,1466368,21983232,1060864,5726208,7544832,37769216,10141696,2338816,2494464,81547264,1708032,114573312,2707456,2789376,1003520,31543296,0,26341376,2789376,3571712,71028736,2781184,1470464,1658880,3518464,3829760,5951488,1519616,4952064,2314240,3719168,44601344,1650688,1548288,1363968,807862272,1183744,1138688,5824512,3125248,1290240,2134016,2822144,3522560,11722752,1572864,2785280,1363968,1343488,1019904,85393408,1200128,2232320,3088384,1318912
172,856008,1044480,9023488,2789376,10059776,1372160,4497408,298754048,3051520,53116928,9895936,20074496,3010560,15278080,10063872,19910656,233439232,1019904,1277952,1273856,2592768,1466368,21983232,1060864,5726208,7544832,37769216,10141696,2338816,2494464,81547264,1708032,114573312,2707456,2789376,1003520,31543296,0,26341376,2789376,3571712,71028736,2781184,1470464,1658880,3518464,3829760,5951488,1519616,4952064,2314240,3719168,44601344,1650688,1548288,1363968,807862272,1183744,1138688,5824512,3125248,1290240,2134016,2822144,3522560,11722752,1572864,2785280,1363968,1343488,1019904,85393408,1200128,2232320,3088384,1318912
173,856008,1044480,9023488,2789376,10059776,1372160,4497408,298754048,3051520,53116928,9895936,20074496,3010560,15278080,10063872,19910656,233439232,1019904,1277952,1273856,2592768,1466368,21983232,1060864,5726208,7544832,37769216,10141696,2338816,2494464,81547264,1708032,114573312,2707456,2789376,1003520,31543296,0,26341376,2789376,3571712,71028736,2781184,1470464,1658880,3518464,3862528,5951488,1519616,4952064,2314240,3719168,44601344,1650688,1548288,1363968,807862272,1183744,1138688,5824512,3125248,1290240,2134016,2822144,3522560,11722752,1572864,2785280,1363968,1343488,1019904,85393408,1200128,2232320,3088384,1318912
174,856008,1044480,9023488,2789376,10059776,1372160,4497408,298754048,3051520,53116928,9895936,20074496,3010560,15278080,10063872,19910656,233439232,1019904,1277952,1273856,2592768,1466368,21983232,1060864,5726208,7544832,37769216,10141696,2338816,2494464,81547264,1708032,114573312,2707456,2789376,1003520,31543296,0,26341376,2789376,3571712,71028736,2781184,1470464,1658880,3518464,3862528,5951488,1519616,4952064,2314240,3719168,44601344,1650688,1548288,1363968,807862272,1183744,1138688,5824512,3125248,1290240,2134016,2822144,3522560,11722752,1572864,2785280,1363968,1343488,1019904,85393408,1200128,2232320,3088384,1318912
175,856008,1044480,9023488,2789376,10059776,1372160,4497408,298754048,3051520,53116928,9895936,20074496,3010560,15278080,10063872,19910656,233439232,1019904,1277952,1273856,2592768,1466368,21983232,1060864,5726208,7544832,37769216,10141696,2338816,2494464,81547264,1708032,114573312,2707456,2789376,1003520,31543296,0,26341376,2789376,3571712,71028736,2781184,1470464,1658880,3518464,3862528,5951488,1519616,4952064,2314240,3719168,44601344,1650688,1548288,1363968,807862272,1183744,1138688,5824512,3125248,1290240,2134016,2822144,3522560,11722752,1572864,2785280,1363968,1343488,1019904,85393408,1200128,2232320,3088384,1318912
176,856008,1044480,9023488,2789376,10059776,1372160,4497408,298754048,3051520,53116928,9895936,20074496,3010560,15278080,10063872,19910656,233439232,1019904,1277952,1273856,2592768,1466368,21983232,1060864,5726208,7544832,37769216,10141696,2338816,2494464,81547264,1708032,114573312,2707456,2789376,1003520,31543296,0,26341376,2789376,3571712,71028736,2781184,1470464,1658880,3518464,3862528,5951488,1519616,4952064,2314240,3719168,44601344,1650688,1548288,1363968,807862272,1183744,1138688,5824512,3125248,1290240,2134016,2822144,3522560,11722752,1572864,2785280,1363968,1343488,1019904,85393408,1200128,2232320,3088384,1318912
177,856008,1044480,9023488,2789376,10059776,1372160,4497408,298754048,3051520,53116928,9895936,20074496,3010560,15278080,10063872,19910656,233439232,1019904,1277952,1273856,2592768,1466368,21983232,1060864,5726208,7544832,37769216,10141696,2338816,2494464,81547264,1708032,114573312,2707456,2789376,1003520,31543296,0,26341376,2789376,3571712,71028736,2781184,1470464,1658880,3518464,3862528,5951488,1519616,4952064,2314240,3719168,44601344,1650688,1548288,1363968,807862272,1183744,1138688,5824512,3125248,1290240,2134016,2822144,3522560,11722752,1572864,2785280,1363968,1343488,1019904,85393408,1200128,2232320,3088384,1318912
178,856008,1044480,9023488,2789376,10059776,1372160,4497408,298754048,3051520,53116928,9895936,20074496,3010560,15278080,10063872,19910656,233439232,1019904,1277952,1273856,2592768,1466368,21983232,1060864,5726208,7544832,37769216,10141696,2338816,2494464,81547264,1708032,114573312,2707456,2789376,1003520,31543296,0,26341376,2789376,3571712,71028736,2781184,1470464,1658880,3518464,3862528,5951488,1519616,4952064,2314240,3719168,44601344,1650688,1548288,1363968,807862272,1183744,1138688,5824512,3125248,1290240,2134016,2822144,3522560,11722752,1572864,2785280,1363968,1343488,1019904,85393408,1200128,2232320,3088384,1318912
179,856008,1044480,9023488,2789376,10059776,1372160,4497408,298754048,3051520,53116928,9895936,20074496,3010560,15278080,10063872,19910656,233439232,1019904,1277952,1273856,2592768,1466368,21983232,1060864,5726208,7544832,37769216,10141696,2338816,2494464,81547264,1708032,114573312,2707456,2789376,1003520,31543296,0,26341376,2789376,3571712,71028736,2781184,1470464,1658880,3518464,3862528,5951488,1519616,4952064,2314240,3719168,44601344,1650688,1548288,1363968,807862272,1183744,1138688,5824512,3125248,1290240,2134016,2822144,3522560,11722752,1572864,2785280,1363968,1343488,1019904,85393408,1200128,2232320,3088384,1318912
180,856008,1044480,9023488,2789376,10059776,1372160,4497408,298754048,3051520,53116928,9895936,20074496,3010560,15278080,10063872,19910656,233439232,1019904,1277952,1273856,2592768,1466368,21983232,1060864,5726208,7544832,37769216,10141696,2338816,2494464,81547264,1708032,114573312,2707456,2789376,1003520,31543296,0,26341376,2789376,3571712,71028736,2781184,1470464,1658880,3518464,3895296,5951488,1519616,4952064,2314240,3719168,44601344,1650688,1548288,1363968,807862272,1183744,1138688,5824512,3125248,1290240,2134016,2822144,3522560,11722752,1572864,2785280,1363968,1343488,1019904,85393408,1200128,2232320,3088384,1318912
181,856008,1044480,9023488,2789376,10059776,1372160,4497408,298754048,3051520,53116928,9895936,20074496,3010560,15278080,10063872,19910656,233439232,1019904,1277952,1273856,2592768,1466368,21983232,1060864,5726208,7544832,37769216,10141696,2338816,2494464,81547264,1708032,114573312,2707456,2789376,1003520,31543296,0,26341376,2789376,3571712,71028736,2781184,1470464,1658880,3518464,3895296,5951488,1519616,4952064,2314240,3719168,44601344,1650688,1548288,1363968,807862272,1183744,1138688,5824512,3125248,1290240,2134016,2822144,3522560,11722752,1572864,2785280,1363968,1343488,1019904,85393408,1200128,2232320,3088384,1318912
182,856008,1044480,9023488,2789376,10059776,1372160,4497408,298754048,3051520,53116928,9895936,20074496,3010560,15278080,10063872,19910656,233439232,1019904,1277952,1273856,2592768,1466368,21983232,1060864,5726208,7544832,37769216,10141696,2338816,2494464,81547264,1708032,114573312,2707456,2789376,1003520,31543296,0,26341376,2789376,3571712,71028736,2781184,1470464,1658880,3518464,3895296,5951488,1519616,4952064,2314240,3719168,44601344,1650688,1548288,1363968,807862272,1183744,1138688,5824512,3125248,1290240,2134016,2822144,3522560,11722752,1572864,2785280,1363968,1343488,1019904,85393408,1200128,2232320,3088384,1318912
183,856008,1044480,9023488,2789376,10059776,1372160,4497408,298754048,3051520,53116928,9895936,20074496,3010560,15278080,10063872,19910656,233439232,1019904,1277952,1273856,2592768,1466368,21983232,1060864,5726208,7544832,37769216,10141696,2338816,2494464,81547264,1708032,114573312,2707456,2789376,1003520,31543296,0,26341376,2789376,3571712,71028736,2781184,1470464,1658880,3518464,3895296,5951488,1519616,4952064,2314240,3719168,44601344,1650688,1548288,1363968,807862272,1183744,1138688,5824512,3125248,1290240,2134016,2822144,3522560,11722752,1572864,2785280,1363968,1343488,1019904,85393408,1200128,2232320,3088384,1318912
184,856008,1044480,9023488,2789376,10059776,1372160,4497408,298754048,3051520,53116928,9895936,20074496,3010560,15278080,10063872,19910656,233439232,1019904,1277952,1273856,2592768,1466368,21983232,1060864,5726208,7544832,37769216,10141696,2338816,2494464,81547264,1708032,114573312,2707456,2789376,1003520,31543296,0,26341376,2789376,3571712,71028736,2781184,1470464,1658880,3518464,3895296,5951488,1519616,4952064,2314240,3719168,44601344,1650688,1548288,1363968,807862272,1183744,1138688,5824512,3125248,1290240,2134016,2822144,3522560,11722752,1572864,2785280,1363968,1343488,1019904,85393408,1200128,2232320,3088384,1318912
185,856008,1044480,9023488,2789376,10059776,1372160,4497408,298754048,3051520,53116928,9895936,20074496,3010560,15278080,10063872,19910656,233439232,1019904,1277952,1273856,2592768,1466368,21983232,1060864,5726208,7544832,37769216,10141696,2338816,2494464,81547264,1708032,114573312,2707456,2789376,1003520,31543296,0,26341376,2789376,3571712,71028736,2781184,1470464,1658880,3518464,3895296,5951488,1519616,4952064,2314240,3719168,44601344,1650688,1548288,1363968,807862272,1183744,1138688,5824512,3125248,1290240,2134016,2822144,3522560,11722752,1572864,2785280,1363968,1343488,1019904,85393408,1200128,2232320,3088384,1318912
186,856008,1044480,9023488,2789376,10059776,1372160,4497408,298754048,3051520,53116928,9895936,20074496,3010560,15278080,10063872,19910656,233439232,1019904,1277952,1273856,2592768,1466368,21983232,1060864,5726208,7544832,37769216,10141696,2338816,2494464,81547264,1708032,114573312,2707456,2789376,1003520,31543296,0,26341376,2789376,3571712,71028736,2781184,1470464,1658880,3518464,3895296,5951488,1519616,4952064,2314240,3719168,44601344,1650688,1548288,1363968,807862272,1183744,1138688,5824512,3125248,1290240,2134016,2822144,3522560,11722752,1572864,2785280,1363968,1343488,1019904,85393408,1200128,2232320,3088384,1318912
187,856008,1044480,9023488,2789376,10059776,1372160,4497408,298754048,3051520,53116928,9895936,20074496,3010560,15278080,10063872,19910656,233439232,1019904,1277952,1273856,2592768,1466368,21983232,1060864,5726208,7544832,37769216,10141696,2338816,2494464,81547264,1708032,114573312,2707456,2789376,1003520,31543296,0,26341376,2789376,3571712,71028736,2781184,1470464,1658880,3518464,3928064,5951488,1519616,4952064,2314240,3719168,44601344,1650688,1548288,1363968,807862272,1183744,1138688,5824512,3125248,1290240,2134016,2822144,3522560,11722752,1572864,2785280,1363968,1343488,1019904,85393408,1200128,2232320,3088384,1318912
188,856008,1044480,9023488,2789376,10059776,1372160,4497408,298754048,3051520,53116928,9895936,20074496,3010560,15278080,10063872,19910656,233439232,1019904,1277952,1273856,2592768,1466368,21983232,1060864,5726208,7544832,37769216,10141696,2338816,2494464,81547264,1708032,114573312,2707456,2789376,1003520,31543296,0,26341376,2789376,3571712,71028736,2781184,1470464,1658880,3518464,3928064,5951488,1519616,4952064,2314240,3719168,44601344,1650688,1548288,1363968,807862272,1183744,1138688,5824512,3125248,1290240,2134016,2822144,3522560,11722752,1572864,2785280,1363968,1343488,1019904,85393408,1200128,2232320,3088384,1318912
189,856008,1044480,9023488,2789376,10059776,1372160,4497408,298754048,3051520,53116928,9895936,20074496,3010560,15278080,10063872,19910656,233439232,1019904,1277952,1273856,2592768,1466368,21983232,1060864,5726208,7544832,37769216,10141696,2338816,2494464,81547264,1708032,114573312,2707456,2789376,1003520,31543296,0,26341376,2789376,3571712,71028736,2781184,1470464,1658880,3518464,3928064,5951488,1519616,4952064,2314240,3719168,44601344,1650688,1548288,1363968,807862272,1183744,1138688,5824512,3125248,1290240,2134016,2822144,3522560,11722752,1572864,2785280,1363968,1343488,1019904,85393408,1200128,2232320,3088384,1318912
190,856008,1044480,9023488,2789376,10059776,1372160,4497408,298754048,3051520,53116928,9895936,20074496,3010560,15278080,10063872,19910656,233439232,1019904,1277952,1273856,2592768,1466368,21983232,1060864,5726208,7544832,37769216,10141696,2338816,2494464,81547264,1708032,114573312,2707456,2789376,1003520,31543296,0,26341376,2789376,3571712,71028736,2781184,1470464,1658880,3518464,3928064,5951488,1519616,4952064,2314240,3719168,44601344,1650688,1548288,1363968,807862272,1183744,1138688,5824512,3125248,1290240,2134016,2822144,3522560,11722752,1572864,2785280,1363968,1343488,1019904,85393408,1200128,2232320,3088384,1318912
191,856008,1044480,9023488,2789376,10059776,1372160,4497408,298754048,3051520,53116928,9895936,20074496,3010560,15278080,10063872,19910656,233439232,1019904,1277952,1273856,2592768,1466368,21983232,1060864,5726208,7544832,37769216,10141696,2338816,2494464,81547264,1708032,114573312,2707456,2789376,1003520,31543296,0,26341376,2789376,3571712,71028736,2781184,1470464,1658880,3518464,3928064,5951488,1519616,4952064,2314240,3719168,44601344,1650688,1548288,1363968,807862272,1183744,1138688,5824512,3125248,1290240,2134016,2822144,3522560,11722752,1572864,2785280,1363968,1343488,1019904,85393408,1200128,2232320,3088384,1318912
192,856008,1044480,9023488,2789376,10059776,1372160,4497408,298754048,3051520,53116928,9895936,20074496,3010560,15278080,10063872,19910656,233439232,1019904,1277952,1273856,2592768,1466368,21983232,1060864,5726208,7544832,37769216,10141696,2338816,2494464,81547264,1708032,114573312,2707456,2789376,1003520,31543296,0,26341376,2789376,3571712,71028736,2781184,1470464,1658880,3518464,3928064,5951488,1519616,4952064,2314240,3719168,44601344,1650688,1548288,1363968,807862272,1183744,1138688,5824512,3125248,1290240,2134016,2822144,3522560,11722752,1572864,2785280,1363968,1343488,1019904,85393408,1200128,2232320,3088384,1318912
193,856008,1044480,9023488,2789376,10059776,1372160,4497408,298754048,3051520,53116928,9895936,20074496,3010560,15278080,10063872,19910656,233439232,1019904,1277952,1273856,2592768,1466368,21983232,1060864,5726208,7544832,37769216,10141696,2338816,2494464,81547264,1708032,114573312,2707456,2789376,1003520,31543296,0,26341376,2789376,3571712,71028736,2781184,1470464,1658880,3518464,3928064,5951488,1519616,4952064,2314240,3719168,44601344,1650688,1548288,1363968,807862272,1183744,1138688,5824512,3125248,1290240,2134016,2822144,3522560,11722752,1572864,2785280,1363968,1343488,1019904,85393408,1200128,2232320,3088384,1318912
194,856008,1044480,9023488,2789376,10059776,1372160,4497408,298754048,3051520,53116928,9895936,20074496,3010560,15278080,10063872,19910656,233439232,1019904,1277952,1273856,2592768,1466368,21983232,1060864,5726208,7544832,37769216,10141696,2338816,2494464,81547264,1708032,114573312,2707456,2789376,1003520,31543296,0,26341376,2789376,3571712,71028736,2781184,1470464,1658880,3518464,3960832,5951488,1519616,4952064,2314240,3719168,44601344,1650688,1548288,1363968,807862272,1183744,1138688,5824512,3125248,1290240,2134016,2822144,3522560,11722752,1572864,2785280,1363968,1343488,1019904,85393408,1200128,2232320,3088384,1318912
195,856008,1044480,9023488,2789376,10059776,1372160,4497408,298754048,3051520,53116928,9895936,20074496,3010560,15278080,10063872,19910656,233439232,1019904,1277952,1273856,2592768,1466368,21983232,1060864,5726208,7544832,37769216,10141696,2338816,2494464,81547264,1708032,114573312,2707456,2789376,1003520,31543296,0,26341376,2789376,3571712,71028736,2781184,1470464,1658880,3518464,3960832,5951488,1519616,4952064,2314240,3719168,44601344,1650688,1548288,1363968,807862272,1183744,1138688,5824512,3125248,1290240,2134016,2822144,3522560,11722752,1572864,2785280,1363968,1343488,1019904,85393408,1200128,2232320,3088384,1318912
196,856008,1044480,9023488,2789376,10059776,1372160,4497408,298754048,3051520,53116928,9895936,20074496,3010560,15278080,10063872,19910656,233439232,1019904,1277952,1273856,2592768,1466368,21983232,1060864,5726208,7544832,37769216,10141696,2338816,2494464,81547264,1708032,114573312,2707456,2789376,1003520,31543296,0,26341376,2789376,3571712,71028736,2781184,1470464,1658880,3518464,3960832,5951488,1519616,4952064,2314240,3719168,44601344,1650688,1548288,1363968,807862272,1183744,1138688,5824512,3125248,1290240,2134016,2822144,3522560,11722752,1572864,2785280,1363968,1343488,1019904,85393408,1200128,2232320,3088384,1318912
197,856008,1044480,9023488,2789376,10059776,1372160,4497408,298754048,3051520,53116928,9895936,20074496,3010560,15278080,10063872,19910656,233439232,1019904,1277952,1273856,2592768,1466368,21983232,1060864,5726208,7544832,37769216,10141696,2338816,2494464,81547264,1708032,114573312,2707456,2789376,1003520,31543296,0,26341376,2789376,3571712,71028736,2781184,1470464,1658880,3518464,3960832,5951488,1519616,4952064,2314240,3719168,44601344,1650688,1548288,1363968,807862272,1183744,1138688,5824512,3125248,1290240,2134016,2822144,3522560,11722752,1572864,2785280,1363968,1343488,1019904,85393408,1200128,2232320,3088384,1318912
198,856008,1044480,9023488,2789376,10059776,1372160,4497408,298754048,3051520,53116928,9895936,20074496,3010560,15278080,10063872,19910656,233439232,1019904,1277952,1273856,2592768,1466368,21983232,1060864,5726208,7544832,37769216,10141696,2338816,2494464,81547264,1708032,114573312,2707456,2789376,1003520,31543296,0,26341376,2789376,3571712,71028736,2781184,1470464,1658880,3518464,3960832,5951488,1519616,4952064,2314240,3719168,44601344,1650688,1548288,1363968,807862272,1183744,1138688,5824512,3125248,1290240,2134016,2822144,3522560,11722752,1572864,2785280,1363968,1343488,1019904,85393408,1200128,2232320,3088384,1318912
199,856008,1044480,9023488,2789376,10059776,1372160,4497408,298754048,3051520,53116928,9895936,20074496,3010560,15278080,10063872,19910656,233439232,1019904,1277952,1273856,2592768,1466368,21983232,1060864,5726208,7544832,37769216,10141696,2338816,2494464,81547264,1708032,114573312,2707456,2789376,1003520,31543296,0,26341376,2789376,3571712,71028736,2781184,1470464,1658880,3518464,3960832,5951488,1519616,4952064,2314240,3719168,44601344,1650688,1548288,1363968,807862272,1183744,1138688,5824512,3125248,1290240,2134016,2822144,3522560,11722752,1572864,2785280,1363968,1343488,1019904,85393408,1200128,2232320,3088384,1318912
200,856008,1044480,9023488,2789376,10059776,1372160,4497408,298754048,3051520,53116928,9895936,20074496,3010560,15278080,10063872,19910656,233439232,1019904,1277952,1273856,2592768,1466368,21983232,1060864,5726208,7544832,37769216,10141696,2338816,2494464,81547264,1708032,114573312,2707456,2789376,1003520,31543296,0,26341376,2789376,3571712,71028736,2781184,1470464,1658880,3518464,3960832,5951488,1519616,4952064,2314240,3719168,44601344,1650688,1548288,1363968,807862272,1183744,1138688,5824512,3125248,1290240,2134016,2822144,3522560,11722752,1572864,2785280,1363968,1343488,1019904,85393408,1200128,2232320,3088384,1318912
201,856008,1044480,9023488,2789376,10059776,1372160,4497408,298754048,3051520,53116928,9895936,20074496,3010560,15278080,10063872,19910656,233439232,1019904,1277952,1273856,2592768,1466368,21983232,1060864,5726208,7544832,37769216,10141696,2338816,2494464,81547264,1708032,114573312,2707456,2789376,1003520,31543296,0,26341376,2789376,3571712,71028736,2781184,1470464,1658880,3518464,3993600,5951488,1519616,4952064,2314240,3719168,44601344,1650688,1548288,1363968,807862272,1183744,1138688,5824512,3125248,1290240,2134016,2822144,3522560,11722752,1572864,2785280,1363968,1343488,1019904,85393408,1200128,2232320,3088384,1318912
202,856008,1044480,9023488,2789376,10059776,1372160,4497408,298754048,3051520,53116928,9895936,20074496,3010560,15278080,10063872,19910656,233439232,1019904,1277952,1273856,2592768,1466368,21983232,1060864,5726208,7544832,37769216,10141696,2338816,2494464,81547264,1708032,114573312,2707456,2789376,1003520,31543296,0,26341376,2789376,3571712,71028736,2781184,1470464,1658880,3518464,3993600,5951488,1519616,4952064,2314240,3719168,44601344,1650688,1548288,1363968,807862272,1183744,1138688,5824512,3125248,1290240,2134016,2822144,3522560,11722752,1572864,2785280,1363968,1343488,1019904,85393408,1200128,2232320,3088384,1318912
203,856008,1044480,9023488,2789376,10059776,1372160,4497408,298754048,3051520,53116928,9895936,20074496,3010560,15278080,10063872,19910656,233439232,1019904,1277952,1273856,2592768,1466368,21983232,1060864,5726208,7544832,37769216,10141696,2338816,2494464,81547264,1708032,114573312,2707456,2789376,1003520,31543296,0,26341376,2789376,3571712,71028736,2781184,1470464,1658880,3518464,3993600,5951488,1519616,4952064,2314240,3719168,44601344,1650688,1548288,1363968,807862272,1183744,1138688,5824512,3125248,1290240,2134016,2822144,3522560,11722752,1572864,2785280,1363968,1343488,1019904,85393408,1200128,2232320,3088384,1318912
204,856008,1044480,9023488,2789376,10059776,1372160,4497408,298754048,3051520,53116928,9895936,20074496,3010560,15278080,10063872,19910656,233439232,1019904,1277952,1273856,2592768,1466368,21983232,1060864,5726208,7544832,37769216,10141696,2338816,2494464,81547264,1708032,114573312,2707456,2789376,1003520,31543296,0,26341376,2789376,3571712,71028736,2781184,1470464,1658880,3518464,3993600,5951488,1519616,4952064,2314240,3719168,44601344,1650688,1548288,1363968,807862272,1183744,1138688,5824512,3125248,1290240,2134016,2822144,3522560,11722752,1572864,2785280,1363968,1343488,1019904,85393408,1200128,2232320,3088384,1318912
205,856008,1044480,9023488,2789376,10059776,1372160,4497408,298754048,3051520,53116928,9895936,20074496,3010560,15278080,10063872,19910656,233439232,1019904,1277952,1273856,2592768,1466368,21983232,1060864,5726208,7544832,37769216,10141696,2338816,2494464,81547264,1708032,114573312,2707456,2789376,1003520,31543296,0,26341376,2789376,3571712,71028736,2781184,1470464,1658880,3518464,3993600,5951488,1519616,4952064,2314240,3719168,44601344,1650688,1548288,1363968,807862272,1183744,1138688,5824512,3125248,1290240,2134016,2822144,3522560,11722752,1572864,2785280,1363968,1343488,1019904,85393408,1200128,2232320,3088384,1318912
206,856008,1044480,9023488,2789376,10059776,1372160,4497408,298754048,3051520,53116928,9895936,20074496,3010560,15278080,10063872,19910656,233439232,1019904,1277952,1273856,2592768,1466368,21983232,1060864,5726208,7544832,37769216,10141696,2338816,2494464,81547264,1708032,114573312,2707456,2789376,1003520,31543296,0,26341376,2789376,3571712,71028736,2781184,1470464,1658880,3518464,3993600,5951488,1519616,4952064,2314240,3719168,44601344,1650688,1548288,1363968,807862272,1183744,1138688,5824512,3125248,1290240,2134016,2822144,3522560,11722752,1572864,2785280,1363968,1343488,1019904,85393408,1200128,2232320,3088384,1318912
207,856008,1044480,9023488,2789376,10059776,1372160,4497408,298754048,3051520,53116928,9895936,20074496,3010560,15278080,10063872,19910656,233439232,1019904,1277952,1273856,2592768,1466368,21983232,1060864,5726208,7544832,37769216,10141696,2338816,2494464,81547264,1708032,114573312,2707456,2789376,1003520,31543296,0,26341376,2789376,3571712,71028736,2781184,1470464,1658880,3518464,3993600,5951488,1519616,4952064,2314240,3719168,44601344,1650688,1548288,1363968,807862272,1183744,1138688,5824512,3125248,1290240,2134016,2822144,3522560,11722752,1572864,2785280,1363968,1343488,1019904,85393408,1200128,2232320,3088384,1318912
208,856008,1044480,9023488,2789376,10059776,1372160,4497408,298754048,3051520,53116928,9895936,20074496,3010560,15278080,10063872,19910656,233439232,1019904,1277952,1273856,2592768,1466368,21983232,1060864,5726208,7544832,37769216,10141696,2338816,2494464,81547264,1708032,114573312,2707456,2789376,1003520,31543296,0,26341376,2789376,3571712,71028736,2781184,1470464,1658880,3518464,4026368,5951488,1519616,4952064,2314240,3719168,44601344,1650688,1548288,1363968,807862272,1183744,1138688,5824512,3125248,1290240,2134016,2822144,3522560,11722752,1572864,2785280,1363968,1343488,1019904,85393408,1200128,2232320,3088384,1318912
209,856008,1044480,9023488,2789376,10059776,1372160,4497408,298754048,3051520,53116928,9895936,20074496,3010560,15278080,10063872,19910656,233439232,1019904,1277952,1273856,2592768,1466368,21983232,1060864,5726208,7544832,37769216,10141696,2338816,2494464,81547264,1708032,114573312,2707456,2789376,1003520,31543296,0,26341376,2789376,3571712,71028736,2781184,1470464,1658880,3518464,4026368,5951488,1519616,4952064,2314240,3719168,44601344,1650688,1548288,1363968,807862272,1183744,1138688,5824512,3125248,1290240,2134016,2822144,3522560,11722752,1572864,2785280,1363968,1343488,1019904,85393408,1200128,2232320,3088384,1318912
210,856008,1044480,9023488,2789376,10059776,1372160,4497408,298754048,3051520,53116928,9895936,20074496,3010560,15278080,10063872,19910656,233439232,1019904,1277952,1273856,2592768,1466368,21983232,1060864,5726208,7544832,37769216,10141696,2338816,2494464,81547264,1708032,114573312,2707456,2789376,1003520,31543296,0,26341376,2789376,3571712,71028736,2781184,1470464,1658880,3518464,4026368,5951488,1519616,4952064,2314240,3719168,44601344,1650688,1548288,1363968,807862272,1183744,1138688,5824512,3125248,1290240,2134016,2822144,3522560,11722752,1572864,2785280,1363968,1343488,1019904,85393408,1200128,2232320,3088384,1318912
211,856008,1044480,9023488,2789376,10059776,1372160,4497408,298754048,3051520,53116928,9895936,20074496,3010560,15278080,10063872,19910656,233439232,1019904,1277952,1273856,2592768,1466368,21983232,1060864,5726208,7544832,37769216,10141696,2338816,2494464,81547264,1708032,114573312,2707456,2789376,1003520,31543296,0,26341376,2789376,3571712,71028736,2781184,1470464,1658880,3518464,4026368,5951488,1519616,4952064,2314240,3719168,44601344,1650688,1548288,1363968,807862272,1183744,1138688,5824512,3125248,1290240,2134016,2822144,3522560,11722752,1572864,2785280,1363968,1343488,1019904,85393408,1200128,2232320,3088384,1318912
212,856008,1044480,9023488,2789376,10059776,1372160,4497408,298754048,3051520,53116928,9895936,20074496,3010560,15278080,10063872,19910656,233439232,1019904,1277952,1273856,2592768,1466368,21983232,1060864,5726208,7544832,37769216,10141696,2338816,2494464,81547264,1708032,114573312,2707456,2789376,1003520,31543296,0,26341376,2789376,3571712,71028736,2781184,1470464,1658880,3518464,4026368,5951488,1519616,4952064,2314240,3719168,44601344,1650688,1548288,1363968,807862272,1183744,1138688,5824512,3125248,1290240,2134016,2822144,3522560,11722752,1572864,2785280,1363968,1343488,1019904,85393408,1200128,2232320,3088384,1318912
213,856008,1044480,9023488,2789376,10059776,1372160,4497408,298754048,3051520,53116928,9895936,20074496,3010560,15278080,10063872,19910656,233439232,1019904,1277952,1273856,2592768,1466368,21983232,1060864,5726208,7544832,37769216,10141696,2338816,2494464,81547264,1708032,114573312,2707456,2789376,1003520,31543296,0,26341376,2789376,3571712,71028736,2781184,1470464,1658880,3518464,4026368,5951488,1519616,4952064,2314240,3719168,44601344,1650688,1548288,1363968,807862272,1183744,1138688,5824512,3125248,1290240,2134016,2822144,3522560,11722752,1572864,2785280,1363968,1343488,1019904,85393408,1200128,2232320,3088384,1318912
214,856008,1044480,9023488,2789376,10059776,1372160,4497408,298754048,3051520,53116928,9895936,20074496,3010560,15278080,10063872,19910656,233439232,1019904,1277952,1273856,2592768,1466368,21983232,1060864,5726208,7544832,37769216,10141696,2338816,2494464,81547264,1708032,114573312,2707456,2789376,1003520,31543296,0,26341376,2789376,3571712,71028736,2781184,1470464,1658880,3518464,4026368,5951488,1519616,4952064,2314240,3719168,44601344,1650688,1548288,1363968,807862272,1183744,1138688,5824512,3125248,1290240,2134016,2822144,3522560,11722752,1572864,2785280,1363968,1343488,1019904,85393408,1200128,2232320,3088384,1318912
215,856008,1044480,9023488,2789376,10059776,1372160,4497408,298754048,3051520,53116928,9895936,20074496,3010560,15278080,10063872,19910656,233439232,1019904,1277952,1273856,2592768,1466368,21983232,1060864,5726208,7544832,37769216,10141696,2338816,2494464,81547264,1708032,114573312,2707456,2789376,1003520,31543296,0,26341376,2789376,3571712,71028736,2781184,1470464,1658880,3518464,4059136,5951488,1519616,4952064,2314240,3719168,44601344,1650688,1548288,1363968,807862272,1183744,1138688,5824512,3125248,1290240,2134016,2822144,3522560,11722752,1572864,2785280,1363968,1343488,1019904,85393408,1200128,2232320,3088384,1318912
216,856008,1044480,9023488,2789376,10059776,1372160,4497408,298754048,3051520,53116928,9895936,20074496,3010560,15278080,10063872,19910656,233439232,1019904,1277952,1273856,2592768,1466368,21983232,1060864,5726208,7544832,37769216,10141696,2338816,2494464,81547264,1708032,114573312,2707456,2789376,1003520,31543296,0,26341376,2789376,3571712,71028736,2781184,1470464,1658880,3518464,4059136,5951488,1519616,4952064,2314240,3719168,44601344,1650688,1548288,1363968,807862272,1183744,1138688,5824512,3125248,1290240,2134016,2822144,3522560,11722752,1572864,2785280,1363968,1343488,1019904,85393408,1200128,2232320,3088384,1318912
217,856008,1044480,9023488,2789376,10059776,1372160,4497408,298754048,3051520,53116928,9895936,20074496,3010560,15278080,10063872,19910656,233439232,1019904,1277952,1273856,2592768,1466368,21983232,1060864,5726208,7544832,37769216,10141696,2338816,2494464,81547264,1708032,114573312,2707456,2789376,1003520,31543296,0,26341376,2789376,3571712,71028736,2781184,1470464,1658880,3518464,4059136,5951488,1519616,4952064,2314240,3719168,44601344,1650688,1548288,1363968,807862272,1183744,1138688,5824512,3125248,1290240,2134016,2822144,3522560,11722752,1572864,2785280,1363968,1343488,1019904,85393408,1200128,2232320,3088384,1318912
218,856008,1044480,9023488,2789376,10059776,1372160,4497408,298754048,3051520,53116928,9895936,20074496,3010560,15278080,10063872,19910656,233439232,1019904,1277952,1273856,2592768,1466368,21983232,1060864,5726208,7544832,37769216,10141696,2338816,2494464,81547264,1708032,114573312,2707456,2789376,1003520,31543296,0,26341376,2789376,3571712,71028736,2781184,1470464,1658880,3518464,4059136,5951488,1519616,4952064,2314240,3719168,44601344,1650688,1548288,1363968,807862272,1183744,1138688,5824512,3125248,1290240,2134016,2822144,3522560,11722752,1572864,2785280,1363968,1343488,1019904,85393408,1200128,2232320,3088384,1318912
219,856008,1044480,9023488,2789376,10059776,1372160,4497408,298754048,3051520,53116928,9895936,20074496,3010560,15278080,10063872,19910656,233439232,1019904,1277952,1273856,2592768,1466368,21983232,1060864,5726208,7544832,37769216,10141696,2338816,2494464,81547264,1708032,114573312,2707456,2789376,1003520,31543296,0,26341376,2789376,3571712,71028736,2781184,1470464,1658880,3518464,4059136,5951488,1519616,4952064,2314240,3719168,44601344,1650688,1548288,1363968,807862272,1183744,1138688,5824512,3125248,1290240,2134016,2822144,3522560,11722752,1572864,2785280,1363968,1343488,1019904,85393408,1200128,2232320,3088384,1318912
220,856008,1044480,9023488,2789376,10059776,1372160,4497408,298754048,3051520,53116928,9895936,20074496,3010560,15278080,10063872,19910656,233439232,1019904,1277952,1273856,2592768,1466368,21983232,1060864,5726208,7544832,37769216,10141696,2338816,2494464,81547264,1708032,114573312,2707456,2789376,1003520,31543296,0,26341376,2789376,3571712,71028736,2781184,1470464,1658880,3518464,4059136,5951488,1519616,4952064,2314240,3719168,44601344,1650688,1548288,1363968,807862272,1183744,1138688,5824512,3125248,1290240,2134016,2822144,3522560,11722752,1572864,2785280,1363968,1343488,1019904,85393408,1200128,2232320,3088384,1318912
221,856008,1044480,9023488,2789376,10059776,1372160,4497408,298754048,3051520,53116928,9895936,20074496,3010560,15278080,10063872,19910656,233439232,1019904,1277952,1273856,2592768,1466368,21983232,1060864,5726208,7544832,37769216,10141696,2338816,2494464,81547264,1708032,114573312,2707456,2789376,1003520,31543296,0,26341376,2789376,3571712,71028736,2781184,1470464,1658880,3518464,4059136,5951488,1519616,4952064,2314240,3719168,44601344,1650688,1548288,1363968,807862272,1183744,1138688,5824512,3125248,1290240,2134016,2822144,3522560,11722752,1572864,2785280,1363968,1343488,1019904,85393408,1200128,2232320,3088384,1318912
222,856008,1044480,9023488,2789376,10059776,1372160,4497408,298754048,3051520,53116928,9895936,20074496,3010560,15278080,10063872,19910656,233439232,1019904,1277952,1273856,2592768,1466368,21983232,1060864,5726208,7544832,37769216,10141696,2338816,2494464,81547264,1708032,114573312,2707456,2789376,1003520,31543296,0,26341376,2789376,3571712,71028736,2781184,1470464,1658880,3518464,4091904,5951488,1519616,4952064,2314240,3719168,44601344,1650688,1548288,1363968,807862272,1183744,1138688,5824512,3125248,1290240,2134016,2822144,3522560,11722752,1572864,2785280,1363968,1343488,1019904,85393408,1200128,2232320,3088384,1318912
223,856008,1044480,9023488,2789376,10059776,1372160,4497408,298754048,3051520,53116928,9895936,20074496,3010560,15278080,10063872,19910656,233439232,1019904,1277952,1273856,2592768,1466368,21983232,1060864,5726208,7544832,37769216,10141696,2338816,2494464,81547264,1708032,114573312,2707456,2789376,1003520,31543296,0,26341376,2789376,3571712,71028736,2781184,1470464,1658880,3518464,4091904,5951488,1519616,4952064,2314240,3719168,44601344,1650688,1548288,1363968,807862272,1183744,1138688,5824512,3125248,1290240,2134016,2822144,3522560,11722752,1572864,2785280,1363968,1343488,1019904,85393408,1200128,2232320,3088384,1318912
224,856008,1044480,9023488,2789376,10059776,1372160,4497408,298754048,3051520,53116928,9895936,20074496,3010560,15278080,10063872,19910656,233439232,1019904,1277952,1273856,2592768,1466368,21983232,1060864,5726208,7544832,37769216,10141696,2338816,2494464,81547264,1708032,114573312,2707456,2789376,1003520,31543296,0,26341376,2789376,3571712,71028736,2781184,1470464,1658880,3518464,4091904,5951488,1519616,4952064,2314240,3719168,44601344,1650688,1548288,1363968,807862272,1183744,1138688,5824512,3125248,1290240,2134016,2822144,3522560,11722752,1572864,2785280,1363968,1343488,1019904,85393408,1200128,2232320,3088384,1318912
225,856008,1044480,9023488,2789376,10059776,1372160,4497408,298754048,3051520,53116928,9895936,20074496,3010560,15278080,10063872,19910656,233439232,1019904,1277952,1273856,2592768,1466368,21983232,1060864,5726208,7544832,37769216,10141696,2338816,2494464,81547264,1708032,114573312,2707456,2789376,1003520,31543296,0,26341376,2789376,3571712,71028736,2781184,1470464,1658880,3518464,4091904,5951488,1519616,4952064,2314240,3719168,44601344,1650688,1548288,1363968,807862272,1183744,1138688,5824512,3125248,1290240,2134016,2822144,3522560,11722752,1572864,2785280,1363968,1343488,1019904,85393408,1200128,2232320,3088384,1318912
226,856008,1044480,9023488,2789376,10059776,1372160,4497408,298754048,3051520,53116928,9895936,20074496,3010560,15278080,10063872,19910656,233439232,1019904,1277952,1273856,2592768,1466368,21983232,1060864,5726208,7544832,37769216,10141696,2338816,2494464,81547264,1708032,114573312,2707456,2789376,1003520,31543296,0,26341376,2789376,3571712,71028736,2781184,1470464,1658880,3518464,4091904,5951488,1519616,4952064,2314240,3719168,44601344,1650688,1548288,1363968,807862272,1183744,1138688,5824512,3125248,1290240,2134016,2822144,3522560,11722752,1572864,2785280,1363968,1343488,1019904,85393408,1200128,2232320,3088384,1318912
227,856008,1044480,9023488,2789376,10059776,1372160,4497408,298754048,3051520,53116928,9895936,20074496,3010560,15278080,10063872,19910656,233439232,1019904,1277952,1273856,2592768,1466368,21983232,1060864,5726208,7544832,37769216,10141696,2338816,2494464,81547264,1708032,114573312,2707456,2789376,1003520,31543296,0,26341376,2789376,3571712,71028736,2781184,1470464,1658880,3518464,4091904,5951488,1519616,4952064,2314240,3719168,44601344,1650688,1548288,1363968,807862272,1183744,1138688,5824512,3125248,1290240,2134016,2822144,3522560,11722752,1572864,2785280,1363968,1343488,1019904,85393408,1200128,2232320,3088384,1318912
228,856008,1044480,9023488,2789376,10059776,1372160,4497408,298754048,3051520,53116928,9895936,20074496,3010560,15278080,10063872,19910656,233439232,1019904,1277952,1273856,2592768,1466368,21983232,1060864,5726208,7544832,37769216,10141696,2338816,2494464,81547264,1708032,114573312,2707456,2789376,1003520,31543296,0,26341376,2789376,3571712,71028736,2781184,1470464,1658880,3518464,4091904,5951488,1519616,4952064,2314240,3719168,44601344,1650688,1548288,1363968,807862272,1183744,1138688,5824512,3125248,1290240,2134016,2822144,3522560,11722752,1572864,2785280,1363968,1343488,1019904,85393408,1200128,2232320,3088384,1318912
229,856008,1044480,9023488,2789376,10059776,1372160,4497408,298754048,3051520,53116928,9895936,20074496,3010560,15278080,10063872,19910656,233439232,1019904,1277952,1273856,2592768,1466368,21983232,1060864,5726208,7544832,37769216,10141696,2338816,2494464,81547264,1708032,114573312,2707456,2789376,1003520,31543296,0,26341376,2789376,3571712,71028736,2781184,1470464,1658880,3518464,4124672,5951488,1519616,4952064,2314240,3719168,44601344,1650688,1548288,1363968,807862272,1183744,1138688,5824512,3125248,1290240,2134016,2822144,3522560,11722752,1572864,2785280,1363968,1343488,1019904,85393408,1200128,2232320,3088384,1318912
230,856008,1044480,9023488,2789376,10059776,1372160,4497408,298754048,3051520,53116928,9895936,20074496,3010560,15278080,10063872,19910656,233439232,1019904,1277952,1273856,2592768,1466368,21983232,1060864,5726208,7544832,37769216,10141696,2338816,2494464,81547264,1708032,114573312,2707456,2789376,1003520,31543296,0,26341376,2789376,3571712,71028736,2781184,1470464,1658880,3518464,4124672,5951488,1519616,4952064,2314240,3719168,44601344,1650688,1548288,1363968,807862272,1183744,1138688,5824512,3125248,1290240,2134016,2822144,3522560,11722752,1572864,2785280,1363968,1343488,1019904,85393408,1200128,2232320,3088384,1318912
231,856008,1044480,9023488,2789376,10059776,1372160,4497408,298754048,3051520,53116928,9895936,20074496,3010560,15278080,10063872,19910656,233439232,1019904,1277952,1273856,2592768,1466368,21983232,1060864,5726208,7544832,37769216,10137600,2338816,2494464,81547264,1708032,114573312,2707456,2789376,1003520,31543296,0,26341376,2789376,3571712,71028736,2781184,1470464,1658880,3518464,4124672,5951488,1519616,4952064,2314240,3719168,44601344,1650688,1548288,1363968,807862272,1183744,1138688,5824512,3125248,1290240,2134016,2822144,3522560,11722752,1572864,2785280,1363968,1343488,1019904,85393408,1200128,2232320,3088384,1318912
232,856008,1044480,9023488,2789376,10059776,1372160,4497408,298754048,3051520,53116928,9895936,20074496,3010560,15278080,10063872,19910656,233439232,1019904,1277952,1273856,2592768,1466368,21983232,1060864,5726208,7544832,37769216,10137600,2338816,2494464,81547264,1708032,114573312,2707456,2789376,1003520,31543296,0,26341376,2789376,3571712,71028736,2781184,1470464,1658880,3518464,4124672,5951488,1519616,4952064,2314240,3719168,44601344,1650688,1548288,1363968,807862272,1183744,1138688,5824512,3125248,1290240,2134016,2822144,3522560,11722752,1572864,2785280,1363968,1343488,1019904,85393408,1200128,2232320,3088384,1318912
233,856008,1044480,9023488,2789376,10059776,1372160,4497408,298754048,3051520,53116928,9895936,20074496,3010560,15278080,10063872,19910656,233439232,1019904,1277952,1273856,2592768,1466368,21983232,1060864,5726208,7544832,37769216,10137600,2338816,2494464,81547264,1708032,114573312,2707456,2789376,1003520,31543296,0,26341376,2789376,3571712,71028736,2781184,1470464,1658880,3518464,4124672,5951488,1519616,4952064,2314240,3719168,44601344,1650688,1548288,1363968,807862272,1183744,1138688,5824512,3125248,1290240,2134016,2822144,3522560,11722752,1572864,2785280,1363968,1343488,1019904,85393408,1200128,2232320,3088384,1318912
234,856008,1044480,9023488,2789376,10059776,1372160,4497408,298754048,3051520,53116928,9895936,20074496,3010560,15278080,10063872,19910656,233439232,1019904,1277952,1273856,2592768,1466368,21983232,1060864,5726208,7544832,37769216,10137600,2338816,2494464,81547264,1708032,114573312,2707456,2789376,1003520,31543296,0,26341376,2789376,3571712,71028736,2781184,1470464,1658880,3518464,4124672,5951488,1519616,4952064,2314240,3719168,44601344,1650688,1548288,1363968,807862272,1183744,1138688,5824512,3125248,1290240,2134016,2822144,3522560,11722752,1572864,2785280,1363968,1343488,1019904,85393408,1200128,2232320,3088384,1318912
235,856008,1044480,9023488,2789376,10059776,1372160,4497408,298754048,3051520,53116928,9895936,20074496,3010560,15278080,10063872,19910656,233439232,1019904,1277952,1273856,2592768,1466368,21983232,1060864,5726208,7544832,37769216,10137600,2338816,2494464,81547264,1708032,114573312,2707456,2789376,1003520,31543296,0,26341376,2789376,3571712,71028736,2781184,1470464,1658880,3518464,4124672,5951488,1519616,4952064,2314240,3719168,44601344,1650688,1548288,1363968,807862272,1183744,1138688,5824512,3125248,1290240,2134016,2822144,3522560,11722752,1572864,2785280,1363968,1343488,1019904,85393408,1200128,2232320,3088384,1318912
236,856008,1044480,9023488,2789376,10059776,1372160,4497408,298754048,3051520,53116928,9895936,20074496,3010560,15278080,10063872,19910656,233439232,1019904,1277952,1273856,2592768,1466368,21983232,1060864,5726208,7544832,37769216,10137600,2338816,2494464,81547264,1708032,114573312,2707456,2789376,1003520,31543296,0,26341376,2789376,3571712,71028736,2781184,1470464,1658880,3518464,4157440,5951488,1519616,4952064,2314240,3719168,44601344,1650688,1548288,1363968,807862272,1183744,1138688,5824512,3125248,1290240,2134016,2822144,3522560,11722752,1572864,2785280,1363968,1343488,1019904,85393408,1200128,2232320,3088384,1318912
237,856008,1044480,9023488,2789376,10059776,1372160,4497408,298754048,3051520,53116928,9895936,20074496,3010560,15278080,10063872,19910656,233439232,1019904,1277952,1273856,2592768,1466368,21983232,1060864,5726208,7544832,37769216,10137600,2338816,2494464,81547264,1708032,114573312,2707456,2789376,1003520,31543296,0,26341376,2789376,3571712,71028736,2781184,1470464,1658880,3518464,4157440,5951488,1519616,4952064,2314240,3719168,44601344,1650688,1548288,1363968,807862272,1183744,1138688,5824512,3125248,1290240,2134016,2822144,3522560,11722752,1572864,2785280,1363968,1343488,1019904,85393408,1200128,2232320,3088384,1318912
238,856008,1044480,9023488,2789376,10059776,1372160,4497408,298754048,3051520,53116928,9895936,20074496,3010560,15278080,10063872,19910656,233439232,1019904,1277952,1273856,2592768,1466368,21983232,1060864,5726208,7544832,37769216,10137600,2338816,2494464,81547264,1708032,114573312,2707456,2789376,1003520,31543296,0,26341376,2789376,3571712,71028736,2781184,1470464,1658880,3518464,4157440,5951488,1519616,4952064,2314240,3719168,44601344,1650688,1548288,1363968,807862272,1183744,1138688,5824512,3125248,1290240,2134016,2822144,3522560,11722752,1572864,2785280,1363968,1343488,1019904,85393408,1200128,2232320,3088384,1318912
239,856008,1044480,9023488,2789376,10059776,1372160,4497408,298754048,3051520,53116928,9895936,20074496,3010560,15278080,10063872,19910656,233439232,1019904,1277952,1273856,2592768,1466368,21983232,1060864,5726208,7544832,37769216,10137600,2338816,2494464,81547264,1708032,114573312,2707456,2789376,1003520,31543296,0,26341376,2789376,3571712,71028736,2781184,1470464,1658880,3518464,4157440,5951488,1519616,4952064,2314240,3719168,44601344,1650688,1548288,1363968,807862272,1183744,1138688,5824512,3125248,1290240,2134016,2822144,3522560,11722752,1572864,2785280,1363968,1343488,1019904,85393408,1200128,2232320,3088384,1318912
240,856008,1044480,9023488,2789376,10059776,1372160,4497408,298754048,3051520,53116928,9895936,20074496,3010560,15278080,10063872,19910656,233439232,1019904,1277952,1273856,2592768,1466368,21983232,1060864,5726208,7544832,37769216,10137600,2338816,2494464,81547264,1708032,114573312,2707456,2789376,1003520,31543296,0,26341376,2789376,3571712,71028736,2781184,1470464,1658880,3518464,4157440,5951488,1519616,4952064,2314240,3719168,44601344,1650688,1548288,1363968,807862272,1183744,1138688,5824512,3125248,1290240,2134016,2822144,3522560,11722752,1572864,2785280,1363968,1343488,1019904,85393408,1200128,2232320,3088384,1318912
241,856008,1044480,9023488,2789376,10059776,1372160,4497408,298754048,3051520,53116928,9895936,20074496,3010560,15278080,10063872,19910656,233439232,1019904,1277952,1273856,2592768,1466368,21983232,1060864,5726208,7544832,37769216,10137600,2338816,2494464,81547264,1708032,114573312,2707456,2789376,1003520,31543296,0,26341376,2789376,3571712,71028736,2781184,1470464,1658880,3518464,4157440,5951488,1519616,4952064,2314240,3719168,44601344,1650688,1548288,1363968,807862272,1183744,1138688,5824512,3125248,1290240,2134016,2822144,3522560,11722752,1572864,2785280,1363968,1343488,1019904,85393408,1200128,2232320,3088384,1318912
242,856008,1044480,9023488,2789376,10059776,1372160,4497408,298754048,3051520,53116928,9895936,20074496,3010560,15278080,10063872,19910656,233439232,1019904,1277952,1273856,2592768,1466368,21983232,1060864,5726208,7544832,37769216,10137600,2338816,2494464,81547264,1708032,114573312,2707456,2789376,1003520,31543296,0,26341376,2789376,3571712,71028736,2781184,1470464,1658880,3518464,4157440,5951488,1519616,4952064,2314240,3719168,44601344,1650688,1548288,1363968,807862272,1183744,1138688,5824512,3125248,1290240,2134016,2822144,3522560,11722752,1572864,2785280,1363968,1343488,1019904,85393408,1200128,2232320,3088384,1318912
243,856008,1044480,9023488,2789376,10059776,1372160,4497408,298754048,3051520,53116928,9895936,20074496,3010560,15278080,10063872,19910656,233439232,1019904,1277952,1273856,2592768,1466368,21983232,1060864,5726208,7544832,37769216,10137600,2338816,2494464,81547264,1708032,114573312,2707456,2789376,1003520,31543296,0,26341376,2789376,3571712,71028736,2781184,1470464,1658880,3518464,4190208,5951488,1519616,4952064,2314240,3719168,44601344,1650688,1548288,1363968,807862272,1183744,1138688,5824512,3125248,1290240,2134016,2822144,3522560,11722752,1572864,2785280,1363968,1343488,1019904,85393408,1200128,2232320,3088384,1318912
244,856008,1044480,9023488,2789376,10059776,1372160,4497408,298754048,3051520,53116928,9895936,20074496,3010560,15278080,10063872,19910656,233439232,1019904,1277952,1273856,2592768,1466368,21983232,1060864,5726208,7544832,37769216,10137600,2338816,2494464,81547264,1708032,114573312,2707456,2789376,1003520,31543296,0,26341376,2789376,3571712,71028736,2781184,1470464,1658880,3518464,4190208,5951488,1519616,4952064,2314240,3719168,44601344,1650688,1548288,1363968,807862272,1183744,1138688,5824512,3125248,1290240,2134016,2822144,3522560,11722752,1572864,2785280,1363968,1343488,1019904,85393408,1200128,2232320,3088384,1318912
245,856008,1044480,9023488,2789376,10059776,1372160,4497408,298754048,3051520,53116928,9895936,20074496,3010560,15278080,10063872,19910656,233439232,1019904,1277952,1273856,2592768,1466368,21983232,1060864,5726208,7544832,37769216,10137600,2338816,2494464,81547264,1708032,114573312,2707456,2789376,1003520,31543296,0,26341376,2789376,3571712,71028736,2781184,1470464,1658880,3518464,4190208,5951488,1519616,4952064,2314240,3719168,44601344,1650688,1548288,1363968,807862272,1183744,1138688,5824512,3125248,1290240,2134016,2822144,3522560,11722752,1572864,2785280,1363968,1343488,1019904,85393408,1200128,2232320,3088384,1318912
246,856008,1044480,9023488,2789376,10059776,1372160,4497408,298754048,3051520,53116928,9895936,20074496,3010560,15278080,10063872,19910656,233439232,1019904,1277952,1273856,2592768,1466368,21983232,1060864,5726208,7544832,37769216,10137600,2338816,2494464,81547264,1708032,114573312,2707456,2789376,1003520,31543296,0,26341376,2789376,3571712,71028736,2781184,1470464,1658880,3518464,4190208,5951488,1519616,4952064,2314240,3719168,44601344,1650688,1548288,1363968,807862272,1183744,1138688,5824512,3125248,1290240,2134016,2822144,3522560,11722752,1572864,2785280,1363968,1343488,1019904,85393408,1200128,2232320,3088384,1318912
247,856008,1044480,9023488,2789376,10059776,1372160,4497408,298754048,3051520,53116928,9895936,20074496,3010560,15278080,10063872,19910656,233439232,1019904,1277952,1273856,2592768,1466368,21983232,1060864,5726208,7544832,37769216,10137600,2338816,2494464,81547264,1708032,114573312,2707456,2789376,1003520,31543296,0,26341376,2789376,3571712,71028736,2781184,1470464,1658880,3518464,4190208,5951488,1519616,4952064,2314240,3719168,44601344,1650688,1548288,1363968,807862272,1183744,1138688,5824512,3125248,1290240,2134016,2822144,3522560,11722752,1572864,2785280,1363968,1343488,1019904,85393408,1200128,2232320,3088384,1318912
248,856008,1044480,9023488,2789376,10059776,1372160,4497408,298754048,3051520,53116928,9895936,20074496,3010560,15278080,10063872,19910656,233439232,1019904,1277952,1273856,2592768,1466368,21983232,1060864,5726208,7544832,37769216,10137600,2338816,2494464,81547264,1708032,114573312,2707456,2789376,1003520,31543296,0,26341376,2789376,3571712,71028736,2781184,1470464,1658880,3518464,4190208,5951488,1519616,4952064,2314240,3719168,44601344,1650688,1548288,1363968,807862272,1183744,1138688,5824512,3125248,1290240,2134016,2822144,3522560,11722752,1572864,2785280,1363968,1343488,1019904,85393408,1200128,2232320,3088384,1318912
249,856008,1044480,9023488,2789376,10059776,1372160,4497408,298754048,3051520,53116928,9895936,20074496,3010560,15278080,10063872,19910656,233439232,1019904,1277952,1273856,2592768,1466368,21983232,1060864,5726208,7544832,37769216,10137600,2338816,2494464,81547264,1708032,114573312,2707456,2789376,1003520,31543296,0,26341376,2789376,3571712,71028736,2781184,1470464,1658880,3518464,4190208,5951488,1519616,4952064,2314240,3719168,44601344,1650688,1548288,1363968,807862272,1183744,1138688,5824512,3125248,1290240,2134016,2822144,3522560,11722752,1572864,2785280,1363968,1343488,1019904,85393408,1200128,2232320,3088384,1318912
250,856008,1044480,9023488,2789376,10059776,1372160,4497408,298754048,3051520,53116928,9895936,20074496,3010560,15278080,10063872,19910656,233439232,1019904,1277952,1273856,2592768,1466368,21983232,1060864,5726208,7544832,37769216,10137600,2338816,2494464,81547264,1708032,114573312,2707456,2789376,1003520,31543296,0,26341376,2789376,3571712,71028736,2781184,1470464,1658880,3518464,4222976,5951488,1519616,4952064,2314240,3719168,44601344,1650688,1548288,1363968,807862272,1183744,1138688,5824512,3125248,1290240,2134016,2822144,3522560,11722752,1572864,2785280,1363968,1343488,1019904,85393408,1200128,2232320,3088384,1318912
251,856008,1044480,9023488,2789376,10059776,1372160,4497408,298754048,3051520,53116928,9895936,20074496,3010560,15278080,10063872,19910656,233439232,1019904,1277952,1273856,2592768,1466368,21983232,1060864,5726208,7544832,37769216,10137600,2338816,2494464,81547264,1708032,114573312,2707456,2789376,1003520,31543296,0,26341376,2789376,3571712,71028736,2781184,1470464,1658880,3518464,4222976,5951488,1519616,4952064,2314240,3719168,44601344,1650688,1548288,1363968,807862272,1183744,1138688,5824512,3125248,1290240,2134016,2822144,3522560,11722752,1572864,2785280,1363968,1343488,1019904,85393408,1200128,2232320,3088384,1318912
252,856008,1044480,9023488,2789376,10059776,1372160,4497408,298754048,3051520,53116928,9895936,20074496,3010560,15278080,10063872,19910656,233439232,1019904,1277952,1273856,2592768,1466368,21983232,1060864,5726208,7544832,37769216,10137600,2338816,2494464,81547264,1708032,114573312,2707456,2789376,1003520,31543296,0,26341376,2789376,3571712,71028736,2781184,1470464,1658880,3518464,4222976,5951488,1519616,4952064,2314240,3719168,44601344,1650688,1548288,1363968,807862272,1183744,1138688,5824512,3125248,1290240,2134016,2822144,3522560,11722752,1572864,2785280,1363968,1343488,1019904,85393408,1200128,2232320,3088384,1318912
253,856008,1044480,9023488,2789376,10059776,1372160,4497408,298754048,3051520,53116928,9895936,20074496,3010560,15278080,10063872,19910656,233439232,1019904,1277952,1273856,2592768,1466368,21983232,1060864,5726208,7544832,37769216,10137600,2338816,2494464,81547264,1708032,114573312,2707456,2789376,1003520,31543296,0,26341376,2789376,3571712,71028736,2781184,1470464,1658880,3518464,4222976,5951488,1519616,4952064,2314240,3719168,44601344,1650688,1548288,1363968,807862272,1183744,1138688,5824512,3125248,1290240,2134016,2822144,3522560,11722752,1572864,2785280,1363968,1343488,1019904,85393408,1200128,2232320,3088384,1318912
254,856008,1044480,9023488,2789376,10072064,1372160,4497408,298754048,3051520,53116928,9895936,20074496,3010560,15278080,10063872,19910656,233439232,1019904,1277952,1273856,2592768,1466368,21983232,1060864,5726208,7544832,37769216,10137600,2338816,2494464,81547264,1708032,114573312,2707456,2789376,1003520,31543296,0,26341376,2789376,3571712,71028736,2781184,1470464,1658880,3518464,4222976,5951488,1519616,4952064,2314240,3719168,44601344,1650688,1548288,1363968,807862272,1183744,1138688,5824512,3125248,1290240,2134016,2822144,3522560,11722752,1572864,2785280,1363968,1343488,1019904,85393408,1200128,2232320,3088384,1318912
255,856008,1044480,9023488,2789376,10059776,1372160,4497408,298754048,3051520,53116928,9895936,20074496,3010560,15278080,10063872,19910656,233439232,1019904,1277952,1273856,2592768,1466368,21983232,1060864,5726208,7544832,37769216,10137600,2338816,2494464,81547264,1708032,114573312,2707456,2789376,1003520,31543296,0,26341376,2789376,3571712,71028736,2781184,1470464,1658880,3518464,4222976,5951488,1519616,4952064,2314240,3719168,44601344,1650688,1548288,1363968,807862272,1183744,1138688,5824512,3125248,1290240,2134016,2822144,3522560,11722752,1572864,2785280,1363968,1343488,1019904,85393408,1200128,2232320,3088384,1318912
256,856008,1044480,9023488,2789376,10059776,1372160,4497408,298754048,3051520,53116928,9895936,20074496,3010560,15278080,10063872,19910656,233439232,1019904,1277952,1273856,2592768,1466368,21983232,1060864,5726208,7544832,37769216,10137600,2338816,2494464,81547264,1708032,114573312,2707456,2789376,1003520,31543296,0,26341376,2789376,3571712,71028736,2781184,1470464,1658880,3518464,4222976,5951488,1519616,4952064,2314240,3719168,44601344,1650688,1548288,1363968,807862272,1183744,1138688,5824512,3125248,1290240,2134016,2822144,3522560,11722752,1572864,2785280,1363968,1343488,1019904,85393408,1200128,2232320,3088384,1318912
257,856008,1044480,9023488,2789376,10059776,1372160,4497408,298754048,3051520,53116928,9895936,20074496,3010560,15278080,10063872,19910656,233439232,1019904,1277952,1273856,2592768,1466368,21983232,1060864,5726208,7544832,37769216,10137600,2338816,2494464,81547264,1708032,114573312,2707456,2789376,1003520,31543296,0,26341376,2789376,3571712,71028736,2781184,1470464,1658880,3518464,4255744,5951488,1519616,4952064,2314240,3719168,44601344,1650688,1548288,1363968,807862272,1183744,1138688,5824512,3125248,1290240,2134016,2822144,3522560,11722752,1572864,2785280,1363968,1343488,1019904,85393408,1200128,2232320,3088384,1318912
258,856008,1044480,9023488,2789376,10059776,1372160,4497408,298754048,3051520,53116928,9895936,20074496,3010560,15278080,10063872,19910656,233439232,1019904,1277952,1273856,2592768,1466368,21983232,1060864,5726208,7544832,37769216,10137600,2338816,2494464,81547264,1708032,114573312,2707456,2789376,1003520,31543296,0,26341376,2789376,3571712,71028736,2781184,1470464,1658880,3518464,4255744,5951488,1519616,4952064,2314240,3719168,44601344,1650688,1548288,1363968,807862272,1183744,1138688,5824512,3125248,1290240,2134016,2822144,3522560,11722752,1572864,2785280,1363968,1343488,1019904,85393408,1200128,2232320,3088384,1318912
259,856008,1044480,9023488,2789376,10059776,1372160,4497408,298754048,3051520,53116928,9895936,20074496,3010560,15278080,10063872,19910656,233439232,1019904,1277952,1273856,2592768,1466368,21983232,1060864,5726208,7544832,37769216,10137600,2338816,2494464,81547264,1708032,114573312,2707456,2789376,1003520,31543296,0,26341376,2789376,3571712,71028736,2781184,1470464,1658880,3518464,4255744,5951488,1519616,4952064,2314240,3719168,44601344,1650688,1548288,1363968,807862272,1183744,1138688,5824512,3125248,1290240,2134016,2822144,3522560,11722752,1572864,2785280,1363968,1343488,1019904,85393408,1200128,2232320,3088384,1318912
260,856008,1044480,9023488,2789376,10059776,1372160,4497408,298754048,3051520,53116928,9895936,20074496,3010560,15278080,10063872,19910656,233439232,1019904,1277952,1273856,2592768,1466368,21983232,1060864,5726208,7544832,37769216,10137600,2338816,2494464,81547264,1708032,114573312,2707456,2789376,1003520,31543296,0,26341376,2789376,3571712,71028736,2781184,1470464,1658880,3518464,4255744,5951488,1519616,4952064,2314240,3719168,44601344,1650688,1548288,1363968,807862272,1183744,1138688,5824512,3125248,1290240,2134016,2822144,3522560,11722752,1572864,2785280,1363968,1343488,1019904,85393408,1200128,2232320,3088384,1318912
261,856008,1044480,9023488,2789376,10059776,1372160,4497408,298754048,3051520,53116928,9895936,20074496,3010560,15278080,10063872,19910656,233439232,1019904,1277952,1273856,2592768,1466368,21983232,1060864,5726208,7544832,37769216,10137600,2338816,2494464,81547264,1708032,114573312,2707456,2789376,1003520,31543296,0,26341376,2789376,3571712,71028736,2781184,1470464,1658880,3518464,4255744,5951488,1519616,4952064,2314240,3719168,44601344,1650688,1548288,1363968,807862272,1183744,1138688,5824512,3125248,1290240,2134016,2822144,3522560,11722752,1572864,2785280,1363968,1343488,1019904,85393408,1200128,2232320,3088384,1318912
262,856008,1044480,9023488,2789376,10059776,1372160,4497408,298754048,3051520,53116928,9895936,20074496,3010560,15278080,10063872,19910656,233439232,1019904,1277952,1273856,2592768,1466368,21983232,1060864,5726208,7544832,37769216,10137600,2338816,2494464,81547264,1708032,114573312,2707456,2789376,1003520,31543296,0,26341376,2789376,3571712,71028736,2781184,1470464,1658880,3518464,4255744,5951488,1519616,4952064,2314240,3719168,44601344,1650688,1548288,1363968,807862272,1183744,1138688,5824512,3125248,1290240,2134016,2822144,3522560,11722752,1572864,2785280,1363968,1343488,1019904,85393408,1200128,2232320,3088384,1318912
263,856008,1044480,9023488,2789376,10059776,1372160,4497408,298754048,3051520,53116928,9895936,20074496,3010560,15278080,10063872,19910656,233439232,1019904,1277952,1273856,2592768,1466368,21983232,1060864,5726208,7544832,37769216,10137600,2338816,2494464,81547264,1708032,114573312,2707456,2789376,1003520,31543296,0,26341376,2789376,3571712,71028736,2781184,1470464,1658880,3518464,4255744,5951488,1519616,4952064,2314240,3719168,44601344,1650688,1548288,1363968,807862272,1183744,1138688,5824512,3125248,1290240,2134016,2822144,3522560,11722752,1572864,2785280,1363968,1343488,1019904,85393408,1200128,2232320,3088384,1318912
264,856008,1044480,9023488,2789376,10059776,1372160,4497408,298754048,3051520,53116928,9895936,20074496,3010560,15278080,10063872,19910656,233439232,1019904,1277952,1273856,2592768,1466368,21983232,1060864,5726208,7544832,37769216,10137600,2338816,2494464,81547264,1708032,114573312,2707456,2789376,1003520,31543296,0,26341376,2789376,3571712,71028736,2781184,1470464,1658880,3518464,4288512,5951488,1519616,4952064,2314240,3719168,44601344,1650688,1548288,1363968,807862272,1183744,1138688,5824512,3125248,1290240,2134016,2822144,3522560,11722752,1572864,2785280,1363968,1343488,1019904,85393408,1200128,2232320,3088384,1318912
265,856008,1044480,9023488,2789376,10059776,1372160,4497408,298754048,3051520,53116928,9895936,20074496,3010560,15278080,10063872,19910656,233439232,1019904,1277952,1273856,2592768,1466368,21983232,1060864,5726208,7544832,37769216,10137600,2338816,2494464,81547264,1708032,114573312,2707456,2789376,1003520,31543296,0,26341376,2789376,3571712,71028736,2781184,1470464,1658880,3518464,4288512,5951488,1519616,4952064,2314240,3719168,44601344,1650688,1548288,1363968,807862272,1183744,1138688,5824512,3125248,1290240,2134016,2822144,3522560,11722752,1572864,2785280,1363968,1343488,1019904,85393408,1200128,2232320,3088384,1318912
266,856008,1044480,9023488,2789376,10059776,1372160,4497408,298754048,3051520,53116928,9895936,20074496,3010560,15278080,10063872,19910656,233439232,1019904,1277952,1273856,2592768,1466368,21983232,1060864,5726208,7544832,37769216,10137600,2338816,2494464,81547264,1708032,114573312,2707456,2789376,1003520,31543296,0,26341376,2789376,3571712,71028736,2781184,1470464,1658880,3518464,4288512,5951488,1519616,4952064,2314240,3719168,44601344,1650688,1548288,1363968,807862272,1183744,1138688,5824512,3125248,1290240,2134016,2822144,3522560,11722752,1572864,2785280,1363968,1343488,1019904,85393408,1200128,2232320,3088384,1318912
267,856008,1044480,9023488,2789376,10059776,1372160,4497408,298754048,3051520,53116928,9895936,20074496,3010560,15278080,10063872,19910656,233439232,1019904,1277952,1273856,2592768,1466368,21983232,1060864,5726208,7544832,37769216,10137600,2338816,2494464,81547264,1708032,114573312,2707456,2789376,1003520,31543296,0,26341376,2789376,3571712,71028736,2781184,1470464,1658880,3518464,4288512,5951488,1519616,4952064,2314240,3719168,44601344,1650688,1548288,1363968,807862272,1183744,1138688,5824512,3125248,1290240,2134016,2822144,3522560,11722752,1572864,2785280,1363968,1343488,1019904,85393408,1200128,2232320,3088384,1318912
268,856008,1044480,9023488,2789376,10059776,1372160,4497408,298754048,3051520,53116928,9895936,20074496,3010560,15278080,10063872,19910656,233439232,1019904,1277952,1273856,2592768,1466368,21983232,1060864,5726208,7544832,37769216,10137600,2338816,2494464,81547264,1708032,114573312,2707456,2789376,1003520,31543296,0,26341376,2789376,3571712,71028736,2781184,1470464,1658880,3518464,4288512,5951488,1519616,4952064,2314240,3719168,44601344,1650688,1548288,1363968,807862272,1183744,1138688,5824512,3125248,1290240,2134016,2822144,3522560,11722752,1572864,2785280,1363968,1343488,1019904,85393408,1200128,2232320,3088384,1318912
269,856008,1044480,9023488,2789376,10059776,1372160,4497408,298754048,3051520,53116928,9895936,20074496,3010560,15278080,10063872,19910656,233439232,1019904,1277952,1273856,2592768,1466368,21983232,1060864,5726208,7544832,37769216,10137600,2338816,2494464,81547264,1708032,114573312,2707456,2789376,1003520,31543296,0,26341376,2789376,3571712,71028736,2781184,1470464,1658880,3518464,4288512,5951488,1519616,4952064,2314240,3719168,44601344,1650688,1548288,1363968,807862272,1183744,1138688,5824512,3125248,1290240,2134016,2822144,3522560,11722752,1572864,2785280,1363968,1343488,1019904,85393408,1200128,2232320,3088384,1318912
270,856008,1044480,9023488,2789376,10059776,1372160,4497408,298754048,3051520,53116928,9895936,20074496,3010560,15278080,10063872,19910656,233439232,1019904,1277952,1273856,2592768,1466368,21983232,1060864,5726208,7544832,37769216,10137600,2338816,2494464,81547264,1708032,114573312,2707456,2789376,1003520,31543296,0,26341376,2789376,3571712,71028736,2781184,1470464,1658880,3518464,4288512,5951488,1519616,4952064,2314240,3719168,44601344,1650688,1548288,1363968,807862272,1183744,1138688,5824512,3125248,1290240,2134016,2822144,3522560,11722752,1572864,2785280,1363968,1343488,1019904,85393408,1200128,2232320,3088384,1318912
271,856008,1044480,9023488,2789376,10059776,1372160,4497408,298754048,3051520,53116928,9895936,20074496,3010560,15278080,10063872,19910656,233439232,1019904,1277952,1273856,2592768,1466368,21983232,1060864,5726208,7544832,37769216,10137600,2338816,2494464,81547264,1708032,114573312,2707456,2789376,1003520,31543296,0,26341376,2789376,3571712,71028736,2781184,1470464,1658880,3518464,4321280,5951488,1519616,4952064,2314240,3719168,44601344,1650688,1548288,1363968,807862272,1183744,1138688,5824512,3125248,1290240,2134016,2822144,3522560,11722752,1572864,2785280,1363968,1343488,1019904,85393408,1200128,2232320,3088384,1318912
272,856008,1044480,9023488,2789376,10059776,1372160,4497408,298754048,3051520,53116928,9895936,20074496,3010560,15278080,10063872,19910656,233439232,1019904,1277952,1273856,2592768,1466368,21983232,1060864,5726208,7544832,37769216,10137600,2338816,2494464,81547264,1708032,114573312,2707456,2789376,1003520,31543296,0,26341376,2789376,3571712,71028736,2781184,1470464,1658880,3518464,4321280,5951488,1519616,4952064,2314240,3719168,44601344,1650688,1548288,1363968,807862272,1183744,1138688,5824512,3125248,1290240,2134016,2822144,3522560,11722752,1572864,2785280,1363968,1343488,1019904,85393408,1200128,2232320,3088384,1318912
273,856008,1044480,9023488,2789376,10059776,1372160,4497408,298754048,3051520,53116928,9895936,20074496,3010560,15278080,10063872,19910656,233439232,1019904,1277952,1273856,2592768,1466368,21983232,1060864,5726208,7544832,37769216,10137600,2338816,2494464,81547264,1708032,114573312,2707456,2789376,1003520,31543296,0,26341376,2789376,3571712,71028736,2781184,1470464,1658880,3518464,4321280,5951488,1519616,4952064,2314240,3719168,44601344,1650688,1548288,1363968,807862272,1183744,1138688,5824512,3125248,1290240,2134016,2822144,3522560,11722752,1572864,2785280,1363968,1343488,1019904,85393408,1200128,2232320,3088384,1318912
274,856008,1044480,9023488,2789376,10059776,1372160,4497408,298754048,3051520,53116928,9895936,20074496,3010560,15278080,10063872,19910656,233439232,1019904,1277952,1273856,2592768,1466368,21983232,1060864,5726208,7544832,37769216,10137600,2338816,2494464,81547264,1708032,114573312,2707456,2789376,1003520,31543296,0,26341376,2789376,3571712,71028736,2781184,1470464,1658880,3518464,4321280,5951488,1519616,4952064,2314240,3719168,44601344,1650688,1548288,1363968,807862272,1183744,1138688,5824512,3125248,1290240,2134016,2822144,3522560,11722752,1572864,2785280,1363968,1343488,1019904,85393408,1200128,2232320,3088384,1318912
275,856008,1044480,9023488,2789376,10059776,1372160,4497408,298754048,3051520,53116928,9895936,20074496,3010560,15278080,10063872,19910656,233439232,1019904,1277952,1273856,2592768,1466368,21983232,1060864,5726208,7544832,37769216,10137600,2338816,2494464,81547264,1708032,114573312,2707456,2789376,1003520,31543296,0,26341376,2789376,3571712,71028736,2781184,1470464,1658880,3518464,4321280,5951488,1519616,4952064,2314240,3719168,44601344,1650688,1548288,1363968,807862272,1183744,1138688,5824512,3125248,1290240,2134016,2822144,3522560,11722752,1572864,2785280,1363968,1343488,1019904,85393408,1200128,2232320,3088384,1318912
276,856008,1044480,9023488,2789376,10059776,1372160,4497408,298754048,3051520,53116928,9895936,20074496,3010560,15278080,10063872,19910656,233439232,1019904,1277952,1273856,2592768,1466368,21983232,1060864,5726208,7544832,37769216,10137600,2338816,2494464,81547264,1708032,114573312,2707456,2789376,1003520,31543296,0,26341376,2789376,3571712,71028736,2781184,1470464,1658880,3518464,4321280,5951488,1519616,4952064,2314240,3719168,44601344,1650688,1548288,1363968,807862272,1183744,1138688,5824512,3125248,1290240,2134016,2822144,3522560,11722752,1572864,2785280,1363968,1343488,1019904,85393408,1200128,2232320,3088384,1318912
277,856008,1044480,9023488,2789376,10059776,1372160,4497408,298754048,3051520,53116928,9895936,20074496,3010560,15278080,10063872,19910656,233439232,1019904,1277952,1273856,2592768,1466368,21983232,1060864,5726208,7544832,37769216,10137600,2338816,2494464,81547264,1708032,114573312,2707456,2789376,1003520,31543296,0,26341376,2789376,3571712,71028736,2781184,1470464,1658880,3518464,4321280,5951488,1519616,4952064,2314240,3719168,44601344,1650688,1548288,1363968,807862272,1183744,1138688,5824512,3125248,1290240,2134016,2822144,3522560,11722752,1572864,2785280,1363968,1343488,1019904,85393408,1200128,2232320,3088384,1318912
278,856008,1044480,9023488,2789376,10059776,1372160,4497408,298754048,3051520,53116928,9895936,20074496,3010560,15278080,10063872,19910656,233439232,1019904,1277952,1273856,2592768,1466368,21983232,1060864,5726208,7544832,37769216,10141696,2338816,2494464,81547264,1708032,114573312,2707456,2789376,1003520,31543296,0,26341376,2789376,3571712,71028736,2781184,1470464,1658880,3518464,4354048,5951488,1519616,4952064,2314240,3719168,44601344,1650688,1548288,1363968,807862272,1183744,1138688,5824512,3125248,1290240,2134016,2822144,3522560,11722752,1572864,2785280,1363968,1343488,1019904,85393408,1200128,2232320,3088384,1318912
279,856008,1044480,9023488,2789376,10059776,1372160,4497408,298754048,3051520,53116928,9895936,20074496,3010560,15278080,10063872,19910656,233439232,1019904,1277952,1273856,2592768,1466368,21983232,1060864,5726208,7544832,37769216,10141696,2338816,2494464,81547264,1708032,114573312,2707456,2789376,1003520,31543296,0,26341376,2789376,3571712,71028736,2781184,1470464,1658880,3518464,4354048,5951488,1519616,4952064,2314240,3719168,44601344,1650688,1548288,1363968,807862272,1183744,1138688,5824512,3125248,1290240,2134016,2822144,3522560,11722752,1572864,2785280,1363968,1343488,1019904,85393408,1200128,2232320,3088384,1318912
280,856008,1044480,9023488,2789376,10059776,1372160,4497408,298754048,3051520,53116928,9895936,20074496,3010560,15278080,10063872,19910656,233439232,1019904,1277952,1273856,2592768,1466368,21983232,1060864,5726208,7544832,37769216,10141696,2338816,2494464,81547264,1708032,114573312,2707456,2789376,1003520,31543296,0,26341376,2789376,3571712,71028736,2781184,1470464,1658880,3518464,4354048,5951488,1519616,4952064,2314240,3719168,44601344,1650688,1548288,1363968,807862272,1183744,1138688,5824512,3125248,1290240,2134016,2822144,3522560,11722752,1572864,2785280,1363968,1343488,1019904,85393408,1200128,2232320,3088384,1318912
281,856008,1044480,9023488,2789376,10059776,1372160,4497408,298754048,3051520,53116928,9895936,20074496,3010560,15278080,10063872,19910656,233439232,1019904,1277952,1273856,2592768,1466368,21983232,1060864,5726208,7544832,37769216,10141696,2338816,2494464,81547264,1708032,114573312,2707456,2789376,1003520,31543296,0,26341376,2789376,3571712,71028736,2781184,1470464,1658880,3518464,4354048,5951488,1519616,4952064,2314240,3719168,44601344,1650688,1548288,1363968,807862272,1183744,1138688,5824512,3125248,1290240,2134016,2822144,3522560,11722752,1572864,2785280,1363968,1343488,1019904,85393408,1200128,2232320,3088384,1318912
282,856008,1044480,9023488,2789376,10059776,1372160,4497408,298754048,3051520,53116928,9895936,20074496,3010560,15278080,10063872,19910656,233439232,1019904,1277952,1273856,2592768,1466368,21983232,1060864,5726208,7544832,37769216,10141696,2338816,2494464,81547264,1708032,114573312,2707456,2789376,1003520,31543296,0,26341376,2789376,3571712,71028736,2781184,1470464,1658880,3518464,4354048,5951488,1519616,4952064,2314240,3719168,44601344,1650688,1548288,1363968,807862272,1183744,1138688,5824512,3125248,1290240,2134016,2822144,3522560,11722752,1572864,2785280,1363968,1343488,1019904,85393408,1200128,2232320,3088384,1318912
283,856008,1044480,9023488,2789376,10059776,1372160,4497408,298754048,3051520,53116928,9895936,20074496,3010560,15278080,10063872,19910656,233439232,1019904,1277952,1273856,2592768,1466368,21983232,1060864,5726208,7544832,37769216,10141696,2338816,2494464,81547264,1708032,114573312,2707456,2789376,1003520,31543296,0,26341376,2789376,3571712,71028736,2781184,1470464,1658880,3518464,4354048,5951488,1519616,4952064,2314240,3719168,44601344,1650688,1548288,1363968,807862272,1183744,1138688,5824512,3125248,1290240,2134016,2822144,3522560,11722752,1572864,2785280,1363968,1343488,1019904,85393408,1200128,2232320,3088384,1318912
284,856008,1044480,9023488,2789376,10059776,1372160,4497408,298754048,3051520,53116928,9895936,20074496,3010560,15278080,10063872,19910656,233439232,1019904,1277952,1273856,2592768,1466368,21983232,1060864,5726208,7544832,37769216,10141696,2338816,2494464,81547264,1708032,114573312,2707456,2789376,1003520,31543296,0,26341376,2789376,3571712,71028736,2781184,1470464,1658880,3518464,4354048,5951488,1519616,4952064,2314240,3719168,44601344,1650688,1548288,1363968,807862272,1183744,1138688,5824512,3125248,1290240,2134016,2822144,3522560,11722752,1572864,2785280,1363968,1343488,1019904,85393408,1200128,2232320,3088384,1318912
285,856008,1044480,9023488,2789376,10059776,1372160,4497408,298754048,3051520,53116928,9895936,20074496,3010560,15278080,10063872,19910656,233439232,1019904,1277952,1273856,2592768,1466368,21983232,1060864,5726208,7544832,37769216,10141696,2338816,2494464,81547264,1708032,114573312,2707456,2789376,1003520,31543296,0,26341376,2789376,3571712,71028736,2781184,1470464,1658880,3518464,4386816,5951488,1519616,4952064,2314240,3719168,44601344,1650688,1548288,1363968,807862272,1183744,1138688,5824512,3125248,1290240,2134016,2822144,3522560,11722752,1572864,2785280,1363968,1343488,1019904,85393408,1200128,2232320,3088384,1318912
286,856008,1044480,9023488,2789376,10059776,1372160,4497408,298754048,3051520,53116928,9895936,20074496,3010560,15278080,10063872,19910656,233439232,1019904,1277952,1273856,2592768,1466368,21983232,1060864,5726208,7544832,37769216,10141696,2338816,2494464,81547264,1708032,114573312,2707456,2789376,1003520,31543296,0,26341376,2789376,3571712,71028736,2781184,1470464,1658880,3518464,4386816,5951488,1519616,4952064,2314240,3719168,44601344,1650688,1548288,1363968,807862272,1183744,1138688,5824512,3125248,1290240,2134016,2822144,3522560,11722752,1572864,2785280,1363968,1343488,1019904,85393408,1200128,2232320,3088384,1318912
287,856008,1044480,9023488,2789376,10059776,1372160,4497408,298754048,3051520,53116928,9895936,20074496,3010560,15278080,10063872,19910656,233439232,1019904,1277952,1273856,2592768,1466368,21983232,1060864,5726208,7544832,37769216,10141696,2338816,2494464,81547264,1708032,114573312,2707456,2789376,1003520,31543296,0,26341376,2789376,3571712,71028736,2781184,1470464,1658880,3518464,4386816,5951488,1519616,4952064,2314240,3719168,44601344,1650688,1548288,1363968,807862272,1183744,1138688,5824512,3125248,1290240,2134016,2822144,3522560,11722752,1572864,2785280,1363968,1343488,1019904,85393408,1200128,2232320,3088384,1318912
288,856008,1044480,9023488,2789376,10059776,1372160,4497408,298754048,3051520,53116928,9895936,20074496,3010560,15278080,10063872,19910656,233439232,1019904,1277952,1273856,2592768,1466368,21983232,1060864,5726208,7544832,37769216,10141696,2338816,2494464,81547264,1708032,114573312,2707456,2789376,1003520,31543296,0,26341376,2789376,3571712,71028736,2781184,1470464,1658880,3518464,4386816,5951488,1519616,4952064,2314240,3719168,44601344,1650688,1548288,1363968,807862272,1183744,1138688,5824512,3125248,1290240,2134016,2822144,3522560,11722752,1572864,2785280,1363968,1343488,1019904,85393408,1200128,2232320,3088384,1318912
289,856008,1044480,9023488,2789376,10059776,1372160,4497408,298754048,3051520,53116928,9895936,20074496,3010560,15278080,10063872,19910656,233439232,1019904,1277952,1273856,2592768,1466368,21983232,1060864,5726208,7544832,37769216,10141696,2338816,2494464,81547264,1708032,114573312,2707456,2789376,1003520,31543296,0,26341376,2789376,3571712,71028736,2781184,1470464,1658880,3518464,4386816,5951488,1519616,4952064,2314240,3719168,44601344,1650688,1548288,1363968,807862272,1183744,1138688,5824512,3125248,1290240,2134016,2822144,3522560,11722752,1572864,2785280,1363968,1343488,1019904,85393408,1200128,2232320,3088384,1318912
290,856008,1044480,9023488,2789376,10059776,1372160,4497408,298754048,3051520,53116928,9895936,20074496,3010560,15278080,10063872,19910656,233439232,1019904,1277952,1273856,2592768,1466368,21983232,1060864,5726208,7544832,37769216,10141696,2338816,2494464,81547264,1708032,114573312,2707456,2789376,1003520,31543296,0,26341376,2789376,3571712,71028736,2781184,1470464,1658880,3518464,4386816,5951488,1519616,4952064,2314240,3719168,44601344,1650688,1548288,1363968,807862272,1183744,1138688,5824512,3125248,1290240,2134016,2822144,3522560,11722752,1572864,2785280,1363968,1343488,1019904,85393408,1200128,2232320,3088384,1318912
291,856008,1044480,9023488,2789376,10059776,1372160,4497408,298754048,3051520,53116928,9895936,20074496,3010560,15278080,10063872,19910656,233439232,1019904,1277952,1273856,2592768,1466368,21983232,1060864,5726208,7544832,37769216,10141696,2338816,2494464,81547264,1708032,114573312,2707456,2789376,1003520,31543296,0,26341376,2789376,3571712,71028736,2781184,1470464,1658880,3518464,4386816,5951488,1519616,4952064,2314240,3719168,44601344,1650688,1548288,1363968,807862272,1183744,1138688,5824512,3125248,1290240,2134016,2822144,3522560,11722752,1572864,2785280,1363968,1343488,1019904,85393408,1200128,2232320,3088384,1318912
292,856008,1044480,9023488,2789376,10059776,1372160,4497408,298754048,3051520,53116928,9895936,20074496,3010560,15278080,10063872,19910656,233439232,1019904,1277952,1273856,2592768,1466368,21983232,1060864,5726208,7544832,37769216,10141696,2338816,2494464,81547264,1708032,114573312,2707456,2789376,1003520,31543296,0,26341376,2789376,3571712,71028736,2781184,1470464,1658880,3518464,4419584,5951488,1519616,4952064,2314240,3719168,44601344,1650688,1548288,1363968,807862272,1183744,1138688,5824512,3125248,1290240,2134016,2822144,3522560,11722752,1572864,2785280,1363968,1343488,1019904,85393408,1200128,2232320,3088384,1318912
293,856008,1044480,9023488,2789376,10059776,1372160,4497408,298754048,3051520,53116928,9895936,20074496,3010560,15278080,10063872,19910656,233439232,1019904,1277952,1273856,2592768,1466368,21983232,1060864,5726208,7544832,37769216,10141696,2338816,2494464,81547264,1708032,114573312,2707456,2789376,1003520,31543296,0,26341376,2789376,3571712,71028736,2781184,1470464,1658880,3518464,4419584,5951488,1519616,4952064,2314240,3719168,44601344,1650688,1548288,1363968,807862272,1183744,1138688,5824512,3125248,1290240,2134016,2822144,3522560,11722752,1572864,2785280,1363968,1343488,1019904,85393408,1200128,2232320,3088384,1318912
294,856008,1044480,9023488,2789376,10059776,1372160,4497408,298754048,3051520,53116928,9895936,20074496,3010560,15278080,10063872,19910656,233439232,1019904,1277952,1273856,2592768,1466368,21983232,1060864,5726208,7544832,37769216,10141696,2338816,2494464,81547264,1708032,114573312,2707456,2789376,1003520,31543296,0,26341376,2789376,3571712,71028736,2781184,1470464,1658880,3518464,4419584,5951488,1519616,4952064,2314240,3719168,44601344,1650688,1548288,1363968,807862272,1183744,1138688,5824512,3125248,1290240,2134016,2822144,3522560,11722752,1572864,2785280,1363968,1343488,1019904,85393408,1200128,2232320,3088384,1318912
295,856008,1044480,9023488,2789376,10059776,1372160,4497408,298754048,3051520,53116928,9895936,20074496,3010560,15278080,10063872,19910656,233439232,1019904,1277952,1273856,2592768,1466368,21983232,1060864,5726208,7544832,37769216,10141696,2338816,2494464,81547264,1708032,114573312,2707456,2789376,1003520,31543296,0,26341376,2789376,3571712,71028736,2781184,1470464,1658880,3518464,4419584,5951488,1519616,4952064,2314240,3719168,44601344,1650688,1548288,1363968,807862272,1183744,1138688,5824512,3125248,1290240,2134016,2822144,3522560,11722752,1572864,2785280,1363968,1343488,1019904,85393408,1200128,2232320,3088384,1318912
296,856008,1044480,9023488,2789376,10059776,1372160,4497408,298754048,3051520,53116928,9895936,20074496,3010560,15278080,10063872,19910656,233439232,1019904,1277952,1273856,2592768,1466368,21983232,1060864,5726208,7544832,37769216,10141696,2338816,2494464,81547264,1708032,114573312,2707456,2789376,1003520,31543296,0,26341376,2789376,3571712,71028736,2781184,1470464,1658880,3518464,4419584,5951488,1519616,4952064,2314240,3719168,44601344,1650688,1548288,1363968,807862272,1183744,1138688,5824512,3125248,1290240,2134016,2822144,3522560,11722752,1572864,2785280,1363968,1343488,1019904,85393408,1200128,2232320,3088384,1318912
297,856008,1044480,9023488,2789376,10059776,1372160,4497408,298754048,3051520,53116928,9895936,20074496,3010560,15278080,10063872,19910656,233439232,1019904,1277952,1273856,2592768,1466368,21983232,1060864,5726208,7544832,37769216,10141696,2338816,2494464,81547264,1708032,114573312,2707456,2789376,1003520,31543296,0,26341376,2789376,3571712,71028736,2781184,1470464,1658880,3518464,4419584,5951488,1519616,4952064,2314240,3719168,44601344,1650688,1548288,1363968,807862272,1183744,1138688,5824512,3125248,1290240,2134016,2822144,3522560,11722752,1572864,2785280,1363968,1343488,1019904,85393408,1200128,2232320,3088384,1318912
298,856008,1044480,9023488,2789376,10059776,1372160,4497408,298754048,3051520,53116928,9895936,20074496,3010560,15278080,10063872,19910656,233439232,1019904,1277952,1273856,2592768,1466368,21983232,1060864,5726208,7544832,37769216,10141696,2338816,2494464,81547264,1708032,114573312,2707456,2789376,1003520,31543296,0,26341376,2789376,3571712,71028736,2781184,1470464,1658880,3518464,4419584,5951488,1519616,4952064,2314240,3719168,44601344,1650688,1548288,1363968,807862272,1183744,1138688,5824512,3125248,1290240,2134016,2822144,3522560,11722752,1572864,2785280,1363968,1343488,1019904,85393408,1200128,2232320,3088384,1318912
299,856008,1044480,9023488,2789376,10059776,1372160,4497408,298754048,3051520,53116928,9895936,20074496,3010560,15278080,10063872,19910656,233439232,1019904,1277952,1273856,2592768,1466368,21983232,1060864,5726208,7544832,37769216,10141696,2338816,2494464,81547264,1708032,114573312,2707456,2789376,1003520,31543296,0,26341376,2789376,3571712,71028736,2781184,1470464,1658880,3518464,4452352,5951488,1519616,4952064,2314240,3719168,44601344,1650688,1548288,1363968,807862272,1183744,1138688,5824512,3125248,1290240,2134016,2822144,3522560,11722752,1572864,2785280,1363968,1343488,1019904,85393408,1200128,2232320,3088384,1318912
300,856008,1044480,9023488,2789376,10059776,1372160,4497408,298754048,3051520,53116928,9895936,20074496,3010560,15278080,10063872,19910656,233439232,1019904,1277952,1273856,2592768,1466368,21983232,1060864,5726208,7544832,37769216,10141696,2338816,2494464,81547264,1708032,114573312,2707456,2789376,1003520,31543296,0,26341376,2789376,3571712,71028736,2781184,1470464,1658880,3518464,4452352,5951488,1519616,4952064,2314240,3719168,44601344,1650688,1548288,1363968,807862272,1183744,1138688,5824512,3125248,1290240,2134016,2822144,3522560,11722752,1572864,2785280,1363968,1343488,1019904,85393408,1200128,2232320,3088384,1318912
301,856008,1044480,9023488,2789376,10059776,1372160,4497408,298754048,3051520,53116928,9895936,20074496,3010560,15278080,10063872,19910656,233439232,1019904,1277952,1273856,2592768,1466368,21983232,1060864,5726208,7544832,37769216,10141696,2338816,2494464,81547264,1708032,114573312,2707456,2789376,1003520,31543296,0,26341376,2789376,3571712,71028736,2781184,1470464,1658880,3518464,4452352,5951488,1519616,4952064,2314240,3719168,44601344,1650688,1548288,1363968,807862272,1183744,1138688,5824512,3125248,1290240,2134016,2822144,3522560,11722752,1572864,2785280,1363968,1343488,1019904,85393408,1200128,2232320,3088384,1318912
302,856008,1044480,9023488,2789376,10059776,1372160,4497408,298754048,3051520,53116928,9895936,20074496,3010560,15278080,10063872,19910656,233439232,1019904,1277952,1273856,2592768,1466368,21983232,1060864,5726208,7544832,37769216,10145792,2338816,2494464,81547264,1708032,114573312,2707456,2789376,1003520,31543296,0,26341376,2789376,3571712,71028736,2781184,1470464,1658880,3518464,4452352,5951488,1519616,4952064,2314240,3719168,44601344,1650688,1548288,1363968,807862272,1183744,1138688,5824512,3125248,1290240,2134016,2822144,3522560,11722752,1572864,2785280,1363968,1343488,1019904,85393408,1200128,2232320,3088384,1318912
303,856008,1044480,9023488,2789376,10059776,1372160,4497408,298754048,3051520,53116928,9895936,20074496,3010560,15278080,10063872,19910656,233439232,1019904,1277952,1273856,2592768,1466368,21983232,1060864,5726208,7544832,37769216,10145792,2338816,2494464,81547264,1708032,114573312,2707456,2789376,1003520,31543296,0,26341376,2789376,3571712,71028736,2781184,1470464,1658880,3518464,4452352,5951488,1519616,4952064,2314240,3719168,44601344,1650688,1548288,1363968,807862272,1183744,1138688,5824512,3125248,1290240,2134016,2822144,3522560,11722752,1572864,2785280,1363968,1343488,1019904,85393408,1200128,2232320,3088384,1318912
304,856008,1044480,9023488,2789376,10059776,1372160,4497408,298754048,3051520,53116928,9895936,20074496,3010560,15278080,10063872,19910656,233439232,1019904,1277952,1273856,2592768,1466368,21983232,1060864,5726208,7544832,37769216,10145792,2338816,2494464,81547264,1708032,114573312,2707456,2789376,1003520,31543296,0,26341376,2789376,3571712,71028736,2781184,1470464,1658880,3518464,4452352,5951488,1519616,4952064,2314240,3719168,44601344,1650688,1548288,1363968,807862272,1183744,1138688,5824512,3125248,1290240,2134016,2822144,3522560,11722752,1572864,2785280,1363968,1343488,1019904,85393408,1200128,2232320,3088384,1318912
305,856008,1044480,9023488,2789376,10059776,1372160,4497408,298754048,3051520,53116928,9895936,20074496,3010560,15278080,10063872,19910656,233439232,1019904,1277952,1273856,2592768,1466368,21983232,1060864,5726208,7544832,37769216,10145792,2338816,2494464,81547264,1708032,114573312,2707456,2789376,1003520,31543296,0,26341376,2789376,3571712,71028736,2781184,1470464,1658880,3518464,4452352,5951488,1519616,4952064,2314240,3719168,44601344,1650688,1548288,1363968,807862272,1183744,1138688,5824512,3125248,1290240,2134016,2822144,3522560,11722752,1572864,2785280,1363968,1343488,1019904,85393408,1200128,2232320,3088384,1318912
306,856008,1044480,9023488,2789376,10059776,1372160,4497408,298754048,3051520,53116928,9895936,20074496,3010560,15278080,10063872,19910656,233439232,1019904,1277952,1273856,2592768,1466368,21983232,1060864,5726208,7544832,37769216,10145792,2338816,2494464,81547264,1708032,114573312,2707456,2789376,1003520,31543296,0,26341376,2789376,3571712,71028736,2781184,1470464,1658880,3518464,4485120,5951488,1519616,4952064,2314240,3719168,44601344,1650688,1548288,1363968,807862272,1183744,1138688,5824512,3125248,1290240,2134016,2822144,3522560,11722752,1572864,2785280,1363968,1343488,1019904,85393408,1200128,2232320,3088384,1318912
307,856008,1044480,9023488,2789376,10059776,1372160,4497408,298754048,3051520,53116928,9895936,20074496,3010560,15278080,10063872,19910656,233439232,1019904,1277952,1273856,2592768,1466368,21983232,1060864,5726208,7544832,37769216,10145792,2338816,2494464,81547264,1708032,114573312,2707456,2789376,1003520,31543296,0,26341376,2789376,3571712,71028736,2781184,1470464,1658880,3518464,4485120,5951488,1519616,4952064,2314240,3719168,44601344,1650688,1548288,1363968,807862272,1183744,1138688,5824512,3125248,1290240,2134016,2822144,3522560,11722752,1572864,2785280,1363968,1343488,1019904,85393408,1200128,2232320,3088384,1318912
308,856008,1044480,9023488,2789376,10059776,1372160,4497408,298754048,3051520,53116928,9895936,20074496,3010560,15278080,10063872,19910656,233439232,1019904,1277952,1273856,2592768,1466368,21983232,1060864,5726208,7544832,37769216,10145792,2338816,2494464,81547264,1708032,114573312,2707456,2789376,1003520,31543296,0,26341376,2789376,3571712,71028736,2781184,1470464,1658880,3518464,4485120,5951488,1519616,4952064,2314240,3719168,44601344,1650688,1548288,1363968,807862272,1183744,1138688,5824512,3125248,1290240,2134016,2822144,3522560,11722752,1572864,2785280,1363968,1343488,1019904,85393408,1200128,2232320,3088384,1318912
309,856008,1044480,9023488,2789376,10059776,1372160,4497408,298754048,3051520,53116928,9895936,20074496,3010560,15278080,10063872,19910656,233439232,1019904,1277952,1273856,2592768,1466368,21983232,1060864,5726208,7544832,37769216,10145792,2338816,2494464,81547264,1708032,114573312,2707456,2789376,1003520,31543296,0,26341376,2789376,3571712,71028736,2781184,1470464,1658880,3518464,4485120,5951488,1519616,4952064,2314240,3719168,44601344,1650688,1548288,1363968,807862272,1183744,1138688,5824512,3125248,1290240,2134016,2822144,3522560,11722752,1572864,2785280,1363968,1343488,1019904,85393408,1200128,2232320,3088384,1318912
310,856008,1044480,9023488,2789376,10059776,1372160,4497408,298754048,3051520,53116928,9895936,20074496,3010560,15278080,10063872,19910656,233439232,1019904,1277952,1273856,2592768,1466368,21983232,1060864,5726208,7544832,37769216,10145792,2338816,2494464,81547264,1708032,114573312,2707456,2789376,1003520,31543296,0,26341376,2789376,3571712,71028736,2781184,1470464,1658880,3518464,4485120,5951488,1519616,4952064,2314240,3719168,44601344,1650688,1548288,1363968,807862272,1183744,1138688,5824512,3125248,1290240,2134016,2822144,3522560,11722752,1572864,2785280,1363968,1343488,1019904,85393408,1200128,2232320,3088384,1318912
311,856008,1044480,9023488,2789376,10059776,1372160,4497408,298754048,3051520,53116928,9895936,20074496,3010560,15278080,10063872,19910656,233439232,1019904,1277952,1273856,2592768,1466368,21983232,1060864,5726208,7544832,37769216,10145792,2338816,2494464,81547264,1708032,114573312,2707456,2789376,1003520,31543296,0,26341376,2789376,3571712,71028736,2781184,1470464,1658880,3518464,4485120,5951488,1519616,4952064,2314240,3719168,44601344,1650688,1548288,1363968,807862272,1183744,1138688,5824512,3125248,1290240,2134016,2822144,3522560,11722752,1572864,2785280,1363968,1343488,1019904,85393408,1200128,2232320,3088384,1318912
312,856008,1044480,9023488,2789376,10059776,1372160,4497408,298754048,3051520,53116928,9895936,20074496,3010560,15278080,10063872,19910656,233439232,1019904,1277952,1273856,2592768,1466368,21983232,1060864,5726208,7544832,37769216,10145792,2338816,2494464,81547264,1708032,114573312,2707456,2789376,1003520,31543296,0,26341376,2789376,3571712,71028736,2781184,1470464,1658880,3518464,4485120,5951488,1519616,4952064,2314240,3719168,44601344,1650688,1548288,1363968,807862272,1183744,1138688,5824512,3125248,1290240,2134016,2822144,3522560,11722752,1572864,2785280,1363968,1343488,1019904,85393408,1200128,2232320,3088384,1318912
313,856008,1044480,9023488,2789376,10059776,1372160,4497408,298754048,3051520,53116928,9895936,20074496,3010560,15278080,10063872,19910656,233439232,1019904,1277952,1273856,2592768,1466368,21983232,1060864,5726208,7544832,37769216,10145792,2338816,2494464,81547264,1708032,114573312,2707456,2789376,1003520,31543296,0,26341376,2789376,3571712,71028736,2781184,1470464,1658880,3518464,4517888,5951488,1519616,4952064,2314240,3719168,44601344,1650688,1548288,1363968,807862272,1183744,1138688,5824512,3125248,1290240,2134016,2822144,3522560,11722752,1572864,2785280,1363968,1343488,1019904,85393408,1200128,2232320,3088384,1318912
314,856008,1044480,9023488,2789376,10059776,1372160,4497408,298754048,3051520,53116928,9895936,20074496,3010560,15278080,10063872,19910656,233439232,1019904,1277952,1273856,2592768,1466368,21983232,1060864,5726208,7544832,37769216,10145792,2338816,2494464,81547264,1708032,114573312,2707456,2789376,1003520,31543296,0,26341376,2789376,3571712,71028736,2781184,1470464,1658880,3518464,4517888,5951488,1519616,4952064,2314240,3719168,44601344,1650688,1548288,1363968,807862272,1183744,1138688,5824512,3125248,1290240,2134016,2822144,3522560,11722752,1572864,2785280,1363968,1343488,1019904,85393408,1200128,2232320,3088384,1318912
315,856008,1044480,9023488,2789376,10059776,1372160,4497408,298754048,3051520,53116928,9895936,20074496,3010560,15278080,10063872,19910656,233439232,1019904,1277952,1273856,2592768,1466368,21983232,1060864,5726208,7544832,37769216,10145792,2338816,2494464,81547264,1708032,114573312,2707456,2789376,1003520,31543296,0,26341376,2789376,3571712,71028736,2781184,1470464,1658880,3518464,4517888,5951488,1519616,4952064,2314240,3719168,44601344,1650688,1548288,1363968,807862272,1183744,1138688,5824512,3125248,1290240,2134016,2822144,3522560,11722752,1572864,2785280,1363968,1343488,1019904,85393408,1200128,2232320,3088384,1318912
316,856008,1044480,9023488,2789376,10059776,1372160,4497408,298754048,3051520,53116928,9895936,20074496,3010560,15278080,10063872,19910656,233439232,1019904,1277952,1273856,2592768,1466368,21983232,1060864,5726208,7544832,37769216,10145792,2338816,2494464,81547264,1708032,114573312,2707456,2789376,1003520,31543296,0,26341376,2789376,3571712,71028736,2781184,1470464,1658880,3518464,4517888,5951488,1519616,4952064,2314240,3719168,44601344,1650688,1548288,1363968,807862272,1183744,1138688,5824512,3125248,1290240,2134016,2822144,3522560,11722752,1572864,2785280,1363968,1343488,1019904,85393408,1200128,2232320,3088384,1318912
317,856008,1044480,9023488,2789376,10059776,1372160,4497408,298754048,3051520,53116928,9895936,20074496,3010560,15278080,10063872,19910656,233439232,1019904,1277952,1273856,2592768,1466368,21983232,1060864,5726208,7544832,37769216,10145792,2338816,2494464,81547264,1708032,114573312,2707456,2789376,1003520,31543296,0,26341376,2789376,3571712,71028736,2781184,1470464,1658880,3518464,4517888,5951488,1519616,4952064,2314240,3719168,44601344,1650688,1548288,1363968,807862272,1183744,1138688,5824512,3125248,1290240,2134016,2822144,3522560,11722752,1572864,2785280,1363968,1343488,1019904,85393408,1200128,2232320,3088384,1318912
318,856008,1044480,9023488,2789376,10059776,1372160,4497408,298754048,3051520,53116928,9895936,20074496,3010560,15278080,10063872,19910656,233439232,1019904,1277952,1273856,2592768,1466368,21983232,1060864,5726208,7544832,37769216,10145792,2338816,2494464,81547264,1708032,114573312,2707456,2789376,1003520,31543296,0,26341376,2789376,3571712,71028736,2781184,1470464,1658880,3518464,4517888,5951488,1519616,4952064,2314240,3719168,44601344,1650688,1548288,1363968,807862272,1183744,1138688,5824512,3125248,1290240,2134016,2822144,3522560,11722752,1572864,2785280,1363968,1343488,1019904,85393408,1200128,2232320,3088384,1318912
319,856008,1044480,9023488,2789376,10059776,1372160,4497408,298754048,3051520,53116928,9895936,20074496,3010560,15278080,10063872,19910656,233439232,1019904,1277952,1273856,2592768,1466368,21983232,1060864,5726208,7544832,37769216,10145792,2338816,2494464,81547264,1708032,114573312,2707456,2789376,1003520,31543296,0,26341376,2789376,3571712,71028736,2781184,1470464,1658880,3518464,4517888,5951488,1519616,4952064,2314240,3719168,44601344,1650688,1548288,1363968,807862272,1183744,1138688,5824512,3125248,1290240,2134016,2822144,3522560,11722752,1572864,2785280,1363968,1343488,1019904,85393408,1200128,2232320,3088384,1318912
320,856008,1044480,9023488,2789376,10059776,1372160,4497408,298754048,3051520,53116928,9895936,20074496,3010560,15278080,10063872,19910656,233439232,1019904,1277952,1273856,2592768,1466368,21983232,1060864,5726208,7544832,37769216,10145792,2338816,2494464,81547264,1708032,114573312,2707456,2789376,1003520,31543296,0,26341376,2789376,3571712,71028736,2781184,1470464,1658880,3518464,4550656,5951488,1519616,4952064,2314240,3719168,44601344,1650688,1548288,1363968,807862272,1183744,1138688,5824512,3125248,1290240,2134016,2822144,3522560,11722752,1572864,2785280,1363968,1343488,1019904,85393408,1200128,2232320,3088384,1318912
321,856008,1044480,9023488,2789376,10059776,1372160,4497408,298754048,3051520,53116928,9895936,20074496,3010560,15278080,10063872,19910656,233439232,1019904,1277952,1273856,2592768,1466368,21983232,1060864,5726208,7544832,37769216,10145792,2338816,2494464,81547264,1708032,114573312,2707456,2789376,1003520,31543296,0,26341376,2789376,3571712,71028736,2781184,1470464,1658880,3518464,4550656,5951488,1519616,4952064,2314240,3719168,44601344,1650688,1548288,1363968,807862272,1183744,1138688,5824512,3125248,1290240,2134016,2822144,3522560,11722752,1572864,2785280,1363968,1343488,1019904,85393408,1200128,2232320,3088384,1318912
322,856008,1044480,9023488,2789376,10059776,1372160,4497408,298754048,3051520,53116928,9895936,20074496,3010560,15278080,10063872,19910656,233439232,1019904,1277952,1273856,2592768,1466368,21983232,1060864,5726208,7544832,37769216,10145792,2338816,2494464,81547264,1708032,114573312,2707456,2789376,1003520,31543296,0,26341376,2789376,3571712,71028736,2781184,1470464,1658880,3518464,4550656,5951488,1519616,4952064,2314240,3719168,44601344,1650688,1548288,1363968,807862272,1183744,1138688,5824512,3125248,1290240,2134016,2822144,3522560,11722752,1572864,2785280,1363968,1343488,1019904,85393408,1200128,2232320,3088384,1318912
323,856008,1044480,9023488,2789376,10059776,1372160,4497408,298754048,3051520,53116928,9895936,20074496,3010560,15278080,10063872,19910656,233439232,1019904,1277952,1273856,2592768,1466368,21983232,1060864,5726208,7544832,37769216,10145792,2338816,2494464,81547264,1708032,114573312,2707456,2789376,1003520,31543296,0,26341376,2789376,3571712,71028736,2781184,1470464,1658880,3518464,4550656,5951488,1519616,4952064,2314240,3719168,44601344,1650688,1548288,1363968,807862272,1183744,1138688,5824512,3125248,1290240,2134016,2822144,3522560,11722752,1572864,2785280,1363968,1343488,1019904,85393408,1200128,2232320,3088384,1318912
324,856008,1044480,9023488,2789376,10059776,1372160,4497408,298754048,3051520,53116928,9895936,20074496,3010560,15278080,10063872,19910656,233439232,1019904,1277952,1273856,2592768,1466368,21983232,1060864,5726208,7544832,37769216,10145792,2338816,2494464,81547264,1708032,114573312,2707456,2789376,1003520,31543296,0,26341376,2789376,3571712,71028736,2781184,1470464,1658880,3518464,4550656,5951488,1519616,4952064,2314240,3719168,44601344,1650688,1548288,1363968,807862272,1183744,1138688,5824512,3125248,1290240,2134016,2822144,3522560,11722752,1572864,2785280,1363968,1343488,1019904,85393408,1200128,2232320,3088384,1318912
325,856008,1044480,9023488,2789376,10059776,1372160,4497408,298754048,3051520,53116928,9895936,20074496,3010560,15278080,10063872,19910656,233439232,1019904,1277952,1273856,2592768,1466368,21983232,1060864,5726208,7544832,37769216,10145792,2338816,2494464,81547264,1708032,114573312,2707456,2789376,1003520,31543296,0,26341376,2789376,3571712,71028736,2781184,1470464,1658880,3518464,4550656,5951488,1519616,4952064,2314240,3719168,44601344,1650688,1548288,1363968,807862272,1183744,1138688,5824512,3125248,1290240,2134016,2822144,3522560,11722752,1572864,2785280,1363968,1343488,1019904,85393408,1200128,2232320,3088384,1318912
326,856008,1044480,9023488,2789376,10059776,1372160,4497408,298754048,3051520,53116928,9895936,20074496,3010560,15278080,10063872,19910656,233439232,1019904,1277952,1273856,2592768,1466368,21983232,1060864,5726208,7544832,37769216,10133504,2338816,2494464,81547264,1708032,114573312,2707456,2789376,1003520,31543296,0,26341376,2789376,3571712,71028736,2781184,1470464,1658880,3518464,4550656,5951488,1519616,4952064,2314240,3719168,44601344,1650688,1548288,1363968,807862272,1183744,1138688,5824512,3125248,1290240,2134016,2822144,3522560,11722752,1572864,2785280,1363968,1343488,1019904,85393408,1200128,2232320,3088384,1318912
327,856008,1044480,9023488,2789376,10059776,1372160,4497408,298754048,3051520,53116928,9895936,20074496,3010560,15278080,10063872,19910656,233439232,1019904,1277952,1273856,2592768,1466368,21983232,1060864,5726208,7544832,37769216,10133504,2338816,2494464,81547264,1708032,114573312,2707456,2789376,1003520,31543296,0,26341376,2789376,3571712,71028736,2781184,1470464,1658880,3518464,4583424,5951488,1519616,4952064,2314240,3719168,44601344,1650688,1548288,1363968,807862272,1183744,1138688,5824512,3125248,1290240,2134016,2822144,3522560,11722752,1572864,2785280,1363968,1343488,1019904,85393408,1200128,2232320,3088384,1318912
328,856008,1044480,9023488,2789376,10059776,1372160,4497408,298754048,3051520,53116928,9895936,20074496,3010560,15278080,10063872,19910656,233439232,1019904,1277952,1273856,2592768,1466368,21983232,1060864,5726208,7544832,37769216,10133504,2338816,2494464,81547264,1708032,114573312,2707456,2789376,1003520,31543296,0,26341376,2789376,3571712,71028736,2781184,1470464,1658880,3518464,4583424,5951488,1519616,4952064,2314240,3719168,44601344,1650688,1548288,1363968,807862272,1183744,1138688,5824512,3125248,1290240,2134016,2822144,3522560,11722752,1572864,2785280,1363968,1343488,1019904,85393408,1200128,2232320,3088384,1318912
329,856008,1044480,9023488,2789376,10059776,1372160,4497408,298754048,3051520,53116928,9895936,20074496,3010560,15278080,10063872,19910656,233439232,1019904,1277952,1273856,2592768,1466368,21983232,1060864,5726208,7544832,37769216,10133504,2338816,2494464,81547264,1708032,114573312,2707456,2789376,1003520,31543296,0,26341376,2789376,3571712,71028736,2781184,1470464,1658880,3518464,4583424,5951488,1519616,4952064,2314240,3719168,44601344,1650688,1548288,1363968,807862272,1183744,1138688,5824512,3125248,1290240,2134016,2822144,3522560,11722752,1572864,2785280,1363968,1343488,1019904,85393408,1200128,2232320,3088384,1318912
330,856008,1044480,9023488,2789376,10059776,1372160,4497408,298754048,3051520,53116928,9895936,20074496,3010560,15278080,10063872,19910656,233439232,1019904,1277952,1273856,2592768,1466368,21983232,1060864,5726208,7544832,37769216,10133504,2338816,2494464,81547264,1708032,114573312,2707456,2789376,1003520,31543296,0,26341376,2789376,3571712,71028736,2781184,1470464,1658880,3518464,4583424,5951488,1519616,4952064,2314240,3719168,44601344,1650688,1548288,1363968,807862272,1183744,1138688,5824512,3125248,1290240,2134016,2822144,3522560,11722752,1572864,2785280,1363968,1343488,1019904,85393408,1200128,2232320,3088384,1318912
331,856008,1044480,9023488,2789376,10059776,1372160,4497408,298754048,3051520,53116928,9895936,20074496,3010560,15278080,10063872,19910656,233439232,1019904,1277952,1273856,2592768,1466368,21983232,1060864,5726208,7544832,37769216,10133504,2338816,2494464,81547264,1708032,114573312,2707456,2789376,1003520,31543296,0,26341376,2789376,3571712,71028736,2781184,1470464,1658880,3518464,4583424,5951488,1519616,4952064,2314240,3719168,44601344,1650688,1548288,1363968,807862272,1183744,1138688,5824512,3125248,1290240,2134016,2822144,3522560,11722752,1572864,2785280,1363968,1343488,1019904,85393408,1200128,2232320,3088384,1318912
332,856008,1044480,9023488,2789376,10059776,1372160,4497408,298754048,3051520,53116928,9895936,20074496,3010560,15278080,10063872,19910656,233439232,1019904,1277952,1273856,2592768,1466368,21983232,1060864,5726208,7544832,37769216,10133504,2338816,2494464,81547264,1708032,114573312,2707456,2789376,1003520,31543296,0,26341376,2789376,3571712,71028736,2781184,1470464,1658880,3518464,4583424,5951488,1519616,4952064,2314240,3719168,44601344,1650688,1548288,1363968,807862272,1183744,1138688,5824512,3125248,1290240,2134016,2822144,3522560,11722752,1572864,2785280,1363968,1343488,1019904,85393408,1200128,2232320,3088384,1318912
333,856008,1044480,9023488,2789376,10059776,1372160,4497408,298754048,3051520,53116928,9895936,20074496,3010560,15278080,10063872,19910656,233439232,1019904,1277952,1273856,2592768,1466368,21983232,1060864,5726208,7544832,37769216,10133504,2338816,2494464,81547264,1708032,114573312,2707456,2789376,1003520,31543296,0,26341376,2789376,3571712,71028736,2781184,1470464,1658880,3518464,4583424,5951488,1519616,4952064,2314240,3719168,44601344,1650688,1548288,1363968,807862272,1183744,1138688,5824512,3125248,1290240,2134016,2822144,3522560,11722752,1572864,2785280,1363968,1343488,1019904,85393408,1200128,2232320,3088384,1318912
334,856008,1044480,9023488,2789376,10059776,1372160,4497408,298754048,3051520,53116928,9895936,20074496,3010560,15278080,10063872,19910656,233439232,1019904,1277952,1273856,2592768,1466368,21983232,1060864,5726208,7544832,37769216,10133504,2338816,2494464,81547264,1708032,114573312,2707456,2789376,1003520,31543296,0,26341376,2789376,3571712,71028736,2781184,1470464,1658880,3518464,4616192,5951488,1519616,4952064,2314240,3719168,44601344,1650688,1548288,1363968,807862272,1183744,1138688,5824512,3125248,1290240,2134016,2822144,3522560,11722752,1572864,2785280,1363968,1343488,1019904,85393408,1200128,2232320,3088384,1318912
335,856008,1044480,9023488,2789376,10059776,1372160,4497408,298754048,3051520,53116928,9895936,20074496,3010560,15278080,10063872,19910656,233439232,1019904,1277952,1273856,2592768,1466368,21983232,1060864,5726208,7544832,37769216,10133504,2338816,2494464,81547264,1708032,114573312,2707456,2789376,1003520,31543296,0,26341376,2789376,3571712,71028736,2781184,1470464,1658880,3518464,4616192,5951488,1519616,4952064,2314240,3719168,44601344,1650688,1548288,1363968,807862272,1183744,1138688,5824512,3125248,1290240,2134016,2822144,3522560,11722752,1572864,2785280,1363968,1343488,1019904,85393408,1200128,2232320,3088384,1318912
336,856008,1044480,9023488,2789376,10059776,1372160,4497408,298754048,3051520,53116928,9895936,20074496,3010560,15278080,10063872,19910656,233439232,1019904,1277952,1273856,2592768,1466368,21983232,1060864,5726208,7544832,37769216,10133504,2338816,2494464,81547264,1708032,114573312,2707456,2789376,1003520,31543296,0,26341376,2789376,3571712,71028736,2781184,1470464,1658880,3518464,4616192,5951488,1519616,4952064,2314240,3719168,44601344,1650688,1548288,1363968,807862272,1183744,1138688,5824512,3125248,1290240,2134016,2822144,3522560,11722752,1572864,2785280,1363968,1343488,1019904,85393408,1200128,2232320,3088384,1318912
337,856008,1044480,9023488,2789376,10059776,1372160,4497408,298754048,3051520,53116928,9895936,20074496,3010560,15278080,10063872,19910656,233439232,1019904,1277952,1273856,2592768,1466368,21983232,1060864,5726208,7544832,37769216,10133504,2338816,2494464,81547264,1708032,114573312,2707456,2789376,1003520,31543296,0,26341376,2789376,3571712,71028736,2781184,1470464,1658880,3518464,4616192,5951488,1519616,4952064,2314240,3719168,44601344,1650688,1548288,1363968,807862272,1183744,1138688,5824512,3125248,1290240,2134016,2822144,3522560,11722752,1572864,2785280,1363968,1343488,1019904,85393408,1200128,2232320,3088384,1318912
338,856008,1044480,9023488,2789376,10059776,1372160,4497408,298754048,3051520,53116928,9895936,20074496,3010560,15278080,10063872,19910656,233439232,1019904,1277952,1273856,2592768,1466368,21983232,1060864,5726208,7544832,37769216,10133504,2338816,2494464,81547264,1708032,114573312,2707456,2789376,1003520,31543296,0,26341376,2789376,3571712,71028736,2781184,1470464,1658880,3518464,4616192,5951488,1519616,4952064,2314240,3719168,44601344,1650688,1548288,1363968,807862272,1183744,1138688,5824512,3125248,1290240,2134016,2822144,3522560,11722752,1572864,2785280,1363968,1343488,1019904,85393408,1200128,2232320,3088384,1318912
339,856008,1044480,9023488,2789376,10059776,1372160,4497408,298754048,3051520,53116928,9895936,20074496,3010560,15278080,10063872,19910656,233439232,1019904,1277952,1273856,2592768,1466368,21983232,1060864,5726208,7544832,37769216,10133504,2338816,2494464,81547264,1708032,114573312,2707456,2789376,1003520,31543296,0,26341376,2789376,3571712,71028736,2781184,1470464,1658880,3518464,4616192,5951488,1519616,4952064,2314240,3719168,44601344,1650688,1548288,1363968,807862272,1183744,1138688,5824512,3125248,1290240,2134016,2822144,3522560,11722752,1572864,2785280,1363968,1343488,1019904,85393408,1200128,2232320,3088384,1318912
340,856008,1044480,9023488,2789376,10059776,1372160,4497408,298754048,3051520,53116928,9895936,20074496,3010560,15278080,10063872,19910656,233439232,1019904,1277952,1273856,2592768,1466368,21983232,1060864,5726208,7544832,37769216,10133504,2338816,2494464,81547264,1708032,114573312,2707456,2789376,1003520,31543296,0,26341376,2789376,3571712,71028736,2781184,1470464,1658880,3518464,4616192,5951488,1519616,4952064,2314240,3719168,44601344,1650688,1548288,1363968,807862272,1183744,1138688,5824512,3125248,1290240,2134016,2822144,3522560,11722752,1572864,2785280,1363968,1343488,1019904,85393408,1200128,2232320,3088384,1318912
341,856008,1044480,9023488,2789376,10059776,1372160,4497408,298754048,3051520,53116928,9895936,20074496,3010560,15278080,10063872,19910656,233439232,1019904,1277952,1273856,2592768,1466368,21983232,1060864,5726208,7544832,37769216,10133504,2338816,2494464,81547264,1708032,114573312,2707456,2789376,1003520,31543296,0,26341376,2789376,3571712,71028736,2781184,1470464,1658880,3518464,4648960,5951488,1519616,4952064,2314240,3719168,44601344,1650688,1548288,1363968,807862272,1183744,1138688,5824512,3125248,1290240,2134016,2822144,3522560,11722752,1572864,2785280,1363968,1343488,1019904,85393408,1200128,2232320,3088384,1318912
342,856008,1044480,9023488,2789376,10059776,1372160,4497408,298754048,3051520,53116928,9895936,20074496,3010560,15278080,10063872,19910656,233439232,1019904,1277952,1273856,2592768,1466368,21983232,1060864,5726208,7544832,37769216,10133504,2338816,2494464,81547264,1708032,114573312,2707456,2789376,1003520,31543296,0,26341376,2789376,3571712,71028736,2781184,1470464,1658880,3518464,4681728,5951488,1519616,4952064,2314240,3719168,44601344,1650688,1548288,1363968,807862272,1183744,1138688,5824512,3125248,1290240,2134016,2822144,3522560,11722752,1572864,2785280,1363968,1343488,1019904,85393408,1200128,2232320,3088384,1318912
343,856008,1044480,9023488,2789376,10059776,1372160,4497408,298754048,3051520,53116928,9895936,20074496,3010560,15278080,10063872,19910656,233439232,1019904,1277952,1273856,2592768,1466368,21983232,1060864,5726208,7544832,37769216,10133504,2338816,2494464,81547264,1708032,114573312,2707456,2789376,1003520,31543296,0,26341376,2789376,3571712,71028736,2781184,1470464,1658880,3518464,4681728,5951488,1519616,4952064,2314240,3719168,44601344,1650688,1548288,1363968,807862272,1183744,1138688,5824512,3125248,1290240,2134016,2822144,3522560,11722752,1572864,2785280,1363968,1343488,1019904,85393408,1200128,2232320,3088384,1318912
344,856008,1044480,9023488,2789376,10059776,1372160,4497408,298754048,3051520,53116928,9895936,20074496,3010560,15278080,10063872,19910656,233439232,1019904,1277952,1273856,2592768,1466368,21983232,1060864,5726208,7544832,37769216,10133504,2338816,2494464,81547264,1708032,114573312,2707456,2789376,1003520,31543296,0,26341376,2789376,3571712,71028736,2781184,1470464,1658880,3518464,4681728,5951488,1519616,4952064,2314240,3719168,44601344,1650688,1548288,1363968,807862272,1183744,1138688,5824512,3125248,1290240,2134016,2822144,3522560,11722752,1572864,2785280,1363968,1343488,1019904,85393408,1200128,2232320,3088384,1318912
345,856008,1044480,9023488,2789376,10059776,1372160,4497408,298754048,3051520,53116928,9895936,20074496,3010560,15278080,10063872,19910656,233439232,1019904,1277952,1273856,2592768,1466368,21983232,1060864,5726208,7544832,37769216,10133504,2338816,2494464,81547264,1708032,114573312,2707456,2789376,1003520,31543296,0,26341376,2789376,3571712,71028736,2781184,1470464,1658880,3518464,4681728,5951488,1519616,4952064,2314240,3719168,44601344,1650688,1548288,1363968,807862272,1183744,1138688,5824512,3125248,1290240,2134016,2822144,3522560,11722752,1572864,2785280,1363968,1343488,1019904,85393408,1200128,2232320,3088384,1318912
346,856008,1044480,9023488,2789376,10059776,1372160,4497408,298754048,3051520,53116928,9895936,20074496,3010560,15278080,10063872,19910656,233439232,1019904,1277952,1273856,2592768,1466368,21983232,1060864,5726208,7544832,37769216,10133504,2338816,2494464,81547264,1708032,114573312,2707456,2789376,1003520,31543296,0,26341376,2789376,3571712,71028736,2781184,1470464,1658880,3518464,4681728,5951488,1519616,4952064,2314240,3719168,44601344,1650688,1548288,1363968,807862272,1183744,1138688,5824512,3125248,1290240,2134016,2822144,3522560,11722752,1572864,2785280,1363968,1343488,1019904,85393408,1200128,2232320,3088384,1318912
347,856008,1044480,9023488,2789376,10059776,1372160,4497408,298754048,3051520,53116928,9895936,20074496,3010560,15278080,10063872,19910656,233439232,1019904,1277952,1273856,2592768,1466368,21983232,1060864,5726208,7544832,37769216,10133504,2338816,2494464,81547264,1708032,114573312,2707456,2789376,1003520,31543296,0,26341376,2789376,3571712,71028736,2781184,1470464,1658880,3518464,4681728,5951488,1519616,4952064,2314240,3719168,44601344,1650688,1548288,1363968,807862272,1183744,1138688,5824512,3125248,1290240,2134016,2822144,3522560,11722752,1572864,2785280,1363968,1343488,1019904,85393408,1200128,2232320,3088384,1318912
348,856008,1044480,9023488,2789376,10059776,1372160,4497408,298754048,3051520,53116928,9895936,20074496,3010560,15278080,10063872,19910656,233439232,1019904,1277952,1273856,2592768,1466368,21983232,1060864,5726208,7544832,37769216,10133504,2338816,2494464,81547264,1708032,114573312,2707456,2789376,1003520,31543296,0,26341376,2789376,3571712,71028736,2781184,1470464,1658880,3518464,4714496,5951488,1519616,4952064,2314240,3719168,44601344,1650688,1548288,1363968,807862272,1183744,1138688,5824512,3125248,1290240,2134016,2822144,3522560,11722752,1572864,2785280,1363968,1343488,1019904,85393408,1200128,2232320,3088384,1318912
349,856008,1044480,9023488,2789376,10059776,1372160,4497408,298754048,3051520,53116928,9895936,20074496,3010560,15278080,10063872,19910656,233439232,1019904,1277952,1273856,2592768,1466368,21983232,1060864,5726208,7544832,37769216,10133504,2338816,2494464,81547264,1708032,114573312,2707456,2789376,1003520,31543296,0,26341376,2789376,3571712,71028736,2781184,1470464,1658880,3518464,4714496,5951488,1519616,4952064,2314240,3719168,44601344,1650688,1548288,1363968,807862272,1183744,1138688,5824512,3125248,1290240,2134016,2822144,3522560,11722752,1572864,2785280,1363968,1343488,1019904,85393408,1200128,2232320,3088384,1318912
350,856008,1044480,9023488,2789376,10059776,1372160,4497408,298754048,3051520,53116928,9895936,20074496,3010560,15278080,10063872,19910656,233439232,1019904,1277952,1273856,2592768,1466368,21983232,1060864,5726208,7544832,37769216,10137600,2338816,2494464,81547264,1708032,114573312,2707456,2789376,1003520,31543296,0,26341376,2789376,3571712,71028736,2781184,1470464,1658880,3518464,4714496,5951488,1519616,4952064,2314240,3719168,44601344,1650688,1548288,1363968,807862272,1183744,1138688,5824512,3125248,1290240,2134016,2822144,3522560,11722752,1572864,2785280,1363968,1343488,1019904,85393408,1200128,2232320,3088384,1318912
351,856008,1044480,9023488,2789376,10059776,1372160,4497408,298754048,3051520,53116928,9895936,20074496,3010560,15278080,10063872,19910656,233439232,1019904,1277952,1273856,2592768,1466368,21983232,1060864,5726208,7544832,37769216,10137600,2338816,2494464,81547264,1708032,114573312,2707456,2789376,1003520,31543296,0,26341376,2789376,3571712,71028736,2781184,1470464,1658880,3518464,4714496,5951488,1519616,4952064,2314240,3719168,44601344,1650688,1548288,1363968,807862272,1183744,1138688,5824512,3125248,1290240,2134016,2822144,3522560,11722752,1572864,2785280,1363968,1343488,1019904,85393408,1200128,2232320,3088384,1318912
352,856008,1044480,9023488,2789376,10059776,1372160,4497408,298754048,3051520,53116928,9895936,20074496,3010560,15278080,10063872,19910656,233439232,1019904,1277952,1273856,2592768,1466368,21983232,1060864,5726208,7544832,37769216,10137600,2338816,2494464,81547264,1708032,114573312,2707456,2789376,1003520,31543296,0,26341376,2789376,3571712,71028736,2781184,1470464,1658880,3518464,4714496,5951488,1519616,4952064,2314240,3719168,44601344,1650688,1548288,1363968,807862272,1183744,1138688,5824512,3125248,1290240,2134016,2822144,3522560,11722752,1572864,2785280,1363968,1343488,1019904,85393408,1200128,2232320,3088384,1318912
353,856008,1044480,9023488,2789376,10059776,1372160,4497408,298754048,3051520,53116928,9895936,20074496,3010560,15278080,10063872,19910656,233439232,1019904,1277952,1273856,2592768,1466368,21983232,1060864,5726208,7544832,37769216,10137600,2338816,2494464,81547264,1708032,114573312,2707456,2789376,1003520,31543296,0,26341376,2789376,3571712,71028736,2781184,1470464,1658880,3518464,4714496,5951488,1519616,4952064,2314240,3719168,44601344,1650688,1548288,1363968,807862272,1183744,1138688,5824512,3125248,1290240,2134016,2822144,3522560,11722752,1572864,2785280,1363968,1343488,1019904,85393408,1200128,2232320,3088384,1318912
354,856008,1044480,9023488,2789376,10059776,1372160,4497408,298754048,3051520,53116928,9895936,20074496,3010560,15278080,10063872,19910656,233439232,1019904,1277952,1273856,2592768,1466368,21983232,1060864,5726208,7544832,37769216,10137600,2338816,2494464,81547264,1708032,114573312,2707456,2789376,1003520,31543296,0,26341376,2789376,3571712,71028736,2781184,1470464,1658880,3518464,4714496,5951488,1519616,4952064,2314240,3719168,44601344,1650688,1548288,1363968,807862272,1183744,1138688,5824512,3125248,1290240,2134016,2822144,3522560,11722752,1572864,2785280,1363968,1343488,1019904,85393408,1200128,2232320,3088384,1318912
355,856008,1044480,9023488,2789376,10059776,1372160,4497408,298754048,3051520,53116928,9895936,20074496,3010560,15278080,10063872,19910656,233439232,1019904,1277952,1273856,2592768,1466368,21983232,1060864,5726208,7544832,37769216,10137600,2338816,2494464,81547264,1708032,114573312,2707456,2789376,1003520,31543296,0,26341376,2789376,3571712,71028736,2781184,1470464,1658880,3518464,4747264,5951488,1519616,4952064,2314240,3719168,44601344,1650688,1548288,1363968,807862272,1183744,1138688,5824512,3125248,1290240,2134016,2822144,3522560,11722752,1572864,2785280,1363968,1343488,1019904,85393408,1200128,2232320,3088384,1318912
356,856008,1044480,9023488,2789376,10059776,1372160,4497408,298754048,3051520,53116928,9895936,20074496,3010560,15278080,10063872,19910656,233439232,1019904,1277952,1273856,2592768,1466368,21983232,1060864,5726208,7544832,37769216,10137600,2338816,2494464,81547264,1708032,114573312,2707456,2789376,1003520,31543296,0,26341376,2789376,3571712,71028736,2781184,1470464,1658880,3518464,4747264,5951488,1519616,4952064,2314240,3719168,44601344,1650688,1548288,1363968,807862272,1183744,1138688,5824512,3125248,1290240,2134016,2822144,3522560,11722752,1572864,2785280,1363968,1343488,1019904,85393408,1200128,2232320,3088384,1318912
357,856008,1044480,9023488,2789376,10059776,1372160,4497408,298754048,3051520,53116928,9895936,20074496,3010560,15278080,10063872,19910656,233439232,1019904,1277952,1273856,2592768,1466368,21983232,1060864,5726208,7544832,37769216,10137600,2338816,2494464,81547264,1708032,114573312,2707456,2789376,1003520,31543296,0,26341376,2789376,3571712,71028736,2781184,1470464,1658880,3518464,4747264,5951488,1519616,4952064,2314240,3719168,44601344,1650688,1548288,1363968,807862272,1183744,1138688,5824512,3125248,1290240,2134016,2822144,3522560,11722752,1572864,2785280,1363968,1343488,1019904,85393408,1200128,2232320,3088384,1318912
358,856008,1044480,9023488,2789376,10059776,1372160,4497408,298754048,3051520,53116928,9895936,20074496,3010560,15278080,10063872,19910656,233439232,1019904,1277952,1273856,2592768,1466368,21983232,1060864,5726208,7544832,37769216,10137600,2338816,2494464,81547264,1708032,114573312,2707456,2789376,1003520,31543296,0,26341376,2789376,3571712,71028736,2781184,1470464,1658880,3518464,4747264,5951488,1519616,4952064,2314240,3719168,44601344,1650688,1548288,1363968,807862272,1183744,1138688,5824512,3125248,1290240,2134016,2822144,3522560,11722752,1572864,2785280,1363968,1343488,1019904,85393408,1200128,2232320,3088384,1318912
359,856008,1044480,9023488,2789376,10059776,1372160,4497408,298754048,3051520,53116928,9895936,20074496,3010560,15278080,10063872,19910656,233439232,1019904,1277952,1273856,2592768,1466368,21983232,1060864,5726208,7544832,37769216,10137600,2338816,2494464,81547264,1708032,114573312,2707456,2789376,1003520,31543296,0,26341376,2789376,3571712,71028736,2781184,1470464,1658880,3518464,4747264,5951488,1519616,4952064,2314240,3719168,44601344,1650688,1548288,1363968,807862272,1183744,1138688,5824512,3125248,1290240,2134016,2822144,3522560,11722752,1572864,2785280,1363968,1343488,1019904,85393408,1200128,2232320,3088384,1318912
360,856008,1044480,9023488,2789376,10059776,1372160,4497408,298754048,3051520,53116928,9895936,20074496,3010560,15278080,10063872,19910656,233439232,1019904,1277952,1273856,2592768,1466368,21983232,1060864,5726208,7544832,37769216,10137600,2338816,2494464,81547264,1708032,114573312,2707456,2789376,1003520,31543296,0,26341376,2789376,3571712,71028736,2781184,1470464,1658880,3518464,4747264,5951488,1519616,4952064,2314240,3719168,44601344,1650688,1548288,1363968,807862272,1183744,1138688,5824512,3125248,1290240,2134016,2822144,3522560,11722752,1572864,2785280,1363968,1343488,1019904,85393408,1200128,2232320,3088384,1318912
361,856008,1044480,9023488,2789376,10059776,1372160,4497408,298754048,3051520,53116928,9895936,20074496,3010560,15278080,10063872,19910656,233439232,1019904,1277952,1273856,2592768,1466368,21983232,1060864,5726208,7544832,37769216,10137600,2338816,2494464,81547264,1708032,114573312,2707456,2789376,1003520,31543296,0,26341376,2789376,3571712,71028736,2781184,1470464,1658880,3518464,4747264,5951488,1519616,4952064,2314240,3719168,44601344,1650688,1548288,1363968,807862272,1183744,1138688,5824512,3125248,1290240,2134016,2822144,3522560,11722752,1572864,2785280,1363968,1343488,1019904,85393408,1200128,2232320,3088384,1318912
362,856008,1044480,9023488,2789376,10059776,1372160,4497408,298754048,3051520,53116928,9895936,20074496,3010560,15278080,10063872,19910656,233439232,1019904,1277952,1273856,2592768,1466368,21983232,1060864,5726208,7544832,37769216,10137600,2338816,2494464,81547264,1708032,114573312,2707456,2789376,1003520,31543296,0,26341376,2789376,3571712,71028736,2781184,1470464,1658880,3518464,4780032,5951488,1519616,4952064,2314240,3719168,44601344,1650688,1548288,1363968,807862272,1183744,1138688,5824512,3125248,1290240,2134016,2822144,3522560,11722752,1572864,2785280,1363968,1343488,1019904,85393408,1200128,2232320,3088384,1318912
363,856008,1044480,9023488,2789376,10059776,1372160,4497408,298754048,3051520,53116928,9895936,20074496,3010560,15278080,10063872,19910656,233439232,1019904,1277952,1273856,2592768,1466368,21983232,1060864,5726208,7544832,37769216,10137600,2338816,2494464,81547264,1708032,114573312,2707456,2789376,1003520,31543296,0,26341376,2789376,3571712,71028736,2781184,1470464,1658880,3518464,4780032,5951488,1519616,4952064,2314240,3719168,44601344,1650688,1548288,1363968,807862272,1183744,1138688,5824512,3125248,1290240,2134016,2822144,3522560,11722752,1572864,2785280,1363968,1343488,1019904,85393408,1200128,2232320,3088384,1318912
364,856008,1044480,9023488,2789376,10059776,1372160,4497408,298754048,3051520,53116928,9895936,20074496,3010560,15278080,10063872,19910656,233439232,1019904,1277952,1273856,2592768,1466368,21983232,1060864,5726208,7544832,37769216,10137600,2338816,2494464,81547264,1708032,114573312,2707456,2789376,1003520,31543296,0,26341376,2789376,3571712,71028736,2781184,1470464,1658880,3518464,4780032,5951488,1519616,4952064,2314240,3719168,44601344,1650688,1548288,1363968,807862272,1183744,1138688,5824512,3125248,1290240,2134016,2822144,3522560,11722752,1572864,2785280,1363968,1343488,1019904,85393408,1200128,2232320,3088384,1318912
365,856008,1044480,9023488,2789376,10059776,1372160,4497408,298754048,3051520,53116928,9895936,20074496,3010560,15278080,10063872,19910656,233439232,1019904,1277952,1273856,2592768,1466368,21983232,1060864,5726208,7544832,37769216,10137600,2338816,2494464,81547264,1708032,114573312,2707456,2789376,1003520,31543296,0,26341376,2789376,3571712,71028736,2781184,1470464,1658880,3518464,4780032,5951488,1519616,4952064,2314240,3719168,44601344,1650688,1548288,1363968,807862272,1183744,1138688,5824512,3125248,1290240,2134016,2822144,3522560,11722752,1572864,2785280,1363968,1343488,1019904,85393408,1200128,2232320,3088384,1318912
366,856008,1044480,9023488,2789376,10059776,1372160,4497408,298754048,3051520,53116928,9895936,20074496,3010560,15278080,10063872,19910656,233439232,1019904,1277952,1273856,2592768,1466368,21983232,1060864,5726208,7544832,37769216,10137600,2338816,2494464,81547264,1708032,114573312,2707456,2789376,1003520,31543296,0,26341376,2789376,3571712,71028736,2781184,1470464,1658880,3518464,4780032,5951488,1519616,4952064,2314240,3719168,44601344,1650688,1548288,1363968,807862272,1183744,1138688,5824512,3125248,1290240,2134016,2822144,3522560,11722752,1572864,2785280,1363968,1343488,1019904,85393408,1200128,2232320,3088384,1318912
367,856008,1044480,9023488,2789376,10059776,1372160,4497408,298754048,3051520,53116928,9895936,20074496,3010560,15278080,10063872,19910656,233439232,1019904,1277952,1273856,2592768,1466368,21983232,1060864,5726208,7544832,37769216,10137600,2338816,2494464,81547264,1708032,114573312,2707456,2789376,1003520,31543296,0,26341376,2789376,3571712,71028736,2781184,1470464,1658880,3518464,4780032,5951488,1519616,4952064,2314240,3719168,44601344,1650688,1548288,1363968,807862272,1183744,1138688,5824512,3125248,1290240,2134016,2822144,3522560,11722752,1572864,2785280,1363968,1343488,1019904,85393408,1200128,2232320,3088384,1318912
368,856008,1044480,9023488,2789376,10059776,1372160,4497408,298754048,3051520,53116928,9895936,20074496,3010560,15278080,10063872,19910656,233439232,1019904,1277952,1273856,2592768,1466368,21983232,1060864,5726208,7544832,37769216,10137600,2338816,2494464,81547264,1708032,114573312,2707456,2789376,1003520,31543296,0,26341376,2789376,3571712,71028736,2781184,1470464,1658880,3518464,4780032,5951488,1519616,4952064,2314240,3719168,44601344,1650688,1548288,1363968,807862272,1183744,1138688,5824512,3125248,1290240,2134016,2822144,3522560,11722752,1572864,2785280,1363968,1343488,1019904,85393408,1200128,2232320,3088384,1318912
369,856008,1044480,9023488,2789376,10059776,1372160,4497408,298754048,3051520,53116928,9895936,20074496,3010560,15278080,10063872,19910656,233439232,1019904,1277952,1273856,2592768,1466368,21983232,1060864,5726208,7544832,37769216,10137600,2338816,2494464,81547264,1708032,114573312,2707456,2789376,1003520,31543296,0,26341376,2789376,3571712,71028736,2781184,1470464,1658880,3518464,4812800,5951488,1519616,4952064,2314240,3719168,44601344,1650688,1548288,1363968,807862272,1183744,1138688,5824512,3125248,1290240,2134016,2822144,3522560,11722752,1572864,2785280,1363968,1343488,1019904,85393408,1200128,2232320,3088384,1318912
370,856008,1044480,9023488,2789376,10059776,1372160,4497408,298754048,3051520,53116928,9895936,20074496,3010560,15278080,10063872,19910656,233439232,1019904,1277952,1273856,2592768,1466368,21983232,1060864,5726208,7544832,37769216,10137600,2338816,2494464,81547264,1708032,114573312,2707456,2789376,1003520,31543296,0,26341376,2789376,3571712,71028736,2781184,1470464,1658880,3518464,4812800,5951488,1519616,4952064,2314240,3719168,44601344,1650688,1548288,1363968,807862272,1183744,1138688,5824512,3125248,1290240,2134016,2822144,3522560,11722752,1572864,2785280,1363968,1343488,1019904,85393408,1200128,2232320,3088384,1318912
371,856008,1044480,9023488,2789376,10059776,1372160,4497408,298754048,3051520,53116928,9895936,20074496,3010560,15278080,10063872,19910656,233439232,1019904,1277952,1273856,2592768,1466368,21983232,1060864,5726208,7544832,37769216,10137600,2338816,2494464,81547264,1708032,114573312,2707456,2789376,1003520,31543296,0,26341376,2789376,3571712,71028736,2781184,1470464,1658880,3518464,4812800,5951488,1519616,4952064,2314240,3719168,44601344,1650688,1548288,1363968,807862272,1183744,1138688,5824512,3125248,1290240,2134016,2822144,3522560,11722752,1572864,2785280,1363968,1343488,1019904,85393408,1200128,2232320,3088384,1318912
372,856008,1044480,9023488,2789376,10059776,1372160,4497408,298754048,3051520,53116928,9895936,20074496,3010560,15278080,10063872,19910656,233439232,1019904,1277952,1273856,2592768,1466368,21983232,1060864,5726208,7544832,37769216,10137600,2338816,2494464,81547264,1708032,114573312,2707456,2789376,1003520,31543296,0,26341376,2789376,3571712,71028736,2781184,1470464,1658880,3518464,4812800,5951488,1519616,4952064,2314240,3719168,44601344,1650688,1548288,1363968,807862272,1183744,1138688,5824512,3125248,1290240,2134016,2822144,3522560,11722752,1572864,2785280,1363968,1343488,1019904,85393408,1200128,2232320,3088384,0
373,856008,1044480,9023488,2789376,10059776,1372160,4497408,298754048,3051520,53116928,9895936,20074496,3010560,15278080,10063872,19910656,233439232,1019904,1277952,1273856,2592768,1466368,21983232,1060864,5726208,7544832,37769216,10137600,2338816,2494464,81547264,1708032,114573312,2707456,2789376,1003520,31543296,0,26341376,2789376,3571712,71028736,2781184,1470464,1658880,3518464,4812800,5951488,1519616,4952064,2314240,3719168,44601344,1650688,1548288,1363968,807862272,1183744,1138688,5824512,3125248,1290240,2134016,2822144,3522560,11722752,1572864,2785280,1363968,1343488,1019904,85393408,1200128,2232320,3088384,0
374,0,0,0,0,0,0,0,0,0,0,0,0,0,0,0,0,0,0,0,0,0,0,0,0,0,0,0,0,0,0,0,0,0,0,0,0,0,0,0,0,0,0,0,0,0,0,0,0,0,0,0,0,0,0,0,0,0,0,0,0,0,0,0,0,0,0,0,0,0,0,0,0,0,0,0,0
375,0,0,0,0,0,0,0,0,0,0,0,0,0,0,0,0,0,0,0,0,0,0,0,0,0,0,0,0,0,0,0,0,0,0,0,0,0,0,0,0,0,0,0,0,0,0,0,0,0,0,0,0,0,0,0,0,0,0,0,0,0,0,0,0,0,0,0,0,0,0,0,0,0,0,0,0
